"Select all keywords","Keyword","Intent","Relevance","Related %","Volume","Trend","Pot. Traffic","PKD %","KD %","CPC (USD)","Com.","SF","Results","Updated"
"churn rate analysis","=HYPERLINK(""https://smrs.toolsfrog.com/analytics/keywordoverview/?q=churn%20rate%20analysis&db=us"",""churn rate analysis​"")","I","n/a","0","33.1K","","n/a","n/a","42","8.50","0.19","=HYPERLINK(""https://smrs.toolsfrog.com/analytics/serp/?phrase=churn%20rate%20analysis&db=us&serpId=b-h-97-0605-12966756765308430067"",""6"")","135","3 weeks"
"churn rate","=HYPERLINK(""https://smrs.toolsfrog.com/analytics/keywordoverview/?q=churn%20rate&db=us"",""churn rate​"")","I","n/a","0","4.4K","","n/a","n/a","51","1.11","0.04","=HYPERLINK(""https://smrs.toolsfrog.com/analytics/serp/?phrase=churn%20rate&db=us&serpId=b-f-97-0604-4241422339452086299"",""5"")","137","3 weeks"
"churn rate meaning","=HYPERLINK(""https://smrs.toolsfrog.com/analytics/keywordoverview/?q=churn%20rate%20meaning&db=us"",""churn rate meaning​"")","I","n/a","0","1.6K","","n/a","n/a","45","0.31","0.05","=HYPERLINK(""https://smrs.toolsfrog.com/analytics/serp/?phrase=churn%20rate%20meaning&db=us&serpId=b-e-97-0416-7744786709695390124"",""5"")","22.5M","1 month"
"what is churn rate","=HYPERLINK(""https://smrs.toolsfrog.com/analytics/keywordoverview/?q=what%20is%20churn%20rate&db=us"",""what is churn rate​"")","I","n/a","0","1.0K","","n/a","n/a","47","0.50","0.05","=HYPERLINK(""https://smrs.toolsfrog.com/analytics/serp/?phrase=what%20is%20churn%20rate&db=us&serpId=b-h-97-0420-5480387100767157786"",""5"")","138","1 month"
"how to calculate churn rate","=HYPERLINK(""https://smrs.toolsfrog.com/analytics/keywordoverview/?q=how%20to%20calculate%20churn%20rate&db=us"",""how to calculate churn rate​"")","I","n/a","0","720","","n/a","n/a","40","1.26","0.24","=HYPERLINK(""https://smrs.toolsfrog.com/analytics/serp/?phrase=how%20to%20calculate%20churn%20rate&db=us&serpId=b-g-97-0505-269178155297352153"",""7"")","3.2M","1 month"
"big three automotive employee churn rate comparison industry average","=HYPERLINK(""https://smrs.toolsfrog.com/analytics/keywordoverview/?q=big%20three%20automotive%20employee%20churn%20rate%20comparison%20industry%20average&db=us"",""big three automotive employee churn rate comparison industry average​"")","I - C","n/a","0","590","","n/a","n/a","11","0.00","0.00","=HYPERLINK(""https://smrs.toolsfrog.com/analytics/serp/?phrase=big%20three%20automotive%20employee%20churn%20rate%20comparison%20industry%20average&db=us&serpId=b-g-97-0513-3314288163909395187"",""4"")","129M","1 month"
"churn rate formula","=HYPERLINK(""https://smrs.toolsfrog.com/analytics/keywordoverview/?q=churn%20rate%20formula&db=us"",""churn rate formula​"")","I","n/a","0","590","","n/a","n/a","40","1.27","0.10","=HYPERLINK(""https://smrs.toolsfrog.com/analytics/serp/?phrase=churn%20rate%20formula&db=us&serpId=b-f-97-0529-17626051749693170593"",""7"")","136","4 weeks"
"what is a churn rate","=HYPERLINK(""https://smrs.toolsfrog.com/analytics/keywordoverview/?q=what%20is%20a%20churn%20rate&db=us"",""what is a churn rate​"")","I","n/a","0","590","","n/a","n/a","42","0.32","0.03","=HYPERLINK(""https://smrs.toolsfrog.com/analytics/serp/?phrase=what%20is%20a%20churn%20rate&db=us&serpId=b-g-97-0523-11945674310223416273"",""6"")","172","1 month"
"customer churn rate","=HYPERLINK(""https://smrs.toolsfrog.com/analytics/keywordoverview/?q=customer%20churn%20rate&db=us"",""customer churn rate​"")","I","n/a","0","480","","n/a","n/a","61","1.86","0.03","=HYPERLINK(""https://smrs.toolsfrog.com/analytics/serp/?phrase=customer%20churn%20rate&db=us&serpId=b-h-97-0531-5301399331236645000"",""6"")","138","3 weeks"
"saas churn rate","=HYPERLINK(""https://smrs.toolsfrog.com/analytics/keywordoverview/?q=saas%20churn%20rate&db=us"",""saas churn rate​"")","I","n/a","0","480","","n/a","n/a","24","4.16","0.18","=HYPERLINK(""https://smrs.toolsfrog.com/analytics/serp/?phrase=saas%20churn%20rate&db=us&serpId=b-h-97-0416-9254876540510400677"",""4"")","2.7M","1 month"
"churn rate calculation","=HYPERLINK(""https://smrs.toolsfrog.com/analytics/keywordoverview/?q=churn%20rate%20calculation&db=us"",""churn rate calculation​"")","I","n/a","0","390","","n/a","n/a","32","1.60","0.12","=HYPERLINK(""https://smrs.toolsfrog.com/analytics/serp/?phrase=churn%20rate%20calculation&db=us&serpId=b-h-97-0604-2295174946934131791"",""8"")","135","3 weeks"
"what is customer churn rate","=HYPERLINK(""https://smrs.toolsfrog.com/analytics/keywordoverview/?q=what%20is%20customer%20churn%20rate&db=us"",""what is customer churn rate​"")","I","n/a","0","390","","n/a","n/a","50","0.69","0.03","=HYPERLINK(""https://smrs.toolsfrog.com/analytics/serp/?phrase=what%20is%20customer%20churn%20rate&db=us&serpId=b-f-97-0524-13668323941228743934"",""5"")","169","1 month"
"define churn rate","=HYPERLINK(""https://smrs.toolsfrog.com/analytics/keywordoverview/?q=define%20churn%20rate&db=us"",""define churn rate​"")","I","n/a","0","320","","n/a","n/a","46","0.44","0.03","=HYPERLINK(""https://smrs.toolsfrog.com/analytics/serp/?phrase=define%20churn%20rate&db=us&serpId=b-e-97-0429-18255464885076971664"",""5"")","5.3M","1 month"
"reduce churn rate","=HYPERLINK(""https://smrs.toolsfrog.com/analytics/keywordoverview/?q=reduce%20churn%20rate&db=us"",""reduce churn rate​"")","I","n/a","0","320","","n/a","n/a","29","7.80","0.28","=HYPERLINK(""https://smrs.toolsfrog.com/analytics/serp/?phrase=reduce%20churn%20rate&db=us&serpId=b-h-97-0415-9531870546199039755"",""6"")","11.3M","1 month"
"t-mobile postpaid churn rate 2020 2021 2022 2023","=HYPERLINK(""https://smrs.toolsfrog.com/analytics/keywordoverview/?q=t-mobile%20postpaid%20churn%20rate%202020%202021%202022%202023&db=us"",""t-mobile postpaid churn rate 2020 2021 2022 2023​"")","I","n/a","0","320","","n/a","n/a","10","0.00","0.00","=HYPERLINK(""https://smrs.toolsfrog.com/analytics/serp/?phrase=t-mobile%20postpaid%20churn%20rate%202020%202021%202022%202023&db=us&serpId=b-g-97-0412-3400321389144946248"",""0"")","3K","1 month"
"what is churn rate in business","=HYPERLINK(""https://smrs.toolsfrog.com/analytics/keywordoverview/?q=what%20is%20churn%20rate%20in%20business&db=us"",""what is churn rate in business​"")","I","n/a","0","320","","n/a","n/a","42","0.30","0.07","=HYPERLINK(""https://smrs.toolsfrog.com/analytics/serp/?phrase=what%20is%20churn%20rate%20in%20business&db=us&serpId=b-g-97-0522-1888316483568208330"",""6"")","171","1 month"
"average churn rate for saas","=HYPERLINK(""https://smrs.toolsfrog.com/analytics/keywordoverview/?q=average%20churn%20rate%20for%20saas&db=us"",""average churn rate for saas​"")","I","n/a","0","260","","n/a","n/a","28","4.55","0.12","=HYPERLINK(""https://smrs.toolsfrog.com/analytics/serp/?phrase=average%20churn%20rate%20for%20saas&db=us&serpId=b-d-97-0413-6379549120984285261"",""4"")","1.2M","1 month"
"calculate churn rate","=HYPERLINK(""https://smrs.toolsfrog.com/analytics/keywordoverview/?q=calculate%20churn%20rate&db=us"",""calculate churn rate​"")","I","n/a","0","260","","n/a","n/a","41","1.73","0.29","=HYPERLINK(""https://smrs.toolsfrog.com/analytics/serp/?phrase=calculate%20churn%20rate&db=us&serpId=b-g-97-0508-1509110181446087215"",""5"")","3.3M","1 month"
"churn rate definition","=HYPERLINK(""https://smrs.toolsfrog.com/analytics/keywordoverview/?q=churn%20rate%20definition&db=us"",""churn rate definition​"")","I","n/a","0","260","","n/a","n/a","41","0.44","0.03","=HYPERLINK(""https://smrs.toolsfrog.com/analytics/serp/?phrase=churn%20rate%20definition&db=us&serpId=b-h-97-0508-5998680893869654117"",""6"")","131","1 month"
"churn rate vs retention rate","=HYPERLINK(""https://smrs.toolsfrog.com/analytics/keywordoverview/?q=churn%20rate%20vs%20retention%20rate&db=us"",""churn rate vs retention rate​"")","I - C","n/a","0","260","","n/a","n/a","16","1.98","0.16","=HYPERLINK(""https://smrs.toolsfrog.com/analytics/serp/?phrase=churn%20rate%20vs%20retention%20rate&db=us&serpId=b-e-97-0423-17326401728795988035"",""7"")","7M","1 month"
"churn rates","=HYPERLINK(""https://smrs.toolsfrog.com/analytics/keywordoverview/?q=churn%20rates&db=us"",""churn rates​"")","I","n/a","0","260","","n/a","n/a","46","1.52","0.06","=HYPERLINK(""https://smrs.toolsfrog.com/analytics/serp/?phrase=churn%20rates&db=us&serpId=b-f-97-0524-12601221305370185665"",""8"")","135","1 month"
"customer churn rate meaning","=HYPERLINK(""https://smrs.toolsfrog.com/analytics/keywordoverview/?q=customer%20churn%20rate%20meaning&db=us"",""customer churn rate meaning​"")","I","n/a","0","260","","n/a","n/a","42","0.27","0.03","=HYPERLINK(""https://smrs.toolsfrog.com/analytics/serp/?phrase=customer%20churn%20rate%20meaning&db=us&serpId=b-f-97-0522-7553652088160768249"",""6"")","135","1 month"
"how do you calculate churn rate","=HYPERLINK(""https://smrs.toolsfrog.com/analytics/keywordoverview/?q=how%20do%20you%20calculate%20churn%20rate&db=us"",""how do you calculate churn rate​"")","I","n/a","0","260","","n/a","n/a","32","1.26","0.24","=HYPERLINK(""https://smrs.toolsfrog.com/analytics/serp/?phrase=how%20do%20you%20calculate%20churn%20rate&db=us&serpId=b-f-97-0508-3777112660545088940"",""7"")","3.2M","1 month"
"what are churn rates","=HYPERLINK(""https://smrs.toolsfrog.com/analytics/keywordoverview/?q=what%20are%20churn%20rates&db=us"",""what are churn rates​"")","I","n/a","0","260","","n/a","n/a","44","0.32","0.03","=HYPERLINK(""https://smrs.toolsfrog.com/analytics/serp/?phrase=what%20are%20churn%20rates&db=us&serpId=b-f-97-0527-14944501275113936630"",""7"")","127","4 weeks"
"churn rate calculator","=HYPERLINK(""https://smrs.toolsfrog.com/analytics/keywordoverview/?q=churn%20rate%20calculator&db=us"",""churn rate calculator​"")","I","n/a","0","210","","n/a","n/a","29","1.72","0.19","=HYPERLINK(""https://smrs.toolsfrog.com/analytics/serp/?phrase=churn%20rate%20calculator&db=us&serpId=b-e-97-0527-8639832221861450966"",""4"")","116","4 weeks"
"churn rate saas","=HYPERLINK(""https://smrs.toolsfrog.com/analytics/keywordoverview/?q=churn%20rate%20saas&db=us"",""churn rate saas​"")","I","n/a","0","210","","n/a","n/a","30","4.16","0.18","=HYPERLINK(""https://smrs.toolsfrog.com/analytics/serp/?phrase=churn%20rate%20saas&db=us&serpId=b-f-97-0430-6194666999599333963"",""5"")","2.6M","1 month"
"revenue churn rate","=HYPERLINK(""https://smrs.toolsfrog.com/analytics/keywordoverview/?q=revenue%20churn%20rate&db=us"",""revenue churn rate​"")","I","n/a","0","210","","n/a","n/a","27","1.40","0.05","=HYPERLINK(""https://smrs.toolsfrog.com/analytics/serp/?phrase=revenue%20churn%20rate&db=us&serpId=b-f-97-0505-7827234146639602993"",""6"")","137","1 month"
"shopify current churn rate 2025","=HYPERLINK(""https://smrs.toolsfrog.com/analytics/keywordoverview/?q=shopify%20current%20churn%20rate%202025&db=us"",""shopify current churn rate 2025​"")","I","n/a","0","210","","n/a","n/a","20","0.00","0.00","=HYPERLINK(""https://smrs.toolsfrog.com/analytics/serp/?phrase=shopify%20current%20churn%20rate%202025&db=us&serpId=b-f-97-0519-13492651728738558889"",""3"")","142","1 month"
"churn rate calculation formula","=HYPERLINK(""https://smrs.toolsfrog.com/analytics/keywordoverview/?q=churn%20rate%20calculation%20formula&db=us"",""churn rate calculation formula​"")","I","n/a","0","170","","n/a","n/a","39","1.41","0.15","=HYPERLINK(""https://smrs.toolsfrog.com/analytics/serp/?phrase=churn%20rate%20calculation%20formula&db=us&serpId=b-e-97-0521-10292477388849297018"",""8"")","134","1 month"
"formula for churn rate","=HYPERLINK(""https://smrs.toolsfrog.com/analytics/keywordoverview/?q=formula%20for%20churn%20rate&db=us"",""formula for churn rate​"")","I","n/a","0","170","","n/a","n/a","47","1.41","0.15","=HYPERLINK(""https://smrs.toolsfrog.com/analytics/serp/?phrase=formula%20for%20churn%20rate&db=us&serpId=b-g-97-0521-5357260816948897993"",""7"")","135","1 month"
"how to calculate the churn rate","=HYPERLINK(""https://smrs.toolsfrog.com/analytics/keywordoverview/?q=how%20to%20calculate%20the%20churn%20rate&db=us"",""how to calculate the churn rate​"")","I","n/a","0","170","","n/a","n/a","39","1.26","0.24","=HYPERLINK(""https://smrs.toolsfrog.com/analytics/serp/?phrase=how%20to%20calculate%20the%20churn%20rate&db=us&serpId=b-d-97-0428-11659518590043003320"",""8"")","3.1M","1 month"
"saas churn rate benchmark","=HYPERLINK(""https://smrs.toolsfrog.com/analytics/keywordoverview/?q=saas%20churn%20rate%20benchmark&db=us"",""saas churn rate benchmark​"")","I","n/a","0","170","","n/a","n/a","34","9.81","0.48","=HYPERLINK(""https://smrs.toolsfrog.com/analytics/serp/?phrase=saas%20churn%20rate%20benchmark&db=us&serpId=b-g-97-0524-15094551904156608656"",""6"")","121","1 month"
"average churn rate for subscription services","=HYPERLINK(""https://smrs.toolsfrog.com/analytics/keywordoverview/?q=average%20churn%20rate%20for%20subscription%20services&db=us"",""average churn rate for subscription services​"")","I","n/a","0","140","","n/a","n/a","24","4.28","0.37","=HYPERLINK(""https://smrs.toolsfrog.com/analytics/serp/?phrase=average%20churn%20rate%20for%20subscription%20services&db=us&serpId=b-d-97-0424-8037711241375398177"",""6"")","8.2M","1 month"
"big three automotive employee churn rate comparison sectors","=HYPERLINK(""https://smrs.toolsfrog.com/analytics/keywordoverview/?q=big%20three%20automotive%20employee%20churn%20rate%20comparison%20sectors&db=us"",""big three automotive employee churn rate comparison sectors​"")","I - C","n/a","0","140","","n/a","n/a","20","0.00","0.00","=HYPERLINK(""https://smrs.toolsfrog.com/analytics/serp/?phrase=big%20three%20automotive%20employee%20churn%20rate%20comparison%20sectors&db=us&serpId=b-h-97-0523-8507856092101217938"",""4"")","225M","1 month"
"calculating churn rate","=HYPERLINK(""https://smrs.toolsfrog.com/analytics/keywordoverview/?q=calculating%20churn%20rate&db=us"",""calculating churn rate​"")","I","n/a","0","140","","n/a","n/a","37","1.60","0.12","=HYPERLINK(""https://smrs.toolsfrog.com/analytics/serp/?phrase=calculating%20churn%20rate&db=us&serpId=b-h-97-0601-18188002599173373939"",""8"")","136","3 weeks"
"client churn rate","=HYPERLINK(""https://smrs.toolsfrog.com/analytics/keywordoverview/?q=client%20churn%20rate&db=us"",""client churn rate​"")","I","n/a","0","140","","n/a","n/a","48","3.20","0.10","=HYPERLINK(""https://smrs.toolsfrog.com/analytics/serp/?phrase=client%20churn%20rate&db=us&serpId=b-h-97-0521-2824791263512228762"",""6"")","135","1 month"
"customer churn rate formula","=HYPERLINK(""https://smrs.toolsfrog.com/analytics/keywordoverview/?q=customer%20churn%20rate%20formula&db=us"",""customer churn rate formula​"")","I","n/a","0","140","","n/a","n/a","44","2.65","0.21","=HYPERLINK(""https://smrs.toolsfrog.com/analytics/serp/?phrase=customer%20churn%20rate%20formula&db=us&serpId=b-h-97-0424-11007916926126204182"",""6"")","137","1 month"
"customer retention rate vs churn rate","=HYPERLINK(""https://smrs.toolsfrog.com/analytics/keywordoverview/?q=customer%20retention%20rate%20vs%20churn%20rate&db=us"",""customer retention rate vs churn rate​"")","I - C","n/a","0","140","","n/a","n/a","17","0.00","0.33","=HYPERLINK(""https://smrs.toolsfrog.com/analytics/serp/?phrase=customer%20retention%20rate%20vs%20churn%20rate&db=us&serpId=b-g-97-0504-3213027931842429027"",""5"")","7M","1 month"
"netflix churn rate","=HYPERLINK(""https://smrs.toolsfrog.com/analytics/keywordoverview/?q=netflix%20churn%20rate&db=us"",""netflix churn rate​"")","I","n/a","0","140","","n/a","n/a","17","0.00","0.00","=HYPERLINK(""https://smrs.toolsfrog.com/analytics/serp/?phrase=netflix%20churn%20rate&db=us&serpId=b-e-97-0515-8226485879897834308"",""5"")","103","1 month"
"saas average churn rate","=HYPERLINK(""https://smrs.toolsfrog.com/analytics/keywordoverview/?q=saas%20average%20churn%20rate&db=us"",""saas average churn rate​"")","I","n/a","0","140","","n/a","n/a","32","4.55","0.12","=HYPERLINK(""https://smrs.toolsfrog.com/analytics/serp/?phrase=saas%20average%20churn%20rate&db=us&serpId=b-g-97-0521-16363848519795079562"",""5"")","132","1 month"
"saas churn rate benchmarks","=HYPERLINK(""https://smrs.toolsfrog.com/analytics/keywordoverview/?q=saas%20churn%20rate%20benchmarks&db=us"",""saas churn rate benchmarks​"")","I","n/a","0","140","","n/a","n/a","30","9.81","0.48","=HYPERLINK(""https://smrs.toolsfrog.com/analytics/serp/?phrase=saas%20churn%20rate%20benchmarks&db=us&serpId=b-g-97-0518-2648085743384805017"",""5"")","131","1 month"
"shopify churn rate 2026","=HYPERLINK(""https://smrs.toolsfrog.com/analytics/keywordoverview/?q=shopify%20churn%20rate%202026&db=us"",""shopify churn rate 2026​"")","n/a","n/a","0","140","","n/a","n/a","n/a","0.00","0.00","n/a","n/a","For metrics, refresh"
"what is a good churn rate","=HYPERLINK(""https://smrs.toolsfrog.com/analytics/keywordoverview/?q=what%20is%20a%20good%20churn%20rate&db=us"",""what is a good churn rate​"")","I","n/a","0","140","","n/a","n/a","33","3.18","0.07","=HYPERLINK(""https://smrs.toolsfrog.com/analytics/serp/?phrase=what%20is%20a%20good%20churn%20rate&db=us&serpId=b-d-97-0425-4542047807260450895"",""7"")","23.8M","1 month"
"average churn rate by industry","=HYPERLINK(""https://smrs.toolsfrog.com/analytics/keywordoverview/?q=average%20churn%20rate%20by%20industry&db=us"",""average churn rate by industry​"")","I","n/a","0","110","","n/a","n/a","30","5.24","0.32","=HYPERLINK(""https://smrs.toolsfrog.com/analytics/serp/?phrase=average%20churn%20rate%20by%20industry&db=us&serpId=b-g-97-0419-15663858276611971557"",""5"")","6.7M","1 month"
"average saas churn rate","=HYPERLINK(""https://smrs.toolsfrog.com/analytics/keywordoverview/?q=average%20saas%20churn%20rate&db=us"",""average saas churn rate​"")","I","n/a","0","110","","n/a","n/a","28","4.55","0.12","=HYPERLINK(""https://smrs.toolsfrog.com/analytics/serp/?phrase=average%20saas%20churn%20rate&db=us&serpId=b-h-97-0514-17718767012094093575"",""6"")","1.1M","1 month"
"churn rate in ecommerce","=HYPERLINK(""https://smrs.toolsfrog.com/analytics/keywordoverview/?q=churn%20rate%20in%20ecommerce&db=us"",""churn rate in ecommerce​"")","I","n/a","0","110","","n/a","n/a","27","0.00","0.14","=HYPERLINK(""https://smrs.toolsfrog.com/analytics/serp/?phrase=churn%20rate%20in%20ecommerce&db=us&serpId=b-h-97-0523-12855670542014102286"",""6"")","136","1 month"
"churn rate marketing","=HYPERLINK(""https://smrs.toolsfrog.com/analytics/keywordoverview/?q=churn%20rate%20marketing&db=us"",""churn rate marketing​"")","I","n/a","0","110","","n/a","n/a","52","0.00","0.02","=HYPERLINK(""https://smrs.toolsfrog.com/analytics/serp/?phrase=churn%20rate%20marketing&db=us&serpId=b-e-97-0530-12256230775283856889"",""6"")","126","3 weeks"
"churn rate prediction","=HYPERLINK(""https://smrs.toolsfrog.com/analytics/keywordoverview/?q=churn%20rate%20prediction&db=us"",""churn rate prediction​"")","I","n/a","0","110","","n/a","n/a","40","4.42","0.24","=HYPERLINK(""https://smrs.toolsfrog.com/analytics/serp/?phrase=churn%20rate%20prediction&db=us&serpId=b-h-97-0511-17087103252525890731"",""8"")","133","1 month"
"customer churn rate calculation","=HYPERLINK(""https://smrs.toolsfrog.com/analytics/keywordoverview/?q=customer%20churn%20rate%20calculation&db=us"",""customer churn rate calculation​"")","I","n/a","0","110","","n/a","n/a","29","2.65","0.21","=HYPERLINK(""https://smrs.toolsfrog.com/analytics/serp/?phrase=customer%20churn%20rate%20calculation&db=us&serpId=b-e-97-0429-13927171651902963690"",""6"")","1.4M","1 month"
"enterprise saas churn rate","=HYPERLINK(""https://smrs.toolsfrog.com/analytics/keywordoverview/?q=enterprise%20saas%20churn%20rate&db=us"",""enterprise saas churn rate​"")","I","n/a","0","110","","n/a","n/a","22","0.00","0.33","=HYPERLINK(""https://smrs.toolsfrog.com/analytics/serp/?phrase=enterprise%20saas%20churn%20rate&db=us&serpId=b-f-97-0604-12944000417931330866"",""4"")","105","3 weeks"
"meaning of churn rate","=HYPERLINK(""https://smrs.toolsfrog.com/analytics/keywordoverview/?q=meaning%20of%20churn%20rate&db=us"",""meaning of churn rate​"")","I","n/a","0","110","","n/a","n/a","45","0.44","0.03","=HYPERLINK(""https://smrs.toolsfrog.com/analytics/serp/?phrase=meaning%20of%20churn%20rate&db=us&serpId=b-f-97-0510-496037197415091757"",""6"")","7.8M","1 month"
"monthly churn rate","=HYPERLINK(""https://smrs.toolsfrog.com/analytics/keywordoverview/?q=monthly%20churn%20rate&db=us"",""monthly churn rate​"")","I","n/a","0","110","","n/a","n/a","32","1.68","0.05","=HYPERLINK(""https://smrs.toolsfrog.com/analytics/serp/?phrase=monthly%20churn%20rate&db=us&serpId=b-f-97-0523-14877672455740210438"",""9"")","127","1 month"
"saas churn rates","=HYPERLINK(""https://smrs.toolsfrog.com/analytics/keywordoverview/?q=saas%20churn%20rates&db=us"",""saas churn rates​"")","I","n/a","0","110","","n/a","n/a","22","4.16","0.18","=HYPERLINK(""https://smrs.toolsfrog.com/analytics/serp/?phrase=saas%20churn%20rates&db=us&serpId=b-h-97-0505-10866449858514710181"",""5"")","3.7M","1 month"
"subscription churn rate","=HYPERLINK(""https://smrs.toolsfrog.com/analytics/keywordoverview/?q=subscription%20churn%20rate&db=us"",""subscription churn rate​"")","I","n/a","0","110","","n/a","n/a","24","3.92","0.11","=HYPERLINK(""https://smrs.toolsfrog.com/analytics/serp/?phrase=subscription%20churn%20rate&db=us&serpId=b-f-97-0527-9915264843112785082"",""7"")","131","4 weeks"
"average churn rate","=HYPERLINK(""https://smrs.toolsfrog.com/analytics/keywordoverview/?q=average%20churn%20rate&db=us"",""average churn rate​"")","I","n/a","0","90","","n/a","n/a","39","0.00","0.06","=HYPERLINK(""https://smrs.toolsfrog.com/analytics/serp/?phrase=average%20churn%20rate&db=us&serpId=b-f-97-0511-12187121706143747572"",""6"")","11.3M","1 month"
"average churn rate saas","=HYPERLINK(""https://smrs.toolsfrog.com/analytics/keywordoverview/?q=average%20churn%20rate%20saas&db=us"",""average churn rate saas​"")","I","n/a","0","90","","n/a","n/a","17","4.55","0.12","=HYPERLINK(""https://smrs.toolsfrog.com/analytics/serp/?phrase=average%20churn%20rate%20saas&db=us&serpId=b-e-97-0504-16600681359993815567"",""5"")","135","1 month"
"churn rate netflix","=HYPERLINK(""https://smrs.toolsfrog.com/analytics/keywordoverview/?q=churn%20rate%20netflix&db=us"",""churn rate netflix​"")","I","n/a","0","90","","n/a","n/a","6","0.00","0.00","=HYPERLINK(""https://smrs.toolsfrog.com/analytics/serp/?phrase=churn%20rate%20netflix&db=us&serpId=b-d-97-0426-13739947784076810057"",""5"")","1.2M","1 month"
"forecasting churn rate","=HYPERLINK(""https://smrs.toolsfrog.com/analytics/keywordoverview/?q=forecasting%20churn%20rate&db=us"",""forecasting churn rate​"")","I","n/a","0","90","","n/a","n/a","34","0.00","0.00","=HYPERLINK(""https://smrs.toolsfrog.com/analytics/serp/?phrase=forecasting%20churn%20rate&db=us&serpId=b-f-97-0504-1547791962125027582"",""6"")","7.5M","1 month"
"how to calculate churn rate saas","=HYPERLINK(""https://smrs.toolsfrog.com/analytics/keywordoverview/?q=how%20to%20calculate%20churn%20rate%20saas&db=us"",""how to calculate churn rate saas​"")","I","n/a","0","90","","n/a","n/a","20","0.00","0.24","=HYPERLINK(""https://smrs.toolsfrog.com/analytics/serp/?phrase=how%20to%20calculate%20churn%20rate%20saas&db=us&serpId=b-g-97-0516-17743032570238847344"",""6"")","163","1 month"
"how to calculate customer churn rate","=HYPERLINK(""https://smrs.toolsfrog.com/analytics/keywordoverview/?q=how%20to%20calculate%20customer%20churn%20rate&db=us"",""how to calculate customer churn rate​"")","I","n/a","0","90","","n/a","n/a","35","1.40","0.23","=HYPERLINK(""https://smrs.toolsfrog.com/analytics/serp/?phrase=how%20to%20calculate%20customer%20churn%20rate&db=us&serpId=b-e-97-0505-16404447900938553725"",""5"")","3.6M","1 month"
"negative churn rate","=HYPERLINK(""https://smrs.toolsfrog.com/analytics/keywordoverview/?q=negative%20churn%20rate&db=us"",""negative churn rate​"")","I","n/a","0","90","","n/a","n/a","10","0.00","0.00","=HYPERLINK(""https://smrs.toolsfrog.com/analytics/serp/?phrase=negative%20churn%20rate&db=us&serpId=b-f-97-0429-16875026547092779376"",""7"")","5.1M","1 month"
"subscriber churn rate","=HYPERLINK(""https://smrs.toolsfrog.com/analytics/keywordoverview/?q=subscriber%20churn%20rate&db=us"",""subscriber churn rate​"")","I","n/a","0","90","","n/a","n/a","48","3.92","0.11","=HYPERLINK(""https://smrs.toolsfrog.com/analytics/serp/?phrase=subscriber%20churn%20rate&db=us&serpId=b-h-97-0521-17183281250926993028"",""7"")","135","1 month"
"user churn rate","=HYPERLINK(""https://smrs.toolsfrog.com/analytics/keywordoverview/?q=user%20churn%20rate&db=us"",""user churn rate​"")","I","n/a","0","90","","n/a","n/a","52","5.01","0.03","=HYPERLINK(""https://smrs.toolsfrog.com/analytics/serp/?phrase=user%20churn%20rate&db=us&serpId=b-h-97-0521-2055394236107223928"",""7"")","133","1 month"
"what does churn rate mean","=HYPERLINK(""https://smrs.toolsfrog.com/analytics/keywordoverview/?q=what%20does%20churn%20rate%20mean&db=us"",""what does churn rate mean​"")","I","n/a","0","90","","n/a","n/a","43","0.53","0.10","=HYPERLINK(""https://smrs.toolsfrog.com/analytics/serp/?phrase=what%20does%20churn%20rate%20mean&db=us&serpId=b-h-97-0525-586831838305103920"",""6"")","157","1 month"
"what is churn rate in saas","=HYPERLINK(""https://smrs.toolsfrog.com/analytics/keywordoverview/?q=what%20is%20churn%20rate%20in%20saas&db=us"",""what is churn rate in saas​"")","I","n/a","0","90","","n/a","n/a","24","0.00","0.02","=HYPERLINK(""https://smrs.toolsfrog.com/analytics/serp/?phrase=what%20is%20churn%20rate%20in%20saas&db=us&serpId=b-h-97-0603-12882651525386521243"",""5"")","167","3 weeks"
"what is the churn rate","=HYPERLINK(""https://smrs.toolsfrog.com/analytics/keywordoverview/?q=what%20is%20the%20churn%20rate&db=us"",""what is the churn rate​"")","I","n/a","0","90","","n/a","n/a","57","0.32","0.03","=HYPERLINK(""https://smrs.toolsfrog.com/analytics/serp/?phrase=what%20is%20the%20churn%20rate&db=us&serpId=b-h-97-0415-2443436797178373020"",""6"")","23.8M","1 month"
"app churn rate","=HYPERLINK(""https://smrs.toolsfrog.com/analytics/keywordoverview/?q=app%20churn%20rate&db=us"",""app churn rate​"")","I","n/a","0","70","","n/a","n/a","28","0.00","0.03","=HYPERLINK(""https://smrs.toolsfrog.com/analytics/serp/?phrase=app%20churn%20rate&db=us&serpId=b-h-97-0529-3883709596549262002"",""7"")","126","4 weeks"
"at&t wireless churn rate","=HYPERLINK(""https://smrs.toolsfrog.com/analytics/keywordoverview/?q=at%26t%20wireless%20churn%20rate&db=us"",""at&t wireless churn rate​"")","n/a","n/a","0","70","","n/a","n/a","n/a","0.00","0.33","n/a","n/a","For metrics, refresh"
"average subscription churn rate","=HYPERLINK(""https://smrs.toolsfrog.com/analytics/keywordoverview/?q=average%20subscription%20churn%20rate&db=us"",""average subscription churn rate​"")","I","n/a","0","70","","n/a","n/a","26","0.00","0.33","=HYPERLINK(""https://smrs.toolsfrog.com/analytics/serp/?phrase=average%20subscription%20churn%20rate&db=us&serpId=b-h-97-0413-6735399870139713484"",""6"")","135","1 month"
"b2b saas churn rate","=HYPERLINK(""https://smrs.toolsfrog.com/analytics/keywordoverview/?q=b2b%20saas%20churn%20rate&db=us"",""b2b saas churn rate​"")","I","n/a","0","70","","n/a","n/a","32","0.00","0.33","=HYPERLINK(""https://smrs.toolsfrog.com/analytics/serp/?phrase=b2b%20saas%20churn%20rate&db=us&serpId=b-g-97-0528-7957641263924033269"",""7"")","131","4 weeks"
"big three automotive employee churn rate comparison sectors 2026","=HYPERLINK(""https://smrs.toolsfrog.com/analytics/keywordoverview/?q=big%20three%20automotive%20employee%20churn%20rate%20comparison%20sectors%202026&db=us"",""big three automotive employee churn rate comparison sectors 2026​"")","n/a","n/a","0","70","","n/a","n/a","n/a","0.00","0.00","n/a","n/a","For metrics, refresh"
"business churn rate","=HYPERLINK(""https://smrs.toolsfrog.com/analytics/keywordoverview/?q=business%20churn%20rate&db=us"",""business churn rate​"")","I","n/a","0","70","","n/a","n/a","44","1.06","0.03","=HYPERLINK(""https://smrs.toolsfrog.com/analytics/serp/?phrase=business%20churn%20rate&db=us&serpId=b-d-97-0424-14084346026625020362"",""5"")","20M","1 month"
"churn rate define","=HYPERLINK(""https://smrs.toolsfrog.com/analytics/keywordoverview/?q=churn%20rate%20define&db=us"",""churn rate define​"")","I","n/a","0","70","","n/a","n/a","56","0.44","0.03","=HYPERLINK(""https://smrs.toolsfrog.com/analytics/serp/?phrase=churn%20rate%20define&db=us&serpId=b-f-97-0509-18079576817473134140"",""6"")","8.8M","1 month"
"churn rate for mobile apps","=HYPERLINK(""https://smrs.toolsfrog.com/analytics/keywordoverview/?q=churn%20rate%20for%20mobile%20apps&db=us"",""churn rate for mobile apps​"")","I","n/a","0","70","","n/a","n/a","20","5.93","0.11","=HYPERLINK(""https://smrs.toolsfrog.com/analytics/serp/?phrase=churn%20rate%20for%20mobile%20apps&db=us&serpId=b-d-97-0502-2187792485237026872"",""6"")","9.6M","1 month"
"churn rate for saas","=HYPERLINK(""https://smrs.toolsfrog.com/analytics/keywordoverview/?q=churn%20rate%20for%20saas&db=us"",""churn rate for saas​"")","I","n/a","0","70","","n/a","n/a","23","4.16","0.18","=HYPERLINK(""https://smrs.toolsfrog.com/analytics/serp/?phrase=churn%20rate%20for%20saas&db=us&serpId=b-f-97-0425-5574365704617971331"",""5"")","2.8M","1 month"
"churn rate of netflix","=HYPERLINK(""https://smrs.toolsfrog.com/analytics/keywordoverview/?q=churn%20rate%20of%20netflix&db=us"",""churn rate of netflix​"")","I","n/a","0","70","","n/a","n/a","17","0.00","0.00","=HYPERLINK(""https://smrs.toolsfrog.com/analytics/serp/?phrase=churn%20rate%20of%20netflix&db=us&serpId=b-g-97-0424-9279504579603595319"",""5"")","106","1 month"
"how to calculate churn rate of customers","=HYPERLINK(""https://smrs.toolsfrog.com/analytics/keywordoverview/?q=how%20to%20calculate%20churn%20rate%20of%20customers&db=us"",""how to calculate churn rate of customers​"")","I","n/a","0","70","","n/a","n/a","33","1.40","0.23","=HYPERLINK(""https://smrs.toolsfrog.com/analytics/serp/?phrase=how%20to%20calculate%20churn%20rate%20of%20customers&db=us&serpId=b-g-97-0426-14002046975733897586"",""7"")","6.6M","1 month"
"how to reduce customer churn rate","=HYPERLINK(""https://smrs.toolsfrog.com/analytics/keywordoverview/?q=how%20to%20reduce%20customer%20churn%20rate&db=us"",""how to reduce customer churn rate​"")","I","n/a","0","70","","n/a","n/a","24","0.00","0.33","=HYPERLINK(""https://smrs.toolsfrog.com/analytics/serp/?phrase=how%20to%20reduce%20customer%20churn%20rate&db=us&serpId=b-d-97-0423-9837721575658659802"",""6"")","6.4M","1 month"
"lower churn rates","=HYPERLINK(""https://smrs.toolsfrog.com/analytics/keywordoverview/?q=lower%20churn%20rates&db=us"",""lower churn rates​"")","n/a","n/a","0","70","","n/a","n/a","n/a","0.00","0.04","n/a","n/a","For metrics, refresh"
"retention rate vs churn rate","=HYPERLINK(""https://smrs.toolsfrog.com/analytics/keywordoverview/?q=retention%20rate%20vs%20churn%20rate&db=us"",""retention rate vs churn rate​"")","I - C","n/a","0","70","","n/a","n/a","17","0.85","0.04","=HYPERLINK(""https://smrs.toolsfrog.com/analytics/serp/?phrase=retention%20rate%20vs%20churn%20rate&db=us&serpId=b-g-97-0531-9124876344287882188"",""7"")","136","3 weeks"
"seo client churn rate","=HYPERLINK(""https://smrs.toolsfrog.com/analytics/keywordoverview/?q=seo%20client%20churn%20rate&db=us"",""seo client churn rate​"")","I","n/a","0","70","","n/a","n/a","8","0.00","0.00","=HYPERLINK(""https://smrs.toolsfrog.com/analytics/serp/?phrase=seo%20client%20churn%20rate&db=us&serpId=b-f-97-0513-15234112645633507324"",""7"")","1.7M","1 month"
"ai transformation reduce customer churn rates","=HYPERLINK(""https://smrs.toolsfrog.com/analytics/keywordoverview/?q=ai%20transformation%20reduce%20customer%20churn%20rates&db=us"",""ai transformation reduce customer churn rates​"")","I","n/a","0","50","","n/a","n/a","19","0.00","0.00","=HYPERLINK(""https://smrs.toolsfrog.com/analytics/serp/?phrase=ai%20transformation%20reduce%20customer%20churn%20rates&db=us&serpId=b-g-97-0506-5062377916316789909"",""3"")","14.9M","1 month"
"aledade quarterly kpis enrolled patient lives churn rates","=HYPERLINK(""https://smrs.toolsfrog.com/analytics/keywordoverview/?q=aledade%20quarterly%20kpis%20enrolled%20patient%20lives%20churn%20rates&db=us"",""aledade quarterly kpis enrolled patient lives churn rates​"")","I","n/a","0","50","","n/a","n/a","5","0.00","0.00","=HYPERLINK(""https://smrs.toolsfrog.com/analytics/serp/?phrase=aledade%20quarterly%20kpis%20enrolled%20patient%20lives%20churn%20rates&db=us&serpId=b-g-97-0519-5068837379917621778"",""3"")","1.2K","1 month"
"calculate churn rate saas","=HYPERLINK(""https://smrs.toolsfrog.com/analytics/keywordoverview/?q=calculate%20churn%20rate%20saas&db=us"",""calculate churn rate saas​"")","I","n/a","0","50","","n/a","n/a","27","0.00","0.29","=HYPERLINK(""https://smrs.toolsfrog.com/analytics/serp/?phrase=calculate%20churn%20rate%20saas&db=us&serpId=b-h-97-0526-9000172675940655372"",""5"")","411K","1 month"
"churn rate and retention rate","=HYPERLINK(""https://smrs.toolsfrog.com/analytics/keywordoverview/?q=churn%20rate%20and%20retention%20rate&db=us"",""churn rate and retention rate​"")","I","n/a","0","50","","n/a","n/a","21","0.00","0.10","=HYPERLINK(""https://smrs.toolsfrog.com/analytics/serp/?phrase=churn%20rate%20and%20retention%20rate&db=us&serpId=b-h-97-0604-8460596199750794419"",""6"")","162","3 weeks"
"churn rate benchmarks","=HYPERLINK(""https://smrs.toolsfrog.com/analytics/keywordoverview/?q=churn%20rate%20benchmarks&db=us"",""churn rate benchmarks​"")","I","n/a","0","50","","n/a","n/a","39","9.22","0.33","=HYPERLINK(""https://smrs.toolsfrog.com/analytics/serp/?phrase=churn%20rate%20benchmarks&db=us&serpId=b-f-97-0428-13738730327710315100"",""7"")","135","1 month"
"churn rate business","=HYPERLINK(""https://smrs.toolsfrog.com/analytics/keywordoverview/?q=churn%20rate%20business&db=us"",""churn rate business​"")","I","n/a","0","50","","n/a","n/a","39","1.06","0.03","=HYPERLINK(""https://smrs.toolsfrog.com/analytics/serp/?phrase=churn%20rate%20business&db=us&serpId=b-f-97-0502-2161516225738076049"",""5"")","19.5M","1 month"
"churn rate for subscription services","=HYPERLINK(""https://smrs.toolsfrog.com/analytics/keywordoverview/?q=churn%20rate%20for%20subscription%20services&db=us"",""churn rate for subscription services​"")","I","n/a","0","50","","n/a","n/a","21","0.00","0.29","=HYPERLINK(""https://smrs.toolsfrog.com/analytics/serp/?phrase=churn%20rate%20for%20subscription%20services&db=us&serpId=b-g-97-0517-6971552341757998405"",""6"")","182","1 month"
"consumer defection definition customer churn rate","=HYPERLINK(""https://smrs.toolsfrog.com/analytics/keywordoverview/?q=consumer%20defection%20definition%20customer%20churn%20rate&db=us"",""consumer defection definition customer churn rate​"")","I","n/a","0","50","","n/a","n/a","10","0.00","0.00","=HYPERLINK(""https://smrs.toolsfrog.com/analytics/serp/?phrase=consumer%20defection%20definition%20customer%20churn%20rate&db=us&serpId=b-d-97-0420-17120399536568786496"",""4"")","123K","1 month"
"employee churn rate","=HYPERLINK(""https://smrs.toolsfrog.com/analytics/keywordoverview/?q=employee%20churn%20rate&db=us"",""employee churn rate​"")","I","n/a","0","50","","n/a","n/a","26","0.00","0.33","=HYPERLINK(""https://smrs.toolsfrog.com/analytics/serp/?phrase=employee%20churn%20rate&db=us&serpId=b-h-97-0518-8710484737555845248"",""5"")","139","1 month"
"how to reduce churn rate","=HYPERLINK(""https://smrs.toolsfrog.com/analytics/keywordoverview/?q=how%20to%20reduce%20churn%20rate&db=us"",""how to reduce churn rate​"")","I","n/a","0","50","","n/a","n/a","25","0.00","0.33","=HYPERLINK(""https://smrs.toolsfrog.com/analytics/serp/?phrase=how%20to%20reduce%20churn%20rate&db=us&serpId=b-e-97-0526-7031981471752833358"",""9"")","163","1 month"
"how to reduce churn rate and increase retention","=HYPERLINK(""https://smrs.toolsfrog.com/analytics/keywordoverview/?q=how%20to%20reduce%20churn%20rate%20and%20increase%20retention&db=us"",""how to reduce churn rate and increase retention​"")","n/a","n/a","0","50","","n/a","n/a","n/a","3.88","0.14","n/a","n/a","For metrics, refresh"
"how to reduce churn rate in telecom","=HYPERLINK(""https://smrs.toolsfrog.com/analytics/keywordoverview/?q=how%20to%20reduce%20churn%20rate%20in%20telecom&db=us"",""how to reduce churn rate in telecom​"")","I","n/a","0","50","","n/a","n/a","17","0.00","0.33","=HYPERLINK(""https://smrs.toolsfrog.com/analytics/serp/?phrase=how%20to%20reduce%20churn%20rate%20in%20telecom&db=us&serpId=b-g-97-0507-1980711616005415106"",""5"")","667K","1 month"
"membership churn rate","=HYPERLINK(""https://smrs.toolsfrog.com/analytics/keywordoverview/?q=membership%20churn%20rate&db=us"",""membership churn rate​"")","I","n/a","0","50","","n/a","n/a","20","3.68","0.35","=HYPERLINK(""https://smrs.toolsfrog.com/analytics/serp/?phrase=membership%20churn%20rate&db=us&serpId=b-f-97-0511-17116447417815639496"",""6"")","22.4M","1 month"
"mobile app churn rate","=HYPERLINK(""https://smrs.toolsfrog.com/analytics/keywordoverview/?q=mobile%20app%20churn%20rate&db=us"",""mobile app churn rate​"")","I","n/a","0","50","","n/a","n/a","22","0.00","0.03","=HYPERLINK(""https://smrs.toolsfrog.com/analytics/serp/?phrase=mobile%20app%20churn%20rate&db=us&serpId=b-h-97-0530-17456923749919474865"",""6"")","120","3 weeks"
"saas churn rate average","=HYPERLINK(""https://smrs.toolsfrog.com/analytics/keywordoverview/?q=saas%20churn%20rate%20average&db=us"",""saas churn rate average​"")","I","n/a","0","50","","n/a","n/a","38","4.55","0.12","=HYPERLINK(""https://smrs.toolsfrog.com/analytics/serp/?phrase=saas%20churn%20rate%20average&db=us&serpId=b-f-97-0507-6425006243115183617"",""4"")","1.1M","1 month"
"t-mobile postpaid churn rate 2023","=HYPERLINK(""https://smrs.toolsfrog.com/analytics/keywordoverview/?q=t-mobile%20postpaid%20churn%20rate%202023&db=us"",""t-mobile postpaid churn rate 2023​"")","I - T","n/a","0","50","","n/a","n/a","23","0.00","0.00","=HYPERLINK(""https://smrs.toolsfrog.com/analytics/serp/?phrase=t-mobile%20postpaid%20churn%20rate%202023&db=us&serpId=b-f-97-0510-10388649248904612669"",""3"")","11.4K","1 month"
"typical saas churn rates","=HYPERLINK(""https://smrs.toolsfrog.com/analytics/keywordoverview/?q=typical%20saas%20churn%20rates&db=us"",""typical saas churn rates​"")","I","n/a","0","50","","n/a","n/a","27","4.55","0.12","=HYPERLINK(""https://smrs.toolsfrog.com/analytics/serp/?phrase=typical%20saas%20churn%20rates&db=us&serpId=b-e-97-0503-1031818535357553088"",""5"")","1.1M","1 month"
"what is a good churn rate for saas","=HYPERLINK(""https://smrs.toolsfrog.com/analytics/keywordoverview/?q=what%20is%20a%20good%20churn%20rate%20for%20saas&db=us"",""what is a good churn rate for saas​"")","I","n/a","0","50","","n/a","n/a","26","0.00","0.12","=HYPERLINK(""https://smrs.toolsfrog.com/analytics/serp/?phrase=what%20is%20a%20good%20churn%20rate%20for%20saas&db=us&serpId=b-e-97-0419-5365427023539993556"",""5"")","164","1 month"
"what is average churn rate for saas","=HYPERLINK(""https://smrs.toolsfrog.com/analytics/keywordoverview/?q=what%20is%20average%20churn%20rate%20for%20saas&db=us"",""what is average churn rate for saas​"")","n/a","n/a","0","50","","n/a","n/a","n/a","0.00","0.21","n/a","n/a","For metrics, refresh"
"what is the average churn rate for a saas company","=HYPERLINK(""https://smrs.toolsfrog.com/analytics/keywordoverview/?q=what%20is%20the%20average%20churn%20rate%20for%20a%20saas%20company&db=us"",""what is the average churn rate for a saas company​"")","I","n/a","0","50","","n/a","n/a","27","4.93","0.12","=HYPERLINK(""https://smrs.toolsfrog.com/analytics/serp/?phrase=what%20is%20the%20average%20churn%20rate%20for%20a%20saas%20company&db=us&serpId=b-f-97-0604-13070996088732653470"",""6"")","155","3 weeks"
"annual churn rate","=HYPERLINK(""https://smrs.toolsfrog.com/analytics/keywordoverview/?q=annual%20churn%20rate&db=us"",""annual churn rate​"")","I","n/a","0","40","","n/a","n/a","31","0.00","0.05","=HYPERLINK(""https://smrs.toolsfrog.com/analytics/serp/?phrase=annual%20churn%20rate&db=us&serpId=b-g-97-0503-5132385118971621202"",""5"")","134","1 month"
"average churn rate for ecommerce","=HYPERLINK(""https://smrs.toolsfrog.com/analytics/keywordoverview/?q=average%20churn%20rate%20for%20ecommerce&db=us"",""average churn rate for ecommerce​"")","I","n/a","0","40","","n/a","n/a","19","0.00","0.21","=HYPERLINK(""https://smrs.toolsfrog.com/analytics/serp/?phrase=average%20churn%20rate%20for%20ecommerce&db=us&serpId=b-h-97-0507-6213552186116624411"",""6"")","760K","1 month"
"b2b churn rate","=HYPERLINK(""https://smrs.toolsfrog.com/analytics/keywordoverview/?q=b2b%20churn%20rate&db=us"",""b2b churn rate​"")","I","n/a","0","40","","n/a","n/a","25","0.00","0.19","=HYPERLINK(""https://smrs.toolsfrog.com/analytics/serp/?phrase=b2b%20churn%20rate&db=us&serpId=b-e-97-0507-12626918310173981320"",""6"")","2.5M","1 month"
"b2b saas churn rate benchmark","=HYPERLINK(""https://smrs.toolsfrog.com/analytics/keywordoverview/?q=b2b%20saas%20churn%20rate%20benchmark&db=us"",""b2b saas churn rate benchmark​"")","I","n/a","0","40","","n/a","n/a","26","9.96","0.33","=HYPERLINK(""https://smrs.toolsfrog.com/analytics/serp/?phrase=b2b%20saas%20churn%20rate%20benchmark&db=us&serpId=b-g-97-0603-7147772068768212440"",""5"")","123","3 weeks"
"big 3 automotive employee churn rate comparison sectors","=HYPERLINK(""https://smrs.toolsfrog.com/analytics/keywordoverview/?q=big%203%20automotive%20employee%20churn%20rate%20comparison%20sectors&db=us"",""big 3 automotive employee churn rate comparison sectors​"")","I - C","n/a","0","40","","n/a","n/a","31","0.00","0.00","=HYPERLINK(""https://smrs.toolsfrog.com/analytics/serp/?phrase=big%203%20automotive%20employee%20churn%20rate%20comparison%20sectors&db=us&serpId=b-g-97-0427-14328603920376768491"",""4"")","55.6M","1 month"
"calculate customer churn rate","=HYPERLINK(""https://smrs.toolsfrog.com/analytics/keywordoverview/?q=calculate%20customer%20churn%20rate&db=us"",""calculate customer churn rate​"")","I","n/a","0","40","","n/a","n/a","27","2.65","0.21","=HYPERLINK(""https://smrs.toolsfrog.com/analytics/serp/?phrase=calculate%20customer%20churn%20rate&db=us&serpId=b-g-97-0505-16180155526733178716"",""5"")","2M","1 month"
"cellular churn rates in us","=HYPERLINK(""https://smrs.toolsfrog.com/analytics/keywordoverview/?q=cellular%20churn%20rates%20in%20us&db=us"",""cellular churn rates in us​"")","n/a","n/a","0","40","","n/a","n/a","n/a","0.00","0.00","n/a","n/a","For metrics, refresh"
"churn and retention rate","=HYPERLINK(""https://smrs.toolsfrog.com/analytics/keywordoverview/?q=churn%20and%20retention%20rate&db=us"",""churn and retention rate​"")","n/a","n/a","0","40","","n/a","n/a","n/a","0.00","0.10","n/a","n/a","For metrics, refresh"
"churn rate retail","=HYPERLINK(""https://smrs.toolsfrog.com/analytics/keywordoverview/?q=churn%20rate%20retail&db=us"",""churn rate retail​"")","n/a","n/a","0","40","","n/a","n/a","n/a","0.00","0.33","n/a","n/a","For metrics, refresh"
"churn rate subscription","=HYPERLINK(""https://smrs.toolsfrog.com/analytics/keywordoverview/?q=churn%20rate%20subscription&db=us"",""churn rate subscription​"")","I","n/a","0","40","","n/a","n/a","22","7.87","0.03","=HYPERLINK(""https://smrs.toolsfrog.com/analytics/serp/?phrase=churn%20rate%20subscription&db=us&serpId=b-h-97-0603-2828493627067550427"",""6"")","131","3 weeks"
"churn rates by industry","=HYPERLINK(""https://smrs.toolsfrog.com/analytics/keywordoverview/?q=churn%20rates%20by%20industry&db=us"",""churn rates by industry​"")","n/a","n/a","0","40","","n/a","n/a","n/a","0.00","0.02","n/a","n/a","For metrics, refresh"
"churn rates engineers eor services vs in-house recruiting","=HYPERLINK(""https://smrs.toolsfrog.com/analytics/keywordoverview/?q=churn%20rates%20engineers%20eor%20services%20vs%20in-house%20recruiting&db=us"",""churn rates engineers eor services vs in-house recruiting​"")","I - C","n/a","0","40","","n/a","n/a","0","0.00","0.00","=HYPERLINK(""https://smrs.toolsfrog.com/analytics/serp/?phrase=churn%20rates%20engineers%20eor%20services%20vs%20in-house%20recruiting&db=us&serpId=b-h-97-0506-16838805147126089726"",""5"")","44K","1 month"
"churning rate meaning","=HYPERLINK(""https://smrs.toolsfrog.com/analytics/keywordoverview/?q=churning%20rate%20meaning&db=us"",""churning rate meaning​"")","n/a","n/a","0","40","","n/a","n/a","n/a","0.00","0.03","n/a","n/a","For metrics, refresh"
"costco customer churn rate and retention 2025","=HYPERLINK(""https://smrs.toolsfrog.com/analytics/keywordoverview/?q=costco%20customer%20churn%20rate%20and%20retention%202025&db=us"",""costco customer churn rate and retention 2025​"")","I","n/a","0","40","","n/a","n/a","19","0.00","0.00","=HYPERLINK(""https://smrs.toolsfrog.com/analytics/serp/?phrase=costco%20customer%20churn%20rate%20and%20retention%202025&db=us&serpId=b-d-97-0429-10827327746493499251"",""4"")","9K","1 month"
"customer churn rate calculator","=HYPERLINK(""https://smrs.toolsfrog.com/analytics/keywordoverview/?q=customer%20churn%20rate%20calculator&db=us"",""customer churn rate calculator​"")","I","n/a","0","40","","n/a","n/a","22","0.00","0.01","=HYPERLINK(""https://smrs.toolsfrog.com/analytics/serp/?phrase=customer%20churn%20rate%20calculator&db=us&serpId=b-e-97-0415-11012969671496678184"",""2"")","543K","1 month"
"how to reduce customer churn rate strategies best practices","=HYPERLINK(""https://smrs.toolsfrog.com/analytics/keywordoverview/?q=how%20to%20reduce%20customer%20churn%20rate%20strategies%20best%20practices&db=us"",""how to reduce customer churn rate strategies best practices​"")","n/a","n/a","0","40","","n/a","n/a","n/a","0.00","0.00","n/a","n/a","For metrics, refresh"
"major wireless carriers churn rate","=HYPERLINK(""https://smrs.toolsfrog.com/analytics/keywordoverview/?q=major%20wireless%20carriers%20churn%20rate&db=us"",""major wireless carriers churn rate​"")","n/a","n/a","0","40","","n/a","n/a","n/a","0.00","0.00","n/a","n/a","For metrics, refresh"
"mrr churn rate","=HYPERLINK(""https://smrs.toolsfrog.com/analytics/keywordoverview/?q=mrr%20churn%20rate&db=us"",""mrr churn rate​"")","I","n/a","0","40","","n/a","n/a","23","0.00","0.05","=HYPERLINK(""https://smrs.toolsfrog.com/analytics/serp/?phrase=mrr%20churn%20rate&db=us&serpId=b-e-97-0510-5398760977232819559"",""7"")","156K","1 month"
"reduce customer churn rate","=HYPERLINK(""https://smrs.toolsfrog.com/analytics/keywordoverview/?q=reduce%20customer%20churn%20rate&db=us"",""reduce customer churn rate​"")","n/a","n/a","0","40","","n/a","n/a","n/a","0.00","0.33","n/a","n/a","For metrics, refresh"
"restaurant brands customer churn rate and retention 2025","=HYPERLINK(""https://smrs.toolsfrog.com/analytics/keywordoverview/?q=restaurant%20brands%20customer%20churn%20rate%20and%20retention%202025&db=us"",""restaurant brands customer churn rate and retention 2025​"")","I","n/a","0","40","","n/a","n/a","5","0.00","0.00","=HYPERLINK(""https://smrs.toolsfrog.com/analytics/serp/?phrase=restaurant%20brands%20customer%20churn%20rate%20and%20retention%202025&db=us&serpId=b-e-97-0503-1640444204450571727"",""4"")","150","1 month"
"revenue churn rate formula","=HYPERLINK(""https://smrs.toolsfrog.com/analytics/keywordoverview/?q=revenue%20churn%20rate%20formula&db=us"",""revenue churn rate formula​"")","I","n/a","0","40","","n/a","n/a","22","0.00","0.33","=HYPERLINK(""https://smrs.toolsfrog.com/analytics/serp/?phrase=revenue%20churn%20rate%20formula&db=us&serpId=b-e-97-0507-2580089793594733069"",""7"")","127","1 month"
"shopify churn rate 2025","=HYPERLINK(""https://smrs.toolsfrog.com/analytics/keywordoverview/?q=shopify%20churn%20rate%202025&db=us"",""shopify churn rate 2025​"")","I","n/a","0","40","","n/a","n/a","18","0.00","0.00","=HYPERLINK(""https://smrs.toolsfrog.com/analytics/serp/?phrase=shopify%20churn%20rate%202025&db=us&serpId=b-e-97-0430-17100686004428412267"",""5"")","87","1 month"
"strategy to reduce cac and churn rate","=HYPERLINK(""https://smrs.toolsfrog.com/analytics/keywordoverview/?q=strategy%20to%20reduce%20cac%20and%20churn%20rate&db=us"",""strategy to reduce cac and churn rate​"")","I","n/a","0","40","","n/a","n/a","25","0.00","0.00","=HYPERLINK(""https://smrs.toolsfrog.com/analytics/serp/?phrase=strategy%20to%20reduce%20cac%20and%20churn%20rate&db=us&serpId=b-f-97-0418-12683778394679468957"",""7"")","5.6M","1 month"
"t-mobile postpaid phone churn rate 2023","=HYPERLINK(""https://smrs.toolsfrog.com/analytics/keywordoverview/?q=t-mobile%20postpaid%20phone%20churn%20rate%202023&db=us"",""t-mobile postpaid phone churn rate 2023​"")","I - T","n/a","0","40","","n/a","n/a","46","0.00","0.00","=HYPERLINK(""https://smrs.toolsfrog.com/analytics/serp/?phrase=t-mobile%20postpaid%20phone%20churn%20rate%202023&db=us&serpId=b-e-97-0420-11903163895083058941"",""2"")","9.2K","1 month"
"typical churn rate for saas","=HYPERLINK(""https://smrs.toolsfrog.com/analytics/keywordoverview/?q=typical%20churn%20rate%20for%20saas&db=us"",""typical churn rate for saas​"")","I","n/a","0","40","","n/a","n/a","20","0.00","0.29","=HYPERLINK(""https://smrs.toolsfrog.com/analytics/serp/?phrase=typical%20churn%20rate%20for%20saas&db=us&serpId=b-g-97-0425-2418152967183628101"",""6"")","152","1 month"
"what is a good churn rate saas","=HYPERLINK(""https://smrs.toolsfrog.com/analytics/keywordoverview/?q=what%20is%20a%20good%20churn%20rate%20saas&db=us"",""what is a good churn rate saas​"")","I","n/a","0","40","","n/a","n/a","32","0.00","0.33","=HYPERLINK(""https://smrs.toolsfrog.com/analytics/serp/?phrase=what%20is%20a%20good%20churn%20rate%20saas&db=us&serpId=b-h-97-0602-5608954499717312248"",""6"")","151","3 weeks"
"annual churn rate formula","=HYPERLINK(""https://smrs.toolsfrog.com/analytics/keywordoverview/?q=annual%20churn%20rate%20formula&db=us"",""annual churn rate formula​"")","n/a","n/a","0","30","","n/a","n/a","n/a","0.00","0.02","n/a","n/a","For metrics, refresh"
"average customer churn rate by industry","=HYPERLINK(""https://smrs.toolsfrog.com/analytics/keywordoverview/?q=average%20customer%20churn%20rate%20by%20industry&db=us"",""average customer churn rate by industry​"")","n/a","n/a","0","30","","n/a","n/a","n/a","0.00","0.33","n/a","n/a","For metrics, refresh"
"churn rate by industry","=HYPERLINK(""https://smrs.toolsfrog.com/analytics/keywordoverview/?q=churn%20rate%20by%20industry&db=us"",""churn rate by industry​"")","n/a","n/a","0","30","","n/a","n/a","n/a","0.00","0.02","n/a","n/a","For metrics, refresh"
"churn rate in telecom industry","=HYPERLINK(""https://smrs.toolsfrog.com/analytics/keywordoverview/?q=churn%20rate%20in%20telecom%20industry&db=us"",""churn rate in telecom industry​"")","n/a","n/a","0","30","","n/a","n/a","n/a","0.00","0.04","n/a","n/a","For metrics, refresh"
"churn rate is a term that refers to the","=HYPERLINK(""https://smrs.toolsfrog.com/analytics/keywordoverview/?q=churn%20rate%20is%20a%20term%20that%20refers%20to%20the&db=us"",""churn rate is a term that refers to the​"")","n/a","n/a","0","30","","n/a","n/a","n/a","0.00","0.33","n/a","n/a","For metrics, refresh"
"churn rate retention rate","=HYPERLINK(""https://smrs.toolsfrog.com/analytics/keywordoverview/?q=churn%20rate%20retention%20rate&db=us"",""churn rate retention rate​"")","n/a","n/a","0","30","","n/a","n/a","n/a","0.00","0.10","n/a","n/a","For metrics, refresh"
"churn rate software","=HYPERLINK(""https://smrs.toolsfrog.com/analytics/keywordoverview/?q=churn%20rate%20software&db=us"",""churn rate software​"")","I - C","n/a","0","30","","n/a","n/a","15","8.53","0.37","=HYPERLINK(""https://smrs.toolsfrog.com/analytics/serp/?phrase=churn%20rate%20software&db=us&serpId=b-e-97-0430-10287134262172597627"",""7"")","6.7M","1 month"
"churn rates for saas companies","=HYPERLINK(""https://smrs.toolsfrog.com/analytics/keywordoverview/?q=churn%20rates%20for%20saas%20companies&db=us"",""churn rates for saas companies​"")","n/a","n/a","0","30","","n/a","n/a","n/a","0.00","0.19","n/a","n/a","For metrics, refresh"
"churning rate","=HYPERLINK(""https://smrs.toolsfrog.com/analytics/keywordoverview/?q=churning%20rate&db=us"",""churning rate​"")","I","n/a","0","30","","n/a","n/a","43","1.52","0.06","=HYPERLINK(""https://smrs.toolsfrog.com/analytics/serp/?phrase=churning%20rate&db=us&serpId=b-e-97-0418-11695421798017161238"",""9"")","36.8M","1 month"
"customer churn rate by industry","=HYPERLINK(""https://smrs.toolsfrog.com/analytics/keywordoverview/?q=customer%20churn%20rate%20by%20industry&db=us"",""customer churn rate by industry​"")","n/a","n/a","0","30","","n/a","n/a","n/a","0.00","0.14","n/a","n/a","For metrics, refresh"
"customer lifetime value formula churn rate","=HYPERLINK(""https://smrs.toolsfrog.com/analytics/keywordoverview/?q=customer%20lifetime%20value%20formula%20churn%20rate&db=us"",""customer lifetime value formula churn rate​"")","n/a","n/a","0","30","","n/a","n/a","n/a","0.00","0.33","n/a","n/a","For metrics, refresh"
"customer onboarding platforms analytics activation rate retention churn","=HYPERLINK(""https://smrs.toolsfrog.com/analytics/keywordoverview/?q=customer%20onboarding%20platforms%20analytics%20activation%20rate%20retention%20churn&db=us"",""customer onboarding platforms analytics activation rate retention churn​"")","n/a","n/a","0","30","","n/a","n/a","n/a","0.00","0.00","n/a","n/a","For metrics, refresh"
"definition of churn rate","=HYPERLINK(""https://smrs.toolsfrog.com/analytics/keywordoverview/?q=definition%20of%20churn%20rate&db=us"",""definition of churn rate​"")","n/a","n/a","0","30","","n/a","n/a","n/a","0.21","0.04","n/a","n/a","For metrics, refresh"
"employee churn rate formula","=HYPERLINK(""https://smrs.toolsfrog.com/analytics/keywordoverview/?q=employee%20churn%20rate%20formula&db=us"",""employee churn rate formula​"")","n/a","n/a","0","30","","n/a","n/a","n/a","0.00","0.33","n/a","n/a","For metrics, refresh"
"fitness app user retention churn rate ux design impact","=HYPERLINK(""https://smrs.toolsfrog.com/analytics/keywordoverview/?q=fitness%20app%20user%20retention%20churn%20rate%20ux%20design%20impact&db=us"",""fitness app user retention churn rate ux design impact​"")","n/a","n/a","0","30","","n/a","n/a","n/a","0.00","0.00","n/a","n/a","For metrics, refresh"
"good churn rate for saas","=HYPERLINK(""https://smrs.toolsfrog.com/analytics/keywordoverview/?q=good%20churn%20rate%20for%20saas&db=us"",""good churn rate for saas​"")","n/a","n/a","0","30","","n/a","n/a","n/a","0.00","0.04","n/a","n/a","For metrics, refresh"
"good saas churn rate","=HYPERLINK(""https://smrs.toolsfrog.com/analytics/keywordoverview/?q=good%20saas%20churn%20rate&db=us"",""good saas churn rate​"")","n/a","n/a","0","30","","n/a","n/a","n/a","0.00","0.06","n/a","n/a","For metrics, refresh"
"high churn rate","=HYPERLINK(""https://smrs.toolsfrog.com/analytics/keywordoverview/?q=high%20churn%20rate&db=us"",""high churn rate​"")","n/a","n/a","0","30","","n/a","n/a","n/a","0.00","0.01","n/a","n/a","For metrics, refresh"
"higher churn rate meaning","=HYPERLINK(""https://smrs.toolsfrog.com/analytics/keywordoverview/?q=higher%20churn%20rate%20meaning&db=us"",""higher churn rate meaning​"")","n/a","n/a","0","30","","n/a","n/a","n/a","0.00","0.33","n/a","n/a","For metrics, refresh"
"highest churn rates tools software saas midsize businesses","=HYPERLINK(""https://smrs.toolsfrog.com/analytics/keywordoverview/?q=highest%20churn%20rates%20tools%20software%20saas%20midsize%20businesses&db=us"",""highest churn rates tools software saas midsize businesses​"")","n/a","n/a","0","30","","n/a","n/a","n/a","0.00","0.00","n/a","n/a","For metrics, refresh"
"how to calculate employee churn rate","=HYPERLINK(""https://smrs.toolsfrog.com/analytics/keywordoverview/?q=how%20to%20calculate%20employee%20churn%20rate&db=us"",""how to calculate employee churn rate​"")","I","n/a","0","30","","n/a","n/a","36","1.30","0.37","=HYPERLINK(""https://smrs.toolsfrog.com/analytics/serp/?phrase=how%20to%20calculate%20employee%20churn%20rate&db=us&serpId=b-f-97-0516-14729579488671509527"",""6"")","178","1 month"
"how to improve churn rate","=HYPERLINK(""https://smrs.toolsfrog.com/analytics/keywordoverview/?q=how%20to%20improve%20churn%20rate&db=us"",""how to improve churn rate​"")","n/a","n/a","0","30","","n/a","n/a","n/a","3.42","0.19","n/a","n/a","For metrics, refresh"
"how to pronounce churn rate","=HYPERLINK(""https://smrs.toolsfrog.com/analytics/keywordoverview/?q=how%20to%20pronounce%20churn%20rate&db=us"",""how to pronounce churn rate​"")","n/a","n/a","0","30","","n/a","n/a","n/a","0.00","0.33","n/a","n/a","For metrics, refresh"
"how to reduce customer churn rate strategies 2025 2026","=HYPERLINK(""https://smrs.toolsfrog.com/analytics/keywordoverview/?q=how%20to%20reduce%20customer%20churn%20rate%20strategies%202025%202026&db=us"",""how to reduce customer churn rate strategies 2025 2026​"")","n/a","n/a","0","30","","n/a","n/a","n/a","0.00","0.00","n/a","n/a","For metrics, refresh"
"hubspot churn rate","=HYPERLINK(""https://smrs.toolsfrog.com/analytics/keywordoverview/?q=hubspot%20churn%20rate&db=us"",""hubspot churn rate​"")","n/a","n/a","0","30","","n/a","n/a","n/a","0.00","0.01","n/a","n/a","For metrics, refresh"
"monthly churn rate meaning","=HYPERLINK(""https://smrs.toolsfrog.com/analytics/keywordoverview/?q=monthly%20churn%20rate%20meaning&db=us"",""monthly churn rate meaning​"")","n/a","n/a","0","30","","n/a","n/a","n/a","0.00","0.06","n/a","n/a","For metrics, refresh"
"normal churn rate","=HYPERLINK(""https://smrs.toolsfrog.com/analytics/keywordoverview/?q=normal%20churn%20rate&db=us"",""normal churn rate​"")","n/a","n/a","0","30","","n/a","n/a","n/a","0.00","0.04","n/a","n/a","For metrics, refresh"
"patient churn rate","=HYPERLINK(""https://smrs.toolsfrog.com/analytics/keywordoverview/?q=patient%20churn%20rate&db=us"",""patient churn rate​"")","n/a","n/a","0","30","","n/a","n/a","n/a","0.00","0.33","n/a","n/a","For metrics, refresh"
"reduce churn rates","=HYPERLINK(""https://smrs.toolsfrog.com/analytics/keywordoverview/?q=reduce%20churn%20rates&db=us"",""reduce churn rates​"")","n/a","n/a","0","30","","n/a","n/a","n/a","10.98","0.08","n/a","n/a","For metrics, refresh"
"revenue churn rate calculation","=HYPERLINK(""https://smrs.toolsfrog.com/analytics/keywordoverview/?q=revenue%20churn%20rate%20calculation&db=us"",""revenue churn rate calculation​"")","n/a","n/a","0","30","","n/a","n/a","n/a","0.00","0.02","n/a","n/a","For metrics, refresh"
"shopify churn rate","=HYPERLINK(""https://smrs.toolsfrog.com/analytics/keywordoverview/?q=shopify%20churn%20rate&db=us"",""shopify churn rate​"")","n/a","n/a","0","30","","n/a","n/a","n/a","0.00","0.33","n/a","n/a","For metrics, refresh"
"software churn rate","=HYPERLINK(""https://smrs.toolsfrog.com/analytics/keywordoverview/?q=software%20churn%20rate&db=us"",""software churn rate​"")","I","n/a","0","30","","n/a","n/a","34","8.53","0.37","=HYPERLINK(""https://smrs.toolsfrog.com/analytics/serp/?phrase=software%20churn%20rate&db=us&serpId=b-g-97-0430-18354450685494264280"",""7"")","2.4K","1 month"
"staff churn rate","=HYPERLINK(""https://smrs.toolsfrog.com/analytics/keywordoverview/?q=staff%20churn%20rate&db=us"",""staff churn rate​"")","n/a","n/a","0","30","","n/a","n/a","n/a","0.00","0.01","n/a","n/a","For metrics, refresh"
"typical churn rate","=HYPERLINK(""https://smrs.toolsfrog.com/analytics/keywordoverview/?q=typical%20churn%20rate&db=us"",""typical churn rate​"")","n/a","n/a","0","30","","n/a","n/a","n/a","0.00","0.04","n/a","n/a","For metrics, refresh"
"typical saas churn rate","=HYPERLINK(""https://smrs.toolsfrog.com/analytics/keywordoverview/?q=typical%20saas%20churn%20rate&db=us"",""typical saas churn rate​"")","n/a","n/a","0","30","","n/a","n/a","n/a","0.00","0.17","n/a","n/a","For metrics, refresh"
"verizon churn rate","=HYPERLINK(""https://smrs.toolsfrog.com/analytics/keywordoverview/?q=verizon%20churn%20rate&db=us"",""verizon churn rate​"")","n/a","n/a","0","30","","n/a","n/a","n/a","0.00","0.33","n/a","n/a","For metrics, refresh"
"verizon customer churn rate","=HYPERLINK(""https://smrs.toolsfrog.com/analytics/keywordoverview/?q=verizon%20customer%20churn%20rate&db=us"",""verizon customer churn rate​"")","n/a","n/a","0","30","","n/a","n/a","n/a","0.00","0.33","n/a","n/a","For metrics, refresh"
"what is good churn rate","=HYPERLINK(""https://smrs.toolsfrog.com/analytics/keywordoverview/?q=what%20is%20good%20churn%20rate&db=us"",""what is good churn rate​"")","n/a","n/a","0","30","","n/a","n/a","n/a","0.00","0.02","n/a","n/a","For metrics, refresh"
"1 churn rate","=HYPERLINK(""https://smrs.toolsfrog.com/analytics/keywordoverview/?q=1%20churn%20rate&db=us"",""1 churn rate​"")","n/a","n/a","0","20","","n/a","n/a","n/a","0.00","0.04","n/a","n/a","For metrics, refresh"
"1 divided by churn rate","=HYPERLINK(""https://smrs.toolsfrog.com/analytics/keywordoverview/?q=1%20divided%20by%20churn%20rate&db=us"",""1 divided by churn rate​"")","n/a","n/a","0","20","","n/a","n/a","n/a","0.00","0.33","n/a","n/a","For metrics, refresh"
"1/churn rate","=HYPERLINK(""https://smrs.toolsfrog.com/analytics/keywordoverview/?q=1%2Fchurn%20rate&db=us"",""1/churn rate​"")","n/a","n/a","0","20","","n/a","n/a","n/a","0.00","0.04","n/a","n/a","For metrics, refresh"
"12 proven strategies to reduce churn rates","=HYPERLINK(""https://smrs.toolsfrog.com/analytics/keywordoverview/?q=12%20proven%20strategies%20to%20reduce%20churn%20rates&db=us"",""12 proven strategies to reduce churn rates​"")","n/a","n/a","0","20","","n/a","n/a","n/a","0.00","0.33","n/a","n/a","For metrics, refresh"
"acceptable churn rate","=HYPERLINK(""https://smrs.toolsfrog.com/analytics/keywordoverview/?q=acceptable%20churn%20rate&db=us"",""acceptable churn rate​"")","n/a","n/a","0","20","","n/a","n/a","n/a","0.00","0.33","n/a","n/a","For metrics, refresh"
"adobe churn rate","=HYPERLINK(""https://smrs.toolsfrog.com/analytics/keywordoverview/?q=adobe%20churn%20rate&db=us"",""adobe churn rate​"")","n/a","n/a","0","20","","n/a","n/a","n/a","0.00","0.33","n/a","n/a","For metrics, refresh"
"amazon churn rate","=HYPERLINK(""https://smrs.toolsfrog.com/analytics/keywordoverview/?q=amazon%20churn%20rate&db=us"",""amazon churn rate​"")","n/a","n/a","0","20","","n/a","n/a","n/a","0.00","0.33","n/a","n/a","For metrics, refresh"
"amazon prime churn rate","=HYPERLINK(""https://smrs.toolsfrog.com/analytics/keywordoverview/?q=amazon%20prime%20churn%20rate&db=us"",""amazon prime churn rate​"")","n/a","n/a","0","20","","n/a","n/a","n/a","0.00","0.33","n/a","n/a","For metrics, refresh"
"annual churn rate calculation","=HYPERLINK(""https://smrs.toolsfrog.com/analytics/keywordoverview/?q=annual%20churn%20rate%20calculation&db=us"",""annual churn rate calculation​"")","n/a","n/a","0","20","","n/a","n/a","n/a","0.00","0.57","n/a","n/a","For metrics, refresh"
"annual churn rate calculator","=HYPERLINK(""https://smrs.toolsfrog.com/analytics/keywordoverview/?q=annual%20churn%20rate%20calculator&db=us"",""annual churn rate calculator​"")","n/a","n/a","0","20","","n/a","n/a","n/a","0.00","0.33","n/a","n/a","For metrics, refresh"
"another word for churn rate","=HYPERLINK(""https://smrs.toolsfrog.com/analytics/keywordoverview/?q=another%20word%20for%20churn%20rate&db=us"",""another word for churn rate​"")","n/a","n/a","0","20","","n/a","n/a","n/a","0.00","0.33","n/a","n/a","For metrics, refresh"
"apple music churn rate","=HYPERLINK(""https://smrs.toolsfrog.com/analytics/keywordoverview/?q=apple%20music%20churn%20rate&db=us"",""apple music churn rate​"")","n/a","n/a","0","20","","n/a","n/a","n/a","0.00","0.33","n/a","n/a","For metrics, refresh"
"arr churn rate","=HYPERLINK(""https://smrs.toolsfrog.com/analytics/keywordoverview/?q=arr%20churn%20rate&db=us"",""arr churn rate​"")","n/a","n/a","0","20","","n/a","n/a","n/a","0.00","0.33","n/a","n/a","For metrics, refresh"
"at&t churn rate","=HYPERLINK(""https://smrs.toolsfrog.com/analytics/keywordoverview/?q=at%26t%20churn%20rate&db=us"",""at&t churn rate​"")","n/a","n/a","0","20","","n/a","n/a","n/a","0.00","0.33","n/a","n/a","For metrics, refresh"
"at&t postpaid churn rate 2020 2021 2022 2023","=HYPERLINK(""https://smrs.toolsfrog.com/analytics/keywordoverview/?q=at%26t%20postpaid%20churn%20rate%202020%202021%202022%202023&db=us"",""at&t postpaid churn rate 2020 2021 2022 2023​"")","n/a","n/a","0","20","","n/a","n/a","n/a","0.00","0.00","n/a","n/a","For metrics, refresh"
"attrition rate vs churn rate","=HYPERLINK(""https://smrs.toolsfrog.com/analytics/keywordoverview/?q=attrition%20rate%20vs%20churn%20rate&db=us"",""attrition rate vs churn rate​"")","n/a","n/a","0","20","","n/a","n/a","n/a","0.00","0.33","n/a","n/a","For metrics, refresh"
"average app churn rate","=HYPERLINK(""https://smrs.toolsfrog.com/analytics/keywordoverview/?q=average%20app%20churn%20rate&db=us"",""average app churn rate​"")","n/a","n/a","0","20","","n/a","n/a","n/a","0.00","0.33","n/a","n/a","For metrics, refresh"
"average b2b saas churn rate","=HYPERLINK(""https://smrs.toolsfrog.com/analytics/keywordoverview/?q=average%20b2b%20saas%20churn%20rate&db=us"",""average b2b saas churn rate​"")","n/a","n/a","0","20","","n/a","n/a","n/a","0.00","0.57","n/a","n/a","For metrics, refresh"
"average churn rate b2b saas 2024","=HYPERLINK(""https://smrs.toolsfrog.com/analytics/keywordoverview/?q=average%20churn%20rate%20b2b%20saas%202024&db=us"",""average churn rate b2b saas 2024​"")","n/a","n/a","0","20","","n/a","n/a","n/a","0.00","0.00","n/a","n/a","For metrics, refresh"
"average churn rate by industry saas","=HYPERLINK(""https://smrs.toolsfrog.com/analytics/keywordoverview/?q=average%20churn%20rate%20by%20industry%20saas&db=us"",""average churn rate by industry saas​"")","n/a","n/a","0","20","","n/a","n/a","n/a","0.00","0.33","n/a","n/a","For metrics, refresh"
"average churn rate for apps","=HYPERLINK(""https://smrs.toolsfrog.com/analytics/keywordoverview/?q=average%20churn%20rate%20for%20apps&db=us"",""average churn rate for apps​"")","n/a","n/a","0","20","","n/a","n/a","n/a","0.00","0.33","n/a","n/a","For metrics, refresh"
"average churn rate for b2b saas","=HYPERLINK(""https://smrs.toolsfrog.com/analytics/keywordoverview/?q=average%20churn%20rate%20for%20b2b%20saas&db=us"",""average churn rate for b2b saas​"")","n/a","n/a","0","20","","n/a","n/a","n/a","0.00","0.00","n/a","n/a","For metrics, refresh"
"average churn rate for digital marketing agencies","=HYPERLINK(""https://smrs.toolsfrog.com/analytics/keywordoverview/?q=average%20churn%20rate%20for%20digital%20marketing%20agencies&db=us"",""average churn rate for digital marketing agencies​"")","n/a","n/a","0","20","","n/a","n/a","n/a","0.00","0.00","n/a","n/a","For metrics, refresh"
"average churn rate for mobile apps","=HYPERLINK(""https://smrs.toolsfrog.com/analytics/keywordoverview/?q=average%20churn%20rate%20for%20mobile%20apps&db=us"",""average churn rate for mobile apps​"")","n/a","n/a","0","20","","n/a","n/a","n/a","0.00","0.19","n/a","n/a","For metrics, refresh"
"average churn rate for saas companies","=HYPERLINK(""https://smrs.toolsfrog.com/analytics/keywordoverview/?q=average%20churn%20rate%20for%20saas%20companies&db=us"",""average churn rate for saas companies​"")","n/a","n/a","0","20","","n/a","n/a","n/a","0.00","0.66","n/a","n/a","For metrics, refresh"
"average churn rate in saas","=HYPERLINK(""https://smrs.toolsfrog.com/analytics/keywordoverview/?q=average%20churn%20rate%20in%20saas&db=us"",""average churn rate in saas​"")","n/a","n/a","0","20","","n/a","n/a","n/a","0.00","0.14","n/a","n/a","For metrics, refresh"
"average churn rate in telecom industry","=HYPERLINK(""https://smrs.toolsfrog.com/analytics/keywordoverview/?q=average%20churn%20rate%20in%20telecom%20industry&db=us"",""average churn rate in telecom industry​"")","n/a","n/a","0","20","","n/a","n/a","n/a","0.00","0.14","n/a","n/a","For metrics, refresh"
"average client churn rate for marketing agencies","=HYPERLINK(""https://smrs.toolsfrog.com/analytics/keywordoverview/?q=average%20client%20churn%20rate%20for%20marketing%20agencies&db=us"",""average client churn rate for marketing agencies​"")","n/a","n/a","0","20","","n/a","n/a","n/a","0.00","0.00","n/a","n/a","For metrics, refresh"
"average customer churn rate","=HYPERLINK(""https://smrs.toolsfrog.com/analytics/keywordoverview/?q=average%20customer%20churn%20rate&db=us"",""average customer churn rate​"")","n/a","n/a","0","20","","n/a","n/a","n/a","0.00","0.29","n/a","n/a","For metrics, refresh"
"average customer churn rate retail industry","=HYPERLINK(""https://smrs.toolsfrog.com/analytics/keywordoverview/?q=average%20customer%20churn%20rate%20retail%20industry&db=us"",""average customer churn rate retail industry​"")","n/a","n/a","0","20","","n/a","n/a","n/a","0.00","0.00","n/a","n/a","For metrics, refresh"
"average employee churn rate by industry","=HYPERLINK(""https://smrs.toolsfrog.com/analytics/keywordoverview/?q=average%20employee%20churn%20rate%20by%20industry&db=us"",""average employee churn rate by industry​"")","n/a","n/a","0","20","","n/a","n/a","n/a","0.00","0.11","n/a","n/a","For metrics, refresh"
"average monthly churn rate","=HYPERLINK(""https://smrs.toolsfrog.com/analytics/keywordoverview/?q=average%20monthly%20churn%20rate&db=us"",""average monthly churn rate​"")","n/a","n/a","0","20","","n/a","n/a","n/a","0.00","0.33","n/a","n/a","For metrics, refresh"
"average monthly churn rate saas","=HYPERLINK(""https://smrs.toolsfrog.com/analytics/keywordoverview/?q=average%20monthly%20churn%20rate%20saas&db=us"",""average monthly churn rate saas​"")","n/a","n/a","0","20","","n/a","n/a","n/a","0.00","0.33","n/a","n/a","For metrics, refresh"
"average saas churn rate 2024","=HYPERLINK(""https://smrs.toolsfrog.com/analytics/keywordoverview/?q=average%20saas%20churn%20rate%202024&db=us"",""average saas churn rate 2024​"")","n/a","n/a","0","20","","n/a","n/a","n/a","0.00","0.00","n/a","n/a","For metrics, refresh"
"b2c churn rate","=HYPERLINK(""https://smrs.toolsfrog.com/analytics/keywordoverview/?q=b2c%20churn%20rate&db=us"",""b2c churn rate​"")","n/a","n/a","0","20","","n/a","n/a","n/a","0.00","0.57","n/a","n/a","For metrics, refresh"
"benchmark churn rate","=HYPERLINK(""https://smrs.toolsfrog.com/analytics/keywordoverview/?q=benchmark%20churn%20rate&db=us"",""benchmark churn rate​"")","n/a","n/a","0","20","","n/a","n/a","n/a","0.00","0.33","n/a","n/a","For metrics, refresh"
"big 3 churn rate compared to other sectors","=HYPERLINK(""https://smrs.toolsfrog.com/analytics/keywordoverview/?q=big%203%20churn%20rate%20compared%20to%20other%20sectors&db=us"",""big 3 churn rate compared to other sectors​"")","n/a","n/a","0","20","","n/a","n/a","n/a","0.00","0.00","n/a","n/a","For metrics, refresh"
"blue apron churn rate","=HYPERLINK(""https://smrs.toolsfrog.com/analytics/keywordoverview/?q=blue%20apron%20churn%20rate&db=us"",""blue apron churn rate​"")","n/a","n/a","0","20","","n/a","n/a","n/a","0.00","0.33","n/a","n/a","For metrics, refresh"
"bounce rate vs churn rate","=HYPERLINK(""https://smrs.toolsfrog.com/analytics/keywordoverview/?q=bounce%20rate%20vs%20churn%20rate&db=us"",""bounce rate vs churn rate​"")","n/a","n/a","0","20","","n/a","n/a","n/a","0.00","0.33","n/a","n/a","For metrics, refresh"
"burn rate vs churn rate","=HYPERLINK(""https://smrs.toolsfrog.com/analytics/keywordoverview/?q=burn%20rate%20vs%20churn%20rate&db=us"",""burn rate vs churn rate​"")","n/a","n/a","0","20","","n/a","n/a","n/a","0.00","0.33","n/a","n/a","For metrics, refresh"
"cable one customer churn rate and retention 2025","=HYPERLINK(""https://smrs.toolsfrog.com/analytics/keywordoverview/?q=cable%20one%20customer%20churn%20rate%20and%20retention%202025&db=us"",""cable one customer churn rate and retention 2025​"")","n/a","n/a","0","20","","n/a","n/a","n/a","0.00","0.00","n/a","n/a","For metrics, refresh"
"calculate annual churn rate","=HYPERLINK(""https://smrs.toolsfrog.com/analytics/keywordoverview/?q=calculate%20annual%20churn%20rate&db=us"",""calculate annual churn rate​"")","n/a","n/a","0","20","","n/a","n/a","n/a","0.00","0.07","n/a","n/a","For metrics, refresh"
"calculate churn rate excel","=HYPERLINK(""https://smrs.toolsfrog.com/analytics/keywordoverview/?q=calculate%20churn%20rate%20excel&db=us"",""calculate churn rate excel​"")","n/a","n/a","0","20","","n/a","n/a","n/a","0.00","0.33","n/a","n/a","For metrics, refresh"
"calculate churn rate in excel","=HYPERLINK(""https://smrs.toolsfrog.com/analytics/keywordoverview/?q=calculate%20churn%20rate%20in%20excel&db=us"",""calculate churn rate in excel​"")","n/a","n/a","0","20","","n/a","n/a","n/a","0.00","0.33","n/a","n/a","For metrics, refresh"
"calculate customer lifetime from churn rate","=HYPERLINK(""https://smrs.toolsfrog.com/analytics/keywordoverview/?q=calculate%20customer%20lifetime%20from%20churn%20rate&db=us"",""calculate customer lifetime from churn rate​"")","n/a","n/a","0","20","","n/a","n/a","n/a","0.00","0.61","n/a","n/a","For metrics, refresh"
"calculate employee churn rate","=HYPERLINK(""https://smrs.toolsfrog.com/analytics/keywordoverview/?q=calculate%20employee%20churn%20rate&db=us"",""calculate employee churn rate​"")","n/a","n/a","0","20","","n/a","n/a","n/a","0.00","0.66","n/a","n/a","For metrics, refresh"
"calculate monthly churn rate","=HYPERLINK(""https://smrs.toolsfrog.com/analytics/keywordoverview/?q=calculate%20monthly%20churn%20rate&db=us"",""calculate monthly churn rate​"")","n/a","n/a","0","20","","n/a","n/a","n/a","0.00","0.07","n/a","n/a","For metrics, refresh"
"calculate subscriber churn rate","=HYPERLINK(""https://smrs.toolsfrog.com/analytics/keywordoverview/?q=calculate%20subscriber%20churn%20rate&db=us"",""calculate subscriber churn rate​"")","n/a","n/a","0","20","","n/a","n/a","n/a","0.00","0.33","n/a","n/a","For metrics, refresh"
"can churn rate be negative","=HYPERLINK(""https://smrs.toolsfrog.com/analytics/keywordoverview/?q=can%20churn%20rate%20be%20negative&db=us"",""can churn rate be negative​"")","n/a","n/a","0","20","","n/a","n/a","n/a","0.00","0.33","n/a","n/a","For metrics, refresh"
"canva churn rate","=HYPERLINK(""https://smrs.toolsfrog.com/analytics/keywordoverview/?q=canva%20churn%20rate&db=us"",""canva churn rate​"")","n/a","n/a","0","20","","n/a","n/a","n/a","0.00","0.33","n/a","n/a","For metrics, refresh"
"car wash membership churn rate average","=HYPERLINK(""https://smrs.toolsfrog.com/analytics/keywordoverview/?q=car%20wash%20membership%20churn%20rate%20average&db=us"",""car wash membership churn rate average​"")","n/a","n/a","0","20","","n/a","n/a","n/a","0.00","0.00","n/a","n/a","For metrics, refresh"
"churn out rate","=HYPERLINK(""https://smrs.toolsfrog.com/analytics/keywordoverview/?q=churn%20out%20rate&db=us"",""churn out rate​"")","n/a","n/a","0","20","","n/a","n/a","n/a","0.00","0.03","n/a","n/a","For metrics, refresh"
"churn out rate meaning","=HYPERLINK(""https://smrs.toolsfrog.com/analytics/keywordoverview/?q=churn%20out%20rate%20meaning&db=us"",""churn out rate meaning​"")","n/a","n/a","0","20","","n/a","n/a","n/a","0.00","0.33","n/a","n/a","For metrics, refresh"
"churn rate 1 retention rate","=HYPERLINK(""https://smrs.toolsfrog.com/analytics/keywordoverview/?q=churn%20rate%201%20retention%20rate&db=us"",""churn rate 1 retention rate​"")","n/a","n/a","0","20","","n/a","n/a","n/a","0.00","0.33","n/a","n/a","For metrics, refresh"
"churn rate adalah","=HYPERLINK(""https://smrs.toolsfrog.com/analytics/keywordoverview/?q=churn%20rate%20adalah&db=us"",""churn rate adalah​"")","n/a","n/a","0","20","","n/a","n/a","n/a","0.00","0.00","n/a","n/a","For metrics, refresh"
"churn rate and customer lifetime value","=HYPERLINK(""https://smrs.toolsfrog.com/analytics/keywordoverview/?q=churn%20rate%20and%20customer%20lifetime%20value&db=us"",""churn rate and customer lifetime value​"")","n/a","n/a","0","20","","n/a","n/a","n/a","0.00","0.02","n/a","n/a","For metrics, refresh"
"churn rate app","=HYPERLINK(""https://smrs.toolsfrog.com/analytics/keywordoverview/?q=churn%20rate%20app&db=us"",""churn rate app​"")","n/a","n/a","0","20","","n/a","n/a","n/a","0.00","0.86","n/a","n/a","For metrics, refresh"
"churn rate average","=HYPERLINK(""https://smrs.toolsfrog.com/analytics/keywordoverview/?q=churn%20rate%20average&db=us"",""churn rate average​"")","n/a","n/a","0","20","","n/a","n/a","n/a","0.00","0.33","n/a","n/a","For metrics, refresh"
"churn rate benchmark","=HYPERLINK(""https://smrs.toolsfrog.com/analytics/keywordoverview/?q=churn%20rate%20benchmark&db=us"",""churn rate benchmark​"")","n/a","n/a","0","20","","n/a","n/a","n/a","0.00","0.14","n/a","n/a","For metrics, refresh"
"churn rate calculation example","=HYPERLINK(""https://smrs.toolsfrog.com/analytics/keywordoverview/?q=churn%20rate%20calculation%20example&db=us"",""churn rate calculation example​"")","n/a","n/a","0","20","","n/a","n/a","n/a","0.00","0.33","n/a","n/a","For metrics, refresh"
"churn rate calculation excel","=HYPERLINK(""https://smrs.toolsfrog.com/analytics/keywordoverview/?q=churn%20rate%20calculation%20excel&db=us"",""churn rate calculation excel​"")","n/a","n/a","0","20","","n/a","n/a","n/a","0.00","0.33","n/a","n/a","For metrics, refresh"
"churn rate calculation excel template","=HYPERLINK(""https://smrs.toolsfrog.com/analytics/keywordoverview/?q=churn%20rate%20calculation%20excel%20template&db=us"",""churn rate calculation excel template​"")","n/a","n/a","0","20","","n/a","n/a","n/a","0.00","0.14","n/a","n/a","For metrics, refresh"
"churn rate calculation saas","=HYPERLINK(""https://smrs.toolsfrog.com/analytics/keywordoverview/?q=churn%20rate%20calculation%20saas&db=us"",""churn rate calculation saas​"")","n/a","n/a","0","20","","n/a","n/a","n/a","0.00","0.33","n/a","n/a","For metrics, refresh"
"churn rate chart","=HYPERLINK(""https://smrs.toolsfrog.com/analytics/keywordoverview/?q=churn%20rate%20chart&db=us"",""churn rate chart​"")","n/a","n/a","0","20","","n/a","n/a","n/a","0.00","0.06","n/a","n/a","For metrics, refresh"
"churn rate customer","=HYPERLINK(""https://smrs.toolsfrog.com/analytics/keywordoverview/?q=churn%20rate%20customer&db=us"",""churn rate customer​"")","n/a","n/a","0","20","","n/a","n/a","n/a","0.00","0.11","n/a","n/a","For metrics, refresh"
"churn rate dashboard","=HYPERLINK(""https://smrs.toolsfrog.com/analytics/keywordoverview/?q=churn%20rate%20dashboard&db=us"",""churn rate dashboard​"")","n/a","n/a","0","20","","n/a","n/a","n/a","0.00","0.33","n/a","n/a","For metrics, refresh"
"churn rate dataset","=HYPERLINK(""https://smrs.toolsfrog.com/analytics/keywordoverview/?q=churn%20rate%20dataset&db=us"",""churn rate dataset​"")","n/a","n/a","0","20","","n/a","n/a","n/a","0.00","0.14","n/a","n/a","For metrics, refresh"
"churn rate deutsch","=HYPERLINK(""https://smrs.toolsfrog.com/analytics/keywordoverview/?q=churn%20rate%20deutsch&db=us"",""churn rate deutsch​"")","n/a","n/a","0","20","","n/a","n/a","n/a","0.00","0.33","n/a","n/a","For metrics, refresh"
"churn rate digital marketing","=HYPERLINK(""https://smrs.toolsfrog.com/analytics/keywordoverview/?q=churn%20rate%20digital%20marketing&db=us"",""churn rate digital marketing​"")","n/a","n/a","0","20","","n/a","n/a","n/a","0.00","0.33","n/a","n/a","For metrics, refresh"
"churn rate ecommerce","=HYPERLINK(""https://smrs.toolsfrog.com/analytics/keywordoverview/?q=churn%20rate%20ecommerce&db=us"",""churn rate ecommerce​"")","n/a","n/a","0","20","","n/a","n/a","n/a","0.00","0.21","n/a","n/a","For metrics, refresh"
"churn rate email marketing","=HYPERLINK(""https://smrs.toolsfrog.com/analytics/keywordoverview/?q=churn%20rate%20email%20marketing&db=us"",""churn rate email marketing​"")","n/a","n/a","0","20","","n/a","n/a","n/a","0.00","0.33","n/a","n/a","For metrics, refresh"
"churn rate employees","=HYPERLINK(""https://smrs.toolsfrog.com/analytics/keywordoverview/?q=churn%20rate%20employees&db=us"",""churn rate employees​"")","n/a","n/a","0","20","","n/a","n/a","n/a","0.00","0.05","n/a","n/a","For metrics, refresh"
"churn rate equation","=HYPERLINK(""https://smrs.toolsfrog.com/analytics/keywordoverview/?q=churn%20rate%20equation&db=us"",""churn rate equation​"")","n/a","n/a","0","20","","n/a","n/a","n/a","0.00","0.13","n/a","n/a","For metrics, refresh"
"churn rate example","=HYPERLINK(""https://smrs.toolsfrog.com/analytics/keywordoverview/?q=churn%20rate%20example&db=us"",""churn rate example​"")","n/a","n/a","0","20","","n/a","n/a","n/a","1.26","0.09","n/a","n/a","For metrics, refresh"
"churn rate excel","=HYPERLINK(""https://smrs.toolsfrog.com/analytics/keywordoverview/?q=churn%20rate%20excel&db=us"",""churn rate excel​"")","n/a","n/a","0","20","","n/a","n/a","n/a","0.00","0.33","n/a","n/a","For metrics, refresh"
"churn rate explained","=HYPERLINK(""https://smrs.toolsfrog.com/analytics/keywordoverview/?q=churn%20rate%20explained&db=us"",""churn rate explained​"")","n/a","n/a","0","20","","n/a","n/a","n/a","0.00","0.00","n/a","n/a","For metrics, refresh"
"churn rate formula excel","=HYPERLINK(""https://smrs.toolsfrog.com/analytics/keywordoverview/?q=churn%20rate%20formula%20excel&db=us"",""churn rate formula excel​"")","n/a","n/a","0","20","","n/a","n/a","n/a","0.00","0.33","n/a","n/a","For metrics, refresh"
"churn rate google analytics","=HYPERLINK(""https://smrs.toolsfrog.com/analytics/keywordoverview/?q=churn%20rate%20google%20analytics&db=us"",""churn rate google analytics​"")","n/a","n/a","0","20","","n/a","n/a","n/a","0.00","0.00","n/a","n/a","For metrics, refresh"
"churn rate graph","=HYPERLINK(""https://smrs.toolsfrog.com/analytics/keywordoverview/?q=churn%20rate%20graph&db=us"",""churn rate graph​"")","n/a","n/a","0","20","","n/a","n/a","n/a","0.00","0.33","n/a","n/a","For metrics, refresh"
"churn rate how to calculate","=HYPERLINK(""https://smrs.toolsfrog.com/analytics/keywordoverview/?q=churn%20rate%20how%20to%20calculate&db=us"",""churn rate how to calculate​"")","n/a","n/a","0","20","","n/a","n/a","n/a","0.00","0.00","n/a","n/a","For metrics, refresh"
"churn rate hr","=HYPERLINK(""https://smrs.toolsfrog.com/analytics/keywordoverview/?q=churn%20rate%20hr&db=us"",""churn rate hr​"")","n/a","n/a","0","20","","n/a","n/a","n/a","0.00","0.33","n/a","n/a","For metrics, refresh"
"churn rate icon","=HYPERLINK(""https://smrs.toolsfrog.com/analytics/keywordoverview/?q=churn%20rate%20icon&db=us"",""churn rate icon​"")","n/a","n/a","0","20","","n/a","n/a","n/a","0.00","0.33","n/a","n/a","For metrics, refresh"
"churn rate in agile","=HYPERLINK(""https://smrs.toolsfrog.com/analytics/keywordoverview/?q=churn%20rate%20in%20agile&db=us"",""churn rate in agile​"")","n/a","n/a","0","20","","n/a","n/a","n/a","0.00","0.05","n/a","n/a","For metrics, refresh"
"churn rate in business","=HYPERLINK(""https://smrs.toolsfrog.com/analytics/keywordoverview/?q=churn%20rate%20in%20business&db=us"",""churn rate in business​"")","n/a","n/a","0","20","","n/a","n/a","n/a","0.00","0.18","n/a","n/a","For metrics, refresh"
"churn rate in marketing","=HYPERLINK(""https://smrs.toolsfrog.com/analytics/keywordoverview/?q=churn%20rate%20in%20marketing&db=us"",""churn rate in marketing​"")","n/a","n/a","0","20","","n/a","n/a","n/a","0.00","0.02","n/a","n/a","For metrics, refresh"
"churn rate in saas","=HYPERLINK(""https://smrs.toolsfrog.com/analytics/keywordoverview/?q=churn%20rate%20in%20saas&db=us"",""churn rate in saas​"")","n/a","n/a","0","20","","n/a","n/a","n/a","0.00","0.29","n/a","n/a","For metrics, refresh"
"churn rate in sales","=HYPERLINK(""https://smrs.toolsfrog.com/analytics/keywordoverview/?q=churn%20rate%20in%20sales&db=us"",""churn rate in sales​"")","n/a","n/a","0","20","","n/a","n/a","n/a","0.00","0.11","n/a","n/a","For metrics, refresh"
"churn rate insurance","=HYPERLINK(""https://smrs.toolsfrog.com/analytics/keywordoverview/?q=churn%20rate%20insurance&db=us"",""churn rate insurance​"")","n/a","n/a","0","20","","n/a","n/a","n/a","0.00","0.00","n/a","n/a","For metrics, refresh"
"churn rate is","=HYPERLINK(""https://smrs.toolsfrog.com/analytics/keywordoverview/?q=churn%20rate%20is&db=us"",""churn rate is​"")","n/a","n/a","0","20","","n/a","n/a","n/a","0.00","0.05","n/a","n/a","For metrics, refresh"
"churn rate kpi","=HYPERLINK(""https://smrs.toolsfrog.com/analytics/keywordoverview/?q=churn%20rate%20kpi&db=us"",""churn rate kpi​"")","n/a","n/a","0","20","","n/a","n/a","n/a","0.00","0.06","n/a","n/a","For metrics, refresh"
"churn rate ltv","=HYPERLINK(""https://smrs.toolsfrog.com/analytics/keywordoverview/?q=churn%20rate%20ltv&db=us"",""churn rate ltv​"")","n/a","n/a","0","20","","n/a","n/a","n/a","0.00","0.33","n/a","n/a","For metrics, refresh"
"churn rate là gì","=HYPERLINK(""https://smrs.toolsfrog.com/analytics/keywordoverview/?q=churn%20rate%20l%C3%A0%20g%C3%AC&db=us"",""churn rate là gì​"")","n/a","n/a","0","20","","n/a","n/a","n/a","0.00","0.33","n/a","n/a","For metrics, refresh"
"churn rate meaning in business","=HYPERLINK(""https://smrs.toolsfrog.com/analytics/keywordoverview/?q=churn%20rate%20meaning%20in%20business&db=us"",""churn rate meaning in business​"")","n/a","n/a","0","20","","n/a","n/a","n/a","0.00","0.02","n/a","n/a","For metrics, refresh"
"churn rate meaning in marketing","=HYPERLINK(""https://smrs.toolsfrog.com/analytics/keywordoverview/?q=churn%20rate%20meaning%20in%20marketing&db=us"",""churn rate meaning in marketing​"")","n/a","n/a","0","20","","n/a","n/a","n/a","0.00","0.33","n/a","n/a","For metrics, refresh"
"churn rate metrics","=HYPERLINK(""https://smrs.toolsfrog.com/analytics/keywordoverview/?q=churn%20rate%20metrics&db=us"",""churn rate metrics​"")","n/a","n/a","0","20","","n/a","n/a","n/a","0.00","0.66","n/a","n/a","For metrics, refresh"
"churn rate model","=HYPERLINK(""https://smrs.toolsfrog.com/analytics/keywordoverview/?q=churn%20rate%20model&db=us"",""churn rate model​"")","n/a","n/a","0","20","","n/a","n/a","n/a","0.00","0.33","n/a","n/a","For metrics, refresh"
"churn rate of customers","=HYPERLINK(""https://smrs.toolsfrog.com/analytics/keywordoverview/?q=churn%20rate%20of%20customers&db=us"",""churn rate of customers​"")","n/a","n/a","0","20","","n/a","n/a","n/a","0.00","0.33","n/a","n/a","For metrics, refresh"
"churn rate opposite","=HYPERLINK(""https://smrs.toolsfrog.com/analytics/keywordoverview/?q=churn%20rate%20opposite&db=us"",""churn rate opposite​"")","n/a","n/a","0","20","","n/a","n/a","n/a","0.00","0.14","n/a","n/a","For metrics, refresh"
"churn rate percentage","=HYPERLINK(""https://smrs.toolsfrog.com/analytics/keywordoverview/?q=churn%20rate%20percentage&db=us"",""churn rate percentage​"")","n/a","n/a","0","20","","n/a","n/a","n/a","0.00","0.14","n/a","n/a","For metrics, refresh"
"churn rate product management","=HYPERLINK(""https://smrs.toolsfrog.com/analytics/keywordoverview/?q=churn%20rate%20product%20management&db=us"",""churn rate product management​"")","n/a","n/a","0","20","","n/a","n/a","n/a","0.00","0.21","n/a","n/a","For metrics, refresh"
"churn rate pronunciation","=HYPERLINK(""https://smrs.toolsfrog.com/analytics/keywordoverview/?q=churn%20rate%20pronunciation&db=us"",""churn rate pronunciation​"")","n/a","n/a","0","20","","n/a","n/a","n/a","0.00","0.33","n/a","n/a","For metrics, refresh"
"churn rate que es","=HYPERLINK(""https://smrs.toolsfrog.com/analytics/keywordoverview/?q=churn%20rate%20que%20es&db=us"",""churn rate que es​"")","n/a","n/a","0","20","","n/a","n/a","n/a","0.00","0.33","n/a","n/a","For metrics, refresh"
"churn rate real estate","=HYPERLINK(""https://smrs.toolsfrog.com/analytics/keywordoverview/?q=churn%20rate%20real%20estate&db=us"",""churn rate real estate​"")","n/a","n/a","0","20","","n/a","n/a","n/a","0.00","0.00","n/a","n/a","For metrics, refresh"
"churn rate saas formula","=HYPERLINK(""https://smrs.toolsfrog.com/analytics/keywordoverview/?q=churn%20rate%20saas%20formula&db=us"",""churn rate saas formula​"")","n/a","n/a","0","20","","n/a","n/a","n/a","0.00","0.33","n/a","n/a","For metrics, refresh"
"churn rate salesforce","=HYPERLINK(""https://smrs.toolsfrog.com/analytics/keywordoverview/?q=churn%20rate%20salesforce&db=us"",""churn rate salesforce​"")","n/a","n/a","0","20","","n/a","n/a","n/a","0.00","0.04","n/a","n/a","For metrics, refresh"
"churn rate significado","=HYPERLINK(""https://smrs.toolsfrog.com/analytics/keywordoverview/?q=churn%20rate%20significado&db=us"",""churn rate significado​"")","n/a","n/a","0","20","","n/a","n/a","n/a","0.00","0.33","n/a","n/a","For metrics, refresh"
"churn rate significato","=HYPERLINK(""https://smrs.toolsfrog.com/analytics/keywordoverview/?q=churn%20rate%20significato&db=us"",""churn rate significato​"")","n/a","n/a","0","20","","n/a","n/a","n/a","0.00","0.57","n/a","n/a","For metrics, refresh"
"churn rate spotify","=HYPERLINK(""https://smrs.toolsfrog.com/analytics/keywordoverview/?q=churn%20rate%20spotify&db=us"",""churn rate spotify​"")","n/a","n/a","0","20","","n/a","n/a","n/a","0.00","0.33","n/a","n/a","For metrics, refresh"
"churn rate sql","=HYPERLINK(""https://smrs.toolsfrog.com/analytics/keywordoverview/?q=churn%20rate%20sql&db=us"",""churn rate sql​"")","n/a","n/a","0","20","","n/a","n/a","n/a","0.00","0.00","n/a","n/a","For metrics, refresh"
"churn rate startup","=HYPERLINK(""https://smrs.toolsfrog.com/analytics/keywordoverview/?q=churn%20rate%20startup&db=us"",""churn rate startup​"")","n/a","n/a","0","20","","n/a","n/a","n/a","0.00","0.05","n/a","n/a","For metrics, refresh"
"churn rate statistics","=HYPERLINK(""https://smrs.toolsfrog.com/analytics/keywordoverview/?q=churn%20rate%20statistics&db=us"",""churn rate statistics​"")","n/a","n/a","0","20","","n/a","n/a","n/a","0.00","0.13","n/a","n/a","For metrics, refresh"
"churn rate streaming services","=HYPERLINK(""https://smrs.toolsfrog.com/analytics/keywordoverview/?q=churn%20rate%20streaming%20services&db=us"",""churn rate streaming services​"")","n/a","n/a","0","20","","n/a","n/a","n/a","0.00","0.33","n/a","n/a","For metrics, refresh"
"churn rate subscription business","=HYPERLINK(""https://smrs.toolsfrog.com/analytics/keywordoverview/?q=churn%20rate%20subscription%20business&db=us"",""churn rate subscription business​"")","n/a","n/a","0","20","","n/a","n/a","n/a","0.00","0.29","n/a","n/a","For metrics, refresh"
"churn rate synonym","=HYPERLINK(""https://smrs.toolsfrog.com/analytics/keywordoverview/?q=churn%20rate%20synonym&db=us"",""churn rate synonym​"")","n/a","n/a","0","20","","n/a","n/a","n/a","0.00","0.33","n/a","n/a","For metrics, refresh"
"churn rate telecom","=HYPERLINK(""https://smrs.toolsfrog.com/analytics/keywordoverview/?q=churn%20rate%20telecom&db=us"",""churn rate telecom​"")","n/a","n/a","0","20","","n/a","n/a","n/a","0.00","0.33","n/a","n/a","For metrics, refresh"
"churn rate telecom industry","=HYPERLINK(""https://smrs.toolsfrog.com/analytics/keywordoverview/?q=churn%20rate%20telecom%20industry&db=us"",""churn rate telecom industry​"")","n/a","n/a","0","20","","n/a","n/a","n/a","0.00","0.04","n/a","n/a","For metrics, refresh"
"churn rate to average life","=HYPERLINK(""https://smrs.toolsfrog.com/analytics/keywordoverview/?q=churn%20rate%20to%20average%20life&db=us"",""churn rate to average life​"")","n/a","n/a","0","20","","n/a","n/a","n/a","0.00","0.00","n/a","n/a","For metrics, refresh"
"churn rate visualization","=HYPERLINK(""https://smrs.toolsfrog.com/analytics/keywordoverview/?q=churn%20rate%20visualization&db=us"",""churn rate visualization​"")","n/a","n/a","0","20","","n/a","n/a","n/a","0.00","0.14","n/a","n/a","For metrics, refresh"
"churn rate vs attrition rate","=HYPERLINK(""https://smrs.toolsfrog.com/analytics/keywordoverview/?q=churn%20rate%20vs%20attrition%20rate&db=us"",""churn rate vs attrition rate​"")","n/a","n/a","0","20","","n/a","n/a","n/a","0.00","0.33","n/a","n/a","For metrics, refresh"
"churn rate vs bounce rate","=HYPERLINK(""https://smrs.toolsfrog.com/analytics/keywordoverview/?q=churn%20rate%20vs%20bounce%20rate&db=us"",""churn rate vs bounce rate​"")","n/a","n/a","0","20","","n/a","n/a","n/a","0.00","0.33","n/a","n/a","For metrics, refresh"
"churn rate vs retention rate formula","=HYPERLINK(""https://smrs.toolsfrog.com/analytics/keywordoverview/?q=churn%20rate%20vs%20retention%20rate%20formula&db=us"",""churn rate vs retention rate formula​"")","n/a","n/a","0","20","","n/a","n/a","n/a","0.00","0.00","n/a","n/a","For metrics, refresh"
"churn rate vs turnover rate","=HYPERLINK(""https://smrs.toolsfrog.com/analytics/keywordoverview/?q=churn%20rate%20vs%20turnover%20rate&db=us"",""churn rate vs turnover rate​"")","n/a","n/a","0","20","","n/a","n/a","n/a","0.00","0.33","n/a","n/a","For metrics, refresh"
"churn rate перевод","=HYPERLINK(""https://smrs.toolsfrog.com/analytics/keywordoverview/?q=churn%20rate%20%D0%BF%D0%B5%D1%80%D0%B5%D0%B2%D0%BE%D0%B4&db=us"",""churn rate перевод​"")","n/a","n/a","0","20","","n/a","n/a","n/a","0.00","0.00","n/a","n/a","For metrics, refresh"
"churn rate это","=HYPERLINK(""https://smrs.toolsfrog.com/analytics/keywordoverview/?q=churn%20rate%20%D1%8D%D1%82%D0%BE&db=us"",""churn rate это​"")","n/a","n/a","0","20","","n/a","n/a","n/a","0.00","0.33","n/a","n/a","For metrics, refresh"
"churn rate とは","=HYPERLINK(""https://smrs.toolsfrog.com/analytics/keywordoverview/?q=churn%20rate%20%E3%81%A8%E3%81%AF&db=us"",""churn rate とは​"")","n/a","n/a","0","20","","n/a","n/a","n/a","0.00","0.33","n/a","n/a","For metrics, refresh"
"churn rate 中文","=HYPERLINK(""https://smrs.toolsfrog.com/analytics/keywordoverview/?q=churn%20rate%20%E4%B8%AD%E6%96%87&db=us"",""churn rate 中文​"")","n/a","n/a","0","20","","n/a","n/a","n/a","0.00","0.33","n/a","n/a","For metrics, refresh"
"churn rate 意味","=HYPERLINK(""https://smrs.toolsfrog.com/analytics/keywordoverview/?q=churn%20rate%20%E6%84%8F%E5%91%B3&db=us"",""churn rate 意味​"")","n/a","n/a","0","20","","n/a","n/a","n/a","0.00","0.33","n/a","n/a","For metrics, refresh"
"churn rate 意思","=HYPERLINK(""https://smrs.toolsfrog.com/analytics/keywordoverview/?q=churn%20rate%20%E6%84%8F%E6%80%9D&db=us"",""churn rate 意思​"")","n/a","n/a","0","20","","n/a","n/a","n/a","0.00","0.33","n/a","n/a","For metrics, refresh"
"churn rate 뜻","=HYPERLINK(""https://smrs.toolsfrog.com/analytics/keywordoverview/?q=churn%20rate%20%EB%9C%BB&db=us"",""churn rate 뜻​"")","n/a","n/a","0","20","","n/a","n/a","n/a","0.00","0.33","n/a","n/a","For metrics, refresh"
"churn retention rate","=HYPERLINK(""https://smrs.toolsfrog.com/analytics/keywordoverview/?q=churn%20retention%20rate&db=us"",""churn retention rate​"")","n/a","n/a","0","20","","n/a","n/a","n/a","0.00","0.10","n/a","n/a","For metrics, refresh"
"churn vs renewal rate","=HYPERLINK(""https://smrs.toolsfrog.com/analytics/keywordoverview/?q=churn%20vs%20renewal%20rate&db=us"",""churn vs renewal rate​"")","n/a","n/a","0","20","","n/a","n/a","n/a","0.00","0.00","n/a","n/a","For metrics, refresh"
"churn vs retention rate","=HYPERLINK(""https://smrs.toolsfrog.com/analytics/keywordoverview/?q=churn%20vs%20retention%20rate&db=us"",""churn vs retention rate​"")","n/a","n/a","0","20","","n/a","n/a","n/a","0.00","0.14","n/a","n/a","For metrics, refresh"
"clv churn rate","=HYPERLINK(""https://smrs.toolsfrog.com/analytics/keywordoverview/?q=clv%20churn%20rate&db=us"",""clv churn rate​"")","n/a","n/a","0","20","","n/a","n/a","n/a","0.00","0.10","n/a","n/a","For metrics, refresh"
"code churn rate","=HYPERLINK(""https://smrs.toolsfrog.com/analytics/keywordoverview/?q=code%20churn%20rate&db=us"",""code churn rate​"")","n/a","n/a","0","20","","n/a","n/a","n/a","0.00","0.33","n/a","n/a","For metrics, refresh"
"comcast churn rate","=HYPERLINK(""https://smrs.toolsfrog.com/analytics/keywordoverview/?q=comcast%20churn%20rate&db=us"",""comcast churn rate​"")","n/a","n/a","0","20","","n/a","n/a","n/a","0.00","0.33","n/a","n/a","For metrics, refresh"
"company churn rate","=HYPERLINK(""https://smrs.toolsfrog.com/analytics/keywordoverview/?q=company%20churn%20rate&db=us"",""company churn rate​"")","n/a","n/a","0","20","","n/a","n/a","n/a","0.00","0.33","n/a","n/a","For metrics, refresh"
"convert annual churn rate to monthly","=HYPERLINK(""https://smrs.toolsfrog.com/analytics/keywordoverview/?q=convert%20annual%20churn%20rate%20to%20monthly&db=us"",""convert annual churn rate to monthly​"")","n/a","n/a","0","20","","n/a","n/a","n/a","0.00","0.33","n/a","n/a","For metrics, refresh"
"convert monthly churn rate to annual","=HYPERLINK(""https://smrs.toolsfrog.com/analytics/keywordoverview/?q=convert%20monthly%20churn%20rate%20to%20annual&db=us"",""convert monthly churn rate to annual​"")","n/a","n/a","0","20","","n/a","n/a","n/a","0.00","0.33","n/a","n/a","For metrics, refresh"
"coty customer churn rate and retention 2025","=HYPERLINK(""https://smrs.toolsfrog.com/analytics/keywordoverview/?q=coty%20customer%20churn%20rate%20and%20retention%202025&db=us"",""coty customer churn rate and retention 2025​"")","n/a","n/a","0","20","","n/a","n/a","n/a","0.00","0.00","n/a","n/a","For metrics, refresh"
"customer churn rate analysis","=HYPERLINK(""https://smrs.toolsfrog.com/analytics/keywordoverview/?q=customer%20churn%20rate%20analysis&db=us"",""customer churn rate analysis​"")","n/a","n/a","0","20","","n/a","n/a","n/a","0.00","0.33","n/a","n/a","For metrics, refresh"
"customer churn rate definition","=HYPERLINK(""https://smrs.toolsfrog.com/analytics/keywordoverview/?q=customer%20churn%20rate%20definition&db=us"",""customer churn rate definition​"")","n/a","n/a","0","20","","n/a","n/a","n/a","0.00","0.33","n/a","n/a","For metrics, refresh"
"customer churn rate prediction","=HYPERLINK(""https://smrs.toolsfrog.com/analytics/keywordoverview/?q=customer%20churn%20rate%20prediction&db=us"",""customer churn rate prediction​"")","n/a","n/a","0","20","","n/a","n/a","n/a","0.00","1.00","n/a","n/a","For metrics, refresh"
"customer churn rates","=HYPERLINK(""https://smrs.toolsfrog.com/analytics/keywordoverview/?q=customer%20churn%20rates&db=us"",""customer churn rates​"")","n/a","n/a","0","20","","n/a","n/a","n/a","1.86","0.03","n/a","n/a","For metrics, refresh"
"customer lifetime churn rate","=HYPERLINK(""https://smrs.toolsfrog.com/analytics/keywordoverview/?q=customer%20lifetime%20churn%20rate&db=us"",""customer lifetime churn rate​"")","n/a","n/a","0","20","","n/a","n/a","n/a","0.00","0.10","n/a","n/a","For metrics, refresh"
"customer lifetime value churn rate","=HYPERLINK(""https://smrs.toolsfrog.com/analytics/keywordoverview/?q=customer%20lifetime%20value%20churn%20rate&db=us"",""customer lifetime value churn rate​"")","n/a","n/a","0","20","","n/a","n/a","n/a","0.00","0.06","n/a","n/a","For metrics, refresh"
"data churn rate","=HYPERLINK(""https://smrs.toolsfrog.com/analytics/keywordoverview/?q=data%20churn%20rate&db=us"",""data churn rate​"")","n/a","n/a","0","20","","n/a","n/a","n/a","0.00","0.33","n/a","n/a","For metrics, refresh"
"decrease churn rate","=HYPERLINK(""https://smrs.toolsfrog.com/analytics/keywordoverview/?q=decrease%20churn%20rate&db=us"",""decrease churn rate​"")","n/a","n/a","0","20","","n/a","n/a","n/a","0.00","0.43","n/a","n/a","For metrics, refresh"
"define customer churn rate","=HYPERLINK(""https://smrs.toolsfrog.com/analytics/keywordoverview/?q=define%20customer%20churn%20rate&db=us"",""define customer churn rate​"")","n/a","n/a","0","20","","n/a","n/a","n/a","0.00","0.33","n/a","n/a","For metrics, refresh"
"difference between churn rate and retention rate","=HYPERLINK(""https://smrs.toolsfrog.com/analytics/keywordoverview/?q=difference%20between%20churn%20rate%20and%20retention%20rate&db=us"",""difference between churn rate and retention rate​"")","n/a","n/a","0","20","","n/a","n/a","n/a","0.00","0.29","n/a","n/a","For metrics, refresh"
"dine brands global customer churn rate and retention 2025","=HYPERLINK(""https://smrs.toolsfrog.com/analytics/keywordoverview/?q=dine%20brands%20global%20customer%20churn%20rate%20and%20retention%202025&db=us"",""dine brands global customer churn rate and retention 2025​"")","n/a","n/a","0","20","","n/a","n/a","n/a","0.00","0.00","n/a","n/a","For metrics, refresh"
"disney plus churn rate","=HYPERLINK(""https://smrs.toolsfrog.com/analytics/keywordoverview/?q=disney%20plus%20churn%20rate&db=us"",""disney plus churn rate​"")","n/a","n/a","0","20","","n/a","n/a","n/a","0.00","0.33","n/a","n/a","For metrics, refresh"
"disney+ churn rate","=HYPERLINK(""https://smrs.toolsfrog.com/analytics/keywordoverview/?q=disney%2B%20churn%20rate&db=us"",""disney+ churn rate​"")","n/a","n/a","0","20","","n/a","n/a","n/a","0.00","0.33","n/a","n/a","For metrics, refresh"
"dollar churn rate","=HYPERLINK(""https://smrs.toolsfrog.com/analytics/keywordoverview/?q=dollar%20churn%20rate&db=us"",""dollar churn rate​"")","n/a","n/a","0","20","","n/a","n/a","n/a","0.00","0.33","n/a","n/a","For metrics, refresh"
"donor churn rate","=HYPERLINK(""https://smrs.toolsfrog.com/analytics/keywordoverview/?q=donor%20churn%20rate&db=us"",""donor churn rate​"")","n/a","n/a","0","20","","n/a","n/a","n/a","0.00","0.04","n/a","n/a","For metrics, refresh"
"dropbox churn rate","=HYPERLINK(""https://smrs.toolsfrog.com/analytics/keywordoverview/?q=dropbox%20churn%20rate&db=us"",""dropbox churn rate​"")","n/a","n/a","0","20","","n/a","n/a","n/a","0.00","0.00","n/a","n/a","For metrics, refresh"
"duolingo churn rate","=HYPERLINK(""https://smrs.toolsfrog.com/analytics/keywordoverview/?q=duolingo%20churn%20rate&db=us"",""duolingo churn rate​"")","n/a","n/a","0","20","","n/a","n/a","n/a","0.00","0.33","n/a","n/a","For metrics, refresh"
"email churn rate","=HYPERLINK(""https://smrs.toolsfrog.com/analytics/keywordoverview/?q=email%20churn%20rate&db=us"",""email churn rate​"")","n/a","n/a","0","20","","n/a","n/a","n/a","0.00","0.11","n/a","n/a","For metrics, refresh"
"employee churn rate by industry","=HYPERLINK(""https://smrs.toolsfrog.com/analytics/keywordoverview/?q=employee%20churn%20rate%20by%20industry&db=us"",""employee churn rate by industry​"")","n/a","n/a","0","20","","n/a","n/a","n/a","0.00","0.33","n/a","n/a","For metrics, refresh"
"employee churn rate calculation","=HYPERLINK(""https://smrs.toolsfrog.com/analytics/keywordoverview/?q=employee%20churn%20rate%20calculation&db=us"",""employee churn rate calculation​"")","n/a","n/a","0","20","","n/a","n/a","n/a","0.00","0.33","n/a","n/a","For metrics, refresh"
"employee churn rate meaning","=HYPERLINK(""https://smrs.toolsfrog.com/analytics/keywordoverview/?q=employee%20churn%20rate%20meaning&db=us"",""employee churn rate meaning​"")","n/a","n/a","0","20","","n/a","n/a","n/a","0.00","0.33","n/a","n/a","For metrics, refresh"
"estadísticas churn rate por falta de seguimiento clientes servicios","=HYPERLINK(""https://smrs.toolsfrog.com/analytics/keywordoverview/?q=estad%C3%ADsticas%20churn%20rate%20por%20falta%20de%20seguimiento%20clientes%20servicios&db=us"",""estadísticas churn rate por falta de seguimiento clientes servicios​"")","n/a","n/a","0","20","","n/a","n/a","n/a","0.00","0.00","n/a","n/a","For metrics, refresh"
"facebook churn rate","=HYPERLINK(""https://smrs.toolsfrog.com/analytics/keywordoverview/?q=facebook%20churn%20rate&db=us"",""facebook churn rate​"")","n/a","n/a","0","20","","n/a","n/a","n/a","0.00","0.00","n/a","n/a","For metrics, refresh"
"formula churn rate","=HYPERLINK(""https://smrs.toolsfrog.com/analytics/keywordoverview/?q=formula%20churn%20rate&db=us"",""formula churn rate​"")","n/a","n/a","0","20","","n/a","n/a","n/a","0.00","0.33","n/a","n/a","For metrics, refresh"
"good churn rate","=HYPERLINK(""https://smrs.toolsfrog.com/analytics/keywordoverview/?q=good%20churn%20rate&db=us"",""good churn rate​"")","n/a","n/a","0","20","","n/a","n/a","n/a","0.00","0.04","n/a","n/a","For metrics, refresh"
"gross churn rate","=HYPERLINK(""https://smrs.toolsfrog.com/analytics/keywordoverview/?q=gross%20churn%20rate&db=us"",""gross churn rate​"")","n/a","n/a","0","20","","n/a","n/a","n/a","0.00","0.33","n/a","n/a","For metrics, refresh"
"gross mrr churn rate","=HYPERLINK(""https://smrs.toolsfrog.com/analytics/keywordoverview/?q=gross%20mrr%20churn%20rate&db=us"",""gross mrr churn rate​"")","n/a","n/a","0","20","","n/a","n/a","n/a","0.00","0.33","n/a","n/a","For metrics, refresh"
"gross revenue churn rate","=HYPERLINK(""https://smrs.toolsfrog.com/analytics/keywordoverview/?q=gross%20revenue%20churn%20rate&db=us"",""gross revenue churn rate​"")","n/a","n/a","0","20","","n/a","n/a","n/a","0.00","0.07","n/a","n/a","For metrics, refresh"
"gym churn rate","=HYPERLINK(""https://smrs.toolsfrog.com/analytics/keywordoverview/?q=gym%20churn%20rate&db=us"",""gym churn rate​"")","n/a","n/a","0","20","","n/a","n/a","n/a","0.00","0.33","n/a","n/a","For metrics, refresh"
"healthy churn rate","=HYPERLINK(""https://smrs.toolsfrog.com/analytics/keywordoverview/?q=healthy%20churn%20rate&db=us"",""healthy churn rate​"")","n/a","n/a","0","20","","n/a","n/a","n/a","0.00","0.05","n/a","n/a","For metrics, refresh"
"hellofresh churn rate","=HYPERLINK(""https://smrs.toolsfrog.com/analytics/keywordoverview/?q=hellofresh%20churn%20rate&db=us"",""hellofresh churn rate​"")","n/a","n/a","0","20","","n/a","n/a","n/a","0.00","0.33","n/a","n/a","For metrics, refresh"
"high churn rate meaning","=HYPERLINK(""https://smrs.toolsfrog.com/analytics/keywordoverview/?q=high%20churn%20rate%20meaning&db=us"",""high churn rate meaning​"")","n/a","n/a","0","20","","n/a","n/a","n/a","0.00","0.01","n/a","n/a","For metrics, refresh"
"high customer churn rate","=HYPERLINK(""https://smrs.toolsfrog.com/analytics/keywordoverview/?q=high%20customer%20churn%20rate&db=us"",""high customer churn rate​"")","n/a","n/a","0","20","","n/a","n/a","n/a","0.00","0.00","n/a","n/a","For metrics, refresh"
"how do i calculate churn rate","=HYPERLINK(""https://smrs.toolsfrog.com/analytics/keywordoverview/?q=how%20do%20i%20calculate%20churn%20rate&db=us"",""how do i calculate churn rate​"")","n/a","n/a","0","20","","n/a","n/a","n/a","1.14","0.47","n/a","n/a","For metrics, refresh"
"how do you calculate customer churn rate","=HYPERLINK(""https://smrs.toolsfrog.com/analytics/keywordoverview/?q=how%20do%20you%20calculate%20customer%20churn%20rate&db=us"",""how do you calculate customer churn rate​"")","n/a","n/a","0","20","","n/a","n/a","n/a","0.00","0.18","n/a","n/a","For metrics, refresh"
"how is churn rate calculated","=HYPERLINK(""https://smrs.toolsfrog.com/analytics/keywordoverview/?q=how%20is%20churn%20rate%20calculated&db=us"",""how is churn rate calculated​"")","n/a","n/a","0","20","","n/a","n/a","n/a","1.13","0.29","n/a","n/a","For metrics, refresh"
"how marketing affects customer churn rate","=HYPERLINK(""https://smrs.toolsfrog.com/analytics/keywordoverview/?q=how%20marketing%20affects%20customer%20churn%20rate&db=us"",""how marketing affects customer churn rate​"")","n/a","n/a","0","20","","n/a","n/a","n/a","0.00","0.00","n/a","n/a","For metrics, refresh"
"how to calculate a churn rate","=HYPERLINK(""https://smrs.toolsfrog.com/analytics/keywordoverview/?q=how%20to%20calculate%20a%20churn%20rate&db=us"",""how to calculate a churn rate​"")","n/a","n/a","0","20","","n/a","n/a","n/a","0.00","0.39","n/a","n/a","For metrics, refresh"
"how to calculate annual churn rate","=HYPERLINK(""https://smrs.toolsfrog.com/analytics/keywordoverview/?q=how%20to%20calculate%20annual%20churn%20rate&db=us"",""how to calculate annual churn rate​"")","n/a","n/a","0","20","","n/a","n/a","n/a","0.00","0.05","n/a","n/a","For metrics, refresh"
"how to calculate annual churn rate from monthly churn","=HYPERLINK(""https://smrs.toolsfrog.com/analytics/keywordoverview/?q=how%20to%20calculate%20annual%20churn%20rate%20from%20monthly%20churn&db=us"",""how to calculate annual churn rate from monthly churn​"")","n/a","n/a","0","20","","n/a","n/a","n/a","0.00","0.33","n/a","n/a","For metrics, refresh"
"how to calculate average churn rate","=HYPERLINK(""https://smrs.toolsfrog.com/analytics/keywordoverview/?q=how%20to%20calculate%20average%20churn%20rate&db=us"",""how to calculate average churn rate​"")","n/a","n/a","0","20","","n/a","n/a","n/a","0.00","0.62","n/a","n/a","For metrics, refresh"
"how to calculate average customer lifespan from churn rate","=HYPERLINK(""https://smrs.toolsfrog.com/analytics/keywordoverview/?q=how%20to%20calculate%20average%20customer%20lifespan%20from%20churn%20rate&db=us"",""how to calculate average customer lifespan from churn rate​"")","n/a","n/a","0","20","","n/a","n/a","n/a","0.00","0.14","n/a","n/a","For metrics, refresh"
"how to calculate churn rate for saas","=HYPERLINK(""https://smrs.toolsfrog.com/analytics/keywordoverview/?q=how%20to%20calculate%20churn%20rate%20for%20saas&db=us"",""how to calculate churn rate for saas​"")","n/a","n/a","0","20","","n/a","n/a","n/a","0.00","0.71","n/a","n/a","For metrics, refresh"
"how to calculate churn rate from retention rate","=HYPERLINK(""https://smrs.toolsfrog.com/analytics/keywordoverview/?q=how%20to%20calculate%20churn%20rate%20from%20retention%20rate&db=us"",""how to calculate churn rate from retention rate​"")","n/a","n/a","0","20","","n/a","n/a","n/a","0.00","0.43","n/a","n/a","For metrics, refresh"
"how to calculate churn rate in excel","=HYPERLINK(""https://smrs.toolsfrog.com/analytics/keywordoverview/?q=how%20to%20calculate%20churn%20rate%20in%20excel&db=us"",""how to calculate churn rate in excel​"")","n/a","n/a","0","20","","n/a","n/a","n/a","0.00","0.07","n/a","n/a","For metrics, refresh"
"how to calculate churn rate in power bi","=HYPERLINK(""https://smrs.toolsfrog.com/analytics/keywordoverview/?q=how%20to%20calculate%20churn%20rate%20in%20power%20bi&db=us"",""how to calculate churn rate in power bi​"")","n/a","n/a","0","20","","n/a","n/a","n/a","0.00","0.33","n/a","n/a","For metrics, refresh"
"how to calculate churn rate in sql","=HYPERLINK(""https://smrs.toolsfrog.com/analytics/keywordoverview/?q=how%20to%20calculate%20churn%20rate%20in%20sql&db=us"",""how to calculate churn rate in sql​"")","n/a","n/a","0","20","","n/a","n/a","n/a","0.00","0.00","n/a","n/a","For metrics, refresh"
"how to calculate churn rate subscription","=HYPERLINK(""https://smrs.toolsfrog.com/analytics/keywordoverview/?q=how%20to%20calculate%20churn%20rate%20subscription&db=us"",""how to calculate churn rate subscription​"")","n/a","n/a","0","20","","n/a","n/a","n/a","0.00","0.18","n/a","n/a","For metrics, refresh"
"how to calculate client churn rate","=HYPERLINK(""https://smrs.toolsfrog.com/analytics/keywordoverview/?q=how%20to%20calculate%20client%20churn%20rate&db=us"",""how to calculate client churn rate​"")","n/a","n/a","0","20","","n/a","n/a","n/a","0.00","0.31","n/a","n/a","For metrics, refresh"
"how to calculate customer lifetime from churn rate","=HYPERLINK(""https://smrs.toolsfrog.com/analytics/keywordoverview/?q=how%20to%20calculate%20customer%20lifetime%20from%20churn%20rate&db=us"",""how to calculate customer lifetime from churn rate​"")","n/a","n/a","0","20","","n/a","n/a","n/a","0.00","0.02","n/a","n/a","For metrics, refresh"
"how to calculate customer lifetime value from churn rate","=HYPERLINK(""https://smrs.toolsfrog.com/analytics/keywordoverview/?q=how%20to%20calculate%20customer%20lifetime%20value%20from%20churn%20rate&db=us"",""how to calculate customer lifetime value from churn rate​"")","n/a","n/a","0","20","","n/a","n/a","n/a","0.00","0.33","n/a","n/a","For metrics, refresh"
"how to calculate monthly churn rate","=HYPERLINK(""https://smrs.toolsfrog.com/analytics/keywordoverview/?q=how%20to%20calculate%20monthly%20churn%20rate&db=us"",""how to calculate monthly churn rate​"")","n/a","n/a","0","20","","n/a","n/a","n/a","0.00","0.28","n/a","n/a","For metrics, refresh"
"how to calculate retention rate from churn rate","=HYPERLINK(""https://smrs.toolsfrog.com/analytics/keywordoverview/?q=how%20to%20calculate%20retention%20rate%20from%20churn%20rate&db=us"",""how to calculate retention rate from churn rate​"")","n/a","n/a","0","20","","n/a","n/a","n/a","0.00","0.00","n/a","n/a","For metrics, refresh"
"how to calculate revenue churn rate","=HYPERLINK(""https://smrs.toolsfrog.com/analytics/keywordoverview/?q=how%20to%20calculate%20revenue%20churn%20rate&db=us"",""how to calculate revenue churn rate​"")","n/a","n/a","0","20","","n/a","n/a","n/a","0.00","0.17","n/a","n/a","For metrics, refresh"
"how to compute churn rate","=HYPERLINK(""https://smrs.toolsfrog.com/analytics/keywordoverview/?q=how%20to%20compute%20churn%20rate&db=us"",""how to compute churn rate​"")","n/a","n/a","0","20","","n/a","n/a","n/a","0.00","0.00","n/a","n/a","For metrics, refresh"
"how to decrease churn rate","=HYPERLINK(""https://smrs.toolsfrog.com/analytics/keywordoverview/?q=how%20to%20decrease%20churn%20rate&db=us"",""how to decrease churn rate​"")","n/a","n/a","0","20","","n/a","n/a","n/a","0.00","0.54","n/a","n/a","For metrics, refresh"
"how to define churn rate","=HYPERLINK(""https://smrs.toolsfrog.com/analytics/keywordoverview/?q=how%20to%20define%20churn%20rate&db=us"",""how to define churn rate​"")","n/a","n/a","0","20","","n/a","n/a","n/a","0.00","0.33","n/a","n/a","For metrics, refresh"
"how to determine churn rate","=HYPERLINK(""https://smrs.toolsfrog.com/analytics/keywordoverview/?q=how%20to%20determine%20churn%20rate&db=us"",""how to determine churn rate​"")","n/a","n/a","0","20","","n/a","n/a","n/a","1.26","0.41","n/a","n/a","For metrics, refresh"
"how to estimate churn rate","=HYPERLINK(""https://smrs.toolsfrog.com/analytics/keywordoverview/?q=how%20to%20estimate%20churn%20rate&db=us"",""how to estimate churn rate​"")","n/a","n/a","0","20","","n/a","n/a","n/a","0.00","0.33","n/a","n/a","For metrics, refresh"
"how to find churn rate","=HYPERLINK(""https://smrs.toolsfrog.com/analytics/keywordoverview/?q=how%20to%20find%20churn%20rate&db=us"",""how to find churn rate​"")","n/a","n/a","0","20","","n/a","n/a","n/a","1.01","0.17","n/a","n/a","For metrics, refresh"
"how to forecast churn rate","=HYPERLINK(""https://smrs.toolsfrog.com/analytics/keywordoverview/?q=how%20to%20forecast%20churn%20rate&db=us"",""how to forecast churn rate​"")","n/a","n/a","0","20","","n/a","n/a","n/a","0.00","0.00","n/a","n/a","For metrics, refresh"
"how to lower churn rate","=HYPERLINK(""https://smrs.toolsfrog.com/analytics/keywordoverview/?q=how%20to%20lower%20churn%20rate&db=us"",""how to lower churn rate​"")","n/a","n/a","0","20","","n/a","n/a","n/a","0.00","0.33","n/a","n/a","For metrics, refresh"
"how to measure churn rate","=HYPERLINK(""https://smrs.toolsfrog.com/analytics/keywordoverview/?q=how%20to%20measure%20churn%20rate&db=us"",""how to measure churn rate​"")","n/a","n/a","0","20","","n/a","n/a","n/a","2.40","0.21","n/a","n/a","For metrics, refresh"
"how to predict churn rate","=HYPERLINK(""https://smrs.toolsfrog.com/analytics/keywordoverview/?q=how%20to%20predict%20churn%20rate&db=us"",""how to predict churn rate​"")","n/a","n/a","0","20","","n/a","n/a","n/a","0.00","0.61","n/a","n/a","For metrics, refresh"
"how to reduce customer churn rate strategies 2025","=HYPERLINK(""https://smrs.toolsfrog.com/analytics/keywordoverview/?q=how%20to%20reduce%20customer%20churn%20rate%20strategies%202025&db=us"",""how to reduce customer churn rate strategies 2025​"")","n/a","n/a","0","20","","n/a","n/a","n/a","0.00","0.00","n/a","n/a","For metrics, refresh"
"how to work out churn rate","=HYPERLINK(""https://smrs.toolsfrog.com/analytics/keywordoverview/?q=how%20to%20work%20out%20churn%20rate&db=us"",""how to work out churn rate​"")","n/a","n/a","0","20","","n/a","n/a","n/a","0.00","0.66","n/a","n/a","For metrics, refresh"
"hulu churn rate","=HYPERLINK(""https://smrs.toolsfrog.com/analytics/keywordoverview/?q=hulu%20churn%20rate&db=us"",""hulu churn rate​"")","n/a","n/a","0","20","","n/a","n/a","n/a","0.00","0.33","n/a","n/a","For metrics, refresh"
"ideal churn rate","=HYPERLINK(""https://smrs.toolsfrog.com/analytics/keywordoverview/?q=ideal%20churn%20rate&db=us"",""ideal churn rate​"")","n/a","n/a","0","20","","n/a","n/a","n/a","0.00","0.24","n/a","n/a","For metrics, refresh"
"improve churn rate","=HYPERLINK(""https://smrs.toolsfrog.com/analytics/keywordoverview/?q=improve%20churn%20rate&db=us"",""improve churn rate​"")","n/a","n/a","0","20","","n/a","n/a","n/a","0.00","0.33","n/a","n/a","For metrics, refresh"
"increase churn rate","=HYPERLINK(""https://smrs.toolsfrog.com/analytics/keywordoverview/?q=increase%20churn%20rate&db=us"",""increase churn rate​"")","n/a","n/a","0","20","","n/a","n/a","n/a","0.00","0.00","n/a","n/a","For metrics, refresh"
"industry standard churn rate","=HYPERLINK(""https://smrs.toolsfrog.com/analytics/keywordoverview/?q=industry%20standard%20churn%20rate&db=us"",""industry standard churn rate​"")","n/a","n/a","0","20","","n/a","n/a","n/a","0.00","0.00","n/a","n/a","For metrics, refresh"
"insurance churn rate","=HYPERLINK(""https://smrs.toolsfrog.com/analytics/keywordoverview/?q=insurance%20churn%20rate&db=us"",""insurance churn rate​"")","n/a","n/a","0","20","","n/a","n/a","n/a","0.00","0.00","n/a","n/a","For metrics, refresh"
"inventory churn rate","=HYPERLINK(""https://smrs.toolsfrog.com/analytics/keywordoverview/?q=inventory%20churn%20rate&db=us"",""inventory churn rate​"")","n/a","n/a","0","20","","n/a","n/a","n/a","0.00","0.33","n/a","n/a","For metrics, refresh"
"involuntary churn rate","=HYPERLINK(""https://smrs.toolsfrog.com/analytics/keywordoverview/?q=involuntary%20churn%20rate&db=us"",""involuntary churn rate​"")","n/a","n/a","0","20","","n/a","n/a","n/a","0.00","0.00","n/a","n/a","For metrics, refresh"
"is a high churn rate good","=HYPERLINK(""https://smrs.toolsfrog.com/analytics/keywordoverview/?q=is%20a%20high%20churn%20rate%20good&db=us"",""is a high churn rate good​"")","n/a","n/a","0","20","","n/a","n/a","n/a","0.00","0.33","n/a","n/a","For metrics, refresh"
"is churn rate and retention rate the same","=HYPERLINK(""https://smrs.toolsfrog.com/analytics/keywordoverview/?q=is%20churn%20rate%20and%20retention%20rate%20the%20same&db=us"",""is churn rate and retention rate the same​"")","n/a","n/a","0","20","","n/a","n/a","n/a","0.00","0.02","n/a","n/a","For metrics, refresh"
"is churn rate the opposite of retention rate","=HYPERLINK(""https://smrs.toolsfrog.com/analytics/keywordoverview/?q=is%20churn%20rate%20the%20opposite%20of%20retention%20rate&db=us"",""is churn rate the opposite of retention rate​"")","n/a","n/a","0","20","","n/a","n/a","n/a","0.00","0.33","n/a","n/a","For metrics, refresh"
"kpi churn rate","=HYPERLINK(""https://smrs.toolsfrog.com/analytics/keywordoverview/?q=kpi%20churn%20rate&db=us"",""kpi churn rate​"")","n/a","n/a","0","20","","n/a","n/a","n/a","0.00","0.06","n/a","n/a","For metrics, refresh"
"logo churn rate","=HYPERLINK(""https://smrs.toolsfrog.com/analytics/keywordoverview/?q=logo%20churn%20rate&db=us"",""logo churn rate​"")","n/a","n/a","0","20","","n/a","n/a","n/a","0.00","0.33","n/a","n/a","For metrics, refresh"
"lovable churn rate","=HYPERLINK(""https://smrs.toolsfrog.com/analytics/keywordoverview/?q=lovable%20churn%20rate&db=us"",""lovable churn rate​"")","n/a","n/a","0","20","","n/a","n/a","n/a","0.00","0.33","n/a","n/a","For metrics, refresh"
"low churn rate","=HYPERLINK(""https://smrs.toolsfrog.com/analytics/keywordoverview/?q=low%20churn%20rate&db=us"",""low churn rate​"")","n/a","n/a","0","20","","n/a","n/a","n/a","0.00","0.04","n/a","n/a","For metrics, refresh"
"low churn rate meaning","=HYPERLINK(""https://smrs.toolsfrog.com/analytics/keywordoverview/?q=low%20churn%20rate%20meaning&db=us"",""low churn rate meaning​"")","n/a","n/a","0","20","","n/a","n/a","n/a","0.00","0.33","n/a","n/a","For metrics, refresh"
"lower churn rate","=HYPERLINK(""https://smrs.toolsfrog.com/analytics/keywordoverview/?q=lower%20churn%20rate&db=us"",""lower churn rate​"")","n/a","n/a","0","20","","n/a","n/a","n/a","0.00","0.04","n/a","n/a","For metrics, refresh"
"ltv churn rate","=HYPERLINK(""https://smrs.toolsfrog.com/analytics/keywordoverview/?q=ltv%20churn%20rate&db=us"",""ltv churn rate​"")","n/a","n/a","0","20","","n/a","n/a","n/a","0.00","0.33","n/a","n/a","For metrics, refresh"
"meaning churn rate","=HYPERLINK(""https://smrs.toolsfrog.com/analytics/keywordoverview/?q=meaning%20churn%20rate&db=us"",""meaning churn rate​"")","n/a","n/a","0","20","","n/a","n/a","n/a","0.00","0.33","n/a","n/a","For metrics, refresh"
"measuring churn rate","=HYPERLINK(""https://smrs.toolsfrog.com/analytics/keywordoverview/?q=measuring%20churn%20rate&db=us"",""measuring churn rate​"")","n/a","n/a","0","20","","n/a","n/a","n/a","5.30","0.04","n/a","n/a","For metrics, refresh"
"medicaid churn rates","=HYPERLINK(""https://smrs.toolsfrog.com/analytics/keywordoverview/?q=medicaid%20churn%20rates&db=us"",""medicaid churn rates​"")","n/a","n/a","0","20","","n/a","n/a","n/a","0.00","0.05","n/a","n/a","For metrics, refresh"
"member churn rate","=HYPERLINK(""https://smrs.toolsfrog.com/analytics/keywordoverview/?q=member%20churn%20rate&db=us"",""member churn rate​"")","n/a","n/a","0","20","","n/a","n/a","n/a","0.00","0.10","n/a","n/a","For metrics, refresh"
"monthly churn rate calculation","=HYPERLINK(""https://smrs.toolsfrog.com/analytics/keywordoverview/?q=monthly%20churn%20rate%20calculation&db=us"",""monthly churn rate calculation​"")","n/a","n/a","0","20","","n/a","n/a","n/a","0.00","0.10","n/a","n/a","For metrics, refresh"
"monthly churn rate formula","=HYPERLINK(""https://smrs.toolsfrog.com/analytics/keywordoverview/?q=monthly%20churn%20rate%20formula&db=us"",""monthly churn rate formula​"")","n/a","n/a","0","20","","n/a","n/a","n/a","0.00","0.16","n/a","n/a","For metrics, refresh"
"monthly churn rate to annual","=HYPERLINK(""https://smrs.toolsfrog.com/analytics/keywordoverview/?q=monthly%20churn%20rate%20to%20annual&db=us"",""monthly churn rate to annual​"")","n/a","n/a","0","20","","n/a","n/a","n/a","0.00","0.01","n/a","n/a","For metrics, refresh"
"mrr churn rate formula","=HYPERLINK(""https://smrs.toolsfrog.com/analytics/keywordoverview/?q=mrr%20churn%20rate%20formula&db=us"",""mrr churn rate formula​"")","n/a","n/a","0","20","","n/a","n/a","n/a","0.00","0.00","n/a","n/a","For metrics, refresh"
"net churn rate","=HYPERLINK(""https://smrs.toolsfrog.com/analytics/keywordoverview/?q=net%20churn%20rate&db=us"",""net churn rate​"")","n/a","n/a","0","20","","n/a","n/a","n/a","0.00","0.03","n/a","n/a","For metrics, refresh"
"net mrr churn rate","=HYPERLINK(""https://smrs.toolsfrog.com/analytics/keywordoverview/?q=net%20mrr%20churn%20rate&db=us"",""net mrr churn rate​"")","n/a","n/a","0","20","","n/a","n/a","n/a","0.00","0.04","n/a","n/a","For metrics, refresh"
"netflix annual churn rate","=HYPERLINK(""https://smrs.toolsfrog.com/analytics/keywordoverview/?q=netflix%20annual%20churn%20rate&db=us"",""netflix annual churn rate​"")","n/a","n/a","0","20","","n/a","n/a","n/a","0.00","0.33","n/a","n/a","For metrics, refresh"
"netflix churn rate 2023","=HYPERLINK(""https://smrs.toolsfrog.com/analytics/keywordoverview/?q=netflix%20churn%20rate%202023&db=us"",""netflix churn rate 2023​"")","n/a","n/a","0","20","","n/a","n/a","n/a","0.00","0.00","n/a","n/a","For metrics, refresh"
"netflix churn rate 2024","=HYPERLINK(""https://smrs.toolsfrog.com/analytics/keywordoverview/?q=netflix%20churn%20rate%202024&db=us"",""netflix churn rate 2024​"")","n/a","n/a","0","20","","n/a","n/a","n/a","0.00","0.33","n/a","n/a","For metrics, refresh"
"netflix churn rates","=HYPERLINK(""https://smrs.toolsfrog.com/analytics/keywordoverview/?q=netflix%20churn%20rates&db=us"",""netflix churn rates​"")","n/a","n/a","0","20","","n/a","n/a","n/a","0.00","0.33","n/a","n/a","For metrics, refresh"
"netflix monthly churn rate","=HYPERLINK(""https://smrs.toolsfrog.com/analytics/keywordoverview/?q=netflix%20monthly%20churn%20rate&db=us"",""netflix monthly churn rate​"")","n/a","n/a","0","20","","n/a","n/a","n/a","0.00","0.33","n/a","n/a","For metrics, refresh"
"news corp customer churn rate and retention 2025","=HYPERLINK(""https://smrs.toolsfrog.com/analytics/keywordoverview/?q=news%20corp%20customer%20churn%20rate%20and%20retention%202025&db=us"",""news corp customer churn rate and retention 2025​"")","n/a","n/a","0","20","","n/a","n/a","n/a","0.00","0.00","n/a","n/a","For metrics, refresh"
"o que é churn rate","=HYPERLINK(""https://smrs.toolsfrog.com/analytics/keywordoverview/?q=o%20que%20%C3%A9%20churn%20rate&db=us"",""o que é churn rate​"")","n/a","n/a","0","20","","n/a","n/a","n/a","0.00","0.33","n/a","n/a","For metrics, refresh"
"ollie's bargain outlet hlds customer churn rate and retention 2025","=HYPERLINK(""https://smrs.toolsfrog.com/analytics/keywordoverview/?q=ollie's%20bargain%20outlet%20hlds%20customer%20churn%20rate%20and%20retention%202025&db=us"",""ollie's bargain outlet hlds customer churn rate and retention 2025​"")","n/a","n/a","0","20","","n/a","n/a","n/a","0.00","0.00","n/a","n/a","For metrics, refresh"
"opposite of churn rate","=HYPERLINK(""https://smrs.toolsfrog.com/analytics/keywordoverview/?q=opposite%20of%20churn%20rate&db=us"",""opposite of churn rate​"")","n/a","n/a","0","20","","n/a","n/a","n/a","0.00","0.33","n/a","n/a","For metrics, refresh"
"peloton churn rate","=HYPERLINK(""https://smrs.toolsfrog.com/analytics/keywordoverview/?q=peloton%20churn%20rate&db=us"",""peloton churn rate​"")","n/a","n/a","0","20","","n/a","n/a","n/a","0.00","0.33","n/a","n/a","For metrics, refresh"
"positive churn rate","=HYPERLINK(""https://smrs.toolsfrog.com/analytics/keywordoverview/?q=positive%20churn%20rate&db=us"",""positive churn rate​"")","n/a","n/a","0","20","","n/a","n/a","n/a","0.00","0.33","n/a","n/a","For metrics, refresh"
"predict churn rate","=HYPERLINK(""https://smrs.toolsfrog.com/analytics/keywordoverview/?q=predict%20churn%20rate&db=us"",""predict churn rate​"")","n/a","n/a","0","20","","n/a","n/a","n/a","0.00","0.33","n/a","n/a","For metrics, refresh"
"predicting churn rate","=HYPERLINK(""https://smrs.toolsfrog.com/analytics/keywordoverview/?q=predicting%20churn%20rate&db=us"",""predicting churn rate​"")","n/a","n/a","0","20","","n/a","n/a","n/a","0.00","0.33","n/a","n/a","For metrics, refresh"
"product churn rate","=HYPERLINK(""https://smrs.toolsfrog.com/analytics/keywordoverview/?q=product%20churn%20rate&db=us"",""product churn rate​"")","n/a","n/a","0","20","","n/a","n/a","n/a","0.00","0.33","n/a","n/a","For metrics, refresh"
"quarterly churn rate","=HYPERLINK(""https://smrs.toolsfrog.com/analytics/keywordoverview/?q=quarterly%20churn%20rate&db=us"",""quarterly churn rate​"")","n/a","n/a","0","20","","n/a","n/a","n/a","0.00","0.33","n/a","n/a","For metrics, refresh"
"que es churn rate","=HYPERLINK(""https://smrs.toolsfrog.com/analytics/keywordoverview/?q=que%20es%20churn%20rate&db=us"",""que es churn rate​"")","n/a","n/a","0","20","","n/a","n/a","n/a","0.00","0.33","n/a","n/a","For metrics, refresh"
"que es el churn rate","=HYPERLINK(""https://smrs.toolsfrog.com/analytics/keywordoverview/?q=que%20es%20el%20churn%20rate&db=us"",""que es el churn rate​"")","n/a","n/a","0","20","","n/a","n/a","n/a","0.00","0.33","n/a","n/a","For metrics, refresh"
"reducing churn rate","=HYPERLINK(""https://smrs.toolsfrog.com/analytics/keywordoverview/?q=reducing%20churn%20rate&db=us"",""reducing churn rate​"")","n/a","n/a","0","20","","n/a","n/a","n/a","10.98","0.08","n/a","n/a","For metrics, refresh"
"relationship between churn rate and retention rate","=HYPERLINK(""https://smrs.toolsfrog.com/analytics/keywordoverview/?q=relationship%20between%20churn%20rate%20and%20retention%20rate&db=us"",""relationship between churn rate and retention rate​"")","n/a","n/a","0","20","","n/a","n/a","n/a","0.00","0.33","n/a","n/a","For metrics, refresh"
"renewal rate vs churn","=HYPERLINK(""https://smrs.toolsfrog.com/analytics/keywordoverview/?q=renewal%20rate%20vs%20churn&db=us"",""renewal rate vs churn​"")","n/a","n/a","0","20","","n/a","n/a","n/a","0.00","0.33","n/a","n/a","For metrics, refresh"
"retention and churn rate","=HYPERLINK(""https://smrs.toolsfrog.com/analytics/keywordoverview/?q=retention%20and%20churn%20rate&db=us"",""retention and churn rate​"")","n/a","n/a","0","20","","n/a","n/a","n/a","0.00","0.33","n/a","n/a","For metrics, refresh"
"retention rate and churn rate","=HYPERLINK(""https://smrs.toolsfrog.com/analytics/keywordoverview/?q=retention%20rate%20and%20churn%20rate&db=us"",""retention rate and churn rate​"")","n/a","n/a","0","20","","n/a","n/a","n/a","0.00","0.04","n/a","n/a","For metrics, refresh"
"retention rate churn rate","=HYPERLINK(""https://smrs.toolsfrog.com/analytics/keywordoverview/?q=retention%20rate%20churn%20rate&db=us"",""retention rate churn rate​"")","n/a","n/a","0","20","","n/a","n/a","n/a","0.00","0.23","n/a","n/a","For metrics, refresh"
"retention vs churn rate","=HYPERLINK(""https://smrs.toolsfrog.com/analytics/keywordoverview/?q=retention%20vs%20churn%20rate&db=us"",""retention vs churn rate​"")","n/a","n/a","0","20","","n/a","n/a","n/a","0.00","0.06","n/a","n/a","For metrics, refresh"
"rh customer churn rate and retention 2025","=HYPERLINK(""https://smrs.toolsfrog.com/analytics/keywordoverview/?q=rh%20customer%20churn%20rate%20and%20retention%202025&db=us"",""rh customer churn rate and retention 2025​"")","n/a","n/a","0","20","","n/a","n/a","n/a","0.00","0.00","n/a","n/a","For metrics, refresh"
"robinhood churn rate","=HYPERLINK(""https://smrs.toolsfrog.com/analytics/keywordoverview/?q=robinhood%20churn%20rate&db=us"",""robinhood churn rate​"")","n/a","n/a","0","20","","n/a","n/a","n/a","0.00","0.33","n/a","n/a","For metrics, refresh"
"saas annual churn rate","=HYPERLINK(""https://smrs.toolsfrog.com/analytics/keywordoverview/?q=saas%20annual%20churn%20rate&db=us"",""saas annual churn rate​"")","n/a","n/a","0","20","","n/a","n/a","n/a","0.00","0.33","n/a","n/a","For metrics, refresh"
"saas churn rate benchmarks 2024","=HYPERLINK(""https://smrs.toolsfrog.com/analytics/keywordoverview/?q=saas%20churn%20rate%20benchmarks%202024&db=us"",""saas churn rate benchmarks 2024​"")","n/a","n/a","0","20","","n/a","n/a","n/a","0.00","0.00","n/a","n/a","For metrics, refresh"
"saas churn rate formula","=HYPERLINK(""https://smrs.toolsfrog.com/analytics/keywordoverview/?q=saas%20churn%20rate%20formula&db=us"",""saas churn rate formula​"")","n/a","n/a","0","20","","n/a","n/a","n/a","0.00","0.33","n/a","n/a","For metrics, refresh"
"saas churn rates marketing agencies","=HYPERLINK(""https://smrs.toolsfrog.com/analytics/keywordoverview/?q=saas%20churn%20rates%20marketing%20agencies&db=us"",""saas churn rates marketing agencies​"")","n/a","n/a","0","20","","n/a","n/a","n/a","0.00","0.00","n/a","n/a","For metrics, refresh"
"saas monthly churn rate","=HYPERLINK(""https://smrs.toolsfrog.com/analytics/keywordoverview/?q=saas%20monthly%20churn%20rate&db=us"",""saas monthly churn rate​"")","n/a","n/a","0","20","","n/a","n/a","n/a","0.00","0.20","n/a","n/a","For metrics, refresh"
"sales churn rate","=HYPERLINK(""https://smrs.toolsfrog.com/analytics/keywordoverview/?q=sales%20churn%20rate&db=us"",""sales churn rate​"")","n/a","n/a","0","20","","n/a","n/a","n/a","0.00","0.11","n/a","n/a","For metrics, refresh"
"salesforce churn rate","=HYPERLINK(""https://smrs.toolsfrog.com/analytics/keywordoverview/?q=salesforce%20churn%20rate&db=us"",""salesforce churn rate​"")","n/a","n/a","0","20","","n/a","n/a","n/a","0.00","0.33","n/a","n/a","For metrics, refresh"
"spotify churn rate","=HYPERLINK(""https://smrs.toolsfrog.com/analytics/keywordoverview/?q=spotify%20churn%20rate&db=us"",""spotify churn rate​"")","n/a","n/a","0","20","","n/a","n/a","n/a","0.00","0.33","n/a","n/a","For metrics, refresh"
"spotify churn rate 2024","=HYPERLINK(""https://smrs.toolsfrog.com/analytics/keywordoverview/?q=spotify%20churn%20rate%202024&db=us"",""spotify churn rate 2024​"")","n/a","n/a","0","20","","n/a","n/a","n/a","0.00","0.33","n/a","n/a","For metrics, refresh"
"sprint churn rate","=HYPERLINK(""https://smrs.toolsfrog.com/analytics/keywordoverview/?q=sprint%20churn%20rate&db=us"",""sprint churn rate​"")","n/a","n/a","0","20","","n/a","n/a","n/a","0.00","0.02","n/a","n/a","For metrics, refresh"
"sql churn rate","=HYPERLINK(""https://smrs.toolsfrog.com/analytics/keywordoverview/?q=sql%20churn%20rate&db=us"",""sql churn rate​"")","n/a","n/a","0","20","","n/a","n/a","n/a","0.00","0.33","n/a","n/a","For metrics, refresh"
"startup churn rate","=HYPERLINK(""https://smrs.toolsfrog.com/analytics/keywordoverview/?q=startup%20churn%20rate&db=us"",""startup churn rate​"")","n/a","n/a","0","20","","n/a","n/a","n/a","0.00","0.19","n/a","n/a","For metrics, refresh"
"streaming service churn rates","=HYPERLINK(""https://smrs.toolsfrog.com/analytics/keywordoverview/?q=streaming%20service%20churn%20rates&db=us"",""streaming service churn rates​"")","n/a","n/a","0","20","","n/a","n/a","n/a","0.00","0.02","n/a","n/a","For metrics, refresh"
"stripe churn rate","=HYPERLINK(""https://smrs.toolsfrog.com/analytics/keywordoverview/?q=stripe%20churn%20rate&db=us"",""stripe churn rate​"")","n/a","n/a","0","20","","n/a","n/a","n/a","0.00","0.03","n/a","n/a","For metrics, refresh"
"subscription box churn rate","=HYPERLINK(""https://smrs.toolsfrog.com/analytics/keywordoverview/?q=subscription%20box%20churn%20rate&db=us"",""subscription box churn rate​"")","n/a","n/a","0","20","","n/a","n/a","n/a","0.00","0.33","n/a","n/a","For metrics, refresh"
"subscription churn rate calculation","=HYPERLINK(""https://smrs.toolsfrog.com/analytics/keywordoverview/?q=subscription%20churn%20rate%20calculation&db=us"",""subscription churn rate calculation​"")","n/a","n/a","0","20","","n/a","n/a","n/a","0.00","0.09","n/a","n/a","For metrics, refresh"
"t mobile churn rate","=HYPERLINK(""https://smrs.toolsfrog.com/analytics/keywordoverview/?q=t%20mobile%20churn%20rate&db=us"",""t mobile churn rate​"")","n/a","n/a","0","20","","n/a","n/a","n/a","0.00","0.33","n/a","n/a","For metrics, refresh"
"t-mobile 2023 postpaid phone churn rate","=HYPERLINK(""https://smrs.toolsfrog.com/analytics/keywordoverview/?q=t-mobile%202023%20postpaid%20phone%20churn%20rate&db=us"",""t-mobile 2023 postpaid phone churn rate​"")","n/a","n/a","0","20","","n/a","n/a","n/a","0.00","0.00","n/a","n/a","For metrics, refresh"
"t-mobile postpaid churn rate 2020","=HYPERLINK(""https://smrs.toolsfrog.com/analytics/keywordoverview/?q=t-mobile%20postpaid%20churn%20rate%202020&db=us"",""t-mobile postpaid churn rate 2020​"")","n/a","n/a","0","20","","n/a","n/a","n/a","0.00","0.00","n/a","n/a","For metrics, refresh"
"t-mobile postpaid churn rate 2021","=HYPERLINK(""https://smrs.toolsfrog.com/analytics/keywordoverview/?q=t-mobile%20postpaid%20churn%20rate%202021&db=us"",""t-mobile postpaid churn rate 2021​"")","n/a","n/a","0","20","","n/a","n/a","n/a","0.00","0.00","n/a","n/a","For metrics, refresh"
"t-mobile postpaid churn rate 2022","=HYPERLINK(""https://smrs.toolsfrog.com/analytics/keywordoverview/?q=t-mobile%20postpaid%20churn%20rate%202022&db=us"",""t-mobile postpaid churn rate 2022​"")","n/a","n/a","0","20","","n/a","n/a","n/a","0.00","0.00","n/a","n/a","For metrics, refresh"
"t-mobile postpaid phone churn rate 2020 2021 2022 2023","=HYPERLINK(""https://smrs.toolsfrog.com/analytics/keywordoverview/?q=t-mobile%20postpaid%20phone%20churn%20rate%202020%202021%202022%202023&db=us"",""t-mobile postpaid phone churn rate 2020 2021 2022 2023​"")","n/a","n/a","0","20","","n/a","n/a","n/a","0.00","0.00","n/a","n/a","For metrics, refresh"
"telecom churn rate","=HYPERLINK(""https://smrs.toolsfrog.com/analytics/keywordoverview/?q=telecom%20churn%20rate&db=us"",""telecom churn rate​"")","n/a","n/a","0","20","","n/a","n/a","n/a","0.00","0.33","n/a","n/a","For metrics, refresh"
"the churn rate","=HYPERLINK(""https://smrs.toolsfrog.com/analytics/keywordoverview/?q=the%20churn%20rate&db=us"",""the churn rate​"")","n/a","n/a","0","20","","n/a","n/a","n/a","0.00","0.33","n/a","n/a","For metrics, refresh"
"tinder churn rate","=HYPERLINK(""https://smrs.toolsfrog.com/analytics/keywordoverview/?q=tinder%20churn%20rate&db=us"",""tinder churn rate​"")","n/a","n/a","0","20","","n/a","n/a","n/a","0.00","0.33","n/a","n/a","For metrics, refresh"
"types of churn rate","=HYPERLINK(""https://smrs.toolsfrog.com/analytics/keywordoverview/?q=types%20of%20churn%20rate&db=us"",""types of churn rate​"")","n/a","n/a","0","20","","n/a","n/a","n/a","0.00","0.07","n/a","n/a","For metrics, refresh"
"uber churn rate","=HYPERLINK(""https://smrs.toolsfrog.com/analytics/keywordoverview/?q=uber%20churn%20rate&db=us"",""uber churn rate​"")","n/a","n/a","0","20","","n/a","n/a","n/a","0.00","0.04","n/a","n/a","For metrics, refresh"
"uber driver churn rate","=HYPERLINK(""https://smrs.toolsfrog.com/analytics/keywordoverview/?q=uber%20driver%20churn%20rate&db=us"",""uber driver churn rate​"")","n/a","n/a","0","20","","n/a","n/a","n/a","0.00","0.33","n/a","n/a","For metrics, refresh"
"vendor offers analytics on subscription churn rates","=HYPERLINK(""https://smrs.toolsfrog.com/analytics/keywordoverview/?q=vendor%20offers%20analytics%20on%20subscription%20churn%20rates&db=us"",""vendor offers analytics on subscription churn rates​"")","n/a","n/a","0","20","","n/a","n/a","n/a","0.00","0.00","n/a","n/a","For metrics, refresh"
"verizon churn rate 2024","=HYPERLINK(""https://smrs.toolsfrog.com/analytics/keywordoverview/?q=verizon%20churn%20rate%202024&db=us"",""verizon churn rate 2024​"")","n/a","n/a","0","20","","n/a","n/a","n/a","0.00","0.00","n/a","n/a","For metrics, refresh"
"verizon wireless churn rate","=HYPERLINK(""https://smrs.toolsfrog.com/analytics/keywordoverview/?q=verizon%20wireless%20churn%20rate&db=us"",""verizon wireless churn rate​"")","n/a","n/a","0","20","","n/a","n/a","n/a","0.00","0.01","n/a","n/a","For metrics, refresh"
"what does churn rate mean in business","=HYPERLINK(""https://smrs.toolsfrog.com/analytics/keywordoverview/?q=what%20does%20churn%20rate%20mean%20in%20business&db=us"",""what does churn rate mean in business​"")","n/a","n/a","0","20","","n/a","n/a","n/a","0.00","0.15","n/a","n/a","For metrics, refresh"
"what is a bad churn rate","=HYPERLINK(""https://smrs.toolsfrog.com/analytics/keywordoverview/?q=what%20is%20a%20bad%20churn%20rate&db=us"",""what is a bad churn rate​"")","n/a","n/a","0","20","","n/a","n/a","n/a","0.00","0.33","n/a","n/a","For metrics, refresh"
"what is a churn rate in business terms","=HYPERLINK(""https://smrs.toolsfrog.com/analytics/keywordoverview/?q=what%20is%20a%20churn%20rate%20in%20business%20terms&db=us"",""what is a churn rate in business terms​"")","n/a","n/a","0","20","","n/a","n/a","n/a","0.00","0.33","n/a","n/a","For metrics, refresh"
"what is a customer churn rate","=HYPERLINK(""https://smrs.toolsfrog.com/analytics/keywordoverview/?q=what%20is%20a%20customer%20churn%20rate&db=us"",""what is a customer churn rate​"")","n/a","n/a","0","20","","n/a","n/a","n/a","0.00","0.33","n/a","n/a","For metrics, refresh"
"what is a good churn rate for a saas company","=HYPERLINK(""https://smrs.toolsfrog.com/analytics/keywordoverview/?q=what%20is%20a%20good%20churn%20rate%20for%20a%20saas%20company&db=us"",""what is a good churn rate for a saas company​"")","n/a","n/a","0","20","","n/a","n/a","n/a","0.00","0.00","n/a","n/a","For metrics, refresh"
"what is a good churn rate for subscription services","=HYPERLINK(""https://smrs.toolsfrog.com/analytics/keywordoverview/?q=what%20is%20a%20good%20churn%20rate%20for%20subscription%20services&db=us"",""what is a good churn rate for subscription services​"")","n/a","n/a","0","20","","n/a","n/a","n/a","3.95","0.32","n/a","n/a","For metrics, refresh"
"what is a good customer churn rate","=HYPERLINK(""https://smrs.toolsfrog.com/analytics/keywordoverview/?q=what%20is%20a%20good%20customer%20churn%20rate&db=us"",""what is a good customer churn rate​"")","n/a","n/a","0","20","","n/a","n/a","n/a","0.00","0.02","n/a","n/a","For metrics, refresh"
"what is a good monthly churn rate","=HYPERLINK(""https://smrs.toolsfrog.com/analytics/keywordoverview/?q=what%20is%20a%20good%20monthly%20churn%20rate&db=us"",""what is a good monthly churn rate​"")","n/a","n/a","0","20","","n/a","n/a","n/a","0.00","0.33","n/a","n/a","For metrics, refresh"
"what is a good saas churn rate","=HYPERLINK(""https://smrs.toolsfrog.com/analytics/keywordoverview/?q=what%20is%20a%20good%20saas%20churn%20rate&db=us"",""what is a good saas churn rate​"")","n/a","n/a","0","20","","n/a","n/a","n/a","0.00","0.33","n/a","n/a","For metrics, refresh"
"what is a healthy churn rate","=HYPERLINK(""https://smrs.toolsfrog.com/analytics/keywordoverview/?q=what%20is%20a%20healthy%20churn%20rate&db=us"",""what is a healthy churn rate​"")","n/a","n/a","0","20","","n/a","n/a","n/a","0.00","0.33","n/a","n/a","For metrics, refresh"
"what is a high churn rate","=HYPERLINK(""https://smrs.toolsfrog.com/analytics/keywordoverview/?q=what%20is%20a%20high%20churn%20rate&db=us"",""what is a high churn rate​"")","n/a","n/a","0","20","","n/a","n/a","n/a","0.00","0.02","n/a","n/a","For metrics, refresh"
"what is a normal churn rate","=HYPERLINK(""https://smrs.toolsfrog.com/analytics/keywordoverview/?q=what%20is%20a%20normal%20churn%20rate&db=us"",""what is a normal churn rate​"")","n/a","n/a","0","20","","n/a","n/a","n/a","0.00","0.14","n/a","n/a","For metrics, refresh"
"what is an acceptable churn rate","=HYPERLINK(""https://smrs.toolsfrog.com/analytics/keywordoverview/?q=what%20is%20an%20acceptable%20churn%20rate&db=us"",""what is an acceptable churn rate​"")","n/a","n/a","0","20","","n/a","n/a","n/a","0.00","0.21","n/a","n/a","For metrics, refresh"
"what is average churn rate","=HYPERLINK(""https://smrs.toolsfrog.com/analytics/keywordoverview/?q=what%20is%20average%20churn%20rate&db=us"",""what is average churn rate​"")","n/a","n/a","0","20","","n/a","n/a","n/a","0.00","0.33","n/a","n/a","For metrics, refresh"
"what is bad churn rate","=HYPERLINK(""https://smrs.toolsfrog.com/analytics/keywordoverview/?q=what%20is%20bad%20churn%20rate&db=us"",""what is bad churn rate​"")","n/a","n/a","0","20","","n/a","n/a","n/a","0.00","0.00","n/a","n/a","For metrics, refresh"
"what is churn rate in marketing","=HYPERLINK(""https://smrs.toolsfrog.com/analytics/keywordoverview/?q=what%20is%20churn%20rate%20in%20marketing&db=us"",""what is churn rate in marketing​"")","n/a","n/a","0","20","","n/a","n/a","n/a","0.00","0.11","n/a","n/a","For metrics, refresh"
"what is churn rate in product management","=HYPERLINK(""https://smrs.toolsfrog.com/analytics/keywordoverview/?q=what%20is%20churn%20rate%20in%20product%20management&db=us"",""what is churn rate in product management​"")","n/a","n/a","0","20","","n/a","n/a","n/a","0.00","0.11","n/a","n/a","For metrics, refresh"
"what is churn rate in sales","=HYPERLINK(""https://smrs.toolsfrog.com/analytics/keywordoverview/?q=what%20is%20churn%20rate%20in%20sales&db=us"",""what is churn rate in sales​"")","n/a","n/a","0","20","","n/a","n/a","n/a","0.00","0.29","n/a","n/a","For metrics, refresh"
"what is churn rate in telecom","=HYPERLINK(""https://smrs.toolsfrog.com/analytics/keywordoverview/?q=what%20is%20churn%20rate%20in%20telecom&db=us"",""what is churn rate in telecom​"")","n/a","n/a","0","20","","n/a","n/a","n/a","0.00","0.33","n/a","n/a","For metrics, refresh"
"what is employee churn rate","=HYPERLINK(""https://smrs.toolsfrog.com/analytics/keywordoverview/?q=what%20is%20employee%20churn%20rate&db=us"",""what is employee churn rate​"")","n/a","n/a","0","20","","n/a","n/a","n/a","0.00","0.08","n/a","n/a","For metrics, refresh"
"what is high churn rate","=HYPERLINK(""https://smrs.toolsfrog.com/analytics/keywordoverview/?q=what%20is%20high%20churn%20rate&db=us"",""what is high churn rate​"")","n/a","n/a","0","20","","n/a","n/a","n/a","0.00","0.33","n/a","n/a","For metrics, refresh"
"what is meant by churn rate","=HYPERLINK(""https://smrs.toolsfrog.com/analytics/keywordoverview/?q=what%20is%20meant%20by%20churn%20rate&db=us"",""what is meant by churn rate​"")","n/a","n/a","0","20","","n/a","n/a","n/a","0.00","0.10","n/a","n/a","For metrics, refresh"
"what is monthly churn rate","=HYPERLINK(""https://smrs.toolsfrog.com/analytics/keywordoverview/?q=what%20is%20monthly%20churn%20rate&db=us"",""what is monthly churn rate​"")","n/a","n/a","0","20","","n/a","n/a","n/a","0.00","0.06","n/a","n/a","For metrics, refresh"
"what is netflix churn rate","=HYPERLINK(""https://smrs.toolsfrog.com/analytics/keywordoverview/?q=what%20is%20netflix%20churn%20rate&db=us"",""what is netflix churn rate​"")","n/a","n/a","0","20","","n/a","n/a","n/a","0.00","0.33","n/a","n/a","For metrics, refresh"
"what is subscriber churn rate","=HYPERLINK(""https://smrs.toolsfrog.com/analytics/keywordoverview/?q=what%20is%20subscriber%20churn%20rate&db=us"",""what is subscriber churn rate​"")","n/a","n/a","0","20","","n/a","n/a","n/a","0.00","0.02","n/a","n/a","For metrics, refresh"
"what is the meaning of churn rate","=HYPERLINK(""https://smrs.toolsfrog.com/analytics/keywordoverview/?q=what%20is%20the%20meaning%20of%20churn%20rate&db=us"",""what is the meaning of churn rate​"")","n/a","n/a","0","20","","n/a","n/a","n/a","0.00","0.33","n/a","n/a","For metrics, refresh"
"what's a good churn rate","=HYPERLINK(""https://smrs.toolsfrog.com/analytics/keywordoverview/?q=what's%20a%20good%20churn%20rate&db=us"",""what's a good churn rate​"")","n/a","n/a","0","20","","n/a","n/a","n/a","0.00","0.33","n/a","n/a","For metrics, refresh"
"what's churn rate","=HYPERLINK(""https://smrs.toolsfrog.com/analytics/keywordoverview/?q=what's%20churn%20rate&db=us"",""what's churn rate​"")","n/a","n/a","0","20","","n/a","n/a","n/a","0.00","0.33","n/a","n/a","For metrics, refresh"
"whats a churn rate","=HYPERLINK(""https://smrs.toolsfrog.com/analytics/keywordoverview/?q=whats%20a%20churn%20rate&db=us"",""whats a churn rate​"")","n/a","n/a","0","20","","n/a","n/a","n/a","0.00","0.05","n/a","n/a","For metrics, refresh"
"whats a good churn rate","=HYPERLINK(""https://smrs.toolsfrog.com/analytics/keywordoverview/?q=whats%20a%20good%20churn%20rate&db=us"",""whats a good churn rate​"")","n/a","n/a","0","20","","n/a","n/a","n/a","0.00","0.08","n/a","n/a","For metrics, refresh"
"whats churn rate","=HYPERLINK(""https://smrs.toolsfrog.com/analytics/keywordoverview/?q=whats%20churn%20rate&db=us"",""whats churn rate​"")","n/a","n/a","0","20","","n/a","n/a","n/a","0.00","0.02","n/a","n/a","For metrics, refresh"
"why is churn rate important","=HYPERLINK(""https://smrs.toolsfrog.com/analytics/keywordoverview/?q=why%20is%20churn%20rate%20important&db=us"",""why is churn rate important​"")","n/a","n/a","0","20","","n/a","n/a","n/a","0.00","0.00","n/a","n/a","For metrics, refresh"
"wireless churn rate","=HYPERLINK(""https://smrs.toolsfrog.com/analytics/keywordoverview/?q=wireless%20churn%20rate&db=us"",""wireless churn rate​"")","n/a","n/a","0","20","","n/a","n/a","n/a","0.00","0.33","n/a","n/a","For metrics, refresh"
"yearly churn rate","=HYPERLINK(""https://smrs.toolsfrog.com/analytics/keywordoverview/?q=yearly%20churn%20rate&db=us"",""yearly churn rate​"")","n/a","n/a","0","20","","n/a","n/a","n/a","0.00","0.05","n/a","n/a","For metrics, refresh"
"zoom churn rate","=HYPERLINK(""https://smrs.toolsfrog.com/analytics/keywordoverview/?q=zoom%20churn%20rate&db=us"",""zoom churn rate​"")","n/a","n/a","0","20","","n/a","n/a","n/a","0.00","0.33","n/a","n/a","For metrics, refresh"
"1 / churn rate","=HYPERLINK(""https://smrs.toolsfrog.com/analytics/keywordoverview/?q=1%20%2F%20churn%20rate&db=us"",""1 / churn rate​"")","n/a","n/a","0","10","","n/a","n/a","n/a","0.00","0.04","n/a","n/a","For metrics, refresh"
"1-800-flowers.com customer churn rate and retention 2025","=HYPERLINK(""https://smrs.toolsfrog.com/analytics/keywordoverview/?q=1-800-flowers.com%20customer%20churn%20rate%20and%20retention%202025&db=us"",""1-800-flowers.com customer churn rate and retention 2025​"")","n/a","n/a","0","10","","n/a","n/a","n/a","0.00","0.00","n/a","n/a","For metrics, refresh"
"academy sports and outdoors customer churn rate and retention 2025","=HYPERLINK(""https://smrs.toolsfrog.com/analytics/keywordoverview/?q=academy%20sports%20and%20outdoors%20customer%20churn%20rate%20and%20retention%202025&db=us"",""academy sports and outdoors customer churn rate and retention 2025​"")","n/a","n/a","0","10","","n/a","n/a","n/a","0.00","0.00","n/a","n/a","For metrics, refresh"
"accenture client retention rate or customer churn","=HYPERLINK(""https://smrs.toolsfrog.com/analytics/keywordoverview/?q=accenture%20client%20retention%20rate%20or%20customer%20churn&db=us"",""accenture client retention rate or customer churn​"")","n/a","n/a","0","10","","n/a","n/a","n/a","0.00","0.00","n/a","n/a","For metrics, refresh"
"accenture customer churn rate","=HYPERLINK(""https://smrs.toolsfrog.com/analytics/keywordoverview/?q=accenture%20customer%20churn%20rate&db=us"",""accenture customer churn rate​"")","n/a","n/a","0","10","","n/a","n/a","n/a","0.00","0.00","n/a","n/a","For metrics, refresh"
"agencias de marketing churn rate causas reportes seguimiento","=HYPERLINK(""https://smrs.toolsfrog.com/analytics/keywordoverview/?q=agencias%20de%20marketing%20churn%20rate%20causas%20reportes%20seguimiento&db=us"",""agencias de marketing churn rate causas reportes seguimiento​"")","n/a","n/a","0","10","","n/a","n/a","n/a","0.00","0.00","n/a","n/a","For metrics, refresh"
"amazon warehouse churn rate","=HYPERLINK(""https://smrs.toolsfrog.com/analytics/keywordoverview/?q=amazon%20warehouse%20churn%20rate&db=us"",""amazon warehouse churn rate​"")","n/a","n/a","0","10","","n/a","n/a","n/a","0.00","0.33","n/a","n/a","For metrics, refresh"
"annual customer churn rate calculation","=HYPERLINK(""https://smrs.toolsfrog.com/analytics/keywordoverview/?q=annual%20customer%20churn%20rate%20calculation&db=us"",""annual customer churn rate calculation​"")","n/a","n/a","0","10","","n/a","n/a","n/a","0.00","1.00","n/a","n/a","For metrics, refresh"
"app user churn rate","=HYPERLINK(""https://smrs.toolsfrog.com/analytics/keywordoverview/?q=app%20user%20churn%20rate&db=us"",""app user churn rate​"")","n/a","n/a","0","10","","n/a","n/a","n/a","0.00","0.00","n/a","n/a","For metrics, refresh"
"arko customer churn rate and retention 2025","=HYPERLINK(""https://smrs.toolsfrog.com/analytics/keywordoverview/?q=arko%20customer%20churn%20rate%20and%20retention%202025&db=us"",""arko customer churn rate and retention 2025​"")","n/a","n/a","0","10","","n/a","n/a","n/a","0.00","0.00","n/a","n/a","For metrics, refresh"
"at&t postpaid phone churn rate 2020 2021 2022 2023","=HYPERLINK(""https://smrs.toolsfrog.com/analytics/keywordoverview/?q=at%26t%20postpaid%20phone%20churn%20rate%202020%202021%202022%202023&db=us"",""at&t postpaid phone churn rate 2020 2021 2022 2023​"")","n/a","n/a","0","10","","n/a","n/a","n/a","0.00","0.00","n/a","n/a","For metrics, refresh"
"average annual churn rate b2b saas 2024","=HYPERLINK(""https://smrs.toolsfrog.com/analytics/keywordoverview/?q=average%20annual%20churn%20rate%20b2b%20saas%202024&db=us"",""average annual churn rate b2b saas 2024​"")","n/a","n/a","0","10","","n/a","n/a","n/a","0.00","0.00","n/a","n/a","For metrics, refresh"
"average b2b saas churn rate 2024","=HYPERLINK(""https://smrs.toolsfrog.com/analytics/keywordoverview/?q=average%20b2b%20saas%20churn%20rate%202024&db=us"",""average b2b saas churn rate 2024​"")","n/a","n/a","0","10","","n/a","n/a","n/a","0.00","0.00","n/a","n/a","For metrics, refresh"
"average churn rate by industry b2b","=HYPERLINK(""https://smrs.toolsfrog.com/analytics/keywordoverview/?q=average%20churn%20rate%20by%20industry%20b2b&db=us"",""average churn rate by industry b2b​"")","n/a","n/a","0","10","","n/a","n/a","n/a","0.00","0.00","n/a","n/a","For metrics, refresh"
"average churn rate ecommerce","=HYPERLINK(""https://smrs.toolsfrog.com/analytics/keywordoverview/?q=average%20churn%20rate%20ecommerce&db=us"",""average churn rate ecommerce​"")","n/a","n/a","0","10","","n/a","n/a","n/a","0.00","0.00","n/a","n/a","For metrics, refresh"
"average churn rate for marketing agencies","=HYPERLINK(""https://smrs.toolsfrog.com/analytics/keywordoverview/?q=average%20churn%20rate%20for%20marketing%20agencies&db=us"",""average churn rate for marketing agencies​"")","n/a","n/a","0","10","","n/a","n/a","n/a","0.00","0.00","n/a","n/a","For metrics, refresh"
"average churn rate for membership site","=HYPERLINK(""https://smrs.toolsfrog.com/analytics/keywordoverview/?q=average%20churn%20rate%20for%20membership%20site&db=us"",""average churn rate for membership site​"")","n/a","n/a","0","10","","n/a","n/a","n/a","0.00","0.00","n/a","n/a","For metrics, refresh"
"average churn rate saas 2024","=HYPERLINK(""https://smrs.toolsfrog.com/analytics/keywordoverview/?q=average%20churn%20rate%20saas%202024&db=us"",""average churn rate saas 2024​"")","n/a","n/a","0","10","","n/a","n/a","n/a","0.00","0.00","n/a","n/a","For metrics, refresh"
"average client churn rate marketing agencies","=HYPERLINK(""https://smrs.toolsfrog.com/analytics/keywordoverview/?q=average%20client%20churn%20rate%20marketing%20agencies&db=us"",""average client churn rate marketing agencies​"")","n/a","n/a","0","10","","n/a","n/a","n/a","0.00","0.00","n/a","n/a","For metrics, refresh"
"average e-commerce churn rate","=HYPERLINK(""https://smrs.toolsfrog.com/analytics/keywordoverview/?q=average%20e-commerce%20churn%20rate&db=us"",""average e-commerce churn rate​"")","n/a","n/a","0","10","","n/a","n/a","n/a","0.00","0.00","n/a","n/a","For metrics, refresh"
"average membership churn rate","=HYPERLINK(""https://smrs.toolsfrog.com/analytics/keywordoverview/?q=average%20membership%20churn%20rate&db=us"",""average membership churn rate​"")","n/a","n/a","0","10","","n/a","n/a","n/a","0.00","0.00","n/a","n/a","For metrics, refresh"
"average monthly churn rate b2b saas 2024","=HYPERLINK(""https://smrs.toolsfrog.com/analytics/keywordoverview/?q=average%20monthly%20churn%20rate%20b2b%20saas%202024&db=us"",""average monthly churn rate b2b saas 2024​"")","n/a","n/a","0","10","","n/a","n/a","n/a","0.00","0.00","n/a","n/a","For metrics, refresh"
"average monthly churn rate saas 2024","=HYPERLINK(""https://smrs.toolsfrog.com/analytics/keywordoverview/?q=average%20monthly%20churn%20rate%20saas%202024&db=us"",""average monthly churn rate saas 2024​"")","n/a","n/a","0","10","","n/a","n/a","n/a","0.00","0.00","n/a","n/a","For metrics, refresh"
"average monthly churn rate smb saas","=HYPERLINK(""https://smrs.toolsfrog.com/analytics/keywordoverview/?q=average%20monthly%20churn%20rate%20smb%20saas&db=us"",""average monthly churn rate smb saas​"")","n/a","n/a","0","10","","n/a","n/a","n/a","0.00","0.00","n/a","n/a","For metrics, refresh"
"average saas churn rate 2024 benchmark","=HYPERLINK(""https://smrs.toolsfrog.com/analytics/keywordoverview/?q=average%20saas%20churn%20rate%202024%20benchmark&db=us"",""average saas churn rate 2024 benchmark​"")","n/a","n/a","0","10","","n/a","n/a","n/a","0.00","0.00","n/a","n/a","For metrics, refresh"
"b2b saas churn rate benchmark 2024","=HYPERLINK(""https://smrs.toolsfrog.com/analytics/keywordoverview/?q=b2b%20saas%20churn%20rate%20benchmark%202024&db=us"",""b2b saas churn rate benchmark 2024​"")","n/a","n/a","0","10","","n/a","n/a","n/a","0.00","0.00","n/a","n/a","For metrics, refresh"
"b2b saas churn rate benchmarks 2024","=HYPERLINK(""https://smrs.toolsfrog.com/analytics/keywordoverview/?q=b2b%20saas%20churn%20rate%20benchmarks%202024&db=us"",""b2b saas churn rate benchmarks 2024​"")","n/a","n/a","0","10","","n/a","n/a","n/a","0.00","0.00","n/a","n/a","For metrics, refresh"
"b2b saas churn rate statistics 2025","=HYPERLINK(""https://smrs.toolsfrog.com/analytics/keywordoverview/?q=b2b%20saas%20churn%20rate%20statistics%202025&db=us"",""b2b saas churn rate statistics 2025​"")","n/a","n/a","0","10","","n/a","n/a","n/a","0.00","0.00","n/a","n/a","For metrics, refresh"
"best churn rate visualization tools for tenant retention analysis","=HYPERLINK(""https://smrs.toolsfrog.com/analytics/keywordoverview/?q=best%20churn%20rate%20visualization%20tools%20for%20tenant%20retention%20analysis&db=us"",""best churn rate visualization tools for tenant retention analysis​"")","n/a","n/a","0","10","","n/a","n/a","n/a","0.00","0.00","n/a","n/a","For metrics, refresh"
"best ppc agencies retention rate or churn rate","=HYPERLINK(""https://smrs.toolsfrog.com/analytics/keywordoverview/?q=best%20ppc%20agencies%20retention%20rate%20or%20churn%20rate&db=us"",""best ppc agencies retention rate or churn rate​"")","n/a","n/a","0","10","","n/a","n/a","n/a","0.00","0.00","n/a","n/a","For metrics, refresh"
"best practices reduce customer churn rate 2026","=HYPERLINK(""https://smrs.toolsfrog.com/analytics/keywordoverview/?q=best%20practices%20reduce%20customer%20churn%20rate%202026&db=us"",""best practices reduce customer churn rate 2026​"")","n/a","n/a","0","10","","n/a","n/a","n/a","0.00","0.00","n/a","n/a","For metrics, refresh"
"broadband churn rates","=HYPERLINK(""https://smrs.toolsfrog.com/analytics/keywordoverview/?q=broadband%20churn%20rates&db=us"",""broadband churn rates​"")","n/a","n/a","0","10","","n/a","n/a","n/a","0.00","0.00","n/a","n/a","For metrics, refresh"
"buckle customer churn rate and retention 2025","=HYPERLINK(""https://smrs.toolsfrog.com/analytics/keywordoverview/?q=buckle%20customer%20churn%20rate%20and%20retention%202025&db=us"",""buckle customer churn rate and retention 2025​"")","n/a","n/a","0","10","","n/a","n/a","n/a","0.00","0.00","n/a","n/a","For metrics, refresh"
"calculate churn rate ecommerce","=HYPERLINK(""https://smrs.toolsfrog.com/analytics/keywordoverview/?q=calculate%20churn%20rate%20ecommerce&db=us"",""calculate churn rate ecommerce​"")","n/a","n/a","0","10","","n/a","n/a","n/a","0.00","0.00","n/a","n/a","For metrics, refresh"
"calculate churn rate in tableau","=HYPERLINK(""https://smrs.toolsfrog.com/analytics/keywordoverview/?q=calculate%20churn%20rate%20in%20tableau&db=us"",""calculate churn rate in tableau​"")","n/a","n/a","0","10","","n/a","n/a","n/a","0.00","0.33","n/a","n/a","For metrics, refresh"
"calculate churn rate python","=HYPERLINK(""https://smrs.toolsfrog.com/analytics/keywordoverview/?q=calculate%20churn%20rate%20python&db=us"",""calculate churn rate python​"")","n/a","n/a","0","10","","n/a","n/a","n/a","0.00","0.33","n/a","n/a","For metrics, refresh"
"calculate membership churn rate","=HYPERLINK(""https://smrs.toolsfrog.com/analytics/keywordoverview/?q=calculate%20membership%20churn%20rate&db=us"",""calculate membership churn rate​"")","n/a","n/a","0","10","","n/a","n/a","n/a","0.00","0.00","n/a","n/a","For metrics, refresh"
"calculation of churn rate","=HYPERLINK(""https://smrs.toolsfrog.com/analytics/keywordoverview/?q=calculation%20of%20churn%20rate&db=us"",""calculation of churn rate​"")","n/a","n/a","0","10","","n/a","n/a","n/a","0.00","0.00","n/a","n/a","For metrics, refresh"
"caleres customer churn rate and retention 2025","=HYPERLINK(""https://smrs.toolsfrog.com/analytics/keywordoverview/?q=caleres%20customer%20churn%20rate%20and%20retention%202025&db=us"",""caleres customer churn rate and retention 2025​"")","n/a","n/a","0","10","","n/a","n/a","n/a","0.00","0.00","n/a","n/a","For metrics, refresh"
"car wash membership average visits per month churn rate","=HYPERLINK(""https://smrs.toolsfrog.com/analytics/keywordoverview/?q=car%20wash%20membership%20average%20visits%20per%20month%20churn%20rate&db=us"",""car wash membership average visits per month churn rate​"")","n/a","n/a","0","10","","n/a","n/a","n/a","0.00","0.00","n/a","n/a","For metrics, refresh"
"cara menghitung churn rate","=HYPERLINK(""https://smrs.toolsfrog.com/analytics/keywordoverview/?q=cara%20menghitung%20churn%20rate&db=us"",""cara menghitung churn rate​"")","n/a","n/a","0","10","","n/a","n/a","n/a","0.00","0.00","n/a","n/a","For metrics, refresh"
"chatgpt churn rate","=HYPERLINK(""https://smrs.toolsfrog.com/analytics/keywordoverview/?q=chatgpt%20churn%20rate&db=us"",""chatgpt churn rate​"")","n/a","n/a","0","10","","n/a","n/a","n/a","0.00","0.00","n/a","n/a","For metrics, refresh"
"churn rate analytics","=HYPERLINK(""https://smrs.toolsfrog.com/analytics/keywordoverview/?q=churn%20rate%20analytics&db=us"",""churn rate analytics​"")","n/a","n/a","0","10","","n/a","n/a","n/a","0.00","0.57","n/a","n/a","For metrics, refresh"
"churn rate and customer lifetime","=HYPERLINK(""https://smrs.toolsfrog.com/analytics/keywordoverview/?q=churn%20rate%20and%20customer%20lifetime&db=us"",""churn rate and customer lifetime​"")","n/a","n/a","0","10","","n/a","n/a","n/a","0.00","0.14","n/a","n/a","For metrics, refresh"
"churn rate b2b saas","=HYPERLINK(""https://smrs.toolsfrog.com/analytics/keywordoverview/?q=churn%20rate%20b2b%20saas&db=us"",""churn rate b2b saas​"")","n/a","n/a","0","10","","n/a","n/a","n/a","0.00","0.00","n/a","n/a","For metrics, refresh"
"churn rate berechnen","=HYPERLINK(""https://smrs.toolsfrog.com/analytics/keywordoverview/?q=churn%20rate%20berechnen&db=us"",""churn rate berechnen​"")","n/a","n/a","0","10","","n/a","n/a","n/a","0.00","0.00","n/a","n/a","For metrics, refresh"
"churn rate berechnung","=HYPERLINK(""https://smrs.toolsfrog.com/analytics/keywordoverview/?q=churn%20rate%20berechnung&db=us"",""churn rate berechnung​"")","n/a","n/a","0","10","","n/a","n/a","n/a","0.00","0.00","n/a","n/a","For metrics, refresh"
"churn rate calculo","=HYPERLINK(""https://smrs.toolsfrog.com/analytics/keywordoverview/?q=churn%20rate%20calculo&db=us"",""churn rate calculo​"")","n/a","n/a","0","10","","n/a","n/a","n/a","0.00","0.00","n/a","n/a","For metrics, refresh"
"churn rate cohort analysis","=HYPERLINK(""https://smrs.toolsfrog.com/analytics/keywordoverview/?q=churn%20rate%20cohort%20analysis&db=us"",""churn rate cohort analysis​"")","n/a","n/a","0","10","","n/a","n/a","n/a","0.00","0.00","n/a","n/a","For metrics, refresh"
"churn rate commercial cleaning industry","=HYPERLINK(""https://smrs.toolsfrog.com/analytics/keywordoverview/?q=churn%20rate%20commercial%20cleaning%20industry&db=us"",""churn rate commercial cleaning industry​"")","n/a","n/a","0","10","","n/a","n/a","n/a","0.00","0.00","n/a","n/a","For metrics, refresh"
"churn rate during onboarding in accounting outsourcing services","=HYPERLINK(""https://smrs.toolsfrog.com/analytics/keywordoverview/?q=churn%20rate%20during%20onboarding%20in%20accounting%20outsourcing%20services&db=us"",""churn rate during onboarding in accounting outsourcing services​"")","n/a","n/a","0","10","","n/a","n/a","n/a","0.00","0.00","n/a","n/a","For metrics, refresh"
"churn rate en español","=HYPERLINK(""https://smrs.toolsfrog.com/analytics/keywordoverview/?q=churn%20rate%20en%20espa%C3%B1ol&db=us"",""churn rate en español​"")","n/a","n/a","0","10","","n/a","n/a","n/a","0.00","0.00","n/a","n/a","For metrics, refresh"
"churn rate en français","=HYPERLINK(""https://smrs.toolsfrog.com/analytics/keywordoverview/?q=churn%20rate%20en%20fran%C3%A7ais&db=us"",""churn rate en français​"")","n/a","n/a","0","10","","n/a","n/a","n/a","0.00","0.33","n/a","n/a","For metrics, refresh"
"churn rate español","=HYPERLINK(""https://smrs.toolsfrog.com/analytics/keywordoverview/?q=churn%20rate%20espa%C3%B1ol&db=us"",""churn rate español​"")","n/a","n/a","0","10","","n/a","n/a","n/a","0.00","0.00","n/a","n/a","For metrics, refresh"
"churn rate excel template","=HYPERLINK(""https://smrs.toolsfrog.com/analytics/keywordoverview/?q=churn%20rate%20excel%20template&db=us"",""churn rate excel template​"")","n/a","n/a","0","10","","n/a","n/a","n/a","0.00","0.29","n/a","n/a","For metrics, refresh"
"churn rate for app","=HYPERLINK(""https://smrs.toolsfrog.com/analytics/keywordoverview/?q=churn%20rate%20for%20app&db=us"",""churn rate for app​"")","n/a","n/a","0","10","","n/a","n/a","n/a","0.00","0.00","n/a","n/a","For metrics, refresh"
"churn rate for ecommerce","=HYPERLINK(""https://smrs.toolsfrog.com/analytics/keywordoverview/?q=churn%20rate%20for%20ecommerce&db=us"",""churn rate for ecommerce​"")","n/a","n/a","0","10","","n/a","n/a","n/a","0.00","0.21","n/a","n/a","For metrics, refresh"
"churn rate for non subscription services","=HYPERLINK(""https://smrs.toolsfrog.com/analytics/keywordoverview/?q=churn%20rate%20for%20non%20subscription%20services&db=us"",""churn rate for non subscription services​"")","n/a","n/a","0","10","","n/a","n/a","n/a","0.00","0.00","n/a","n/a","For metrics, refresh"
"churn rate in a sentence","=HYPERLINK(""https://smrs.toolsfrog.com/analytics/keywordoverview/?q=churn%20rate%20in%20a%20sentence&db=us"",""churn rate in a sentence​"")","n/a","n/a","0","10","","n/a","n/a","n/a","0.00","0.33","n/a","n/a","For metrics, refresh"
"churn rate in french","=HYPERLINK(""https://smrs.toolsfrog.com/analytics/keywordoverview/?q=churn%20rate%20in%20french&db=us"",""churn rate in french​"")","n/a","n/a","0","10","","n/a","n/a","n/a","0.00","0.00","n/a","n/a","For metrics, refresh"
"churn rate in hr","=HYPERLINK(""https://smrs.toolsfrog.com/analytics/keywordoverview/?q=churn%20rate%20in%20hr&db=us"",""churn rate in hr​"")","n/a","n/a","0","10","","n/a","n/a","n/a","0.00","0.00","n/a","n/a","For metrics, refresh"
"churn rate in spanish","=HYPERLINK(""https://smrs.toolsfrog.com/analytics/keywordoverview/?q=churn%20rate%20in%20spanish&db=us"",""churn rate in spanish​"")","n/a","n/a","0","10","","n/a","n/a","n/a","0.00","0.33","n/a","n/a","For metrics, refresh"
"churn rate in telecom","=HYPERLINK(""https://smrs.toolsfrog.com/analytics/keywordoverview/?q=churn%20rate%20in%20telecom&db=us"",""churn rate in telecom​"")","n/a","n/a","0","10","","n/a","n/a","n/a","0.00","0.33","n/a","n/a","For metrics, refresh"
"churn rate industry benchmarks","=HYPERLINK(""https://smrs.toolsfrog.com/analytics/keywordoverview/?q=churn%20rate%20industry%20benchmarks&db=us"",""churn rate industry benchmarks​"")","n/a","n/a","0","10","","n/a","n/a","n/a","0.00","0.00","n/a","n/a","For metrics, refresh"
"churn rate lifetime value","=HYPERLINK(""https://smrs.toolsfrog.com/analytics/keywordoverview/?q=churn%20rate%20lifetime%20value&db=us"",""churn rate lifetime value​"")","n/a","n/a","0","10","","n/a","n/a","n/a","0.00","0.33","n/a","n/a","For metrics, refresh"
"churn rate machine learning","=HYPERLINK(""https://smrs.toolsfrog.com/analytics/keywordoverview/?q=churn%20rate%20machine%20learning&db=us"",""churn rate machine learning​"")","n/a","n/a","0","10","","n/a","n/a","n/a","0.00","0.00","n/a","n/a","For metrics, refresh"
"churn rate meaning in hindi","=HYPERLINK(""https://smrs.toolsfrog.com/analytics/keywordoverview/?q=churn%20rate%20meaning%20in%20hindi&db=us"",""churn rate meaning in hindi​"")","n/a","n/a","0","10","","n/a","n/a","n/a","0.00","0.00","n/a","n/a","For metrics, refresh"
"churn rate means","=HYPERLINK(""https://smrs.toolsfrog.com/analytics/keywordoverview/?q=churn%20rate%20means&db=us"",""churn rate means​"")","n/a","n/a","0","10","","n/a","n/a","n/a","0.47","0.04","n/a","n/a","For metrics, refresh"
"churn rate mobile app","=HYPERLINK(""https://smrs.toolsfrog.com/analytics/keywordoverview/?q=churn%20rate%20mobile%20app&db=us"",""churn rate mobile app​"")","n/a","n/a","0","10","","n/a","n/a","n/a","0.00","0.00","n/a","n/a","For metrics, refresh"
"churn rate monthly to annual","=HYPERLINK(""https://smrs.toolsfrog.com/analytics/keywordoverview/?q=churn%20rate%20monthly%20to%20annual&db=us"",""churn rate monthly to annual​"")","n/a","n/a","0","10","","n/a","n/a","n/a","0.00","0.00","n/a","n/a","For metrics, refresh"
"churn rate nedir","=HYPERLINK(""https://smrs.toolsfrog.com/analytics/keywordoverview/?q=churn%20rate%20nedir&db=us"",""churn rate nedir​"")","n/a","n/a","0","10","","n/a","n/a","n/a","0.00","0.00","n/a","n/a","For metrics, refresh"
"churn rate news","=HYPERLINK(""https://smrs.toolsfrog.com/analytics/keywordoverview/?q=churn%20rate%20news&db=us"",""churn rate news​"")","n/a","n/a","0","10","","n/a","n/a","n/a","0.00","0.00","n/a","n/a","For metrics, refresh"
"churn rate o que é","=HYPERLINK(""https://smrs.toolsfrog.com/analytics/keywordoverview/?q=churn%20rate%20o%20que%20%C3%A9&db=us"",""churn rate o que é​"")","n/a","n/a","0","10","","n/a","n/a","n/a","0.00","0.00","n/a","n/a","For metrics, refresh"
"churn rate optimization","=HYPERLINK(""https://smrs.toolsfrog.com/analytics/keywordoverview/?q=churn%20rate%20optimization&db=us"",""churn rate optimization​"")","n/a","n/a","0","10","","n/a","n/a","n/a","0.00","0.00","n/a","n/a","For metrics, refresh"
"churn rate power bi","=HYPERLINK(""https://smrs.toolsfrog.com/analytics/keywordoverview/?q=churn%20rate%20power%20bi&db=us"",""churn rate power bi​"")","n/a","n/a","0","10","","n/a","n/a","n/a","0.00","0.14","n/a","n/a","For metrics, refresh"
"churn rate prediction model","=HYPERLINK(""https://smrs.toolsfrog.com/analytics/keywordoverview/?q=churn%20rate%20prediction%20model&db=us"",""churn rate prediction model​"")","n/a","n/a","0","10","","n/a","n/a","n/a","0.00","0.00","n/a","n/a","For metrics, refresh"
"churn rate reduction","=HYPERLINK(""https://smrs.toolsfrog.com/analytics/keywordoverview/?q=churn%20rate%20reduction&db=us"",""churn rate reduction​"")","n/a","n/a","0","10","","n/a","n/a","n/a","10.98","0.08","n/a","n/a","For metrics, refresh"
"churn rate report","=HYPERLINK(""https://smrs.toolsfrog.com/analytics/keywordoverview/?q=churn%20rate%20report&db=us"",""churn rate report​"")","n/a","n/a","0","10","","n/a","n/a","n/a","0.00","0.00","n/a","n/a","For metrics, refresh"
"churn rate revenue","=HYPERLINK(""https://smrs.toolsfrog.com/analytics/keywordoverview/?q=churn%20rate%20revenue&db=us"",""churn rate revenue​"")","n/a","n/a","0","10","","n/a","n/a","n/a","0.00","0.00","n/a","n/a","For metrics, refresh"
"churn rate saas b2b","=HYPERLINK(""https://smrs.toolsfrog.com/analytics/keywordoverview/?q=churn%20rate%20saas%20b2b&db=us"",""churn rate saas b2b​"")","n/a","n/a","0","10","","n/a","n/a","n/a","0.00","0.00","n/a","n/a","For metrics, refresh"
"churn rate synonyms","=HYPERLINK(""https://smrs.toolsfrog.com/analytics/keywordoverview/?q=churn%20rate%20synonyms&db=us"",""churn rate synonyms​"")","n/a","n/a","0","10","","n/a","n/a","n/a","0.00","0.33","n/a","n/a","For metrics, refresh"
"churn rate tableau","=HYPERLINK(""https://smrs.toolsfrog.com/analytics/keywordoverview/?q=churn%20rate%20tableau&db=us"",""churn rate tableau​"")","n/a","n/a","0","10","","n/a","n/a","n/a","0.00","0.14","n/a","n/a","For metrics, refresh"
"churn rate traduccion","=HYPERLINK(""https://smrs.toolsfrog.com/analytics/keywordoverview/?q=churn%20rate%20traduccion&db=us"",""churn rate traduccion​"")","n/a","n/a","0","10","","n/a","n/a","n/a","0.00","0.00","n/a","n/a","For metrics, refresh"
"churn rate traduction","=HYPERLINK(""https://smrs.toolsfrog.com/analytics/keywordoverview/?q=churn%20rate%20traduction&db=us"",""churn rate traduction​"")","n/a","n/a","0","10","","n/a","n/a","n/a","0.00","0.33","n/a","n/a","For metrics, refresh"
"churn rate traduzione","=HYPERLINK(""https://smrs.toolsfrog.com/analytics/keywordoverview/?q=churn%20rate%20traduzione&db=us"",""churn rate traduzione​"")","n/a","n/a","0","10","","n/a","n/a","n/a","0.00","0.00","n/a","n/a","For metrics, refresh"
"churn rate ux","=HYPERLINK(""https://smrs.toolsfrog.com/analytics/keywordoverview/?q=churn%20rate%20ux&db=us"",""churn rate ux​"")","n/a","n/a","0","10","","n/a","n/a","n/a","0.00","0.00","n/a","n/a","For metrics, refresh"
"churn rate wiki","=HYPERLINK(""https://smrs.toolsfrog.com/analytics/keywordoverview/?q=churn%20rate%20wiki&db=us"",""churn rate wiki​"")","n/a","n/a","0","10","","n/a","n/a","n/a","0.00","0.00","n/a","n/a","For metrics, refresh"
"churn rate формула","=HYPERLINK(""https://smrs.toolsfrog.com/analytics/keywordoverview/?q=churn%20rate%20%D1%84%D0%BE%D1%80%D0%BC%D1%83%D0%BB%D0%B0&db=us"",""churn rate формула​"")","n/a","n/a","0","10","","n/a","n/a","n/a","0.00","0.33","n/a","n/a","For metrics, refresh"
"churn rate что это","=HYPERLINK(""https://smrs.toolsfrog.com/analytics/keywordoverview/?q=churn%20rate%20%D1%87%D1%82%D0%BE%20%D1%8D%D1%82%D0%BE&db=us"",""churn rate что это​"")","n/a","n/a","0","10","","n/a","n/a","n/a","0.00","0.00","n/a","n/a","For metrics, refresh"
"churn rate چیست","=HYPERLINK(""https://smrs.toolsfrog.com/analytics/keywordoverview/?q=churn%20rate%20%DA%86%DB%8C%D8%B3%D8%AA&db=us"",""churn rate چیست​"")","n/a","n/a","0","10","","n/a","n/a","n/a","0.00","0.33","n/a","n/a","For metrics, refresh"
"churn rate คือ","=HYPERLINK(""https://smrs.toolsfrog.com/analytics/keywordoverview/?q=churn%20rate%20%E0%B8%84%E0%B8%B7%E0%B8%AD&db=us"",""churn rate คือ​"")","n/a","n/a","0","10","","n/a","n/a","n/a","0.00","0.33","n/a","n/a","For metrics, refresh"
"churn rate แปล","=HYPERLINK(""https://smrs.toolsfrog.com/analytics/keywordoverview/?q=churn%20rate%20%E0%B9%81%E0%B8%9B%E0%B8%A5&db=us"",""churn rate แปล​"")","n/a","n/a","0","10","","n/a","n/a","n/a","0.00","0.00","n/a","n/a","For metrics, refresh"
"churn rate 계산","=HYPERLINK(""https://smrs.toolsfrog.com/analytics/keywordoverview/?q=churn%20rate%20%EA%B3%84%EC%82%B0&db=us"",""churn rate 계산​"")","n/a","n/a","0","10","","n/a","n/a","n/a","0.00","0.00","n/a","n/a","For metrics, refresh"
"churn rates meaning","=HYPERLINK(""https://smrs.toolsfrog.com/analytics/keywordoverview/?q=churn%20rates%20meaning&db=us"",""churn rates meaning​"")","n/a","n/a","0","10","","n/a","n/a","n/a","0.47","0.04","n/a","n/a","For metrics, refresh"
"churn rates primary care enablement companies 2025","=HYPERLINK(""https://smrs.toolsfrog.com/analytics/keywordoverview/?q=churn%20rates%20primary%20care%20enablement%20companies%202025&db=us"",""churn rates primary care enablement companies 2025​"")","n/a","n/a","0","10","","n/a","n/a","n/a","0.00","0.00","n/a","n/a","For metrics, refresh"
"churn-rate","=HYPERLINK(""https://smrs.toolsfrog.com/analytics/keywordoverview/?q=churn-rate&db=us"",""churn-rate​"")","n/a","n/a","0","10","","n/a","n/a","n/a","1.11","0.04","n/a","n/a","For metrics, refresh"
"como calcular el churn rate","=HYPERLINK(""https://smrs.toolsfrog.com/analytics/keywordoverview/?q=como%20calcular%20el%20churn%20rate&db=us"",""como calcular el churn rate​"")","n/a","n/a","0","10","","n/a","n/a","n/a","0.00","0.00","n/a","n/a","For metrics, refresh"
"como se calcula el churn rate","=HYPERLINK(""https://smrs.toolsfrog.com/analytics/keywordoverview/?q=como%20se%20calcula%20el%20churn%20rate&db=us"",""como se calcula el churn rate​"")","n/a","n/a","0","10","","n/a","n/a","n/a","0.00","0.00","n/a","n/a","For metrics, refresh"
"customer churn rate in telecom industry","=HYPERLINK(""https://smrs.toolsfrog.com/analytics/keywordoverview/?q=customer%20churn%20rate%20in%20telecom%20industry&db=us"",""customer churn rate in telecom industry​"")","n/a","n/a","0","10","","n/a","n/a","n/a","0.00","0.00","n/a","n/a","For metrics, refresh"
"customer lifetime value and churn rate","=HYPERLINK(""https://smrs.toolsfrog.com/analytics/keywordoverview/?q=customer%20lifetime%20value%20and%20churn%20rate&db=us"",""customer lifetime value and churn rate​"")","n/a","n/a","0","10","","n/a","n/a","n/a","0.00","0.00","n/a","n/a","For metrics, refresh"
"customers churn rate","=HYPERLINK(""https://smrs.toolsfrog.com/analytics/keywordoverview/?q=customers%20churn%20rate&db=us"",""customers churn rate​"")","n/a","n/a","0","10","","n/a","n/a","n/a","1.86","0.03","n/a","n/a","For metrics, refresh"
"decrease churn rate b2b saas","=HYPERLINK(""https://smrs.toolsfrog.com/analytics/keywordoverview/?q=decrease%20churn%20rate%20b2b%20saas&db=us"",""decrease churn rate b2b saas​"")","n/a","n/a","0","10","","n/a","n/a","n/a","0.00","0.33","n/a","n/a","For metrics, refresh"
"definition churn rate","=HYPERLINK(""https://smrs.toolsfrog.com/analytics/keywordoverview/?q=definition%20churn%20rate&db=us"",""definition churn rate​"")","n/a","n/a","0","10","","n/a","n/a","n/a","0.21","0.04","n/a","n/a","For metrics, refresh"
"designer brands customer churn rate and retention 2025","=HYPERLINK(""https://smrs.toolsfrog.com/analytics/keywordoverview/?q=designer%20brands%20customer%20churn%20rate%20and%20retention%202025&db=us"",""designer brands customer churn rate and retention 2025​"")","n/a","n/a","0","10","","n/a","n/a","n/a","0.00","0.00","n/a","n/a","For metrics, refresh"
"difference between gross churn rate and net churn","=HYPERLINK(""https://smrs.toolsfrog.com/analytics/keywordoverview/?q=difference%20between%20gross%20churn%20rate%20and%20net%20churn&db=us"",""difference between gross churn rate and net churn​"")","n/a","n/a","0","10","","n/a","n/a","n/a","0.00","0.00","n/a","n/a","For metrics, refresh"
"dine brands global customer churn rate compared to industry 2025","=HYPERLINK(""https://smrs.toolsfrog.com/analytics/keywordoverview/?q=dine%20brands%20global%20customer%20churn%20rate%20compared%20to%20industry%202025&db=us"",""dine brands global customer churn rate compared to industry 2025​"")","n/a","n/a","0","10","","n/a","n/a","n/a","0.00","0.00","n/a","n/a","For metrics, refresh"
"directv churn rate","=HYPERLINK(""https://smrs.toolsfrog.com/analytics/keywordoverview/?q=directv%20churn%20rate&db=us"",""directv churn rate​"")","n/a","n/a","0","10","","n/a","n/a","n/a","0.00","0.00","n/a","n/a","For metrics, refresh"
"disney+ monthly churn rate","=HYPERLINK(""https://smrs.toolsfrog.com/analytics/keywordoverview/?q=disney%2B%20monthly%20churn%20rate&db=us"",""disney+ monthly churn rate​"")","n/a","n/a","0","10","","n/a","n/a","n/a","0.00","0.00","n/a","n/a","For metrics, refresh"
"ebay customer churn rate and retention 2025","=HYPERLINK(""https://smrs.toolsfrog.com/analytics/keywordoverview/?q=ebay%20customer%20churn%20rate%20and%20retention%202025&db=us"",""ebay customer churn rate and retention 2025​"")","n/a","n/a","0","10","","n/a","n/a","n/a","0.00","0.00","n/a","n/a","For metrics, refresh"
"ecommerce churn rate benchmark","=HYPERLINK(""https://smrs.toolsfrog.com/analytics/keywordoverview/?q=ecommerce%20churn%20rate%20benchmark&db=us"",""ecommerce churn rate benchmark​"")","n/a","n/a","0","10","","n/a","n/a","n/a","0.00","0.00","n/a","n/a","For metrics, refresh"
"ecommerce churn rate benchmarks","=HYPERLINK(""https://smrs.toolsfrog.com/analytics/keywordoverview/?q=ecommerce%20churn%20rate%20benchmarks&db=us"",""ecommerce churn rate benchmarks​"")","n/a","n/a","0","10","","n/a","n/a","n/a","0.00","0.00","n/a","n/a","For metrics, refresh"
"estadísticas churn rate empresas servicios falta follow-up comunicación","=HYPERLINK(""https://smrs.toolsfrog.com/analytics/keywordoverview/?q=estad%C3%ADsticas%20churn%20rate%20empresas%20servicios%20falta%20follow-up%20comunicaci%C3%B3n&db=us"",""estadísticas churn rate empresas servicios falta follow-up comunicación​"")","n/a","n/a","0","10","","n/a","n/a","n/a","0.00","0.00","n/a","n/a","For metrics, refresh"
"estadísticas churn rate falta de seguimiento clientes servicios","=HYPERLINK(""https://smrs.toolsfrog.com/analytics/keywordoverview/?q=estad%C3%ADsticas%20churn%20rate%20falta%20de%20seguimiento%20clientes%20servicios&db=us"",""estadísticas churn rate falta de seguimiento clientes servicios​"")","n/a","n/a","0","10","","n/a","n/a","n/a","0.00","0.00","n/a","n/a","For metrics, refresh"
"factors contributing to high churn rates","=HYPERLINK(""https://smrs.toolsfrog.com/analytics/keywordoverview/?q=factors%20contributing%20to%20high%20churn%20rates&db=us"",""factors contributing to high churn rates​"")","n/a","n/a","0","10","","n/a","n/a","n/a","0.00","0.00","n/a","n/a","For metrics, refresh"
"ferrari customer churn rate and retention 2025","=HYPERLINK(""https://smrs.toolsfrog.com/analytics/keywordoverview/?q=ferrari%20customer%20churn%20rate%20and%20retention%202025&db=us"",""ferrari customer churn rate and retention 2025​"")","n/a","n/a","0","10","","n/a","n/a","n/a","0.00","0.00","n/a","n/a","For metrics, refresh"
"fleet telematics churn rate","=HYPERLINK(""https://smrs.toolsfrog.com/analytics/keywordoverview/?q=fleet%20telematics%20churn%20rate&db=us"",""fleet telematics churn rate​"")","n/a","n/a","0","10","","n/a","n/a","n/a","0.00","0.00","n/a","n/a","For metrics, refresh"
"fórmula churn rate","=HYPERLINK(""https://smrs.toolsfrog.com/analytics/keywordoverview/?q=f%C3%B3rmula%20churn%20rate&db=us"",""fórmula churn rate​"")","n/a","n/a","0","10","","n/a","n/a","n/a","0.00","0.00","n/a","n/a","For metrics, refresh"
"google analytics churn rate","=HYPERLINK(""https://smrs.toolsfrog.com/analytics/keywordoverview/?q=google%20analytics%20churn%20rate&db=us"",""google analytics churn rate​"")","n/a","n/a","0","10","","n/a","n/a","n/a","0.00","0.33","n/a","n/a","For metrics, refresh"
"grubhub aov order frequency retention rate churn 2025 2026","=HYPERLINK(""https://smrs.toolsfrog.com/analytics/keywordoverview/?q=grubhub%20aov%20order%20frequency%20retention%20rate%20churn%202025%202026&db=us"",""grubhub aov order frequency retention rate churn 2025 2026​"")","n/a","n/a","0","10","","n/a","n/a","n/a","0.00","0.00","n/a","n/a","For metrics, refresh"
"h&r block customer churn rate and retention 2025","=HYPERLINK(""https://smrs.toolsfrog.com/analytics/keywordoverview/?q=h%26r%20block%20customer%20churn%20rate%20and%20retention%202025&db=us"",""h&r block customer churn rate and retention 2025​"")","n/a","n/a","0","10","","n/a","n/a","n/a","0.00","0.00","n/a","n/a","For metrics, refresh"
"high churn rate latam","=HYPERLINK(""https://smrs.toolsfrog.com/analytics/keywordoverview/?q=high%20churn%20rate%20latam&db=us"",""high churn rate latam​"")","n/a","n/a","0","10","","n/a","n/a","n/a","0.00","0.00","n/a","n/a","For metrics, refresh"
"high churn rate's affect on a customer's lifetime value","=HYPERLINK(""https://smrs.toolsfrog.com/analytics/keywordoverview/?q=high%20churn%20rate's%20affect%20on%20a%20customer's%20lifetime%20value&db=us"",""high churn rate's affect on a customer's lifetime value​"")","n/a","n/a","0","10","","n/a","n/a","n/a","0.00","0.00","n/a","n/a","For metrics, refresh"
"high churn rates","=HYPERLINK(""https://smrs.toolsfrog.com/analytics/keywordoverview/?q=high%20churn%20rates&db=us"",""high churn rates​"")","n/a","n/a","0","10","","n/a","n/a","n/a","0.00","0.01","n/a","n/a","For metrics, refresh"
"honda customer churn rate and retention 2025","=HYPERLINK(""https://smrs.toolsfrog.com/analytics/keywordoverview/?q=honda%20customer%20churn%20rate%20and%20retention%202025&db=us"",""honda customer churn rate and retention 2025​"")","n/a","n/a","0","10","","n/a","n/a","n/a","0.00","0.00","n/a","n/a","For metrics, refresh"
"how companies reduce customer churn rates strategies 2024 2025","=HYPERLINK(""https://smrs.toolsfrog.com/analytics/keywordoverview/?q=how%20companies%20reduce%20customer%20churn%20rates%20strategies%202024%202025&db=us"",""how companies reduce customer churn rates strategies 2024 2025​"")","n/a","n/a","0","10","","n/a","n/a","n/a","0.00","0.00","n/a","n/a","For metrics, refresh"
"how do i lower my churn rate saas","=HYPERLINK(""https://smrs.toolsfrog.com/analytics/keywordoverview/?q=how%20do%20i%20lower%20my%20churn%20rate%20saas&db=us"",""how do i lower my churn rate saas​"")","n/a","n/a","0","10","","n/a","n/a","n/a","6.46","0.05","n/a","n/a","For metrics, refresh"
"how to calculate churn rate ecommerce","=HYPERLINK(""https://smrs.toolsfrog.com/analytics/keywordoverview/?q=how%20to%20calculate%20churn%20rate%20ecommerce&db=us"",""how to calculate churn rate ecommerce​"")","n/a","n/a","0","10","","n/a","n/a","n/a","0.00","0.86","n/a","n/a","For metrics, refresh"
"how to calculate churn rate in tableau","=HYPERLINK(""https://smrs.toolsfrog.com/analytics/keywordoverview/?q=how%20to%20calculate%20churn%20rate%20in%20tableau&db=us"",""how to calculate churn rate in tableau​"")","n/a","n/a","0","10","","n/a","n/a","n/a","0.00","0.00","n/a","n/a","For metrics, refresh"
"how to calculate churn rate in telecom","=HYPERLINK(""https://smrs.toolsfrog.com/analytics/keywordoverview/?q=how%20to%20calculate%20churn%20rate%20in%20telecom&db=us"",""how to calculate churn rate in telecom​"")","n/a","n/a","0","10","","n/a","n/a","n/a","0.00","0.00","n/a","n/a","For metrics, refresh"
"how to calculate churn rate of employees","=HYPERLINK(""https://smrs.toolsfrog.com/analytics/keywordoverview/?q=how%20to%20calculate%20churn%20rate%20of%20employees&db=us"",""how to calculate churn rate of employees​"")","n/a","n/a","0","10","","n/a","n/a","n/a","0.00","0.00","n/a","n/a","For metrics, refresh"
"how to calculate churn rates","=HYPERLINK(""https://smrs.toolsfrog.com/analytics/keywordoverview/?q=how%20to%20calculate%20churn%20rates&db=us"",""how to calculate churn rates​"")","n/a","n/a","0","10","","n/a","n/a","n/a","1.17","0.14","n/a","n/a","For metrics, refresh"
"how to calculate saas churn rate","=HYPERLINK(""https://smrs.toolsfrog.com/analytics/keywordoverview/?q=how%20to%20calculate%20saas%20churn%20rate&db=us"",""how to calculate saas churn rate​"")","n/a","n/a","0","10","","n/a","n/a","n/a","0.00","0.00","n/a","n/a","For metrics, refresh"
"how to measure churn rate of restaurant","=HYPERLINK(""https://smrs.toolsfrog.com/analytics/keywordoverview/?q=how%20to%20measure%20churn%20rate%20of%20restaurant&db=us"",""how to measure churn rate of restaurant​"")","n/a","n/a","0","10","","n/a","n/a","n/a","0.00","0.00","n/a","n/a","For metrics, refresh"
"how to reduce churn rates","=HYPERLINK(""https://smrs.toolsfrog.com/analytics/keywordoverview/?q=how%20to%20reduce%20churn%20rates&db=us"",""how to reduce churn rates​"")","n/a","n/a","0","10","","n/a","n/a","n/a","10.33","0.14","n/a","n/a","For metrics, refresh"
"how to reduce customer churn rate best practices 2025 2026","=HYPERLINK(""https://smrs.toolsfrog.com/analytics/keywordoverview/?q=how%20to%20reduce%20customer%20churn%20rate%20best%20practices%202025%202026&db=us"",""how to reduce customer churn rate best practices 2025 2026​"")","n/a","n/a","0","10","","n/a","n/a","n/a","0.00","0.00","n/a","n/a","For metrics, refresh"
"how to track product churn rate using analytics tools","=HYPERLINK(""https://smrs.toolsfrog.com/analytics/keywordoverview/?q=how%20to%20track%20product%20churn%20rate%20using%20analytics%20tools&db=us"",""how to track product churn rate using analytics tools​"")","n/a","n/a","0","10","","n/a","n/a","n/a","0.00","0.00","n/a","n/a","For metrics, refresh"
"ideal churn rate for marketing agencies","=HYPERLINK(""https://smrs.toolsfrog.com/analytics/keywordoverview/?q=ideal%20churn%20rate%20for%20marketing%20agencies&db=us"",""ideal churn rate for marketing agencies​"")","n/a","n/a","0","10","","n/a","n/a","n/a","0.00","0.00","n/a","n/a","For metrics, refresh"
"ideal client churn rate for marketing agencies","=HYPERLINK(""https://smrs.toolsfrog.com/analytics/keywordoverview/?q=ideal%20client%20churn%20rate%20for%20marketing%20agencies&db=us"",""ideal client churn rate for marketing agencies​"")","n/a","n/a","0","10","","n/a","n/a","n/a","0.00","0.00","n/a","n/a","For metrics, refresh"
"impact of churn rate on saas growth projections","=HYPERLINK(""https://smrs.toolsfrog.com/analytics/keywordoverview/?q=impact%20of%20churn%20rate%20on%20saas%20growth%20projections&db=us"",""impact of churn rate on saas growth projections​"")","n/a","n/a","0","10","","n/a","n/a","n/a","0.00","0.00","n/a","n/a","For metrics, refresh"
"impact of data silos on customer churn rate","=HYPERLINK(""https://smrs.toolsfrog.com/analytics/keywordoverview/?q=impact%20of%20data%20silos%20on%20customer%20churn%20rate&db=us"",""impact of data silos on customer churn rate​"")","n/a","n/a","0","10","","n/a","n/a","n/a","0.00","0.00","n/a","n/a","For metrics, refresh"
"importance of churn rate for saas marketers","=HYPERLINK(""https://smrs.toolsfrog.com/analytics/keywordoverview/?q=importance%20of%20churn%20rate%20for%20saas%20marketers&db=us"",""importance of churn rate for saas marketers​"")","n/a","n/a","0","10","","n/a","n/a","n/a","0.00","0.00","n/a","n/a","For metrics, refresh"
"ingredion customer churn rate and retention 2025","=HYPERLINK(""https://smrs.toolsfrog.com/analytics/keywordoverview/?q=ingredion%20customer%20churn%20rate%20and%20retention%202025&db=us"",""ingredion customer churn rate and retention 2025​"")","n/a","n/a","0","10","","n/a","n/a","n/a","0.00","0.00","n/a","n/a","For metrics, refresh"
"intercontinental hotels group customer churn rate and retention 2025","=HYPERLINK(""https://smrs.toolsfrog.com/analytics/keywordoverview/?q=intercontinental%20hotels%20group%20customer%20churn%20rate%20and%20retention%202025&db=us"",""intercontinental hotels group customer churn rate and retention 2025​"")","n/a","n/a","0","10","","n/a","n/a","n/a","0.00","0.00","n/a","n/a","For metrics, refresh"
"intercontinental hotels group customer churn rate compared to industry 2025","=HYPERLINK(""https://smrs.toolsfrog.com/analytics/keywordoverview/?q=intercontinental%20hotels%20group%20customer%20churn%20rate%20compared%20to%20industry%202025&db=us"",""intercontinental hotels group customer churn rate compared to industry 2025​"")","n/a","n/a","0","10","","n/a","n/a","n/a","0.00","0.00","n/a","n/a","For metrics, refresh"
"kinsta churn rate","=HYPERLINK(""https://smrs.toolsfrog.com/analytics/keywordoverview/?q=kinsta%20churn%20rate&db=us"",""kinsta churn rate​"")","n/a","n/a","0","10","","n/a","n/a","n/a","0.00","0.00","n/a","n/a","For metrics, refresh"
"klaviyo subscriber retention or customer retention metrics or churn rate","=HYPERLINK(""https://smrs.toolsfrog.com/analytics/keywordoverview/?q=klaviyo%20subscriber%20retention%20or%20customer%20retention%20metrics%20or%20churn%20rate&db=us"",""klaviyo subscriber retention or customer retention metrics or churn rate​"")","n/a","n/a","0","10","","n/a","n/a","n/a","0.00","0.00","n/a","n/a","For metrics, refresh"
"lazboy customer churn rate and retention 2025","=HYPERLINK(""https://smrs.toolsfrog.com/analytics/keywordoverview/?q=lazboy%20customer%20churn%20rate%20and%20retention%202025&db=us"",""lazboy customer churn rate and retention 2025​"")","n/a","n/a","0","10","","n/a","n/a","n/a","0.00","0.00","n/a","n/a","For metrics, refresh"
"machine learning churn rate prediction","=HYPERLINK(""https://smrs.toolsfrog.com/analytics/keywordoverview/?q=machine%20learning%20churn%20rate%20prediction&db=us"",""machine learning churn rate prediction​"")","n/a","n/a","0","10","","n/a","n/a","n/a","0.00","0.00","n/a","n/a","For metrics, refresh"
"marketing agency client churn rate benchmark","=HYPERLINK(""https://smrs.toolsfrog.com/analytics/keywordoverview/?q=marketing%20agency%20client%20churn%20rate%20benchmark&db=us"",""marketing agency client churn rate benchmark​"")","n/a","n/a","0","10","","n/a","n/a","n/a","0.00","0.00","n/a","n/a","For metrics, refresh"
"marketing agency client churn rate benchmarks","=HYPERLINK(""https://smrs.toolsfrog.com/analytics/keywordoverview/?q=marketing%20agency%20client%20churn%20rate%20benchmarks&db=us"",""marketing agency client churn rate benchmarks​"")","n/a","n/a","0","10","","n/a","n/a","n/a","0.00","0.00","n/a","n/a","For metrics, refresh"
"mixpanel churn rate","=HYPERLINK(""https://smrs.toolsfrog.com/analytics/keywordoverview/?q=mixpanel%20churn%20rate&db=us"",""mixpanel churn rate​"")","n/a","n/a","0","10","","n/a","n/a","n/a","0.00","0.00","n/a","n/a","For metrics, refresh"
"mobile churn rate","=HYPERLINK(""https://smrs.toolsfrog.com/analytics/keywordoverview/?q=mobile%20churn%20rate&db=us"",""mobile churn rate​"")","n/a","n/a","0","10","","n/a","n/a","n/a","0.00","0.33","n/a","n/a","For metrics, refresh"
"monthly vs annual churn rate","=HYPERLINK(""https://smrs.toolsfrog.com/analytics/keywordoverview/?q=monthly%20vs%20annual%20churn%20rate&db=us"",""monthly vs annual churn rate​"")","n/a","n/a","0","10","","n/a","n/a","n/a","0.00","0.00","n/a","n/a","For metrics, refresh"
"msp churn rate benchmark","=HYPERLINK(""https://smrs.toolsfrog.com/analytics/keywordoverview/?q=msp%20churn%20rate%20benchmark&db=us"",""msp churn rate benchmark​"")","n/a","n/a","0","10","","n/a","n/a","n/a","0.00","0.00","n/a","n/a","For metrics, refresh"
"net revenue churn rate","=HYPERLINK(""https://smrs.toolsfrog.com/analytics/keywordoverview/?q=net%20revenue%20churn%20rate&db=us"",""net revenue churn rate​"")","n/a","n/a","0","10","","n/a","n/a","n/a","0.00","0.33","n/a","n/a","For metrics, refresh"
"netflix churn rate 2022","=HYPERLINK(""https://smrs.toolsfrog.com/analytics/keywordoverview/?q=netflix%20churn%20rate%202022&db=us"",""netflix churn rate 2022​"")","n/a","n/a","0","10","","n/a","n/a","n/a","0.00","0.00","n/a","n/a","For metrics, refresh"
"netflix churn rate 2025","=HYPERLINK(""https://smrs.toolsfrog.com/analytics/keywordoverview/?q=netflix%20churn%20rate%202025&db=us"",""netflix churn rate 2025​"")","n/a","n/a","0","10","","n/a","n/a","n/a","0.00","0.33","n/a","n/a","For metrics, refresh"
"netflix churn rate calculation","=HYPERLINK(""https://smrs.toolsfrog.com/analytics/keywordoverview/?q=netflix%20churn%20rate%20calculation&db=us"",""netflix churn rate calculation​"")","n/a","n/a","0","10","","n/a","n/a","n/a","0.00","0.00","n/a","n/a","For metrics, refresh"
"new york times customer churn rate and retention 2025","=HYPERLINK(""https://smrs.toolsfrog.com/analytics/keywordoverview/?q=new%20york%20times%20customer%20churn%20rate%20and%20retention%202025&db=us"",""new york times customer churn rate and retention 2025​"")","n/a","n/a","0","10","","n/a","n/a","n/a","0.00","0.00","n/a","n/a","For metrics, refresh"
"nvr customer churn rate and retention 2025","=HYPERLINK(""https://smrs.toolsfrog.com/analytics/keywordoverview/?q=nvr%20customer%20churn%20rate%20and%20retention%202025&db=us"",""nvr customer churn rate and retention 2025​"")","n/a","n/a","0","10","","n/a","n/a","n/a","0.00","0.00","n/a","n/a","For metrics, refresh"
"o'reilly automotive customer churn rate compared to industry 2025","=HYPERLINK(""https://smrs.toolsfrog.com/analytics/keywordoverview/?q=o'reilly%20automotive%20customer%20churn%20rate%20compared%20to%20industry%202025&db=us"",""o'reilly automotive customer churn rate compared to industry 2025​"")","n/a","n/a","0","10","","n/a","n/a","n/a","0.00","0.00","n/a","n/a","For metrics, refresh"
"ott churn rate","=HYPERLINK(""https://smrs.toolsfrog.com/analytics/keywordoverview/?q=ott%20churn%20rate&db=us"",""ott churn rate​"")","n/a","n/a","0","10","","n/a","n/a","n/a","0.00","0.00","n/a","n/a","For metrics, refresh"
"personalization tactics that lower churn rates","=HYPERLINK(""https://smrs.toolsfrog.com/analytics/keywordoverview/?q=personalization%20tactics%20that%20lower%20churn%20rates&db=us"",""personalization tactics that lower churn rates​"")","n/a","n/a","0","10","","n/a","n/a","n/a","0.00","0.00","n/a","n/a","For metrics, refresh"
"ppc churn rate","=HYPERLINK(""https://smrs.toolsfrog.com/analytics/keywordoverview/?q=ppc%20churn%20rate&db=us"",""ppc churn rate​"")","n/a","n/a","0","10","","n/a","n/a","n/a","0.00","0.00","n/a","n/a","For metrics, refresh"
"rate of churn","=HYPERLINK(""https://smrs.toolsfrog.com/analytics/keywordoverview/?q=rate%20of%20churn&db=us"",""rate of churn​"")","n/a","n/a","0","10","","n/a","n/a","n/a","1.11","0.04","n/a","n/a","For metrics, refresh"
"ratecentric websurance churn rate","=HYPERLINK(""https://smrs.toolsfrog.com/analytics/keywordoverview/?q=ratecentric%20websurance%20churn%20rate&db=us"",""ratecentric websurance churn rate​"")","n/a","n/a","0","10","","n/a","n/a","n/a","0.00","0.00","n/a","n/a","For metrics, refresh"
"reasons for high churn rate","=HYPERLINK(""https://smrs.toolsfrog.com/analytics/keywordoverview/?q=reasons%20for%20high%20churn%20rate&db=us"",""reasons for high churn rate​"")","n/a","n/a","0","10","","n/a","n/a","n/a","0.00","0.00","n/a","n/a","For metrics, refresh"
"retention churn rate","=HYPERLINK(""https://smrs.toolsfrog.com/analytics/keywordoverview/?q=retention%20churn%20rate&db=us"",""retention churn rate​"")","n/a","n/a","0","10","","n/a","n/a","n/a","6.69","0.17","n/a","n/a","For metrics, refresh"
"retention efforts primary kpis measurement customer churn rate","=HYPERLINK(""https://smrs.toolsfrog.com/analytics/keywordoverview/?q=retention%20efforts%20primary%20kpis%20measurement%20customer%20churn%20rate&db=us"",""retention efforts primary kpis measurement customer churn rate​"")","n/a","n/a","0","10","","n/a","n/a","n/a","0.00","0.00","n/a","n/a","For metrics, refresh"
"retention efforts primary kpis measurement customer retention rate churn rate","=HYPERLINK(""https://smrs.toolsfrog.com/analytics/keywordoverview/?q=retention%20efforts%20primary%20kpis%20measurement%20customer%20retention%20rate%20churn%20rate&db=us"",""retention efforts primary kpis measurement customer retention rate churn rate​"")","n/a","n/a","0","10","","n/a","n/a","n/a","0.00","0.00","n/a","n/a","For metrics, refresh"
"rev group customer churn rate and retention 2025","=HYPERLINK(""https://smrs.toolsfrog.com/analytics/keywordoverview/?q=rev%20group%20customer%20churn%20rate%20and%20retention%202025&db=us"",""rev group customer churn rate and retention 2025​"")","n/a","n/a","0","10","","n/a","n/a","n/a","0.00","0.00","n/a","n/a","For metrics, refresh"
"rule of three statistics zero events churn rate saas","=HYPERLINK(""https://smrs.toolsfrog.com/analytics/keywordoverview/?q=rule%20of%20three%20statistics%20zero%20events%20churn%20rate%20saas&db=us"",""rule of three statistics zero events churn rate saas​"")","n/a","n/a","0","10","","n/a","n/a","n/a","0.00","0.00","n/a","n/a","For metrics, refresh"
"saas churn rate average 2024","=HYPERLINK(""https://smrs.toolsfrog.com/analytics/keywordoverview/?q=saas%20churn%20rate%20average%202024&db=us"",""saas churn rate average 2024​"")","n/a","n/a","0","10","","n/a","n/a","n/a","0.00","0.00","n/a","n/a","For metrics, refresh"
"saas churn rate benchmark 2024","=HYPERLINK(""https://smrs.toolsfrog.com/analytics/keywordoverview/?q=saas%20churn%20rate%20benchmark%202024&db=us"",""saas churn rate benchmark 2024​"")","n/a","n/a","0","10","","n/a","n/a","n/a","0.00","0.00","n/a","n/a","For metrics, refresh"
"salesforce vs hubspot customer churn rate","=HYPERLINK(""https://smrs.toolsfrog.com/analytics/keywordoverview/?q=salesforce%20vs%20hubspot%20customer%20churn%20rate&db=us"",""salesforce vs hubspot customer churn rate​"")","n/a","n/a","0","10","","n/a","n/a","n/a","0.00","0.00","n/a","n/a","For metrics, refresh"
"salesforce vs hubspot customer churn rates","=HYPERLINK(""https://smrs.toolsfrog.com/analytics/keywordoverview/?q=salesforce%20vs%20hubspot%20customer%20churn%20rates&db=us"",""salesforce vs hubspot customer churn rates​"")","n/a","n/a","0","10","","n/a","n/a","n/a","0.00","0.00","n/a","n/a","For metrics, refresh"
"scholastic customer churn rate and retention 2025","=HYPERLINK(""https://smrs.toolsfrog.com/analytics/keywordoverview/?q=scholastic%20customer%20churn%20rate%20and%20retention%202025&db=us"",""scholastic customer churn rate and retention 2025​"")","n/a","n/a","0","10","","n/a","n/a","n/a","0.00","0.00","n/a","n/a","For metrics, refresh"
"service corp customer churn rate and retention 2025","=HYPERLINK(""https://smrs.toolsfrog.com/analytics/keywordoverview/?q=service%20corp%20customer%20churn%20rate%20and%20retention%202025&db=us"",""service corp customer churn rate and retention 2025​"")","n/a","n/a","0","10","","n/a","n/a","n/a","0.00","0.00","n/a","n/a","For metrics, refresh"
"shopify churn rate analysis tools","=HYPERLINK(""https://smrs.toolsfrog.com/analytics/keywordoverview/?q=shopify%20churn%20rate%20analysis%20tools&db=us"",""shopify churn rate analysis tools​"")","n/a","n/a","0","10","","n/a","n/a","n/a","0.00","0.00","n/a","n/a","For metrics, refresh"
"smb saas churn rate","=HYPERLINK(""https://smrs.toolsfrog.com/analytics/keywordoverview/?q=smb%20saas%20churn%20rate&db=us"",""smb saas churn rate​"")","n/a","n/a","0","10","","n/a","n/a","n/a","0.00","0.00","n/a","n/a","For metrics, refresh"
"spotify churn rate 2023","=HYPERLINK(""https://smrs.toolsfrog.com/analytics/keywordoverview/?q=spotify%20churn%20rate%202023&db=us"",""spotify churn rate 2023​"")","n/a","n/a","0","10","","n/a","n/a","n/a","0.00","0.00","n/a","n/a","For metrics, refresh"
"starbucks customer churn rate and retention 2025","=HYPERLINK(""https://smrs.toolsfrog.com/analytics/keywordoverview/?q=starbucks%20customer%20churn%20rate%20and%20retention%202025&db=us"",""starbucks customer churn rate and retention 2025​"")","n/a","n/a","0","10","","n/a","n/a","n/a","0.00","0.00","n/a","n/a","For metrics, refresh"
"starbucks customer retention rate or churn rate","=HYPERLINK(""https://smrs.toolsfrog.com/analytics/keywordoverview/?q=starbucks%20customer%20retention%20rate%20or%20churn%20rate&db=us"",""starbucks customer retention rate or churn rate​"")","n/a","n/a","0","10","","n/a","n/a","n/a","0.00","0.00","n/a","n/a","For metrics, refresh"
"stitch fix churn rate","=HYPERLINK(""https://smrs.toolsfrog.com/analytics/keywordoverview/?q=stitch%20fix%20churn%20rate&db=us"",""stitch fix churn rate​"")","n/a","n/a","0","10","","n/a","n/a","n/a","0.00","0.00","n/a","n/a","For metrics, refresh"
"strayer education customer churn rate and retention 2025","=HYPERLINK(""https://smrs.toolsfrog.com/analytics/keywordoverview/?q=strayer%20education%20customer%20churn%20rate%20and%20retention%202025&db=us"",""strayer education customer churn rate and retention 2025​"")","n/a","n/a","0","10","","n/a","n/a","n/a","0.00","0.00","n/a","n/a","For metrics, refresh"
"subscription box average monthly churn rate","=HYPERLINK(""https://smrs.toolsfrog.com/analytics/keywordoverview/?q=subscription%20box%20average%20monthly%20churn%20rate&db=us"",""subscription box average monthly churn rate​"")","n/a","n/a","0","10","","n/a","n/a","n/a","0.00","0.00","n/a","n/a","For metrics, refresh"
"subscription box industry average monthly churn rate","=HYPERLINK(""https://smrs.toolsfrog.com/analytics/keywordoverview/?q=subscription%20box%20industry%20average%20monthly%20churn%20rate&db=us"",""subscription box industry average monthly churn rate​"")","n/a","n/a","0","10","","n/a","n/a","n/a","0.00","0.00","n/a","n/a","For metrics, refresh"
"subscription churn rate analytics tools","=HYPERLINK(""https://smrs.toolsfrog.com/analytics/keywordoverview/?q=subscription%20churn%20rate%20analytics%20tools&db=us"",""subscription churn rate analytics tools​"")","n/a","n/a","0","10","","n/a","n/a","n/a","0.00","0.00","n/a","n/a","For metrics, refresh"
"subscription churn rate analytics vendor","=HYPERLINK(""https://smrs.toolsfrog.com/analytics/keywordoverview/?q=subscription%20churn%20rate%20analytics%20vendor&db=us"",""subscription churn rate analytics vendor​"")","n/a","n/a","0","10","","n/a","n/a","n/a","0.00","0.00","n/a","n/a","For metrics, refresh"
"t-mobile at&t postpaid churn rate 2020 2021 2022 2023","=HYPERLINK(""https://smrs.toolsfrog.com/analytics/keywordoverview/?q=t-mobile%20at%26t%20postpaid%20churn%20rate%202020%202021%202022%202023&db=us"",""t-mobile at&t postpaid churn rate 2020 2021 2022 2023​"")","n/a","n/a","0","10","","n/a","n/a","n/a","0.00","0.00","n/a","n/a","For metrics, refresh"
"t-mobile churn rate","=HYPERLINK(""https://smrs.toolsfrog.com/analytics/keywordoverview/?q=t-mobile%20churn%20rate&db=us"",""t-mobile churn rate​"")","n/a","n/a","0","10","","n/a","n/a","n/a","0.00","0.33","n/a","n/a","For metrics, refresh"
"t-mobile postpaid churn rate 2020 2021 2022 2023 churn rate","=HYPERLINK(""https://smrs.toolsfrog.com/analytics/keywordoverview/?q=t-mobile%20postpaid%20churn%20rate%202020%202021%202022%202023%20churn%20rate&db=us"",""t-mobile postpaid churn rate 2020 2021 2022 2023 churn rate​"")","n/a","n/a","0","10","","n/a","n/a","n/a","0.00","0.00","n/a","n/a","For metrics, refresh"
"t-mobile postpaid churn rate 2023 2022 2021 2020","=HYPERLINK(""https://smrs.toolsfrog.com/analytics/keywordoverview/?q=t-mobile%20postpaid%20churn%20rate%202023%202022%202021%202020&db=us"",""t-mobile postpaid churn rate 2023 2022 2021 2020​"")","n/a","n/a","0","10","","n/a","n/a","n/a","0.00","0.00","n/a","n/a","For metrics, refresh"
"t-mobile postpaid churn rate 2023 annual","=HYPERLINK(""https://smrs.toolsfrog.com/analytics/keywordoverview/?q=t-mobile%20postpaid%20churn%20rate%202023%20annual&db=us"",""t-mobile postpaid churn rate 2023 annual​"")","n/a","n/a","0","10","","n/a","n/a","n/a","0.00","0.00","n/a","n/a","For metrics, refresh"
"t-mobile postpaid phone churn rate 2020","=HYPERLINK(""https://smrs.toolsfrog.com/analytics/keywordoverview/?q=t-mobile%20postpaid%20phone%20churn%20rate%202020&db=us"",""t-mobile postpaid phone churn rate 2020​"")","n/a","n/a","0","10","","n/a","n/a","n/a","0.00","0.00","n/a","n/a","For metrics, refresh"
"t-mobile postpaid phone churn rate 2021","=HYPERLINK(""https://smrs.toolsfrog.com/analytics/keywordoverview/?q=t-mobile%20postpaid%20phone%20churn%20rate%202021&db=us"",""t-mobile postpaid phone churn rate 2021​"")","n/a","n/a","0","10","","n/a","n/a","n/a","0.00","0.00","n/a","n/a","For metrics, refresh"
"t-mobile postpaid phone churn rate 2022","=HYPERLINK(""https://smrs.toolsfrog.com/analytics/keywordoverview/?q=t-mobile%20postpaid%20phone%20churn%20rate%202022&db=us"",""t-mobile postpaid phone churn rate 2022​"")","n/a","n/a","0","10","","n/a","n/a","n/a","0.00","0.00","n/a","n/a","For metrics, refresh"
"t-mobile postpaid phone churn rates 2020 2021 2022 2023","=HYPERLINK(""https://smrs.toolsfrog.com/analytics/keywordoverview/?q=t-mobile%20postpaid%20phone%20churn%20rates%202020%202021%202022%202023&db=us"",""t-mobile postpaid phone churn rates 2020 2021 2022 2023​"")","n/a","n/a","0","10","","n/a","n/a","n/a","0.00","0.00","n/a","n/a","For metrics, refresh"
"tableau churn rate","=HYPERLINK(""https://smrs.toolsfrog.com/analytics/keywordoverview/?q=tableau%20churn%20rate&db=us"",""tableau churn rate​"")","n/a","n/a","0","10","","n/a","n/a","n/a","0.00","0.00","n/a","n/a","For metrics, refresh"
"telco churn rate","=HYPERLINK(""https://smrs.toolsfrog.com/analytics/keywordoverview/?q=telco%20churn%20rate&db=us"",""telco churn rate​"")","n/a","n/a","0","10","","n/a","n/a","n/a","0.00","0.00","n/a","n/a","For metrics, refresh"
"telecom churn rate after price increase","=HYPERLINK(""https://smrs.toolsfrog.com/analytics/keywordoverview/?q=telecom%20churn%20rate%20after%20price%20increase&db=us"",""telecom churn rate after price increase​"")","n/a","n/a","0","10","","n/a","n/a","n/a","0.00","0.00","n/a","n/a","For metrics, refresh"
"telus churn rate","=HYPERLINK(""https://smrs.toolsfrog.com/analytics/keywordoverview/?q=telus%20churn%20rate&db=us"",""telus churn rate​"")","n/a","n/a","0","10","","n/a","n/a","n/a","0.00","0.00","n/a","n/a","For metrics, refresh"
"top-rated firms for sales win loss and customer churn analysis","=HYPERLINK(""https://smrs.toolsfrog.com/analytics/keywordoverview/?q=top-rated%20firms%20for%20sales%20win%20loss%20and%20customer%20churn%20analysis&db=us"",""top-rated firms for sales win loss and customer churn analysis​"")","n/a","n/a","0","10","","n/a","n/a","n/a","0.00","0.00","n/a","n/a","For metrics, refresh"
"typical churn rate b2b saas 2024","=HYPERLINK(""https://smrs.toolsfrog.com/analytics/keywordoverview/?q=typical%20churn%20rate%20b2b%20saas%202024&db=us"",""typical churn rate b2b saas 2024​"")","n/a","n/a","0","10","","n/a","n/a","n/a","0.00","0.00","n/a","n/a","For metrics, refresh"
"typical churn rate for digital marketing agencies","=HYPERLINK(""https://smrs.toolsfrog.com/analytics/keywordoverview/?q=typical%20churn%20rate%20for%20digital%20marketing%20agencies&db=us"",""typical churn rate for digital marketing agencies​"")","n/a","n/a","0","10","","n/a","n/a","n/a","0.00","0.00","n/a","n/a","For metrics, refresh"
"typical monthly churn rate b2b saas 2024","=HYPERLINK(""https://smrs.toolsfrog.com/analytics/keywordoverview/?q=typical%20monthly%20churn%20rate%20b2b%20saas%202024&db=us"",""typical monthly churn rate b2b saas 2024​"")","n/a","n/a","0","10","","n/a","n/a","n/a","0.00","0.00","n/a","n/a","For metrics, refresh"
"typical monthly churn rate smb saas","=HYPERLINK(""https://smrs.toolsfrog.com/analytics/keywordoverview/?q=typical%20monthly%20churn%20rate%20smb%20saas&db=us"",""typical monthly churn rate smb saas​"")","n/a","n/a","0","10","","n/a","n/a","n/a","0.00","0.00","n/a","n/a","For metrics, refresh"
"unexpectedly high churn rates","=HYPERLINK(""https://smrs.toolsfrog.com/analytics/keywordoverview/?q=unexpectedly%20high%20churn%20rates&db=us"",""unexpectedly high churn rates​"")","n/a","n/a","0","10","","n/a","n/a","n/a","0.00","0.00","n/a","n/a","For metrics, refresh"
"unusually high churn rate","=HYPERLINK(""https://smrs.toolsfrog.com/analytics/keywordoverview/?q=unusually%20high%20churn%20rate&db=us"",""unusually high churn rate​"")","n/a","n/a","0","10","","n/a","n/a","n/a","0.00","0.00","n/a","n/a","For metrics, refresh"
"utz brands customer churn rate and retention 2025","=HYPERLINK(""https://smrs.toolsfrog.com/analytics/keywordoverview/?q=utz%20brands%20customer%20churn%20rate%20and%20retention%202025&db=us"",""utz brands customer churn rate and retention 2025​"")","n/a","n/a","0","10","","n/a","n/a","n/a","0.00","0.00","n/a","n/a","For metrics, refresh"
"vendors offering analytics on subscription churn rates","=HYPERLINK(""https://smrs.toolsfrog.com/analytics/keywordoverview/?q=vendors%20offering%20analytics%20on%20subscription%20churn%20rates&db=us"",""vendors offering analytics on subscription churn rates​"")","n/a","n/a","0","10","","n/a","n/a","n/a","0.00","0.00","n/a","n/a","For metrics, refresh"
"what does a high churn rate mean","=HYPERLINK(""https://smrs.toolsfrog.com/analytics/keywordoverview/?q=what%20does%20a%20high%20churn%20rate%20mean&db=us"",""what does a high churn rate mean​"")","n/a","n/a","0","10","","n/a","n/a","n/a","0.00","0.00","n/a","n/a","For metrics, refresh"
"what does high churn rate mean","=HYPERLINK(""https://smrs.toolsfrog.com/analytics/keywordoverview/?q=what%20does%20high%20churn%20rate%20mean&db=us"",""what does high churn rate mean​"")","n/a","n/a","0","10","","n/a","n/a","n/a","0.00","0.00","n/a","n/a","For metrics, refresh"
"what is code churn rate","=HYPERLINK(""https://smrs.toolsfrog.com/analytics/keywordoverview/?q=what%20is%20code%20churn%20rate&db=us"",""what is code churn rate​"")","n/a","n/a","0","10","","n/a","n/a","n/a","0.00","0.33","n/a","n/a","For metrics, refresh"
"what is five rings churn rate","=HYPERLINK(""https://smrs.toolsfrog.com/analytics/keywordoverview/?q=what%20is%20five%20rings%20churn%20rate&db=us"",""what is five rings churn rate​"")","n/a","n/a","0","10","","n/a","n/a","n/a","0.00","0.00","n/a","n/a","For metrics, refresh"
"what is gross mrr churn rate","=HYPERLINK(""https://smrs.toolsfrog.com/analytics/keywordoverview/?q=what%20is%20gross%20mrr%20churn%20rate&db=us"",""what is gross mrr churn rate​"")","n/a","n/a","0","10","","n/a","n/a","n/a","0.00","0.00","n/a","n/a","For metrics, refresh"
"what is net mrr churn rate","=HYPERLINK(""https://smrs.toolsfrog.com/analytics/keywordoverview/?q=what%20is%20net%20mrr%20churn%20rate&db=us"",""what is net mrr churn rate​"")","n/a","n/a","0","10","","n/a","n/a","n/a","0.00","0.00","n/a","n/a","For metrics, refresh"
"what is saas churn rate","=HYPERLINK(""https://smrs.toolsfrog.com/analytics/keywordoverview/?q=what%20is%20saas%20churn%20rate&db=us"",""what is saas churn rate​"")","n/a","n/a","0","10","","n/a","n/a","n/a","0.00","0.00","n/a","n/a","For metrics, refresh"
"what is shopify's current churn rate","=HYPERLINK(""https://smrs.toolsfrog.com/analytics/keywordoverview/?q=what%20is%20shopify's%20current%20churn%20rate&db=us"",""what is shopify's current churn rate​"")","n/a","n/a","0","10","","n/a","n/a","n/a","0.00","0.00","n/a","n/a","For metrics, refresh"
"what is the opposite of churn rate","=HYPERLINK(""https://smrs.toolsfrog.com/analytics/keywordoverview/?q=what%20is%20the%20opposite%20of%20churn%20rate&db=us"",""what is the opposite of churn rate​"")","n/a","n/a","0","10","","n/a","n/a","n/a","0.00","0.02","n/a","n/a","For metrics, refresh"
"what's the churn rate for major wireless carriers","=HYPERLINK(""https://smrs.toolsfrog.com/analytics/keywordoverview/?q=what's%20the%20churn%20rate%20for%20major%20wireless%20carriers&db=us"",""what's the churn rate for major wireless carriers​"")","n/a","n/a","0","10","","n/a","n/a","n/a","0.00","0.00","n/a","n/a","For metrics, refresh"
"why customer churn rate matters","=HYPERLINK(""https://smrs.toolsfrog.com/analytics/keywordoverview/?q=why%20customer%20churn%20rate%20matters&db=us"",""why customer churn rate matters​"")","n/a","n/a","0","10","","n/a","n/a","n/a","0.00","0.33","n/a","n/a","For metrics, refresh"
"+churn +rate","=HYPERLINK(""https://smrs.toolsfrog.com/analytics/keywordoverview/?q=%2Bchurn%20%2Brate&db=us"",""+churn +rate​"")","n/a","n/a","0","0","","n/a","n/a","n/a","0.00","0.00","n/a","n/a","For metrics, refresh"
"0 churn rate","=HYPERLINK(""https://smrs.toolsfrog.com/analytics/keywordoverview/?q=0%20churn%20rate&db=us"",""0 churn rate​"")","n/a","n/a","0","0","","n/a","n/a","n/a","0.00","0.00","n/a","n/a","For metrics, refresh"
"1 800 flowers com customer churn rate and retention 2025","=HYPERLINK(""https://smrs.toolsfrog.com/analytics/keywordoverview/?q=1%20800%20flowers%20com%20customer%20churn%20rate%20and%20retention%202025&db=us"",""1 800 flowers com customer churn rate and retention 2025​"")","n/a","n/a","0","0","","n/a","n/a","n/a","0.00","0.00","n/a","n/a","For metrics, refresh"
"1 churn rate meaning","=HYPERLINK(""https://smrs.toolsfrog.com/analytics/keywordoverview/?q=1%20churn%20rate%20meaning&db=us"",""1 churn rate meaning​"")","n/a","n/a","0","0","","n/a","n/a","n/a","0.00","0.00","n/a","n/a","For metrics, refresh"
"1 monthly churn rate","=HYPERLINK(""https://smrs.toolsfrog.com/analytics/keywordoverview/?q=1%20monthly%20churn%20rate&db=us"",""1 monthly churn rate​"")","n/a","n/a","0","0","","n/a","n/a","n/a","0.00","0.00","n/a","n/a","For metrics, refresh"
"1-800-flowers.com customer churn rate compared to industry 2025","=HYPERLINK(""https://smrs.toolsfrog.com/analytics/keywordoverview/?q=1-800-flowers.com%20customer%20churn%20rate%20compared%20to%20industry%202025&db=us"",""1-800-flowers.com customer churn rate compared to industry 2025​"")","n/a","n/a","0","0","","n/a","n/a","n/a","0.00","0.00","n/a","n/a","For metrics, refresh"
"100 churn rate","=HYPERLINK(""https://smrs.toolsfrog.com/analytics/keywordoverview/?q=100%20churn%20rate&db=us"",""100 churn rate​"")","n/a","n/a","0","0","","n/a","n/a","n/a","0.00","0.00","n/a","n/a","For metrics, refresh"
"15 churn rate","=HYPERLINK(""https://smrs.toolsfrog.com/analytics/keywordoverview/?q=15%20churn%20rate&db=us"",""15 churn rate​"")","n/a","n/a","0","0","","n/a","n/a","n/a","0.00","0.00","n/a","n/a","For metrics, refresh"
"15 higher average churn rate","=HYPERLINK(""https://smrs.toolsfrog.com/analytics/keywordoverview/?q=15%20higher%20average%20churn%20rate&db=us"",""15 higher average churn rate​"")","n/a","n/a","0","0","","n/a","n/a","n/a","0.00","0.00","n/a","n/a","For metrics, refresh"
"1800flowers com customer churn rate and retention 2025","=HYPERLINK(""https://smrs.toolsfrog.com/analytics/keywordoverview/?q=1800flowers%20com%20customer%20churn%20rate%20and%20retention%202025&db=us"",""1800flowers com customer churn rate and retention 2025​"")","n/a","n/a","0","0","","n/a","n/a","n/a","0.00","0.00","n/a","n/a","For metrics, refresh"
"1800flowers.com customer churn rate and retention 2025","=HYPERLINK(""https://smrs.toolsfrog.com/analytics/keywordoverview/?q=1800flowers.com%20customer%20churn%20rate%20and%20retention%202025&db=us"",""1800flowers.com customer churn rate and retention 2025​"")","n/a","n/a","0","0","","n/a","n/a","n/a","0.00","0.00","n/a","n/a","For metrics, refresh"
"3 churn rate","=HYPERLINK(""https://smrs.toolsfrog.com/analytics/keywordoverview/?q=3%20churn%20rate&db=us"",""3 churn rate​"")","n/a","n/a","0","0","","n/a","n/a","n/a","0.00","0.00","n/a","n/a","For metrics, refresh"
"30 churn rate","=HYPERLINK(""https://smrs.toolsfrog.com/analytics/keywordoverview/?q=30%20churn%20rate&db=us"",""30 churn rate​"")","n/a","n/a","0","0","","n/a","n/a","n/a","0.00","0.00","n/a","n/a","For metrics, refresh"
"4 churn rate","=HYPERLINK(""https://smrs.toolsfrog.com/analytics/keywordoverview/?q=4%20churn%20rate&db=us"",""4 churn rate​"")","n/a","n/a","0","0","","n/a","n/a","n/a","0.00","0.00","n/a","n/a","For metrics, refresh"
"40 churn rate","=HYPERLINK(""https://smrs.toolsfrog.com/analytics/keywordoverview/?q=40%20churn%20rate&db=us"",""40 churn rate​"")","n/a","n/a","0","0","","n/a","n/a","n/a","0.00","0.00","n/a","n/a","For metrics, refresh"
"5 churn rate","=HYPERLINK(""https://smrs.toolsfrog.com/analytics/keywordoverview/?q=5%20churn%20rate&db=us"",""5 churn rate​"")","n/a","n/a","0","0","","n/a","n/a","n/a","0.00","0.00","n/a","n/a","For metrics, refresh"
"7-day churn rate","=HYPERLINK(""https://smrs.toolsfrog.com/analytics/keywordoverview/?q=7-day%20churn%20rate&db=us"",""7-day churn rate​"")","n/a","n/a","0","0","","n/a","n/a","n/a","0.00","0.00","n/a","n/a","For metrics, refresh"
"8x8 churn rate","=HYPERLINK(""https://smrs.toolsfrog.com/analytics/keywordoverview/?q=8x8%20churn%20rate&db=us"",""8x8 churn rate​"")","n/a","n/a","0","0","","n/a","n/a","n/a","0.00","0.00","n/a","n/a","For metrics, refresh"
"8x8 customer churn rate","=HYPERLINK(""https://smrs.toolsfrog.com/analytics/keywordoverview/?q=8x8%20customer%20churn%20rate&db=us"",""8x8 customer churn rate​"")","n/a","n/a","0","0","","n/a","n/a","n/a","0.00","0.00","n/a","n/a","For metrics, refresh"
"90 churn rate","=HYPERLINK(""https://smrs.toolsfrog.com/analytics/keywordoverview/?q=90%20churn%20rate&db=us"",""90 churn rate​"")","n/a","n/a","0","0","","n/a","n/a","n/a","0.00","0.00","n/a","n/a","For metrics, refresh"
"90-day churn rate benchmark","=HYPERLINK(""https://smrs.toolsfrog.com/analytics/keywordoverview/?q=90-day%20churn%20rate%20benchmark&db=us"",""90-day churn rate benchmark​"")","n/a","n/a","0","0","","n/a","n/a","n/a","0.00","0.00","n/a","n/a","For metrics, refresh"
"a better way to calculate churn rate","=HYPERLINK(""https://smrs.toolsfrog.com/analytics/keywordoverview/?q=a%20better%20way%20to%20calculate%20churn%20rate&db=us"",""a better way to calculate churn rate​"")","n/a","n/a","0","0","","n/a","n/a","n/a","0.00","0.00","n/a","n/a","For metrics, refresh"
"a churn rate identifies the percentage of customers who","=HYPERLINK(""https://smrs.toolsfrog.com/analytics/keywordoverview/?q=a%20churn%20rate%20identifies%20the%20percentage%20of%20customers%20who&db=us"",""a churn rate identifies the percentage of customers who​"")","n/a","n/a","0","0","","n/a","n/a","n/a","0.00","0.33","n/a","n/a","For metrics, refresh"
"a how to reduce churn rate and increase retention","=HYPERLINK(""https://smrs.toolsfrog.com/analytics/keywordoverview/?q=a%20how%20to%20reduce%20churn%20rate%20and%20increase%20retention&db=us"",""a how to reduce churn rate and increase retention​"")","n/a","n/a","0","0","","n/a","n/a","n/a","0.00","0.00","n/a","n/a","For metrics, refresh"
"abysmal employee churn rates","=HYPERLINK(""https://smrs.toolsfrog.com/analytics/keywordoverview/?q=abysmal%20employee%20churn%20rates&db=us"",""abysmal employee churn rates​"")","n/a","n/a","0","0","","n/a","n/a","n/a","0.00","0.00","n/a","n/a","For metrics, refresh"
"accenture client retention rate or customer churn rate","=HYPERLINK(""https://smrs.toolsfrog.com/analytics/keywordoverview/?q=accenture%20client%20retention%20rate%20or%20customer%20churn%20rate&db=us"",""accenture client retention rate or customer churn rate​"")","n/a","n/a","0","0","","n/a","n/a","n/a","0.00","0.00","n/a","n/a","For metrics, refresh"
"acceptable business churn rate percentage","=HYPERLINK(""https://smrs.toolsfrog.com/analytics/keywordoverview/?q=acceptable%20business%20churn%20rate%20percentage&db=us"",""acceptable business churn rate percentage​"")","n/a","n/a","0","0","","n/a","n/a","n/a","0.00","0.00","n/a","n/a","For metrics, refresh"
"acceptable churn rate for subscription services","=HYPERLINK(""https://smrs.toolsfrog.com/analytics/keywordoverview/?q=acceptable%20churn%20rate%20for%20subscription%20services&db=us"",""acceptable churn rate for subscription services​"")","n/a","n/a","0","0","","n/a","n/a","n/a","0.00","0.00","n/a","n/a","For metrics, refresh"
"acceptable churn rate in staffing","=HYPERLINK(""https://smrs.toolsfrog.com/analytics/keywordoverview/?q=acceptable%20churn%20rate%20in%20staffing&db=us"",""acceptable churn rate in staffing​"")","n/a","n/a","0","0","","n/a","n/a","n/a","0.00","0.00","n/a","n/a","For metrics, refresh"
"acceptable churn rate saas","=HYPERLINK(""https://smrs.toolsfrog.com/analytics/keywordoverview/?q=acceptable%20churn%20rate%20saas&db=us"",""acceptable churn rate saas​"")","n/a","n/a","0","0","","n/a","n/a","n/a","0.00","0.00","n/a","n/a","For metrics, refresh"
"accuracy in churning rate","=HYPERLINK(""https://smrs.toolsfrog.com/analytics/keywordoverview/?q=accuracy%20in%20churning%20rate&db=us"",""accuracy in churning rate​"")","n/a","n/a","0","0","","n/a","n/a","n/a","0.00","0.00","n/a","n/a","For metrics, refresh"
"accurately track churn rate","=HYPERLINK(""https://smrs.toolsfrog.com/analytics/keywordoverview/?q=accurately%20track%20churn%20rate&db=us"",""accurately track churn rate​"")","n/a","n/a","0","0","","n/a","n/a","n/a","0.00","0.00","n/a","n/a","For metrics, refresh"
"acquisition rate vs churn rate","=HYPERLINK(""https://smrs.toolsfrog.com/analytics/keywordoverview/?q=acquisition%20rate%20vs%20churn%20rate&db=us"",""acquisition rate vs churn rate​"")","n/a","n/a","0","0","","n/a","n/a","n/a","0.00","0.00","n/a","n/a","For metrics, refresh"
"acquisition times conversion divided by churn rate","=HYPERLINK(""https://smrs.toolsfrog.com/analytics/keywordoverview/?q=acquisition%20times%20conversion%20divided%20by%20churn%20rate&db=us"",""acquisition times conversion divided by churn rate​"")","n/a","n/a","0","0","","n/a","n/a","n/a","0.00","0.00","n/a","n/a","For metrics, refresh"
"active user churn rate","=HYPERLINK(""https://smrs.toolsfrog.com/analytics/keywordoverview/?q=active%20user%20churn%20rate&db=us"",""active user churn rate​"")","n/a","n/a","0","0","","n/a","n/a","n/a","0.00","0.00","n/a","n/a","For metrics, refresh"
"add rate and churn rate","=HYPERLINK(""https://smrs.toolsfrog.com/analytics/keywordoverview/?q=add%20rate%20and%20churn%20rate&db=us"",""add rate and churn rate​"")","n/a","n/a","0","0","","n/a","n/a","n/a","0.00","0.00","n/a","n/a","For metrics, refresh"
"adjusted churn rate","=HYPERLINK(""https://smrs.toolsfrog.com/analytics/keywordoverview/?q=adjusted%20churn%20rate&db=us"",""adjusted churn rate​"")","n/a","n/a","0","0","","n/a","n/a","n/a","0.00","0.00","n/a","n/a","For metrics, refresh"
"adobe creative cloud churn retention rates firefly launch 2023 2024","=HYPERLINK(""https://smrs.toolsfrog.com/analytics/keywordoverview/?q=adobe%20creative%20cloud%20churn%20retention%20rates%20firefly%20launch%202023%202024&db=us"",""adobe creative cloud churn retention rates firefly launch 2023 2024​"")","n/a","n/a","0","0","","n/a","n/a","n/a","0.00","0.00","n/a","n/a","For metrics, refresh"
"adp churn rate","=HYPERLINK(""https://smrs.toolsfrog.com/analytics/keywordoverview/?q=adp%20churn%20rate&db=us"",""adp churn rate​"")","n/a","n/a","0","0","","n/a","n/a","n/a","0.00","0.00","n/a","n/a","For metrics, refresh"
"advertiser churn rate","=HYPERLINK(""https://smrs.toolsfrog.com/analytics/keywordoverview/?q=advertiser%20churn%20rate&db=us"",""advertiser churn rate​"")","n/a","n/a","0","0","","n/a","n/a","n/a","0.00","0.00","n/a","n/a","For metrics, refresh"
"advertising agency churn rate","=HYPERLINK(""https://smrs.toolsfrog.com/analytics/keywordoverview/?q=advertising%20agency%20churn%20rate&db=us"",""advertising agency churn rate​"")","n/a","n/a","0","0","","n/a","n/a","n/a","0.00","0.00","n/a","n/a","For metrics, refresh"
"afya ltd customer churn rate and retention 2025","=HYPERLINK(""https://smrs.toolsfrog.com/analytics/keywordoverview/?q=afya%20ltd%20customer%20churn%20rate%20and%20retention%202025&db=us"",""afya ltd customer churn rate and retention 2025​"")","n/a","n/a","0","0","","n/a","n/a","n/a","0.00","0.00","n/a","n/a","For metrics, refresh"
"agent churn rate","=HYPERLINK(""https://smrs.toolsfrog.com/analytics/keywordoverview/?q=agent%20churn%20rate&db=us"",""agent churn rate​"")","n/a","n/a","0","0","","n/a","n/a","n/a","0.00","0.00","n/a","n/a","For metrics, refresh"
"agile sprint churn rate","=HYPERLINK(""https://smrs.toolsfrog.com/analytics/keywordoverview/?q=agile%20sprint%20churn%20rate&db=us"",""agile sprint churn rate​"")","n/a","n/a","0","0","","n/a","n/a","n/a","0.00","0.00","n/a","n/a","For metrics, refresh"
"ai customer engagement customer churn rates","=HYPERLINK(""https://smrs.toolsfrog.com/analytics/keywordoverview/?q=ai%20customer%20engagement%20customer%20churn%20rates&db=us"",""ai customer engagement customer churn rates​"")","n/a","n/a","0","0","","n/a","n/a","n/a","0.00","0.00","n/a","n/a","For metrics, refresh"
"ai in sales reduce customer churn rates","=HYPERLINK(""https://smrs.toolsfrog.com/analytics/keywordoverview/?q=ai%20in%20sales%20reduce%20customer%20churn%20rates&db=us"",""ai in sales reduce customer churn rates​"")","n/a","n/a","0","0","","n/a","n/a","n/a","0.00","0.00","n/a","n/a","For metrics, refresh"
"ai measure churn rate in companies","=HYPERLINK(""https://smrs.toolsfrog.com/analytics/keywordoverview/?q=ai%20measure%20churn%20rate%20in%20companies&db=us"",""ai measure churn rate in companies​"")","n/a","n/a","0","0","","n/a","n/a","n/a","0.00","0.00","n/a","n/a","For metrics, refresh"
"ai user onboarding tool reduce churn rates","=HYPERLINK(""https://smrs.toolsfrog.com/analytics/keywordoverview/?q=ai%20user%20onboarding%20tool%20reduce%20churn%20rates&db=us"",""ai user onboarding tool reduce churn rates​"")","n/a","n/a","0","0","","n/a","n/a","n/a","0.00","0.00","n/a","n/a","For metrics, refresh"
"airbnb churn rate","=HYPERLINK(""https://smrs.toolsfrog.com/analytics/keywordoverview/?q=airbnb%20churn%20rate&db=us"",""airbnb churn rate​"")","n/a","n/a","0","0","","n/a","n/a","n/a","0.00","0.00","n/a","n/a","For metrics, refresh"
"airbnb host churn rate","=HYPERLINK(""https://smrs.toolsfrog.com/analytics/keywordoverview/?q=airbnb%20host%20churn%20rate&db=us"",""airbnb host churn rate​"")","n/a","n/a","0","0","","n/a","n/a","n/a","0.00","0.00","n/a","n/a","For metrics, refresh"
"airline churn rate","=HYPERLINK(""https://smrs.toolsfrog.com/analytics/keywordoverview/?q=airline%20churn%20rate&db=us"",""airline churn rate​"")","n/a","n/a","0","0","","n/a","n/a","n/a","0.00","0.00","n/a","n/a","For metrics, refresh"
"airline customer churn rate","=HYPERLINK(""https://smrs.toolsfrog.com/analytics/keywordoverview/?q=airline%20customer%20churn%20rate&db=us"",""airline customer churn rate​"")","n/a","n/a","0","0","","n/a","n/a","n/a","0.00","0.00","n/a","n/a","For metrics, refresh"
"airline industry churn rate","=HYPERLINK(""https://smrs.toolsfrog.com/analytics/keywordoverview/?q=airline%20industry%20churn%20rate&db=us"",""airline industry churn rate​"")","n/a","n/a","0","0","","n/a","n/a","n/a","0.00","0.00","n/a","n/a","For metrics, refresh"
"airline industry industry churn rate","=HYPERLINK(""https://smrs.toolsfrog.com/analytics/keywordoverview/?q=airline%20industry%20industry%20churn%20rate&db=us"",""airline industry industry churn rate​"")","n/a","n/a","0","0","","n/a","n/a","n/a","0.00","0.00","n/a","n/a","For metrics, refresh"
"alaska airlines churn rate","=HYPERLINK(""https://smrs.toolsfrog.com/analytics/keywordoverview/?q=alaska%20airlines%20churn%20rate&db=us"",""alaska airlines churn rate​"")","n/a","n/a","0","0","","n/a","n/a","n/a","0.00","0.00","n/a","n/a","For metrics, refresh"
"albertsons companies customer churn rate and retention 2025","=HYPERLINK(""https://smrs.toolsfrog.com/analytics/keywordoverview/?q=albertsons%20companies%20customer%20churn%20rate%20and%20retention%202025&db=us"",""albertsons companies customer churn rate and retention 2025​"")","n/a","n/a","0","0","","n/a","n/a","n/a","0.00","0.00","n/a","n/a","For metrics, refresh"
"ally financial churn rate","=HYPERLINK(""https://smrs.toolsfrog.com/analytics/keywordoverview/?q=ally%20financial%20churn%20rate&db=us"",""ally financial churn rate​"")","n/a","n/a","0","0","","n/a","n/a","n/a","0.00","0.00","n/a","n/a","For metrics, refresh"
"amazon customer churn rate compared to industry 2025","=HYPERLINK(""https://smrs.toolsfrog.com/analytics/keywordoverview/?q=amazon%20customer%20churn%20rate%20compared%20to%20industry%202025&db=us"",""amazon customer churn rate compared to industry 2025​"")","n/a","n/a","0","0","","n/a","n/a","n/a","0.00","0.00","n/a","n/a","For metrics, refresh"
"amazon employee churn rate","=HYPERLINK(""https://smrs.toolsfrog.com/analytics/keywordoverview/?q=amazon%20employee%20churn%20rate&db=us"",""amazon employee churn rate​"")","n/a","n/a","0","0","","n/a","n/a","n/a","0.00","0.00","n/a","n/a","For metrics, refresh"
"amazon prime annual churn rate","=HYPERLINK(""https://smrs.toolsfrog.com/analytics/keywordoverview/?q=amazon%20prime%20annual%20churn%20rate&db=us"",""amazon prime annual churn rate​"")","n/a","n/a","0","0","","n/a","n/a","n/a","0.00","0.00","n/a","n/a","For metrics, refresh"
"amazon prime video churn rate","=HYPERLINK(""https://smrs.toolsfrog.com/analytics/keywordoverview/?q=amazon%20prime%20video%20churn%20rate&db=us"",""amazon prime video churn rate​"")","n/a","n/a","0","0","","n/a","n/a","n/a","0.00","0.00","n/a","n/a","For metrics, refresh"
"amazon subscription churn rates","=HYPERLINK(""https://smrs.toolsfrog.com/analytics/keywordoverview/?q=amazon%20subscription%20churn%20rates&db=us"",""amazon subscription churn rates​"")","n/a","n/a","0","0","","n/a","n/a","n/a","0.00","0.00","n/a","n/a","For metrics, refresh"
"amc networks churn rates","=HYPERLINK(""https://smrs.toolsfrog.com/analytics/keywordoverview/?q=amc%20networks%20churn%20rates&db=us"",""amc networks churn rates​"")","n/a","n/a","0","0","","n/a","n/a","n/a","0.00","0.00","n/a","n/a","For metrics, refresh"
"america's car mart customer churn rate and retention 2025","=HYPERLINK(""https://smrs.toolsfrog.com/analytics/keywordoverview/?q=america's%20car%20mart%20customer%20churn%20rate%20and%20retention%202025&db=us"",""america's car mart customer churn rate and retention 2025​"")","n/a","n/a","0","0","","n/a","n/a","n/a","0.00","0.00","n/a","n/a","For metrics, refresh"
"america's car mart customer churn rate compared to industry 2025","=HYPERLINK(""https://smrs.toolsfrog.com/analytics/keywordoverview/?q=america's%20car%20mart%20customer%20churn%20rate%20compared%20to%20industry%202025&db=us"",""america's car mart customer churn rate compared to industry 2025​"")","n/a","n/a","0","0","","n/a","n/a","n/a","0.00","0.00","n/a","n/a","For metrics, refresh"
"america's car-mart customer churn rate and retention 2025","=HYPERLINK(""https://smrs.toolsfrog.com/analytics/keywordoverview/?q=america's%20car-mart%20customer%20churn%20rate%20and%20retention%202025&db=us"",""america's car-mart customer churn rate and retention 2025​"")","n/a","n/a","0","0","","n/a","n/a","n/a","0.00","0.00","n/a","n/a","For metrics, refresh"
"america's car-mart customer churn rate compared to industry 2025","=HYPERLINK(""https://smrs.toolsfrog.com/analytics/keywordoverview/?q=america's%20car-mart%20customer%20churn%20rate%20compared%20to%20industry%202025&db=us"",""america's car-mart customer churn rate compared to industry 2025​"")","n/a","n/a","0","0","","n/a","n/a","n/a","0.00","0.00","n/a","n/a","For metrics, refresh"
"americas carmart customer churn rate and retention 2025","=HYPERLINK(""https://smrs.toolsfrog.com/analytics/keywordoverview/?q=americas%20carmart%20customer%20churn%20rate%20and%20retention%202025&db=us"",""americas carmart customer churn rate and retention 2025​"")","n/a","n/a","0","0","","n/a","n/a","n/a","0.00","0.00","n/a","n/a","For metrics, refresh"
"ampere analysis on netflix churn rate","=HYPERLINK(""https://smrs.toolsfrog.com/analytics/keywordoverview/?q=ampere%20analysis%20on%20netflix%20churn%20rate&db=us"",""ampere analysis on netflix churn rate​"")","n/a","n/a","0","0","","n/a","n/a","n/a","0.00","0.00","n/a","n/a","For metrics, refresh"
"ampere analysis on netflix churn rate 2018","=HYPERLINK(""https://smrs.toolsfrog.com/analytics/keywordoverview/?q=ampere%20analysis%20on%20netflix%20churn%20rate%202018&db=us"",""ampere analysis on netflix churn rate 2018​"")","n/a","n/a","0","0","","n/a","n/a","n/a","0.00","0.00","n/a","n/a","For metrics, refresh"
"amt pump churn rate","=HYPERLINK(""https://smrs.toolsfrog.com/analytics/keywordoverview/?q=amt%20pump%20churn%20rate&db=us"",""amt pump churn rate​"")","n/a","n/a","0","0","","n/a","n/a","n/a","0.00","0.00","n/a","n/a","For metrics, refresh"
"analysing churn rate","=HYPERLINK(""https://smrs.toolsfrog.com/analytics/keywordoverview/?q=analysing%20churn%20rate&db=us"",""analysing churn rate​"")","n/a","n/a","0","0","","n/a","n/a","n/a","0.00","0.00","n/a","n/a","For metrics, refresh"
"analyzing user behaviour that causes churn rate","=HYPERLINK(""https://smrs.toolsfrog.com/analytics/keywordoverview/?q=analyzing%20user%20behaviour%20that%20causes%20churn%20rate&db=us"",""analyzing user behaviour that causes churn rate​"")","n/a","n/a","0","0","","n/a","n/a","n/a","0.00","0.00","n/a","n/a","For metrics, refresh"
"analyzing user behaviour that causes churn rate scholarly articles","=HYPERLINK(""https://smrs.toolsfrog.com/analytics/keywordoverview/?q=analyzing%20user%20behaviour%20that%20causes%20churn%20rate%20scholarly%20articles&db=us"",""analyzing user behaviour that causes churn rate scholarly articles​"")","n/a","n/a","0","0","","n/a","n/a","n/a","0.00","0.00","n/a","n/a","For metrics, refresh"
"anheuser busch inbev customer churn rate and retention 2025","=HYPERLINK(""https://smrs.toolsfrog.com/analytics/keywordoverview/?q=anheuser%20busch%20inbev%20customer%20churn%20rate%20and%20retention%202025&db=us"",""anheuser busch inbev customer churn rate and retention 2025​"")","n/a","n/a","0","0","","n/a","n/a","n/a","0.00","0.00","n/a","n/a","For metrics, refresh"
"anheuser-busch inbev customer churn rate and retention 2025","=HYPERLINK(""https://smrs.toolsfrog.com/analytics/keywordoverview/?q=anheuser-busch%20inbev%20customer%20churn%20rate%20and%20retention%202025&db=us"",""anheuser-busch inbev customer churn rate and retention 2025​"")","n/a","n/a","0","0","","n/a","n/a","n/a","0.00","0.00","n/a","n/a","For metrics, refresh"
"anheuserbusch inbev customer churn rate and retention 2025","=HYPERLINK(""https://smrs.toolsfrog.com/analytics/keywordoverview/?q=anheuserbusch%20inbev%20customer%20churn%20rate%20and%20retention%202025&db=us"",""anheuserbusch inbev customer churn rate and retention 2025​"")","n/a","n/a","0","0","","n/a","n/a","n/a","0.00","0.00","n/a","n/a","For metrics, refresh"
"annual churn rate benchmark","=HYPERLINK(""https://smrs.toolsfrog.com/analytics/keywordoverview/?q=annual%20churn%20rate%20benchmark&db=us"",""annual churn rate benchmark​"")","n/a","n/a","0","0","","n/a","n/a","n/a","0.00","0.00","n/a","n/a","For metrics, refresh"
"annual churn rate definition","=HYPERLINK(""https://smrs.toolsfrog.com/analytics/keywordoverview/?q=annual%20churn%20rate%20definition&db=us"",""annual churn rate definition​"")","n/a","n/a","0","0","","n/a","n/a","n/a","0.00","0.00","n/a","n/a","For metrics, refresh"
"annual churn rate from monthly","=HYPERLINK(""https://smrs.toolsfrog.com/analytics/keywordoverview/?q=annual%20churn%20rate%20from%20monthly&db=us"",""annual churn rate from monthly​"")","n/a","n/a","0","0","","n/a","n/a","n/a","0.00","0.00","n/a","n/a","For metrics, refresh"
"annual churn rate meaning","=HYPERLINK(""https://smrs.toolsfrog.com/analytics/keywordoverview/?q=annual%20churn%20rate%20meaning&db=us"",""annual churn rate meaning​"")","n/a","n/a","0","0","","n/a","n/a","n/a","0.00","0.00","n/a","n/a","For metrics, refresh"
"annual churn rate of 13","=HYPERLINK(""https://smrs.toolsfrog.com/analytics/keywordoverview/?q=annual%20churn%20rate%20of%2013&db=us"",""annual churn rate of 13​"")","n/a","n/a","0","0","","n/a","n/a","n/a","0.00","0.00","n/a","n/a","For metrics, refresh"
"annual churn rate saas","=HYPERLINK(""https://smrs.toolsfrog.com/analytics/keywordoverview/?q=annual%20churn%20rate%20saas&db=us"",""annual churn rate saas​"")","n/a","n/a","0","0","","n/a","n/a","n/a","0.00","0.00","n/a","n/a","For metrics, refresh"
"annual churn rate to monthly churn rate","=HYPERLINK(""https://smrs.toolsfrog.com/analytics/keywordoverview/?q=annual%20churn%20rate%20to%20monthly%20churn%20rate&db=us"",""annual churn rate to monthly churn rate​"")","n/a","n/a","0","0","","n/a","n/a","n/a","0.00","0.00","n/a","n/a","For metrics, refresh"
"annual churn rate vs annual customer retention rate","=HYPERLINK(""https://smrs.toolsfrog.com/analytics/keywordoverview/?q=annual%20churn%20rate%20vs%20annual%20customer%20retention%20rate&db=us"",""annual churn rate vs annual customer retention rate​"")","n/a","n/a","0","0","","n/a","n/a","n/a","0.00","0.00","n/a","n/a","For metrics, refresh"
"annual churn rate vs monthly","=HYPERLINK(""https://smrs.toolsfrog.com/analytics/keywordoverview/?q=annual%20churn%20rate%20vs%20monthly&db=us"",""annual churn rate vs monthly​"")","n/a","n/a","0","0","","n/a","n/a","n/a","0.00","0.00","n/a","n/a","For metrics, refresh"
"annual customer churn rate","=HYPERLINK(""https://smrs.toolsfrog.com/analytics/keywordoverview/?q=annual%20customer%20churn%20rate&db=us"",""annual customer churn rate​"")","n/a","n/a","0","0","","n/a","n/a","n/a","0.00","0.00","n/a","n/a","For metrics, refresh"
"annual customer churn rate of 13.3","=HYPERLINK(""https://smrs.toolsfrog.com/analytics/keywordoverview/?q=annual%20customer%20churn%20rate%20of%2013.3&db=us"",""annual customer churn rate of 13.3​"")","n/a","n/a","0","0","","n/a","n/a","n/a","0.00","0.00","n/a","n/a","For metrics, refresh"
"annual revenue churn rate formula","=HYPERLINK(""https://smrs.toolsfrog.com/analytics/keywordoverview/?q=annual%20revenue%20churn%20rate%20formula&db=us"",""annual revenue churn rate formula​"")","n/a","n/a","0","0","","n/a","n/a","n/a","0.00","0.00","n/a","n/a","For metrics, refresh"
"annual to monthly churn rate","=HYPERLINK(""https://smrs.toolsfrog.com/analytics/keywordoverview/?q=annual%20to%20monthly%20churn%20rate&db=us"",""annual to monthly churn rate​"")","n/a","n/a","0","0","","n/a","n/a","n/a","0.00","0.00","n/a","n/a","For metrics, refresh"
"annualize monthly churn rate","=HYPERLINK(""https://smrs.toolsfrog.com/analytics/keywordoverview/?q=annualize%20monthly%20churn%20rate&db=us"",""annualize monthly churn rate​"")","n/a","n/a","0","0","","n/a","n/a","n/a","0.00","0.00","n/a","n/a","For metrics, refresh"
"annualized churn rate","=HYPERLINK(""https://smrs.toolsfrog.com/analytics/keywordoverview/?q=annualized%20churn%20rate&db=us"",""annualized churn rate​"")","n/a","n/a","0","0","","n/a","n/a","n/a","0.00","0.05","n/a","n/a","For metrics, refresh"
"annualized churn rate formula","=HYPERLINK(""https://smrs.toolsfrog.com/analytics/keywordoverview/?q=annualized%20churn%20rate%20formula&db=us"",""annualized churn rate formula​"")","n/a","n/a","0","0","","n/a","n/a","n/a","0.00","0.00","n/a","n/a","For metrics, refresh"
"another term for churn rate","=HYPERLINK(""https://smrs.toolsfrog.com/analytics/keywordoverview/?q=another%20term%20for%20churn%20rate&db=us"",""another term for churn rate​"")","n/a","n/a","0","0","","n/a","n/a","n/a","0.00","0.00","n/a","n/a","For metrics, refresh"
"antenna ad-supported vs ad-free svod churn rates q1 2025","=HYPERLINK(""https://smrs.toolsfrog.com/analytics/keywordoverview/?q=antenna%20ad-supported%20vs%20ad-free%20svod%20churn%20rates%20q1%202025&db=us"",""antenna ad-supported vs ad-free svod churn rates q1 2025​"")","n/a","n/a","0","0","","n/a","n/a","n/a","0.00","0.00","n/a","n/a","For metrics, refresh"
"antenna netflix churn rate svod","=HYPERLINK(""https://smrs.toolsfrog.com/analytics/keywordoverview/?q=antenna%20netflix%20churn%20rate%20svod&db=us"",""antenna netflix churn rate svod​"")","n/a","n/a","0","0","","n/a","n/a","n/a","0.00","0.00","n/a","n/a","For metrics, refresh"
"antenna premium svod average churn rate q1 2025","=HYPERLINK(""https://smrs.toolsfrog.com/analytics/keywordoverview/?q=antenna%20premium%20svod%20average%20churn%20rate%20q1%202025&db=us"",""antenna premium svod average churn rate q1 2025​"")","n/a","n/a","0","0","","n/a","n/a","n/a","0.00","0.00","n/a","n/a","For metrics, refresh"
"antenna q1 2025 ad free svod churn rate","=HYPERLINK(""https://smrs.toolsfrog.com/analytics/keywordoverview/?q=antenna%20q1%202025%20ad%20free%20svod%20churn%20rate&db=us"",""antenna q1 2025 ad free svod churn rate​"")","n/a","n/a","0","0","","n/a","n/a","n/a","0.00","0.00","n/a","n/a","For metrics, refresh"
"antenna q1 2025 ad supported svod churn rate","=HYPERLINK(""https://smrs.toolsfrog.com/analytics/keywordoverview/?q=antenna%20q1%202025%20ad%20supported%20svod%20churn%20rate&db=us"",""antenna q1 2025 ad supported svod churn rate​"")","n/a","n/a","0","0","","n/a","n/a","n/a","0.00","0.00","n/a","n/a","For metrics, refresh"
"antenna q1 2025 ad-free svod churn rate","=HYPERLINK(""https://smrs.toolsfrog.com/analytics/keywordoverview/?q=antenna%20q1%202025%20ad-free%20svod%20churn%20rate&db=us"",""antenna q1 2025 ad-free svod churn rate​"")","n/a","n/a","0","0","","n/a","n/a","n/a","0.00","0.00","n/a","n/a","For metrics, refresh"
"antenna q1 2025 ad-supported svod churn rate","=HYPERLINK(""https://smrs.toolsfrog.com/analytics/keywordoverview/?q=antenna%20q1%202025%20ad-supported%20svod%20churn%20rate&db=us"",""antenna q1 2025 ad-supported svod churn rate​"")","n/a","n/a","0","0","","n/a","n/a","n/a","0.00","0.00","n/a","n/a","For metrics, refresh"
"antenna q1 2025 ad-supported vs ad-free svod churn rates","=HYPERLINK(""https://smrs.toolsfrog.com/analytics/keywordoverview/?q=antenna%20q1%202025%20ad-supported%20vs%20ad-free%20svod%20churn%20rates&db=us"",""antenna q1 2025 ad-supported vs ad-free svod churn rates​"")","n/a","n/a","0","0","","n/a","n/a","n/a","0.00","0.00","n/a","n/a","For metrics, refresh"
"antenna q1 2025 churn rates netflix disney+ hulu","=HYPERLINK(""https://smrs.toolsfrog.com/analytics/keywordoverview/?q=antenna%20q1%202025%20churn%20rates%20netflix%20disney%2B%20hulu&db=us"",""antenna q1 2025 churn rates netflix disney+ hulu​"")","n/a","n/a","0","0","","n/a","n/a","n/a","0.00","0.00","n/a","n/a","For metrics, refresh"
"antenna q1 2025 churn rates netflix disney+ hulu max","=HYPERLINK(""https://smrs.toolsfrog.com/analytics/keywordoverview/?q=antenna%20q1%202025%20churn%20rates%20netflix%20disney%2B%20hulu%20max&db=us"",""antenna q1 2025 churn rates netflix disney+ hulu max​"")","n/a","n/a","0","0","","n/a","n/a","n/a","0.00","0.00","n/a","n/a","For metrics, refresh"
"antenna q1 2025 disney+ churn rate","=HYPERLINK(""https://smrs.toolsfrog.com/analytics/keywordoverview/?q=antenna%20q1%202025%20disney%2B%20churn%20rate&db=us"",""antenna q1 2025 disney+ churn rate​"")","n/a","n/a","0","0","","n/a","n/a","n/a","0.00","0.00","n/a","n/a","For metrics, refresh"
"antenna q1 2025 premium svod average churn rate","=HYPERLINK(""https://smrs.toolsfrog.com/analytics/keywordoverview/?q=antenna%20q1%202025%20premium%20svod%20average%20churn%20rate&db=us"",""antenna q1 2025 premium svod average churn rate​"")","n/a","n/a","0","0","","n/a","n/a","n/a","0.00","0.00","n/a","n/a","For metrics, refresh"
"antenna q1 2025 premium svod churn rates","=HYPERLINK(""https://smrs.toolsfrog.com/analytics/keywordoverview/?q=antenna%20q1%202025%20premium%20svod%20churn%20rates&db=us"",""antenna q1 2025 premium svod churn rates​"")","n/a","n/a","0","0","","n/a","n/a","n/a","0.00","0.00","n/a","n/a","For metrics, refresh"
"antenna q1 2025 report svod churn rates","=HYPERLINK(""https://smrs.toolsfrog.com/analytics/keywordoverview/?q=antenna%20q1%202025%20report%20svod%20churn%20rates&db=us"",""antenna q1 2025 report svod churn rates​"")","n/a","n/a","0","0","","n/a","n/a","n/a","0.00","0.00","n/a","n/a","For metrics, refresh"
"antenna q1 2025 state of subscriptions premium svod churn rates","=HYPERLINK(""https://smrs.toolsfrog.com/analytics/keywordoverview/?q=antenna%20q1%202025%20state%20of%20subscriptions%20premium%20svod%20churn%20rates&db=us"",""antenna q1 2025 state of subscriptions premium svod churn rates​"")","n/a","n/a","0","0","","n/a","n/a","n/a","0.00","0.00","n/a","n/a","For metrics, refresh"
"antenna q1 2025 state of subscriptions report churn rates svod","=HYPERLINK(""https://smrs.toolsfrog.com/analytics/keywordoverview/?q=antenna%20q1%202025%20state%20of%20subscriptions%20report%20churn%20rates%20svod&db=us"",""antenna q1 2025 state of subscriptions report churn rates svod​"")","n/a","n/a","0","0","","n/a","n/a","n/a","0.00","0.00","n/a","n/a","For metrics, refresh"
"antenna q1 2025 state of subscriptions report svod churn rates","=HYPERLINK(""https://smrs.toolsfrog.com/analytics/keywordoverview/?q=antenna%20q1%202025%20state%20of%20subscriptions%20report%20svod%20churn%20rates&db=us"",""antenna q1 2025 state of subscriptions report svod churn rates​"")","n/a","n/a","0","0","","n/a","n/a","n/a","0.00","0.00","n/a","n/a","For metrics, refresh"
"antenna q1 2025 subscriber report churn rates","=HYPERLINK(""https://smrs.toolsfrog.com/analytics/keywordoverview/?q=antenna%20q1%202025%20subscriber%20report%20churn%20rates&db=us"",""antenna q1 2025 subscriber report churn rates​"")","n/a","n/a","0","0","","n/a","n/a","n/a","0.00","0.00","n/a","n/a","For metrics, refresh"
"antenna q1 2025 subscriber report churn rates svod","=HYPERLINK(""https://smrs.toolsfrog.com/analytics/keywordoverview/?q=antenna%20q1%202025%20subscriber%20report%20churn%20rates%20svod&db=us"",""antenna q1 2025 subscriber report churn rates svod​"")","n/a","n/a","0","0","","n/a","n/a","n/a","0.00","0.00","n/a","n/a","For metrics, refresh"
"antenna q1 2025 subscriber report svod churn rates","=HYPERLINK(""https://smrs.toolsfrog.com/analytics/keywordoverview/?q=antenna%20q1%202025%20subscriber%20report%20svod%20churn%20rates&db=us"",""antenna q1 2025 subscriber report svod churn rates​"")","n/a","n/a","0","0","","n/a","n/a","n/a","0.00","0.00","n/a","n/a","For metrics, refresh"
"antenna q1 2025 svod ad-supported vs ad-free churn rates","=HYPERLINK(""https://smrs.toolsfrog.com/analytics/keywordoverview/?q=antenna%20q1%202025%20svod%20ad-supported%20vs%20ad-free%20churn%20rates&db=us"",""antenna q1 2025 svod ad-supported vs ad-free churn rates​"")","n/a","n/a","0","0","","n/a","n/a","n/a","0.00","0.00","n/a","n/a","For metrics, refresh"
"antenna q1 2025 svod churn rates","=HYPERLINK(""https://smrs.toolsfrog.com/analytics/keywordoverview/?q=antenna%20q1%202025%20svod%20churn%20rates&db=us"",""antenna q1 2025 svod churn rates​"")","n/a","n/a","0","0","","n/a","n/a","n/a","0.00","0.00","n/a","n/a","For metrics, refresh"
"antenna q1 2025 svod churn rates ad-supported vs ad-free","=HYPERLINK(""https://smrs.toolsfrog.com/analytics/keywordoverview/?q=antenna%20q1%202025%20svod%20churn%20rates%20ad-supported%20vs%20ad-free&db=us"",""antenna q1 2025 svod churn rates ad-supported vs ad-free​"")","n/a","n/a","0","0","","n/a","n/a","n/a","0.00","0.00","n/a","n/a","For metrics, refresh"
"antenna q1 2025 svod churn rates netflix disney+ hulu","=HYPERLINK(""https://smrs.toolsfrog.com/analytics/keywordoverview/?q=antenna%20q1%202025%20svod%20churn%20rates%20netflix%20disney%2B%20hulu&db=us"",""antenna q1 2025 svod churn rates netflix disney+ hulu​"")","n/a","n/a","0","0","","n/a","n/a","n/a","0.00","0.00","n/a","n/a","For metrics, refresh"
"antenna q1 2025 svod churn rates report","=HYPERLINK(""https://smrs.toolsfrog.com/analytics/keywordoverview/?q=antenna%20q1%202025%20svod%20churn%20rates%20report&db=us"",""antenna q1 2025 svod churn rates report​"")","n/a","n/a","0","0","","n/a","n/a","n/a","0.00","0.00","n/a","n/a","For metrics, refresh"
"antenna q1 2025 us svod churn rates","=HYPERLINK(""https://smrs.toolsfrog.com/analytics/keywordoverview/?q=antenna%20q1%202025%20us%20svod%20churn%20rates&db=us"",""antenna q1 2025 us svod churn rates​"")","n/a","n/a","0","0","","n/a","n/a","n/a","0.00","0.00","n/a","n/a","For metrics, refresh"
"antenna state of subscriptions report q1 2025 svod churn rates","=HYPERLINK(""https://smrs.toolsfrog.com/analytics/keywordoverview/?q=antenna%20state%20of%20subscriptions%20report%20q1%202025%20svod%20churn%20rates&db=us"",""antenna state of subscriptions report q1 2025 svod churn rates​"")","n/a","n/a","0","0","","n/a","n/a","n/a","0.00","0.00","n/a","n/a","For metrics, refresh"
"antenna svod churn rates 2025","=HYPERLINK(""https://smrs.toolsfrog.com/analytics/keywordoverview/?q=antenna%20svod%20churn%20rates%202025&db=us"",""antenna svod churn rates 2025​"")","n/a","n/a","0","0","","n/a","n/a","n/a","0.00","0.00","n/a","n/a","For metrics, refresh"
"antenna svod churn rates q1 2025","=HYPERLINK(""https://smrs.toolsfrog.com/analytics/keywordoverview/?q=antenna%20svod%20churn%20rates%20q1%202025&db=us"",""antenna svod churn rates q1 2025​"")","n/a","n/a","0","0","","n/a","n/a","n/a","0.00","0.00","n/a","n/a","For metrics, refresh"
"apa itu churn rate","=HYPERLINK(""https://smrs.toolsfrog.com/analytics/keywordoverview/?q=apa%20itu%20churn%20rate&db=us"",""apa itu churn rate​"")","n/a","n/a","0","0","","n/a","n/a","n/a","0.00","0.00","n/a","n/a","For metrics, refresh"
"api churn rate","=HYPERLINK(""https://smrs.toolsfrog.com/analytics/keywordoverview/?q=api%20churn%20rate&db=us"",""api churn rate​"")","n/a","n/a","0","0","","n/a","n/a","n/a","0.00","0.00","n/a","n/a","For metrics, refresh"
"app churn rate definition","=HYPERLINK(""https://smrs.toolsfrog.com/analytics/keywordoverview/?q=app%20churn%20rate%20definition&db=us"",""app churn rate definition​"")","n/a","n/a","0","0","","n/a","n/a","n/a","0.00","0.00","n/a","n/a","For metrics, refresh"
"app customer churn rate","=HYPERLINK(""https://smrs.toolsfrog.com/analytics/keywordoverview/?q=app%20customer%20churn%20rate&db=us"",""app customer churn rate​"")","n/a","n/a","0","0","","n/a","n/a","n/a","0.00","0.00","n/a","n/a","For metrics, refresh"
"app subscription churn rate","=HYPERLINK(""https://smrs.toolsfrog.com/analytics/keywordoverview/?q=app%20subscription%20churn%20rate&db=us"",""app subscription churn rate​"")","n/a","n/a","0","0","","n/a","n/a","n/a","0.00","0.00","n/a","n/a","For metrics, refresh"
"apple churn rate","=HYPERLINK(""https://smrs.toolsfrog.com/analytics/keywordoverview/?q=apple%20churn%20rate&db=us"",""apple churn rate​"")","n/a","n/a","0","0","","n/a","n/a","n/a","0.00","0.00","n/a","n/a","For metrics, refresh"
"apple music churn rate 2024","=HYPERLINK(""https://smrs.toolsfrog.com/analytics/keywordoverview/?q=apple%20music%20churn%20rate%202024&db=us"",""apple music churn rate 2024​"")","n/a","n/a","0","0","","n/a","n/a","n/a","0.00","0.00","n/a","n/a","For metrics, refresh"
"apple tv churn rate","=HYPERLINK(""https://smrs.toolsfrog.com/analytics/keywordoverview/?q=apple%20tv%20churn%20rate&db=us"",""apple tv churn rate​"")","n/a","n/a","0","0","","n/a","n/a","n/a","0.00","0.00","n/a","n/a","For metrics, refresh"
"arhaus customer churn rate and retention 2025","=HYPERLINK(""https://smrs.toolsfrog.com/analytics/keywordoverview/?q=arhaus%20customer%20churn%20rate%20and%20retention%202025&db=us"",""arhaus customer churn rate and retention 2025​"")","n/a","n/a","0","0","","n/a","n/a","n/a","0.00","0.00","n/a","n/a","For metrics, refresh"
"arr churn rate saas","=HYPERLINK(""https://smrs.toolsfrog.com/analytics/keywordoverview/?q=arr%20churn%20rate%20saas&db=us"",""arr churn rate saas​"")","n/a","n/a","0","0","","n/a","n/a","n/a","0.00","0.00","n/a","n/a","For metrics, refresh"
"asset churn rate","=HYPERLINK(""https://smrs.toolsfrog.com/analytics/keywordoverview/?q=asset%20churn%20rate&db=us"",""asset churn rate​"")","n/a","n/a","0","0","","n/a","n/a","n/a","0.00","0.00","n/a","n/a","For metrics, refresh"
"assisted living churn rate","=HYPERLINK(""https://smrs.toolsfrog.com/analytics/keywordoverview/?q=assisted%20living%20churn%20rate&db=us"",""assisted living churn rate​"")","n/a","n/a","0","0","","n/a","n/a","n/a","0.00","0.00","n/a","n/a","For metrics, refresh"
"at&t churn rate 2016","=HYPERLINK(""https://smrs.toolsfrog.com/analytics/keywordoverview/?q=at%26t%20churn%20rate%202016&db=us"",""at&t churn rate 2016​"")","n/a","n/a","0","0","","n/a","n/a","n/a","0.00","0.00","n/a","n/a","For metrics, refresh"
"at&t churn rate 2017","=HYPERLINK(""https://smrs.toolsfrog.com/analytics/keywordoverview/?q=at%26t%20churn%20rate%202017&db=us"",""at&t churn rate 2017​"")","n/a","n/a","0","0","","n/a","n/a","n/a","0.00","0.00","n/a","n/a","For metrics, refresh"
"at&t churn rate 2018","=HYPERLINK(""https://smrs.toolsfrog.com/analytics/keywordoverview/?q=at%26t%20churn%20rate%202018&db=us"",""at&t churn rate 2018​"")","n/a","n/a","0","0","","n/a","n/a","n/a","0.00","0.00","n/a","n/a","For metrics, refresh"
"at&t churn rate 2019","=HYPERLINK(""https://smrs.toolsfrog.com/analytics/keywordoverview/?q=at%26t%20churn%20rate%202019&db=us"",""at&t churn rate 2019​"")","n/a","n/a","0","0","","n/a","n/a","n/a","0.00","0.00","n/a","n/a","For metrics, refresh"
"at&t churn rates","=HYPERLINK(""https://smrs.toolsfrog.com/analytics/keywordoverview/?q=at%26t%20churn%20rates&db=us"",""at&t churn rates​"")","n/a","n/a","0","0","","n/a","n/a","n/a","0.00","0.00","n/a","n/a","For metrics, refresh"
"at&t full-year 2023 postpaid phone churn rate","=HYPERLINK(""https://smrs.toolsfrog.com/analytics/keywordoverview/?q=at%26t%20full-year%202023%20postpaid%20phone%20churn%20rate&db=us"",""at&t full-year 2023 postpaid phone churn rate​"")","n/a","n/a","0","0","","n/a","n/a","n/a","0.00","0.00","n/a","n/a","For metrics, refresh"
"at&t higher churn rate","=HYPERLINK(""https://smrs.toolsfrog.com/analytics/keywordoverview/?q=at%26t%20higher%20churn%20rate&db=us"",""at&t higher churn rate​"")","n/a","n/a","0","0","","n/a","n/a","n/a","0.00","0.00","n/a","n/a","For metrics, refresh"
"at&t higher churn rate than verizon","=HYPERLINK(""https://smrs.toolsfrog.com/analytics/keywordoverview/?q=at%26t%20higher%20churn%20rate%20than%20verizon&db=us"",""at&t higher churn rate than verizon​"")","n/a","n/a","0","0","","n/a","n/a","n/a","0.00","0.00","n/a","n/a","For metrics, refresh"
"at&t postpaid churn rate 2021 annual","=HYPERLINK(""https://smrs.toolsfrog.com/analytics/keywordoverview/?q=at%26t%20postpaid%20churn%20rate%202021%20annual&db=us"",""at&t postpaid churn rate 2021 annual​"")","n/a","n/a","0","0","","n/a","n/a","n/a","0.00","0.00","n/a","n/a","For metrics, refresh"
"at&t postpaid churn rate 2023","=HYPERLINK(""https://smrs.toolsfrog.com/analytics/keywordoverview/?q=at%26t%20postpaid%20churn%20rate%202023&db=us"",""at&t postpaid churn rate 2023​"")","n/a","n/a","0","0","","n/a","n/a","n/a","0.00","0.00","n/a","n/a","For metrics, refresh"
"at&t postpaid phone churn rates 2020 2021 2022 2023","=HYPERLINK(""https://smrs.toolsfrog.com/analytics/keywordoverview/?q=at%26t%20postpaid%20phone%20churn%20rates%202020%202021%202022%202023&db=us"",""at&t postpaid phone churn rates 2020 2021 2022 2023​"")","n/a","n/a","0","0","","n/a","n/a","n/a","0.00","0.00","n/a","n/a","For metrics, refresh"
"at&t wireless churn rates over time","=HYPERLINK(""https://smrs.toolsfrog.com/analytics/keywordoverview/?q=at%26t%20wireless%20churn%20rates%20over%20time&db=us"",""at&t wireless churn rates over time​"")","n/a","n/a","0","0","","n/a","n/a","n/a","0.00","0.00","n/a","n/a","For metrics, refresh"
"atlassian churn rate","=HYPERLINK(""https://smrs.toolsfrog.com/analytics/keywordoverview/?q=atlassian%20churn%20rate&db=us"",""atlassian churn rate​"")","n/a","n/a","0","0","","n/a","n/a","n/a","0.00","0.00","n/a","n/a","For metrics, refresh"
"att customer churn rate","=HYPERLINK(""https://smrs.toolsfrog.com/analytics/keywordoverview/?q=att%20customer%20churn%20rate&db=us"",""att customer churn rate​"")","n/a","n/a","0","0","","n/a","n/a","n/a","0.00","0.00","n/a","n/a","For metrics, refresh"
"att wireless churn rates over time","=HYPERLINK(""https://smrs.toolsfrog.com/analytics/keywordoverview/?q=att%20wireless%20churn%20rates%20over%20time&db=us"",""att wireless churn rates over time​"")","n/a","n/a","0","0","","n/a","n/a","n/a","0.00","0.00","n/a","n/a","For metrics, refresh"
"attracts problematic churn rates","=HYPERLINK(""https://smrs.toolsfrog.com/analytics/keywordoverview/?q=attracts%20problematic%20churn%20rates&db=us"",""attracts problematic churn rates​"")","n/a","n/a","0","0","","n/a","n/a","n/a","0.00","0.00","n/a","n/a","For metrics, refresh"
"attributes leading to churn rate","=HYPERLINK(""https://smrs.toolsfrog.com/analytics/keywordoverview/?q=attributes%20leading%20to%20churn%20rate&db=us"",""attributes leading to churn rate​"")","n/a","n/a","0","0","","n/a","n/a","n/a","0.00","0.00","n/a","n/a","For metrics, refresh"
"attrition churn rate","=HYPERLINK(""https://smrs.toolsfrog.com/analytics/keywordoverview/?q=attrition%20churn%20rate&db=us"",""attrition churn rate​"")","n/a","n/a","0","0","","n/a","n/a","n/a","0.00","0.00","n/a","n/a","For metrics, refresh"
"attrition churn rate meaning","=HYPERLINK(""https://smrs.toolsfrog.com/analytics/keywordoverview/?q=attrition%20churn%20rate%20meaning&db=us"",""attrition churn rate meaning​"")","n/a","n/a","0","0","","n/a","n/a","n/a","0.00","0.00","n/a","n/a","For metrics, refresh"
"attrition rate churn 中文","=HYPERLINK(""https://smrs.toolsfrog.com/analytics/keywordoverview/?q=attrition%20rate%20churn%20%E4%B8%AD%E6%96%87&db=us"",""attrition rate churn 中文​"")","n/a","n/a","0","0","","n/a","n/a","n/a","0.00","0.00","n/a","n/a","For metrics, refresh"
"australian telecom price increase churn rate","=HYPERLINK(""https://smrs.toolsfrog.com/analytics/keywordoverview/?q=australian%20telecom%20price%20increase%20churn%20rate&db=us"",""australian telecom price increase churn rate​"")","n/a","n/a","0","0","","n/a","n/a","n/a","0.00","0.00","n/a","n/a","For metrics, refresh"
"auto insurance churn rate","=HYPERLINK(""https://smrs.toolsfrog.com/analytics/keywordoverview/?q=auto%20insurance%20churn%20rate&db=us"",""auto insurance churn rate​"")","n/a","n/a","0","0","","n/a","n/a","n/a","0.00","0.00","n/a","n/a","For metrics, refresh"
"automatic customer monthly churn rate","=HYPERLINK(""https://smrs.toolsfrog.com/analytics/keywordoverview/?q=automatic%20customer%20monthly%20churn%20rate&db=us"",""automatic customer monthly churn rate​"")","n/a","n/a","0","0","","n/a","n/a","n/a","0.00","0.00","n/a","n/a","For metrics, refresh"
"autonation customer churn rate and retention 2025","=HYPERLINK(""https://smrs.toolsfrog.com/analytics/keywordoverview/?q=autonation%20customer%20churn%20rate%20and%20retention%202025&db=us"",""autonation customer churn rate and retention 2025​"")","n/a","n/a","0","0","","n/a","n/a","n/a","0.00","0.00","n/a","n/a","For metrics, refresh"
"autozone customer churn rate and retention 2025","=HYPERLINK(""https://smrs.toolsfrog.com/analytics/keywordoverview/?q=autozone%20customer%20churn%20rate%20and%20retention%202025&db=us"",""autozone customer churn rate and retention 2025​"")","n/a","n/a","0","0","","n/a","n/a","n/a","0.00","0.00","n/a","n/a","For metrics, refresh"
"autozone customer churn rate compared to industry 2025","=HYPERLINK(""https://smrs.toolsfrog.com/analytics/keywordoverview/?q=autozone%20customer%20churn%20rate%20compared%20to%20industry%202025&db=us"",""autozone customer churn rate compared to industry 2025​"")","n/a","n/a","0","0","","n/a","n/a","n/a","0.00","0.00","n/a","n/a","For metrics, refresh"
"average annual churn rate","=HYPERLINK(""https://smrs.toolsfrog.com/analytics/keywordoverview/?q=average%20annual%20churn%20rate&db=us"",""average annual churn rate​"")","n/a","n/a","0","0","","n/a","n/a","n/a","0.00","0.00","n/a","n/a","For metrics, refresh"
"average annual churn rate for saas","=HYPERLINK(""https://smrs.toolsfrog.com/analytics/keywordoverview/?q=average%20annual%20churn%20rate%20for%20saas&db=us"",""average annual churn rate for saas​"")","n/a","n/a","0","0","","n/a","n/a","n/a","0.00","0.00","n/a","n/a","For metrics, refresh"
"average annual churn rate saas 2024","=HYPERLINK(""https://smrs.toolsfrog.com/analytics/keywordoverview/?q=average%20annual%20churn%20rate%20saas%202024&db=us"",""average annual churn rate saas 2024​"")","n/a","n/a","0","0","","n/a","n/a","n/a","0.00","0.00","n/a","n/a","For metrics, refresh"
"average annual churn rate smb saas 2024","=HYPERLINK(""https://smrs.toolsfrog.com/analytics/keywordoverview/?q=average%20annual%20churn%20rate%20smb%20saas%202024&db=us"",""average annual churn rate smb saas 2024​"")","n/a","n/a","0","0","","n/a","n/a","n/a","0.00","0.00","n/a","n/a","For metrics, refresh"
"average annual churn rate telecommunications industry 2023 or 2024","=HYPERLINK(""https://smrs.toolsfrog.com/analytics/keywordoverview/?q=average%20annual%20churn%20rate%20telecommunications%20industry%202023%20or%202024&db=us"",""average annual churn rate telecommunications industry 2023 or 2024​"")","n/a","n/a","0","0","","n/a","n/a","n/a","0.00","0.00","n/a","n/a","For metrics, refresh"
"average annual churn rate telecommunications industry 2024","=HYPERLINK(""https://smrs.toolsfrog.com/analytics/keywordoverview/?q=average%20annual%20churn%20rate%20telecommunications%20industry%202024&db=us"",""average annual churn rate telecommunications industry 2024​"")","n/a","n/a","0","0","","n/a","n/a","n/a","0.00","0.00","n/a","n/a","For metrics, refresh"
"average annual customer churn rate businesses","=HYPERLINK(""https://smrs.toolsfrog.com/analytics/keywordoverview/?q=average%20annual%20customer%20churn%20rate%20businesses&db=us"",""average annual customer churn rate businesses​"")","n/a","n/a","0","0","","n/a","n/a","n/a","0.00","0.00","n/a","n/a","For metrics, refresh"
"average annual customer churn rate for businesses","=HYPERLINK(""https://smrs.toolsfrog.com/analytics/keywordoverview/?q=average%20annual%20customer%20churn%20rate%20for%20businesses&db=us"",""average annual customer churn rate for businesses​"")","n/a","n/a","0","0","","n/a","n/a","n/a","0.00","0.00","n/a","n/a","For metrics, refresh"
"average apparel subscription box churn rates","=HYPERLINK(""https://smrs.toolsfrog.com/analytics/keywordoverview/?q=average%20apparel%20subscription%20box%20churn%20rates&db=us"",""average apparel subscription box churn rates​"")","n/a","n/a","0","0","","n/a","n/a","n/a","0.00","0.00","n/a","n/a","For metrics, refresh"
"average churn rate b2b saas","=HYPERLINK(""https://smrs.toolsfrog.com/analytics/keywordoverview/?q=average%20churn%20rate%20b2b%20saas&db=us"",""average churn rate b2b saas​"")","n/a","n/a","0","0","","n/a","n/a","n/a","0.00","0.00","n/a","n/a","For metrics, refresh"
"average churn rate calculation","=HYPERLINK(""https://smrs.toolsfrog.com/analytics/keywordoverview/?q=average%20churn%20rate%20calculation&db=us"",""average churn rate calculation​"")","n/a","n/a","0","0","","n/a","n/a","n/a","0.00","0.00","n/a","n/a","For metrics, refresh"
"average churn rate edtech industry","=HYPERLINK(""https://smrs.toolsfrog.com/analytics/keywordoverview/?q=average%20churn%20rate%20edtech%20industry&db=us"",""average churn rate edtech industry​"")","n/a","n/a","0","0","","n/a","n/a","n/a","0.00","0.00","n/a","n/a","For metrics, refresh"
"average churn rate enterprise saas 2024","=HYPERLINK(""https://smrs.toolsfrog.com/analytics/keywordoverview/?q=average%20churn%20rate%20enterprise%20saas%202024&db=us"",""average churn rate enterprise saas 2024​"")","n/a","n/a","0","0","","n/a","n/a","n/a","0.00","0.00","n/a","n/a","For metrics, refresh"
"average churn rate excel","=HYPERLINK(""https://smrs.toolsfrog.com/analytics/keywordoverview/?q=average%20churn%20rate%20excel&db=us"",""average churn rate excel​"")","n/a","n/a","0","0","","n/a","n/a","n/a","0.00","0.00","n/a","n/a","For metrics, refresh"
"average churn rate for automotive crm","=HYPERLINK(""https://smrs.toolsfrog.com/analytics/keywordoverview/?q=average%20churn%20rate%20for%20automotive%20crm&db=us"",""average churn rate for automotive crm​"")","n/a","n/a","0","0","","n/a","n/a","n/a","0.00","0.00","n/a","n/a","For metrics, refresh"
"average churn rate for b2b saas 2024","=HYPERLINK(""https://smrs.toolsfrog.com/analytics/keywordoverview/?q=average%20churn%20rate%20for%20b2b%20saas%202024&db=us"",""average churn rate for b2b saas 2024​"")","n/a","n/a","0","0","","n/a","n/a","n/a","0.00","0.00","n/a","n/a","For metrics, refresh"
"average churn rate for customers","=HYPERLINK(""https://smrs.toolsfrog.com/analytics/keywordoverview/?q=average%20churn%20rate%20for%20customers&db=us"",""average churn rate for customers​"")","n/a","n/a","0","0","","n/a","n/a","n/a","0.00","0.00","n/a","n/a","For metrics, refresh"
"average churn rate for luminosity","=HYPERLINK(""https://smrs.toolsfrog.com/analytics/keywordoverview/?q=average%20churn%20rate%20for%20luminosity&db=us"",""average churn rate for luminosity​"")","n/a","n/a","0","0","","n/a","n/a","n/a","0.00","0.00","n/a","n/a","For metrics, refresh"
"average churn rate for monthly subscriptions","=HYPERLINK(""https://smrs.toolsfrog.com/analytics/keywordoverview/?q=average%20churn%20rate%20for%20monthly%20subscriptions&db=us"",""average churn rate for monthly subscriptions​"")","n/a","n/a","0","0","","n/a","n/a","n/a","0.00","0.00","n/a","n/a","For metrics, refresh"
"average churn rate for monthyl subsciptions","=HYPERLINK(""https://smrs.toolsfrog.com/analytics/keywordoverview/?q=average%20churn%20rate%20for%20monthyl%20subsciptions&db=us"",""average churn rate for monthyl subsciptions​"")","n/a","n/a","0","0","","n/a","n/a","n/a","0.00","0.00","n/a","n/a","For metrics, refresh"
"average churn rate for music streaming service","=HYPERLINK(""https://smrs.toolsfrog.com/analytics/keywordoverview/?q=average%20churn%20rate%20for%20music%20streaming%20service&db=us"",""average churn rate for music streaming service​"")","n/a","n/a","0","0","","n/a","n/a","n/a","0.00","0.00","n/a","n/a","For metrics, refresh"
"average churn rate for nonprofit membership programs","=HYPERLINK(""https://smrs.toolsfrog.com/analytics/keywordoverview/?q=average%20churn%20rate%20for%20nonprofit%20membership%20programs&db=us"",""average churn rate for nonprofit membership programs​"")","n/a","n/a","0","0","","n/a","n/a","n/a","0.00","0.00","n/a","n/a","For metrics, refresh"
"average churn rate for nonprofits","=HYPERLINK(""https://smrs.toolsfrog.com/analytics/keywordoverview/?q=average%20churn%20rate%20for%20nonprofits&db=us"",""average churn rate for nonprofits​"")","n/a","n/a","0","0","","n/a","n/a","n/a","0.00","0.00","n/a","n/a","For metrics, refresh"
"average churn rate for online directory","=HYPERLINK(""https://smrs.toolsfrog.com/analytics/keywordoverview/?q=average%20churn%20rate%20for%20online%20directory&db=us"",""average churn rate for online directory​"")","n/a","n/a","0","0","","n/a","n/a","n/a","0.00","0.00","n/a","n/a","For metrics, refresh"
"average churn rate for real estate","=HYPERLINK(""https://smrs.toolsfrog.com/analytics/keywordoverview/?q=average%20churn%20rate%20for%20real%20estate&db=us"",""average churn rate for real estate​"")","n/a","n/a","0","0","","n/a","n/a","n/a","0.00","0.00","n/a","n/a","For metrics, refresh"
"average churn rate for saas company","=HYPERLINK(""https://smrs.toolsfrog.com/analytics/keywordoverview/?q=average%20churn%20rate%20for%20saas%20company&db=us"",""average churn rate for saas company​"")","n/a","n/a","0","0","","n/a","n/a","n/a","0.00","0.00","n/a","n/a","For metrics, refresh"
"average churn rate for saas start ups","=HYPERLINK(""https://smrs.toolsfrog.com/analytics/keywordoverview/?q=average%20churn%20rate%20for%20saas%20start%20ups&db=us"",""average churn rate for saas start ups​"")","n/a","n/a","0","0","","n/a","n/a","n/a","0.00","0.00","n/a","n/a","For metrics, refresh"
"average churn rate for subscription apps","=HYPERLINK(""https://smrs.toolsfrog.com/analytics/keywordoverview/?q=average%20churn%20rate%20for%20subscription%20apps&db=us"",""average churn rate for subscription apps​"")","n/a","n/a","0","0","","n/a","n/a","n/a","0.00","0.00","n/a","n/a","For metrics, refresh"
"average churn rate for subscription boxes","=HYPERLINK(""https://smrs.toolsfrog.com/analytics/keywordoverview/?q=average%20churn%20rate%20for%20subscription%20boxes&db=us"",""average churn rate for subscription boxes​"")","n/a","n/a","0","0","","n/a","n/a","n/a","0.00","0.00","n/a","n/a","For metrics, refresh"
"average churn rate for subscription business","=HYPERLINK(""https://smrs.toolsfrog.com/analytics/keywordoverview/?q=average%20churn%20rate%20for%20subscription%20business&db=us"",""average churn rate for subscription business​"")","n/a","n/a","0","0","","n/a","n/a","n/a","0.00","0.00","n/a","n/a","For metrics, refresh"
"average churn rate for the airline industry","=HYPERLINK(""https://smrs.toolsfrog.com/analytics/keywordoverview/?q=average%20churn%20rate%20for%20the%20airline%20industry&db=us"",""average churn rate for the airline industry​"")","n/a","n/a","0","0","","n/a","n/a","n/a","0.00","0.00","n/a","n/a","For metrics, refresh"
"average churn rate formula","=HYPERLINK(""https://smrs.toolsfrog.com/analytics/keywordoverview/?q=average%20churn%20rate%20formula&db=us"",""average churn rate formula​"")","n/a","n/a","0","0","","n/a","n/a","n/a","0.00","0.00","n/a","n/a","For metrics, refresh"
"average churn rate hr saas or talent management software","=HYPERLINK(""https://smrs.toolsfrog.com/analytics/keywordoverview/?q=average%20churn%20rate%20hr%20saas%20or%20talent%20management%20software&db=us"",""average churn rate hr saas or talent management software​"")","n/a","n/a","0","0","","n/a","n/a","n/a","0.00","0.00","n/a","n/a","For metrics, refresh"
"average churn rate hr saas talent management software","=HYPERLINK(""https://smrs.toolsfrog.com/analytics/keywordoverview/?q=average%20churn%20rate%20hr%20saas%20talent%20management%20software&db=us"",""average churn rate hr saas talent management software​"")","n/a","n/a","0","0","","n/a","n/a","n/a","0.00","0.00","n/a","n/a","For metrics, refresh"
"average churn rate in mckinsey","=HYPERLINK(""https://smrs.toolsfrog.com/analytics/keywordoverview/?q=average%20churn%20rate%20in%20mckinsey&db=us"",""average churn rate in mckinsey​"")","n/a","n/a","0","0","","n/a","n/a","n/a","0.00","0.00","n/a","n/a","For metrics, refresh"
"average churn rate in telecom industry uk","=HYPERLINK(""https://smrs.toolsfrog.com/analytics/keywordoverview/?q=average%20churn%20rate%20in%20telecom%20industry%20uk&db=us"",""average churn rate in telecom industry uk​"")","n/a","n/a","0","0","","n/a","n/a","n/a","0.00","0.00","n/a","n/a","For metrics, refresh"
"average churn rate in telecom industry us","=HYPERLINK(""https://smrs.toolsfrog.com/analytics/keywordoverview/?q=average%20churn%20rate%20in%20telecom%20industry%20us&db=us"",""average churn rate in telecom industry us​"")","n/a","n/a","0","0","","n/a","n/a","n/a","0.00","0.00","n/a","n/a","For metrics, refresh"
"average churn rate manufacturing industry","=HYPERLINK(""https://smrs.toolsfrog.com/analytics/keywordoverview/?q=average%20churn%20rate%20manufacturing%20industry&db=us"",""average churn rate manufacturing industry​"")","n/a","n/a","0","0","","n/a","n/a","n/a","0.00","0.00","n/a","n/a","For metrics, refresh"
"average churn rate manufacturing industry b2b","=HYPERLINK(""https://smrs.toolsfrog.com/analytics/keywordoverview/?q=average%20churn%20rate%20manufacturing%20industry%20b2b&db=us"",""average churn rate manufacturing industry b2b​"")","n/a","n/a","0","0","","n/a","n/a","n/a","0.00","0.00","n/a","n/a","For metrics, refresh"
"average churn rate micro saas 2024","=HYPERLINK(""https://smrs.toolsfrog.com/analytics/keywordoverview/?q=average%20churn%20rate%20micro%20saas%202024&db=us"",""average churn rate micro saas 2024​"")","n/a","n/a","0","0","","n/a","n/a","n/a","0.00","0.00","n/a","n/a","For metrics, refresh"
"average churn rate mobile","=HYPERLINK(""https://smrs.toolsfrog.com/analytics/keywordoverview/?q=average%20churn%20rate%20mobile&db=us"",""average churn rate mobile​"")","n/a","n/a","0","0","","n/a","n/a","n/a","0.00","0.00","n/a","n/a","For metrics, refresh"
"average churn rate mobile apps","=HYPERLINK(""https://smrs.toolsfrog.com/analytics/keywordoverview/?q=average%20churn%20rate%20mobile%20apps&db=us"",""average churn rate mobile apps​"")","n/a","n/a","0","0","","n/a","n/a","n/a","0.00","0.00","n/a","n/a","For metrics, refresh"
"average churn rate nearshored software developers brazil","=HYPERLINK(""https://smrs.toolsfrog.com/analytics/keywordoverview/?q=average%20churn%20rate%20nearshored%20software%20developers%20brazil&db=us"",""average churn rate nearshored software developers brazil​"")","n/a","n/a","0","0","","n/a","n/a","n/a","0.00","0.00","n/a","n/a","For metrics, refresh"
"average churn rate of a b testing","=HYPERLINK(""https://smrs.toolsfrog.com/analytics/keywordoverview/?q=average%20churn%20rate%20of%20a%20b%20testing&db=us"",""average churn rate of a b testing​"")","n/a","n/a","0","0","","n/a","n/a","n/a","0.00","0.00","n/a","n/a","For metrics, refresh"
"average churn rate retail","=HYPERLINK(""https://smrs.toolsfrog.com/analytics/keywordoverview/?q=average%20churn%20rate%20retail&db=us"",""average churn rate retail​"")","n/a","n/a","0","0","","n/a","n/a","n/a","0.00","0.00","n/a","n/a","For metrics, refresh"
"average churn rate saas 2024 benchmark","=HYPERLINK(""https://smrs.toolsfrog.com/analytics/keywordoverview/?q=average%20churn%20rate%20saas%202024%20benchmark&db=us"",""average churn rate saas 2024 benchmark​"")","n/a","n/a","0","0","","n/a","n/a","n/a","0.00","0.00","n/a","n/a","For metrics, refresh"
"average churn rate saas companies 2024","=HYPERLINK(""https://smrs.toolsfrog.com/analytics/keywordoverview/?q=average%20churn%20rate%20saas%20companies%202024&db=us"",""average churn rate saas companies 2024​"")","n/a","n/a","0","0","","n/a","n/a","n/a","0.00","0.00","n/a","n/a","For metrics, refresh"
"average churn rate saas small business 2024","=HYPERLINK(""https://smrs.toolsfrog.com/analytics/keywordoverview/?q=average%20churn%20rate%20saas%20small%20business%202024&db=us"",""average churn rate saas small business 2024​"")","n/a","n/a","0","0","","n/a","n/a","n/a","0.00","0.00","n/a","n/a","For metrics, refresh"
"average churn rate saas smb 2024","=HYPERLINK(""https://smrs.toolsfrog.com/analytics/keywordoverview/?q=average%20churn%20rate%20saas%20smb%202024&db=us"",""average churn rate saas smb 2024​"")","n/a","n/a","0","0","","n/a","n/a","n/a","0.00","0.00","n/a","n/a","For metrics, refresh"
"average churn rate seamless","=HYPERLINK(""https://smrs.toolsfrog.com/analytics/keywordoverview/?q=average%20churn%20rate%20seamless&db=us"",""average churn rate seamless​"")","n/a","n/a","0","0","","n/a","n/a","n/a","0.00","0.00","n/a","n/a","For metrics, refresh"
"average churn rate small business saas 2024","=HYPERLINK(""https://smrs.toolsfrog.com/analytics/keywordoverview/?q=average%20churn%20rate%20small%20business%20saas%202024&db=us"",""average churn rate small business saas 2024​"")","n/a","n/a","0","0","","n/a","n/a","n/a","0.00","0.00","n/a","n/a","For metrics, refresh"
"average churn rate small saas 2024","=HYPERLINK(""https://smrs.toolsfrog.com/analytics/keywordoverview/?q=average%20churn%20rate%20small%20saas%202024&db=us"",""average churn rate small saas 2024​"")","n/a","n/a","0","0","","n/a","n/a","n/a","0.00","0.00","n/a","n/a","For metrics, refresh"
"average churn rate smb saas 2024","=HYPERLINK(""https://smrs.toolsfrog.com/analytics/keywordoverview/?q=average%20churn%20rate%20smb%20saas%202024&db=us"",""average churn rate smb saas 2024​"")","n/a","n/a","0","0","","n/a","n/a","n/a","0.00","0.00","n/a","n/a","For metrics, refresh"
"average churn rate subscription box","=HYPERLINK(""https://smrs.toolsfrog.com/analytics/keywordoverview/?q=average%20churn%20rate%20subscription%20box&db=us"",""average churn rate subscription box​"")","n/a","n/a","0","0","","n/a","n/a","n/a","0.00","0.00","n/a","n/a","For metrics, refresh"
"average churn rate subscription boxes","=HYPERLINK(""https://smrs.toolsfrog.com/analytics/keywordoverview/?q=average%20churn%20rate%20subscription%20boxes&db=us"",""average churn rate subscription boxes​"")","n/a","n/a","0","0","","n/a","n/a","n/a","0.00","0.00","n/a","n/a","For metrics, refresh"
"average churn rate subscription business","=HYPERLINK(""https://smrs.toolsfrog.com/analytics/keywordoverview/?q=average%20churn%20rate%20subscription%20business&db=us"",""average churn rate subscription business​"")","n/a","n/a","0","0","","n/a","n/a","n/a","0.00","0.00","n/a","n/a","For metrics, refresh"
"average churn rate telecom","=HYPERLINK(""https://smrs.toolsfrog.com/analytics/keywordoverview/?q=average%20churn%20rate%20telecom&db=us"",""average churn rate telecom​"")","n/a","n/a","0","0","","n/a","n/a","n/a","0.00","0.00","n/a","n/a","For metrics, refresh"
"average churn rate telecommunications industry 2024","=HYPERLINK(""https://smrs.toolsfrog.com/analytics/keywordoverview/?q=average%20churn%20rate%20telecommunications%20industry%202024&db=us"",""average churn rate telecommunications industry 2024​"")","n/a","n/a","0","0","","n/a","n/a","n/a","0.00","0.00","n/a","n/a","For metrics, refresh"
"average churn rate web","=HYPERLINK(""https://smrs.toolsfrog.com/analytics/keywordoverview/?q=average%20churn%20rate%20web&db=us"",""average churn rate web​"")","n/a","n/a","0","0","","n/a","n/a","n/a","0.00","0.00","n/a","n/a","For metrics, refresh"
"average churn rate web apps","=HYPERLINK(""https://smrs.toolsfrog.com/analytics/keywordoverview/?q=average%20churn%20rate%20web%20apps&db=us"",""average churn rate web apps​"")","n/a","n/a","0","0","","n/a","n/a","n/a","0.00","0.00","n/a","n/a","For metrics, refresh"
"average churn rate web hosting industry","=HYPERLINK(""https://smrs.toolsfrog.com/analytics/keywordoverview/?q=average%20churn%20rate%20web%20hosting%20industry&db=us"",""average churn rate web hosting industry​"")","n/a","n/a","0","0","","n/a","n/a","n/a","0.00","0.00","n/a","n/a","For metrics, refresh"
"average churn rates saas","=HYPERLINK(""https://smrs.toolsfrog.com/analytics/keywordoverview/?q=average%20churn%20rates%20saas&db=us"",""average churn rates saas​"")","n/a","n/a","0","0","","n/a","n/a","n/a","0.00","0.00","n/a","n/a","For metrics, refresh"
"average churn risk rate","=HYPERLINK(""https://smrs.toolsfrog.com/analytics/keywordoverview/?q=average%20churn%20risk%20rate&db=us"",""average churn risk rate​"")","n/a","n/a","0","0","","n/a","n/a","n/a","0.00","0.00","n/a","n/a","For metrics, refresh"
"average client churn rate for digital marketing agencies","=HYPERLINK(""https://smrs.toolsfrog.com/analytics/keywordoverview/?q=average%20client%20churn%20rate%20for%20digital%20marketing%20agencies&db=us"",""average client churn rate for digital marketing agencies​"")","n/a","n/a","0","0","","n/a","n/a","n/a","0.00","0.00","n/a","n/a","For metrics, refresh"
"average clothing subscription box churn rates","=HYPERLINK(""https://smrs.toolsfrog.com/analytics/keywordoverview/?q=average%20clothing%20subscription%20box%20churn%20rates&db=us"",""average clothing subscription box churn rates​"")","n/a","n/a","0","0","","n/a","n/a","n/a","0.00","0.00","n/a","n/a","For metrics, refresh"
"average consumer technology churn rate","=HYPERLINK(""https://smrs.toolsfrog.com/analytics/keywordoverview/?q=average%20consumer%20technology%20churn%20rate&db=us"",""average consumer technology churn rate​"")","n/a","n/a","0","0","","n/a","n/a","n/a","0.00","0.00","n/a","n/a","For metrics, refresh"
"average crm software churn rates","=HYPERLINK(""https://smrs.toolsfrog.com/analytics/keywordoverview/?q=average%20crm%20software%20churn%20rates&db=us"",""average crm software churn rates​"")","n/a","n/a","0","0","","n/a","n/a","n/a","0.00","0.00","n/a","n/a","For metrics, refresh"
"average customer churn rate business benchmark","=HYPERLINK(""https://smrs.toolsfrog.com/analytics/keywordoverview/?q=average%20customer%20churn%20rate%20business%20benchmark&db=us"",""average customer churn rate business benchmark​"")","n/a","n/a","0","0","","n/a","n/a","n/a","0.00","0.00","n/a","n/a","For metrics, refresh"
"average customer churn rate by industry 2025 2026","=HYPERLINK(""https://smrs.toolsfrog.com/analytics/keywordoverview/?q=average%20customer%20churn%20rate%20by%20industry%202025%202026&db=us"",""average customer churn rate by industry 2025 2026​"")","n/a","n/a","0","0","","n/a","n/a","n/a","0.00","0.00","n/a","n/a","For metrics, refresh"
"average email churn rate","=HYPERLINK(""https://smrs.toolsfrog.com/analytics/keywordoverview/?q=average%20email%20churn%20rate&db=us"",""average email churn rate​"")","n/a","n/a","0","0","","n/a","n/a","n/a","0.00","0.00","n/a","n/a","For metrics, refresh"
"average email marketing churn rate","=HYPERLINK(""https://smrs.toolsfrog.com/analytics/keywordoverview/?q=average%20email%20marketing%20churn%20rate&db=us"",""average email marketing churn rate​"")","n/a","n/a","0","0","","n/a","n/a","n/a","0.00","0.00","n/a","n/a","For metrics, refresh"
"average employee churn rate","=HYPERLINK(""https://smrs.toolsfrog.com/analytics/keywordoverview/?q=average%20employee%20churn%20rate&db=us"",""average employee churn rate​"")","n/a","n/a","0","0","","n/a","n/a","n/a","0.00","0.00","n/a","n/a","For metrics, refresh"
"average fashion subscription box churn rates","=HYPERLINK(""https://smrs.toolsfrog.com/analytics/keywordoverview/?q=average%20fashion%20subscription%20box%20churn%20rates&db=us"",""average fashion subscription box churn rates​"")","n/a","n/a","0","0","","n/a","n/a","n/a","0.00","0.00","n/a","n/a","For metrics, refresh"
"average freemium churn rates","=HYPERLINK(""https://smrs.toolsfrog.com/analytics/keywordoverview/?q=average%20freemium%20churn%20rates&db=us"",""average freemium churn rates​"")","n/a","n/a","0","0","","n/a","n/a","n/a","0.00","0.00","n/a","n/a","For metrics, refresh"
"average growth rate vs churn rate","=HYPERLINK(""https://smrs.toolsfrog.com/analytics/keywordoverview/?q=average%20growth%20rate%20vs%20churn%20rate&db=us"",""average growth rate vs churn rate​"")","n/a","n/a","0","0","","n/a","n/a","n/a","0.00","0.00","n/a","n/a","For metrics, refresh"
"average gym churn rate","=HYPERLINK(""https://smrs.toolsfrog.com/analytics/keywordoverview/?q=average%20gym%20churn%20rate&db=us"",""average gym churn rate​"")","n/a","n/a","0","0","","n/a","n/a","n/a","0.00","0.00","n/a","n/a","For metrics, refresh"
"average gym membership churn rate","=HYPERLINK(""https://smrs.toolsfrog.com/analytics/keywordoverview/?q=average%20gym%20membership%20churn%20rate&db=us"",""average gym membership churn rate​"")","n/a","n/a","0","0","","n/a","n/a","n/a","0.00","0.00","n/a","n/a","For metrics, refresh"
"average mailing list churn rate","=HYPERLINK(""https://smrs.toolsfrog.com/analytics/keywordoverview/?q=average%20mailing%20list%20churn%20rate&db=us"",""average mailing list churn rate​"")","n/a","n/a","0","0","","n/a","n/a","n/a","0.00","0.00","n/a","n/a","For metrics, refresh"
"average mobile churn rate","=HYPERLINK(""https://smrs.toolsfrog.com/analytics/keywordoverview/?q=average%20mobile%20churn%20rate&db=us"",""average mobile churn rate​"")","n/a","n/a","0","0","","n/a","n/a","n/a","0.00","0.00","n/a","n/a","For metrics, refresh"
"average monthly churn rate annual churn","=HYPERLINK(""https://smrs.toolsfrog.com/analytics/keywordoverview/?q=average%20monthly%20churn%20rate%20annual%20churn&db=us"",""average monthly churn rate annual churn​"")","n/a","n/a","0","0","","n/a","n/a","n/a","0.00","0.00","n/a","n/a","For metrics, refresh"
"average monthly churn rate b2b enterprise saas","=HYPERLINK(""https://smrs.toolsfrog.com/analytics/keywordoverview/?q=average%20monthly%20churn%20rate%20b2b%20enterprise%20saas&db=us"",""average monthly churn rate b2b enterprise saas​"")","n/a","n/a","0","0","","n/a","n/a","n/a","0.00","0.00","n/a","n/a","For metrics, refresh"
"average monthly churn rate b2b saas","=HYPERLINK(""https://smrs.toolsfrog.com/analytics/keywordoverview/?q=average%20monthly%20churn%20rate%20b2b%20saas&db=us"",""average monthly churn rate b2b saas​"")","n/a","n/a","0","0","","n/a","n/a","n/a","0.00","0.00","n/a","n/a","For metrics, refresh"
"average monthly churn rate b2b saas 2024 benchmark","=HYPERLINK(""https://smrs.toolsfrog.com/analytics/keywordoverview/?q=average%20monthly%20churn%20rate%20b2b%20saas%202024%20benchmark&db=us"",""average monthly churn rate b2b saas 2024 benchmark​"")","n/a","n/a","0","0","","n/a","n/a","n/a","0.00","0.00","n/a","n/a","For metrics, refresh"
"average monthly churn rate b2b saas 2025","=HYPERLINK(""https://smrs.toolsfrog.com/analytics/keywordoverview/?q=average%20monthly%20churn%20rate%20b2b%20saas%202025&db=us"",""average monthly churn rate b2b saas 2025​"")","n/a","n/a","0","0","","n/a","n/a","n/a","0.00","0.00","n/a","n/a","For metrics, refresh"
"average monthly churn rate b2b saas enterprise","=HYPERLINK(""https://smrs.toolsfrog.com/analytics/keywordoverview/?q=average%20monthly%20churn%20rate%20b2b%20saas%20enterprise&db=us"",""average monthly churn rate b2b saas enterprise​"")","n/a","n/a","0","0","","n/a","n/a","n/a","0.00","0.00","n/a","n/a","For metrics, refresh"
"average monthly churn rate by industry","=HYPERLINK(""https://smrs.toolsfrog.com/analytics/keywordoverview/?q=average%20monthly%20churn%20rate%20by%20industry&db=us"",""average monthly churn rate by industry​"")","n/a","n/a","0","0","","n/a","n/a","n/a","0.00","0.00","n/a","n/a","For metrics, refresh"
"average monthly churn rate consumer saas 2024","=HYPERLINK(""https://smrs.toolsfrog.com/analytics/keywordoverview/?q=average%20monthly%20churn%20rate%20consumer%20saas%202024&db=us"",""average monthly churn rate consumer saas 2024​"")","n/a","n/a","0","0","","n/a","n/a","n/a","0.00","0.00","n/a","n/a","For metrics, refresh"
"average monthly churn rate consumer subscription apps 2024","=HYPERLINK(""https://smrs.toolsfrog.com/analytics/keywordoverview/?q=average%20monthly%20churn%20rate%20consumer%20subscription%20apps%202024&db=us"",""average monthly churn rate consumer subscription apps 2024​"")","n/a","n/a","0","0","","n/a","n/a","n/a","0.00","0.00","n/a","n/a","For metrics, refresh"
"average monthly churn rate edtech apps","=HYPERLINK(""https://smrs.toolsfrog.com/analytics/keywordoverview/?q=average%20monthly%20churn%20rate%20edtech%20apps&db=us"",""average monthly churn rate edtech apps​"")","n/a","n/a","0","0","","n/a","n/a","n/a","0.00","0.00","n/a","n/a","For metrics, refresh"
"average monthly churn rate enterprise saas","=HYPERLINK(""https://smrs.toolsfrog.com/analytics/keywordoverview/?q=average%20monthly%20churn%20rate%20enterprise%20saas&db=us"",""average monthly churn rate enterprise saas​"")","n/a","n/a","0","0","","n/a","n/a","n/a","0.00","0.00","n/a","n/a","For metrics, refresh"
"average monthly churn rate enterprise saas b2b","=HYPERLINK(""https://smrs.toolsfrog.com/analytics/keywordoverview/?q=average%20monthly%20churn%20rate%20enterprise%20saas%20b2b&db=us"",""average monthly churn rate enterprise saas b2b​"")","n/a","n/a","0","0","","n/a","n/a","n/a","0.00","0.00","n/a","n/a","For metrics, refresh"
"average monthly churn rate for b2b saas","=HYPERLINK(""https://smrs.toolsfrog.com/analytics/keywordoverview/?q=average%20monthly%20churn%20rate%20for%20b2b%20saas&db=us"",""average monthly churn rate for b2b saas​"")","n/a","n/a","0","0","","n/a","n/a","n/a","0.00","0.00","n/a","n/a","For metrics, refresh"
"average monthly churn rate for paid newsletters","=HYPERLINK(""https://smrs.toolsfrog.com/analytics/keywordoverview/?q=average%20monthly%20churn%20rate%20for%20paid%20newsletters&db=us"",""average monthly churn rate for paid newsletters​"")","n/a","n/a","0","0","","n/a","n/a","n/a","0.00","0.00","n/a","n/a","For metrics, refresh"
"average monthly churn rate for saas","=HYPERLINK(""https://smrs.toolsfrog.com/analytics/keywordoverview/?q=average%20monthly%20churn%20rate%20for%20saas&db=us"",""average monthly churn rate for saas​"")","n/a","n/a","0","0","","n/a","n/a","n/a","0.00","0.00","n/a","n/a","For metrics, refresh"
"average monthly churn rate for saas companies","=HYPERLINK(""https://smrs.toolsfrog.com/analytics/keywordoverview/?q=average%20monthly%20churn%20rate%20for%20saas%20companies&db=us"",""average monthly churn rate for saas companies​"")","n/a","n/a","0","0","","n/a","n/a","n/a","0.00","0.00","n/a","n/a","For metrics, refresh"
"average monthly churn rate for smb saas 2024","=HYPERLINK(""https://smrs.toolsfrog.com/analytics/keywordoverview/?q=average%20monthly%20churn%20rate%20for%20smb%20saas%202024&db=us"",""average monthly churn rate for smb saas 2024​"")","n/a","n/a","0","0","","n/a","n/a","n/a","0.00","0.00","n/a","n/a","For metrics, refresh"
"average monthly churn rate for subscription boxes","=HYPERLINK(""https://smrs.toolsfrog.com/analytics/keywordoverview/?q=average%20monthly%20churn%20rate%20for%20subscription%20boxes&db=us"",""average monthly churn rate for subscription boxes​"")","n/a","n/a","0","0","","n/a","n/a","n/a","0.00","0.00","n/a","n/a","For metrics, refresh"
"average monthly churn rate for subscription businesses","=HYPERLINK(""https://smrs.toolsfrog.com/analytics/keywordoverview/?q=average%20monthly%20churn%20rate%20for%20subscription%20businesses&db=us"",""average monthly churn rate for subscription businesses​"")","n/a","n/a","0","0","","n/a","n/a","n/a","0.00","0.00","n/a","n/a","For metrics, refresh"
"average monthly churn rate for wireless carriers","=HYPERLINK(""https://smrs.toolsfrog.com/analytics/keywordoverview/?q=average%20monthly%20churn%20rate%20for%20wireless%20carriers&db=us"",""average monthly churn rate for wireless carriers​"")","n/a","n/a","0","0","","n/a","n/a","n/a","0.00","0.00","n/a","n/a","For metrics, refresh"
"average monthly churn rate saas 2024 benchmark","=HYPERLINK(""https://smrs.toolsfrog.com/analytics/keywordoverview/?q=average%20monthly%20churn%20rate%20saas%202024%20benchmark&db=us"",""average monthly churn rate saas 2024 benchmark​"")","n/a","n/a","0","0","","n/a","n/a","n/a","0.00","0.00","n/a","n/a","For metrics, refresh"
"average monthly churn rate smb saas 2024","=HYPERLINK(""https://smrs.toolsfrog.com/analytics/keywordoverview/?q=average%20monthly%20churn%20rate%20smb%20saas%202024&db=us"",""average monthly churn rate smb saas 2024​"")","n/a","n/a","0","0","","n/a","n/a","n/a","0.00","0.00","n/a","n/a","For metrics, refresh"
"average monthly churn rate smb saas 2024 2025","=HYPERLINK(""https://smrs.toolsfrog.com/analytics/keywordoverview/?q=average%20monthly%20churn%20rate%20smb%20saas%202024%202025&db=us"",""average monthly churn rate smb saas 2024 2025​"")","n/a","n/a","0","0","","n/a","n/a","n/a","0.00","0.00","n/a","n/a","For metrics, refresh"
"average monthly churn rate smb saas 2024 benchmark","=HYPERLINK(""https://smrs.toolsfrog.com/analytics/keywordoverview/?q=average%20monthly%20churn%20rate%20smb%20saas%202024%20benchmark&db=us"",""average monthly churn rate smb saas 2024 benchmark​"")","n/a","n/a","0","0","","n/a","n/a","n/a","0.00","0.00","n/a","n/a","For metrics, refresh"
"average monthly churn rate smb saas 2025","=HYPERLINK(""https://smrs.toolsfrog.com/analytics/keywordoverview/?q=average%20monthly%20churn%20rate%20smb%20saas%202025&db=us"",""average monthly churn rate smb saas 2025​"")","n/a","n/a","0","0","","n/a","n/a","n/a","0.00","0.00","n/a","n/a","For metrics, refresh"
"average monthly churn rate subscription apps 2024","=HYPERLINK(""https://smrs.toolsfrog.com/analytics/keywordoverview/?q=average%20monthly%20churn%20rate%20subscription%20apps%202024&db=us"",""average monthly churn rate subscription apps 2024​"")","n/a","n/a","0","0","","n/a","n/a","n/a","0.00","0.00","n/a","n/a","For metrics, refresh"
"average monthly churn rate subscription box industry","=HYPERLINK(""https://smrs.toolsfrog.com/analytics/keywordoverview/?q=average%20monthly%20churn%20rate%20subscription%20box%20industry&db=us"",""average monthly churn rate subscription box industry​"")","n/a","n/a","0","0","","n/a","n/a","n/a","0.00","0.00","n/a","n/a","For metrics, refresh"
"average monthly churn rate subscription boxes","=HYPERLINK(""https://smrs.toolsfrog.com/analytics/keywordoverview/?q=average%20monthly%20churn%20rate%20subscription%20boxes&db=us"",""average monthly churn rate subscription boxes​"")","n/a","n/a","0","0","","n/a","n/a","n/a","0.00","0.00","n/a","n/a","For metrics, refresh"
"average monthly churn rates","=HYPERLINK(""https://smrs.toolsfrog.com/analytics/keywordoverview/?q=average%20monthly%20churn%20rates&db=us"",""average monthly churn rates​"")","n/a","n/a","0","0","","n/a","n/a","n/a","0.00","0.00","n/a","n/a","For metrics, refresh"
"average retail churn rate","=HYPERLINK(""https://smrs.toolsfrog.com/analytics/keywordoverview/?q=average%20retail%20churn%20rate&db=us"",""average retail churn rate​"")","n/a","n/a","0","0","","n/a","n/a","n/a","0.00","0.00","n/a","n/a","For metrics, refresh"
"average revenue churn rate","=HYPERLINK(""https://smrs.toolsfrog.com/analytics/keywordoverview/?q=average%20revenue%20churn%20rate&db=us"",""average revenue churn rate​"")","n/a","n/a","0","0","","n/a","n/a","n/a","0.00","0.00","n/a","n/a","For metrics, refresh"
"average revenue per user churn rate","=HYPERLINK(""https://smrs.toolsfrog.com/analytics/keywordoverview/?q=average%20revenue%20per%20user%20churn%20rate&db=us"",""average revenue per user churn rate​"")","n/a","n/a","0","0","","n/a","n/a","n/a","0.00","0.33","n/a","n/a","For metrics, refresh"
"average revenue per user/churn rate","=HYPERLINK(""https://smrs.toolsfrog.com/analytics/keywordoverview/?q=average%20revenue%20per%20user%2Fchurn%20rate&db=us"",""average revenue per user/churn rate​"")","n/a","n/a","0","0","","n/a","n/a","n/a","0.00","0.33","n/a","n/a","For metrics, refresh"
"average saas churn rate 2023","=HYPERLINK(""https://smrs.toolsfrog.com/analytics/keywordoverview/?q=average%20saas%20churn%20rate%202023&db=us"",""average saas churn rate 2023​"")","n/a","n/a","0","0","","n/a","n/a","n/a","0.00","0.00","n/a","n/a","For metrics, refresh"
"average saas churn rate 2024 small business","=HYPERLINK(""https://smrs.toolsfrog.com/analytics/keywordoverview/?q=average%20saas%20churn%20rate%202024%20small%20business&db=us"",""average saas churn rate 2024 small business​"")","n/a","n/a","0","0","","n/a","n/a","n/a","0.00","0.00","n/a","n/a","For metrics, refresh"
"average saas churn rate 2024 study","=HYPERLINK(""https://smrs.toolsfrog.com/analytics/keywordoverview/?q=average%20saas%20churn%20rate%202024%20study&db=us"",""average saas churn rate 2024 study​"")","n/a","n/a","0","0","","n/a","n/a","n/a","0.00","0.00","n/a","n/a","For metrics, refresh"
"average saas churn rate 2025","=HYPERLINK(""https://smrs.toolsfrog.com/analytics/keywordoverview/?q=average%20saas%20churn%20rate%202025&db=us"",""average saas churn rate 2025​"")","n/a","n/a","0","0","","n/a","n/a","n/a","0.00","0.00","n/a","n/a","For metrics, refresh"
"average saas churn rate benchmarks by mrr arr company size","=HYPERLINK(""https://smrs.toolsfrog.com/analytics/keywordoverview/?q=average%20saas%20churn%20rate%20benchmarks%20by%20mrr%20arr%20company%20size&db=us"",""average saas churn rate benchmarks by mrr arr company size​"")","n/a","n/a","0","0","","n/a","n/a","n/a","0.00","0.00","n/a","n/a","For metrics, refresh"
"average saas churn rate monthly","=HYPERLINK(""https://smrs.toolsfrog.com/analytics/keywordoverview/?q=average%20saas%20churn%20rate%20monthly&db=us"",""average saas churn rate monthly​"")","n/a","n/a","0","0","","n/a","n/a","n/a","0.00","0.00","n/a","n/a","For metrics, refresh"
"average saas churn rate smb 2024","=HYPERLINK(""https://smrs.toolsfrog.com/analytics/keywordoverview/?q=average%20saas%20churn%20rate%20smb%202024&db=us"",""average saas churn rate smb 2024​"")","n/a","n/a","0","0","","n/a","n/a","n/a","0.00","0.00","n/a","n/a","For metrics, refresh"
"average saas monthlu churn rate","=HYPERLINK(""https://smrs.toolsfrog.com/analytics/keywordoverview/?q=average%20saas%20monthlu%20churn%20rate&db=us"",""average saas monthlu churn rate​"")","n/a","n/a","0","0","","n/a","n/a","n/a","0.00","0.00","n/a","n/a","For metrics, refresh"
"average saas monthly churn rate","=HYPERLINK(""https://smrs.toolsfrog.com/analytics/keywordoverview/?q=average%20saas%20monthly%20churn%20rate&db=us"",""average saas monthly churn rate​"")","n/a","n/a","0","0","","n/a","n/a","n/a","0.00","0.00","n/a","n/a","For metrics, refresh"
"average saas monthly churn rate 2024","=HYPERLINK(""https://smrs.toolsfrog.com/analytics/keywordoverview/?q=average%20saas%20monthly%20churn%20rate%202024&db=us"",""average saas monthly churn rate 2024​"")","n/a","n/a","0","0","","n/a","n/a","n/a","0.00","0.00","n/a","n/a","For metrics, refresh"
"average smb saas churn rate 2024","=HYPERLINK(""https://smrs.toolsfrog.com/analytics/keywordoverview/?q=average%20smb%20saas%20churn%20rate%202024&db=us"",""average smb saas churn rate 2024​"")","n/a","n/a","0","0","","n/a","n/a","n/a","0.00","0.00","n/a","n/a","For metrics, refresh"
"average staff churn rate","=HYPERLINK(""https://smrs.toolsfrog.com/analytics/keywordoverview/?q=average%20staff%20churn%20rate&db=us"",""average staff churn rate​"")","n/a","n/a","0","0","","n/a","n/a","n/a","0.00","0.00","n/a","n/a","For metrics, refresh"
"average subscription box churn rate","=HYPERLINK(""https://smrs.toolsfrog.com/analytics/keywordoverview/?q=average%20subscription%20box%20churn%20rate&db=us"",""average subscription box churn rate​"")","n/a","n/a","0","0","","n/a","n/a","n/a","0.00","0.00","n/a","n/a","For metrics, refresh"
"average subscription box churn rate 2024","=HYPERLINK(""https://smrs.toolsfrog.com/analytics/keywordoverview/?q=average%20subscription%20box%20churn%20rate%202024&db=us"",""average subscription box churn rate 2024​"")","n/a","n/a","0","0","","n/a","n/a","n/a","0.00","0.00","n/a","n/a","For metrics, refresh"
"average substack churn rate","=HYPERLINK(""https://smrs.toolsfrog.com/analytics/keywordoverview/?q=average%20substack%20churn%20rate&db=us"",""average substack churn rate​"")","n/a","n/a","0","0","","n/a","n/a","n/a","0.00","0.00","n/a","n/a","For metrics, refresh"