"Select all keywords","Keyword","Intent","Relevance","Related %","Volume","Trend","Pot. Traffic","PKD %","KD %","CPC (USD)","Com.","SF","Results","Updated"
"average churn rate for subscription apps","=HYPERLINK(""https://smrs.toolsfrog.com/analytics/keywordoverview/?q=average%20churn%20rate%20for%20subscription%20apps&db=us"",""average churn rate for subscription apps​"")","n/a","n/a","0","0","","n/a","n/a","n/a","0.00","0.00","n/a","n/a","For metrics, refresh"
"average churn rate for subscription boxes","=HYPERLINK(""https://smrs.toolsfrog.com/analytics/keywordoverview/?q=average%20churn%20rate%20for%20subscription%20boxes&db=us"",""average churn rate for subscription boxes​"")","n/a","n/a","0","0","","n/a","n/a","n/a","0.00","0.00","n/a","n/a","For metrics, refresh"
"average churn rate for subscription business","=HYPERLINK(""https://smrs.toolsfrog.com/analytics/keywordoverview/?q=average%20churn%20rate%20for%20subscription%20business&db=us"",""average churn rate for subscription business​"")","n/a","n/a","0","0","","n/a","n/a","n/a","0.00","0.00","n/a","n/a","For metrics, refresh"
"average churn rate for the airline industry","=HYPERLINK(""https://smrs.toolsfrog.com/analytics/keywordoverview/?q=average%20churn%20rate%20for%20the%20airline%20industry&db=us"",""average churn rate for the airline industry​"")","n/a","n/a","0","0","","n/a","n/a","n/a","0.00","0.00","n/a","n/a","For metrics, refresh"
"average churn rate formula","=HYPERLINK(""https://smrs.toolsfrog.com/analytics/keywordoverview/?q=average%20churn%20rate%20formula&db=us"",""average churn rate formula​"")","n/a","n/a","0","0","","n/a","n/a","n/a","0.00","0.00","n/a","n/a","For metrics, refresh"
"average churn rate hr saas or talent management software","=HYPERLINK(""https://smrs.toolsfrog.com/analytics/keywordoverview/?q=average%20churn%20rate%20hr%20saas%20or%20talent%20management%20software&db=us"",""average churn rate hr saas or talent management software​"")","n/a","n/a","0","0","","n/a","n/a","n/a","0.00","0.00","n/a","n/a","For metrics, refresh"
"average churn rate hr saas talent management software","=HYPERLINK(""https://smrs.toolsfrog.com/analytics/keywordoverview/?q=average%20churn%20rate%20hr%20saas%20talent%20management%20software&db=us"",""average churn rate hr saas talent management software​"")","n/a","n/a","0","0","","n/a","n/a","n/a","0.00","0.00","n/a","n/a","For metrics, refresh"
"average churn rate in mckinsey","=HYPERLINK(""https://smrs.toolsfrog.com/analytics/keywordoverview/?q=average%20churn%20rate%20in%20mckinsey&db=us"",""average churn rate in mckinsey​"")","n/a","n/a","0","0","","n/a","n/a","n/a","0.00","0.00","n/a","n/a","For metrics, refresh"
"average churn rate in telecom industry uk","=HYPERLINK(""https://smrs.toolsfrog.com/analytics/keywordoverview/?q=average%20churn%20rate%20in%20telecom%20industry%20uk&db=us"",""average churn rate in telecom industry uk​"")","n/a","n/a","0","0","","n/a","n/a","n/a","0.00","0.00","n/a","n/a","For metrics, refresh"
"average churn rate in telecom industry us","=HYPERLINK(""https://smrs.toolsfrog.com/analytics/keywordoverview/?q=average%20churn%20rate%20in%20telecom%20industry%20us&db=us"",""average churn rate in telecom industry us​"")","n/a","n/a","0","0","","n/a","n/a","n/a","0.00","0.00","n/a","n/a","For metrics, refresh"
"average churn rate manufacturing industry","=HYPERLINK(""https://smrs.toolsfrog.com/analytics/keywordoverview/?q=average%20churn%20rate%20manufacturing%20industry&db=us"",""average churn rate manufacturing industry​"")","n/a","n/a","0","0","","n/a","n/a","n/a","0.00","0.00","n/a","n/a","For metrics, refresh"
"average churn rate manufacturing industry b2b","=HYPERLINK(""https://smrs.toolsfrog.com/analytics/keywordoverview/?q=average%20churn%20rate%20manufacturing%20industry%20b2b&db=us"",""average churn rate manufacturing industry b2b​"")","n/a","n/a","0","0","","n/a","n/a","n/a","0.00","0.00","n/a","n/a","For metrics, refresh"
"average churn rate micro saas 2024","=HYPERLINK(""https://smrs.toolsfrog.com/analytics/keywordoverview/?q=average%20churn%20rate%20micro%20saas%202024&db=us"",""average churn rate micro saas 2024​"")","n/a","n/a","0","0","","n/a","n/a","n/a","0.00","0.00","n/a","n/a","For metrics, refresh"
"average churn rate mobile","=HYPERLINK(""https://smrs.toolsfrog.com/analytics/keywordoverview/?q=average%20churn%20rate%20mobile&db=us"",""average churn rate mobile​"")","n/a","n/a","0","0","","n/a","n/a","n/a","0.00","0.00","n/a","n/a","For metrics, refresh"
"average churn rate mobile apps","=HYPERLINK(""https://smrs.toolsfrog.com/analytics/keywordoverview/?q=average%20churn%20rate%20mobile%20apps&db=us"",""average churn rate mobile apps​"")","n/a","n/a","0","0","","n/a","n/a","n/a","0.00","0.00","n/a","n/a","For metrics, refresh"
"average churn rate nearshored software developers brazil","=HYPERLINK(""https://smrs.toolsfrog.com/analytics/keywordoverview/?q=average%20churn%20rate%20nearshored%20software%20developers%20brazil&db=us"",""average churn rate nearshored software developers brazil​"")","n/a","n/a","0","0","","n/a","n/a","n/a","0.00","0.00","n/a","n/a","For metrics, refresh"
"average churn rate of a b testing","=HYPERLINK(""https://smrs.toolsfrog.com/analytics/keywordoverview/?q=average%20churn%20rate%20of%20a%20b%20testing&db=us"",""average churn rate of a b testing​"")","n/a","n/a","0","0","","n/a","n/a","n/a","0.00","0.00","n/a","n/a","For metrics, refresh"
"average churn rate retail","=HYPERLINK(""https://smrs.toolsfrog.com/analytics/keywordoverview/?q=average%20churn%20rate%20retail&db=us"",""average churn rate retail​"")","n/a","n/a","0","0","","n/a","n/a","n/a","0.00","0.00","n/a","n/a","For metrics, refresh"
"average churn rate saas 2024 benchmark","=HYPERLINK(""https://smrs.toolsfrog.com/analytics/keywordoverview/?q=average%20churn%20rate%20saas%202024%20benchmark&db=us"",""average churn rate saas 2024 benchmark​"")","n/a","n/a","0","0","","n/a","n/a","n/a","0.00","0.00","n/a","n/a","For metrics, refresh"
"average churn rate saas companies 2024","=HYPERLINK(""https://smrs.toolsfrog.com/analytics/keywordoverview/?q=average%20churn%20rate%20saas%20companies%202024&db=us"",""average churn rate saas companies 2024​"")","n/a","n/a","0","0","","n/a","n/a","n/a","0.00","0.00","n/a","n/a","For metrics, refresh"
"average churn rate saas small business 2024","=HYPERLINK(""https://smrs.toolsfrog.com/analytics/keywordoverview/?q=average%20churn%20rate%20saas%20small%20business%202024&db=us"",""average churn rate saas small business 2024​"")","n/a","n/a","0","0","","n/a","n/a","n/a","0.00","0.00","n/a","n/a","For metrics, refresh"
"average churn rate saas smb 2024","=HYPERLINK(""https://smrs.toolsfrog.com/analytics/keywordoverview/?q=average%20churn%20rate%20saas%20smb%202024&db=us"",""average churn rate saas smb 2024​"")","n/a","n/a","0","0","","n/a","n/a","n/a","0.00","0.00","n/a","n/a","For metrics, refresh"
"average churn rate seamless","=HYPERLINK(""https://smrs.toolsfrog.com/analytics/keywordoverview/?q=average%20churn%20rate%20seamless&db=us"",""average churn rate seamless​"")","n/a","n/a","0","0","","n/a","n/a","n/a","0.00","0.00","n/a","n/a","For metrics, refresh"
"average churn rate small business saas 2024","=HYPERLINK(""https://smrs.toolsfrog.com/analytics/keywordoverview/?q=average%20churn%20rate%20small%20business%20saas%202024&db=us"",""average churn rate small business saas 2024​"")","n/a","n/a","0","0","","n/a","n/a","n/a","0.00","0.00","n/a","n/a","For metrics, refresh"
"average churn rate small saas 2024","=HYPERLINK(""https://smrs.toolsfrog.com/analytics/keywordoverview/?q=average%20churn%20rate%20small%20saas%202024&db=us"",""average churn rate small saas 2024​"")","n/a","n/a","0","0","","n/a","n/a","n/a","0.00","0.00","n/a","n/a","For metrics, refresh"
"average churn rate smb saas 2024","=HYPERLINK(""https://smrs.toolsfrog.com/analytics/keywordoverview/?q=average%20churn%20rate%20smb%20saas%202024&db=us"",""average churn rate smb saas 2024​"")","n/a","n/a","0","0","","n/a","n/a","n/a","0.00","0.00","n/a","n/a","For metrics, refresh"
"average churn rate subscription box","=HYPERLINK(""https://smrs.toolsfrog.com/analytics/keywordoverview/?q=average%20churn%20rate%20subscription%20box&db=us"",""average churn rate subscription box​"")","n/a","n/a","0","0","","n/a","n/a","n/a","0.00","0.00","n/a","n/a","For metrics, refresh"
"average churn rate subscription boxes","=HYPERLINK(""https://smrs.toolsfrog.com/analytics/keywordoverview/?q=average%20churn%20rate%20subscription%20boxes&db=us"",""average churn rate subscription boxes​"")","n/a","n/a","0","0","","n/a","n/a","n/a","0.00","0.00","n/a","n/a","For metrics, refresh"
"average churn rate subscription business","=HYPERLINK(""https://smrs.toolsfrog.com/analytics/keywordoverview/?q=average%20churn%20rate%20subscription%20business&db=us"",""average churn rate subscription business​"")","n/a","n/a","0","0","","n/a","n/a","n/a","0.00","0.00","n/a","n/a","For metrics, refresh"
"average churn rate telecom","=HYPERLINK(""https://smrs.toolsfrog.com/analytics/keywordoverview/?q=average%20churn%20rate%20telecom&db=us"",""average churn rate telecom​"")","n/a","n/a","0","0","","n/a","n/a","n/a","0.00","0.00","n/a","n/a","For metrics, refresh"
"average churn rate telecommunications industry 2024","=HYPERLINK(""https://smrs.toolsfrog.com/analytics/keywordoverview/?q=average%20churn%20rate%20telecommunications%20industry%202024&db=us"",""average churn rate telecommunications industry 2024​"")","n/a","n/a","0","0","","n/a","n/a","n/a","0.00","0.00","n/a","n/a","For metrics, refresh"
"average churn rate web","=HYPERLINK(""https://smrs.toolsfrog.com/analytics/keywordoverview/?q=average%20churn%20rate%20web&db=us"",""average churn rate web​"")","n/a","n/a","0","0","","n/a","n/a","n/a","0.00","0.00","n/a","n/a","For metrics, refresh"
"average churn rate web apps","=HYPERLINK(""https://smrs.toolsfrog.com/analytics/keywordoverview/?q=average%20churn%20rate%20web%20apps&db=us"",""average churn rate web apps​"")","n/a","n/a","0","0","","n/a","n/a","n/a","0.00","0.00","n/a","n/a","For metrics, refresh"
"average churn rate web hosting industry","=HYPERLINK(""https://smrs.toolsfrog.com/analytics/keywordoverview/?q=average%20churn%20rate%20web%20hosting%20industry&db=us"",""average churn rate web hosting industry​"")","n/a","n/a","0","0","","n/a","n/a","n/a","0.00","0.00","n/a","n/a","For metrics, refresh"
"average churn rates saas","=HYPERLINK(""https://smrs.toolsfrog.com/analytics/keywordoverview/?q=average%20churn%20rates%20saas&db=us"",""average churn rates saas​"")","n/a","n/a","0","0","","n/a","n/a","n/a","0.00","0.00","n/a","n/a","For metrics, refresh"
"average churn risk rate","=HYPERLINK(""https://smrs.toolsfrog.com/analytics/keywordoverview/?q=average%20churn%20risk%20rate&db=us"",""average churn risk rate​"")","n/a","n/a","0","0","","n/a","n/a","n/a","0.00","0.00","n/a","n/a","For metrics, refresh"
"average client churn rate for digital marketing agencies","=HYPERLINK(""https://smrs.toolsfrog.com/analytics/keywordoverview/?q=average%20client%20churn%20rate%20for%20digital%20marketing%20agencies&db=us"",""average client churn rate for digital marketing agencies​"")","n/a","n/a","0","0","","n/a","n/a","n/a","0.00","0.00","n/a","n/a","For metrics, refresh"
"average clothing subscription box churn rates","=HYPERLINK(""https://smrs.toolsfrog.com/analytics/keywordoverview/?q=average%20clothing%20subscription%20box%20churn%20rates&db=us"",""average clothing subscription box churn rates​"")","n/a","n/a","0","0","","n/a","n/a","n/a","0.00","0.00","n/a","n/a","For metrics, refresh"
"average consumer technology churn rate","=HYPERLINK(""https://smrs.toolsfrog.com/analytics/keywordoverview/?q=average%20consumer%20technology%20churn%20rate&db=us"",""average consumer technology churn rate​"")","n/a","n/a","0","0","","n/a","n/a","n/a","0.00","0.00","n/a","n/a","For metrics, refresh"
"average crm software churn rates","=HYPERLINK(""https://smrs.toolsfrog.com/analytics/keywordoverview/?q=average%20crm%20software%20churn%20rates&db=us"",""average crm software churn rates​"")","n/a","n/a","0","0","","n/a","n/a","n/a","0.00","0.00","n/a","n/a","For metrics, refresh"
"average customer churn rate business benchmark","=HYPERLINK(""https://smrs.toolsfrog.com/analytics/keywordoverview/?q=average%20customer%20churn%20rate%20business%20benchmark&db=us"",""average customer churn rate business benchmark​"")","n/a","n/a","0","0","","n/a","n/a","n/a","0.00","0.00","n/a","n/a","For metrics, refresh"
"average customer churn rate by industry 2025 2026","=HYPERLINK(""https://smrs.toolsfrog.com/analytics/keywordoverview/?q=average%20customer%20churn%20rate%20by%20industry%202025%202026&db=us"",""average customer churn rate by industry 2025 2026​"")","n/a","n/a","0","0","","n/a","n/a","n/a","0.00","0.00","n/a","n/a","For metrics, refresh"
"average email churn rate","=HYPERLINK(""https://smrs.toolsfrog.com/analytics/keywordoverview/?q=average%20email%20churn%20rate&db=us"",""average email churn rate​"")","n/a","n/a","0","0","","n/a","n/a","n/a","0.00","0.00","n/a","n/a","For metrics, refresh"
"average email marketing churn rate","=HYPERLINK(""https://smrs.toolsfrog.com/analytics/keywordoverview/?q=average%20email%20marketing%20churn%20rate&db=us"",""average email marketing churn rate​"")","n/a","n/a","0","0","","n/a","n/a","n/a","0.00","0.00","n/a","n/a","For metrics, refresh"
"average employee churn rate","=HYPERLINK(""https://smrs.toolsfrog.com/analytics/keywordoverview/?q=average%20employee%20churn%20rate&db=us"",""average employee churn rate​"")","n/a","n/a","0","0","","n/a","n/a","n/a","0.00","0.00","n/a","n/a","For metrics, refresh"
"average fashion subscription box churn rates","=HYPERLINK(""https://smrs.toolsfrog.com/analytics/keywordoverview/?q=average%20fashion%20subscription%20box%20churn%20rates&db=us"",""average fashion subscription box churn rates​"")","n/a","n/a","0","0","","n/a","n/a","n/a","0.00","0.00","n/a","n/a","For metrics, refresh"
"average freemium churn rates","=HYPERLINK(""https://smrs.toolsfrog.com/analytics/keywordoverview/?q=average%20freemium%20churn%20rates&db=us"",""average freemium churn rates​"")","n/a","n/a","0","0","","n/a","n/a","n/a","0.00","0.00","n/a","n/a","For metrics, refresh"
"average growth rate vs churn rate","=HYPERLINK(""https://smrs.toolsfrog.com/analytics/keywordoverview/?q=average%20growth%20rate%20vs%20churn%20rate&db=us"",""average growth rate vs churn rate​"")","n/a","n/a","0","0","","n/a","n/a","n/a","0.00","0.00","n/a","n/a","For metrics, refresh"
"average gym churn rate","=HYPERLINK(""https://smrs.toolsfrog.com/analytics/keywordoverview/?q=average%20gym%20churn%20rate&db=us"",""average gym churn rate​"")","n/a","n/a","0","0","","n/a","n/a","n/a","0.00","0.00","n/a","n/a","For metrics, refresh"
"average gym membership churn rate","=HYPERLINK(""https://smrs.toolsfrog.com/analytics/keywordoverview/?q=average%20gym%20membership%20churn%20rate&db=us"",""average gym membership churn rate​"")","n/a","n/a","0","0","","n/a","n/a","n/a","0.00","0.00","n/a","n/a","For metrics, refresh"
"average mailing list churn rate","=HYPERLINK(""https://smrs.toolsfrog.com/analytics/keywordoverview/?q=average%20mailing%20list%20churn%20rate&db=us"",""average mailing list churn rate​"")","n/a","n/a","0","0","","n/a","n/a","n/a","0.00","0.00","n/a","n/a","For metrics, refresh"
"average mobile churn rate","=HYPERLINK(""https://smrs.toolsfrog.com/analytics/keywordoverview/?q=average%20mobile%20churn%20rate&db=us"",""average mobile churn rate​"")","n/a","n/a","0","0","","n/a","n/a","n/a","0.00","0.00","n/a","n/a","For metrics, refresh"
"average monthly churn rate annual churn","=HYPERLINK(""https://smrs.toolsfrog.com/analytics/keywordoverview/?q=average%20monthly%20churn%20rate%20annual%20churn&db=us"",""average monthly churn rate annual churn​"")","n/a","n/a","0","0","","n/a","n/a","n/a","0.00","0.00","n/a","n/a","For metrics, refresh"
"average monthly churn rate b2b enterprise saas","=HYPERLINK(""https://smrs.toolsfrog.com/analytics/keywordoverview/?q=average%20monthly%20churn%20rate%20b2b%20enterprise%20saas&db=us"",""average monthly churn rate b2b enterprise saas​"")","n/a","n/a","0","0","","n/a","n/a","n/a","0.00","0.00","n/a","n/a","For metrics, refresh"
"average monthly churn rate b2b saas","=HYPERLINK(""https://smrs.toolsfrog.com/analytics/keywordoverview/?q=average%20monthly%20churn%20rate%20b2b%20saas&db=us"",""average monthly churn rate b2b saas​"")","n/a","n/a","0","0","","n/a","n/a","n/a","0.00","0.00","n/a","n/a","For metrics, refresh"
"average monthly churn rate b2b saas 2024 benchmark","=HYPERLINK(""https://smrs.toolsfrog.com/analytics/keywordoverview/?q=average%20monthly%20churn%20rate%20b2b%20saas%202024%20benchmark&db=us"",""average monthly churn rate b2b saas 2024 benchmark​"")","n/a","n/a","0","0","","n/a","n/a","n/a","0.00","0.00","n/a","n/a","For metrics, refresh"
"average monthly churn rate b2b saas 2025","=HYPERLINK(""https://smrs.toolsfrog.com/analytics/keywordoverview/?q=average%20monthly%20churn%20rate%20b2b%20saas%202025&db=us"",""average monthly churn rate b2b saas 2025​"")","n/a","n/a","0","0","","n/a","n/a","n/a","0.00","0.00","n/a","n/a","For metrics, refresh"
"average monthly churn rate b2b saas enterprise","=HYPERLINK(""https://smrs.toolsfrog.com/analytics/keywordoverview/?q=average%20monthly%20churn%20rate%20b2b%20saas%20enterprise&db=us"",""average monthly churn rate b2b saas enterprise​"")","n/a","n/a","0","0","","n/a","n/a","n/a","0.00","0.00","n/a","n/a","For metrics, refresh"
"average monthly churn rate by industry","=HYPERLINK(""https://smrs.toolsfrog.com/analytics/keywordoverview/?q=average%20monthly%20churn%20rate%20by%20industry&db=us"",""average monthly churn rate by industry​"")","n/a","n/a","0","0","","n/a","n/a","n/a","0.00","0.00","n/a","n/a","For metrics, refresh"
"average monthly churn rate consumer saas 2024","=HYPERLINK(""https://smrs.toolsfrog.com/analytics/keywordoverview/?q=average%20monthly%20churn%20rate%20consumer%20saas%202024&db=us"",""average monthly churn rate consumer saas 2024​"")","n/a","n/a","0","0","","n/a","n/a","n/a","0.00","0.00","n/a","n/a","For metrics, refresh"
"average monthly churn rate consumer subscription apps 2024","=HYPERLINK(""https://smrs.toolsfrog.com/analytics/keywordoverview/?q=average%20monthly%20churn%20rate%20consumer%20subscription%20apps%202024&db=us"",""average monthly churn rate consumer subscription apps 2024​"")","n/a","n/a","0","0","","n/a","n/a","n/a","0.00","0.00","n/a","n/a","For metrics, refresh"
"average monthly churn rate edtech apps","=HYPERLINK(""https://smrs.toolsfrog.com/analytics/keywordoverview/?q=average%20monthly%20churn%20rate%20edtech%20apps&db=us"",""average monthly churn rate edtech apps​"")","n/a","n/a","0","0","","n/a","n/a","n/a","0.00","0.00","n/a","n/a","For metrics, refresh"
"average monthly churn rate enterprise saas","=HYPERLINK(""https://smrs.toolsfrog.com/analytics/keywordoverview/?q=average%20monthly%20churn%20rate%20enterprise%20saas&db=us"",""average monthly churn rate enterprise saas​"")","n/a","n/a","0","0","","n/a","n/a","n/a","0.00","0.00","n/a","n/a","For metrics, refresh"
"average monthly churn rate enterprise saas b2b","=HYPERLINK(""https://smrs.toolsfrog.com/analytics/keywordoverview/?q=average%20monthly%20churn%20rate%20enterprise%20saas%20b2b&db=us"",""average monthly churn rate enterprise saas b2b​"")","n/a","n/a","0","0","","n/a","n/a","n/a","0.00","0.00","n/a","n/a","For metrics, refresh"
"average monthly churn rate for b2b saas","=HYPERLINK(""https://smrs.toolsfrog.com/analytics/keywordoverview/?q=average%20monthly%20churn%20rate%20for%20b2b%20saas&db=us"",""average monthly churn rate for b2b saas​"")","n/a","n/a","0","0","","n/a","n/a","n/a","0.00","0.00","n/a","n/a","For metrics, refresh"
"average monthly churn rate for paid newsletters","=HYPERLINK(""https://smrs.toolsfrog.com/analytics/keywordoverview/?q=average%20monthly%20churn%20rate%20for%20paid%20newsletters&db=us"",""average monthly churn rate for paid newsletters​"")","n/a","n/a","0","0","","n/a","n/a","n/a","0.00","0.00","n/a","n/a","For metrics, refresh"
"average monthly churn rate for saas","=HYPERLINK(""https://smrs.toolsfrog.com/analytics/keywordoverview/?q=average%20monthly%20churn%20rate%20for%20saas&db=us"",""average monthly churn rate for saas​"")","n/a","n/a","0","0","","n/a","n/a","n/a","0.00","0.00","n/a","n/a","For metrics, refresh"
"average monthly churn rate for saas companies","=HYPERLINK(""https://smrs.toolsfrog.com/analytics/keywordoverview/?q=average%20monthly%20churn%20rate%20for%20saas%20companies&db=us"",""average monthly churn rate for saas companies​"")","n/a","n/a","0","0","","n/a","n/a","n/a","0.00","0.00","n/a","n/a","For metrics, refresh"
"average monthly churn rate for smb saas 2024","=HYPERLINK(""https://smrs.toolsfrog.com/analytics/keywordoverview/?q=average%20monthly%20churn%20rate%20for%20smb%20saas%202024&db=us"",""average monthly churn rate for smb saas 2024​"")","n/a","n/a","0","0","","n/a","n/a","n/a","0.00","0.00","n/a","n/a","For metrics, refresh"
"average monthly churn rate for subscription boxes","=HYPERLINK(""https://smrs.toolsfrog.com/analytics/keywordoverview/?q=average%20monthly%20churn%20rate%20for%20subscription%20boxes&db=us"",""average monthly churn rate for subscription boxes​"")","n/a","n/a","0","0","","n/a","n/a","n/a","0.00","0.00","n/a","n/a","For metrics, refresh"
"average monthly churn rate for subscription businesses","=HYPERLINK(""https://smrs.toolsfrog.com/analytics/keywordoverview/?q=average%20monthly%20churn%20rate%20for%20subscription%20businesses&db=us"",""average monthly churn rate for subscription businesses​"")","n/a","n/a","0","0","","n/a","n/a","n/a","0.00","0.00","n/a","n/a","For metrics, refresh"
"average monthly churn rate for wireless carriers","=HYPERLINK(""https://smrs.toolsfrog.com/analytics/keywordoverview/?q=average%20monthly%20churn%20rate%20for%20wireless%20carriers&db=us"",""average monthly churn rate for wireless carriers​"")","n/a","n/a","0","0","","n/a","n/a","n/a","0.00","0.00","n/a","n/a","For metrics, refresh"
"average monthly churn rate saas 2024 benchmark","=HYPERLINK(""https://smrs.toolsfrog.com/analytics/keywordoverview/?q=average%20monthly%20churn%20rate%20saas%202024%20benchmark&db=us"",""average monthly churn rate saas 2024 benchmark​"")","n/a","n/a","0","0","","n/a","n/a","n/a","0.00","0.00","n/a","n/a","For metrics, refresh"
"average monthly churn rate smb saas 2024","=HYPERLINK(""https://smrs.toolsfrog.com/analytics/keywordoverview/?q=average%20monthly%20churn%20rate%20smb%20saas%202024&db=us"",""average monthly churn rate smb saas 2024​"")","n/a","n/a","0","0","","n/a","n/a","n/a","0.00","0.00","n/a","n/a","For metrics, refresh"
"average monthly churn rate smb saas 2024 2025","=HYPERLINK(""https://smrs.toolsfrog.com/analytics/keywordoverview/?q=average%20monthly%20churn%20rate%20smb%20saas%202024%202025&db=us"",""average monthly churn rate smb saas 2024 2025​"")","n/a","n/a","0","0","","n/a","n/a","n/a","0.00","0.00","n/a","n/a","For metrics, refresh"
"average monthly churn rate smb saas 2024 benchmark","=HYPERLINK(""https://smrs.toolsfrog.com/analytics/keywordoverview/?q=average%20monthly%20churn%20rate%20smb%20saas%202024%20benchmark&db=us"",""average monthly churn rate smb saas 2024 benchmark​"")","n/a","n/a","0","0","","n/a","n/a","n/a","0.00","0.00","n/a","n/a","For metrics, refresh"
"average monthly churn rate smb saas 2025","=HYPERLINK(""https://smrs.toolsfrog.com/analytics/keywordoverview/?q=average%20monthly%20churn%20rate%20smb%20saas%202025&db=us"",""average monthly churn rate smb saas 2025​"")","n/a","n/a","0","0","","n/a","n/a","n/a","0.00","0.00","n/a","n/a","For metrics, refresh"
"average monthly churn rate subscription apps 2024","=HYPERLINK(""https://smrs.toolsfrog.com/analytics/keywordoverview/?q=average%20monthly%20churn%20rate%20subscription%20apps%202024&db=us"",""average monthly churn rate subscription apps 2024​"")","n/a","n/a","0","0","","n/a","n/a","n/a","0.00","0.00","n/a","n/a","For metrics, refresh"
"average monthly churn rate subscription box industry","=HYPERLINK(""https://smrs.toolsfrog.com/analytics/keywordoverview/?q=average%20monthly%20churn%20rate%20subscription%20box%20industry&db=us"",""average monthly churn rate subscription box industry​"")","n/a","n/a","0","0","","n/a","n/a","n/a","0.00","0.00","n/a","n/a","For metrics, refresh"
"average monthly churn rate subscription boxes","=HYPERLINK(""https://smrs.toolsfrog.com/analytics/keywordoverview/?q=average%20monthly%20churn%20rate%20subscription%20boxes&db=us"",""average monthly churn rate subscription boxes​"")","n/a","n/a","0","0","","n/a","n/a","n/a","0.00","0.00","n/a","n/a","For metrics, refresh"
"average monthly churn rates","=HYPERLINK(""https://smrs.toolsfrog.com/analytics/keywordoverview/?q=average%20monthly%20churn%20rates&db=us"",""average monthly churn rates​"")","n/a","n/a","0","0","","n/a","n/a","n/a","0.00","0.00","n/a","n/a","For metrics, refresh"
"average retail churn rate","=HYPERLINK(""https://smrs.toolsfrog.com/analytics/keywordoverview/?q=average%20retail%20churn%20rate&db=us"",""average retail churn rate​"")","n/a","n/a","0","0","","n/a","n/a","n/a","0.00","0.00","n/a","n/a","For metrics, refresh"
"average revenue churn rate","=HYPERLINK(""https://smrs.toolsfrog.com/analytics/keywordoverview/?q=average%20revenue%20churn%20rate&db=us"",""average revenue churn rate​"")","n/a","n/a","0","0","","n/a","n/a","n/a","0.00","0.00","n/a","n/a","For metrics, refresh"
"average revenue per user churn rate","=HYPERLINK(""https://smrs.toolsfrog.com/analytics/keywordoverview/?q=average%20revenue%20per%20user%20churn%20rate&db=us"",""average revenue per user churn rate​"")","n/a","n/a","0","0","","n/a","n/a","n/a","0.00","0.33","n/a","n/a","For metrics, refresh"
"average revenue per user/churn rate","=HYPERLINK(""https://smrs.toolsfrog.com/analytics/keywordoverview/?q=average%20revenue%20per%20user%2Fchurn%20rate&db=us"",""average revenue per user/churn rate​"")","n/a","n/a","0","0","","n/a","n/a","n/a","0.00","0.33","n/a","n/a","For metrics, refresh"
"average saas churn rate 2023","=HYPERLINK(""https://smrs.toolsfrog.com/analytics/keywordoverview/?q=average%20saas%20churn%20rate%202023&db=us"",""average saas churn rate 2023​"")","n/a","n/a","0","0","","n/a","n/a","n/a","0.00","0.00","n/a","n/a","For metrics, refresh"
"average saas churn rate 2024 small business","=HYPERLINK(""https://smrs.toolsfrog.com/analytics/keywordoverview/?q=average%20saas%20churn%20rate%202024%20small%20business&db=us"",""average saas churn rate 2024 small business​"")","n/a","n/a","0","0","","n/a","n/a","n/a","0.00","0.00","n/a","n/a","For metrics, refresh"
"average saas churn rate 2024 study","=HYPERLINK(""https://smrs.toolsfrog.com/analytics/keywordoverview/?q=average%20saas%20churn%20rate%202024%20study&db=us"",""average saas churn rate 2024 study​"")","n/a","n/a","0","0","","n/a","n/a","n/a","0.00","0.00","n/a","n/a","For metrics, refresh"
"average saas churn rate 2025","=HYPERLINK(""https://smrs.toolsfrog.com/analytics/keywordoverview/?q=average%20saas%20churn%20rate%202025&db=us"",""average saas churn rate 2025​"")","n/a","n/a","0","0","","n/a","n/a","n/a","0.00","0.00","n/a","n/a","For metrics, refresh"
"average saas churn rate benchmarks by mrr arr company size","=HYPERLINK(""https://smrs.toolsfrog.com/analytics/keywordoverview/?q=average%20saas%20churn%20rate%20benchmarks%20by%20mrr%20arr%20company%20size&db=us"",""average saas churn rate benchmarks by mrr arr company size​"")","n/a","n/a","0","0","","n/a","n/a","n/a","0.00","0.00","n/a","n/a","For metrics, refresh"
"average saas churn rate monthly","=HYPERLINK(""https://smrs.toolsfrog.com/analytics/keywordoverview/?q=average%20saas%20churn%20rate%20monthly&db=us"",""average saas churn rate monthly​"")","n/a","n/a","0","0","","n/a","n/a","n/a","0.00","0.00","n/a","n/a","For metrics, refresh"
"average saas churn rate smb 2024","=HYPERLINK(""https://smrs.toolsfrog.com/analytics/keywordoverview/?q=average%20saas%20churn%20rate%20smb%202024&db=us"",""average saas churn rate smb 2024​"")","n/a","n/a","0","0","","n/a","n/a","n/a","0.00","0.00","n/a","n/a","For metrics, refresh"
"average saas monthlu churn rate","=HYPERLINK(""https://smrs.toolsfrog.com/analytics/keywordoverview/?q=average%20saas%20monthlu%20churn%20rate&db=us"",""average saas monthlu churn rate​"")","n/a","n/a","0","0","","n/a","n/a","n/a","0.00","0.00","n/a","n/a","For metrics, refresh"
"average saas monthly churn rate","=HYPERLINK(""https://smrs.toolsfrog.com/analytics/keywordoverview/?q=average%20saas%20monthly%20churn%20rate&db=us"",""average saas monthly churn rate​"")","n/a","n/a","0","0","","n/a","n/a","n/a","0.00","0.00","n/a","n/a","For metrics, refresh"
"average saas monthly churn rate 2024","=HYPERLINK(""https://smrs.toolsfrog.com/analytics/keywordoverview/?q=average%20saas%20monthly%20churn%20rate%202024&db=us"",""average saas monthly churn rate 2024​"")","n/a","n/a","0","0","","n/a","n/a","n/a","0.00","0.00","n/a","n/a","For metrics, refresh"
"average smb saas churn rate 2024","=HYPERLINK(""https://smrs.toolsfrog.com/analytics/keywordoverview/?q=average%20smb%20saas%20churn%20rate%202024&db=us"",""average smb saas churn rate 2024​"")","n/a","n/a","0","0","","n/a","n/a","n/a","0.00","0.00","n/a","n/a","For metrics, refresh"
"average staff churn rate","=HYPERLINK(""https://smrs.toolsfrog.com/analytics/keywordoverview/?q=average%20staff%20churn%20rate&db=us"",""average staff churn rate​"")","n/a","n/a","0","0","","n/a","n/a","n/a","0.00","0.00","n/a","n/a","For metrics, refresh"
"average subscription box churn rate","=HYPERLINK(""https://smrs.toolsfrog.com/analytics/keywordoverview/?q=average%20subscription%20box%20churn%20rate&db=us"",""average subscription box churn rate​"")","n/a","n/a","0","0","","n/a","n/a","n/a","0.00","0.00","n/a","n/a","For metrics, refresh"
"average subscription box churn rate 2024","=HYPERLINK(""https://smrs.toolsfrog.com/analytics/keywordoverview/?q=average%20subscription%20box%20churn%20rate%202024&db=us"",""average subscription box churn rate 2024​"")","n/a","n/a","0","0","","n/a","n/a","n/a","0.00","0.00","n/a","n/a","For metrics, refresh"
"average substack churn rate","=HYPERLINK(""https://smrs.toolsfrog.com/analytics/keywordoverview/?q=average%20substack%20churn%20rate&db=us"",""average substack churn rate​"")","n/a","n/a","0","0","","n/a","n/a","n/a","0.00","0.00","n/a","n/a","For metrics, refresh"
"avg b2b churn rate","=HYPERLINK(""https://smrs.toolsfrog.com/analytics/keywordoverview/?q=avg%20b2b%20churn%20rate&db=us"",""avg b2b churn rate​"")","n/a","n/a","0","0","","n/a","n/a","n/a","0.00","0.00","n/a","n/a","For metrics, refresh"
"avg saas churn rate startup","=HYPERLINK(""https://smrs.toolsfrog.com/analytics/keywordoverview/?q=avg%20saas%20churn%20rate%20startup&db=us"",""avg saas churn rate startup​"")","n/a","n/a","0","0","","n/a","n/a","n/a","0.00","0.00","n/a","n/a","For metrics, refresh"
"avipattikar churna rate","=HYPERLINK(""https://smrs.toolsfrog.com/analytics/keywordoverview/?q=avipattikar%20churna%20rate&db=us"",""avipattikar churna rate​"")","n/a","n/a","0","0","","n/a","n/a","n/a","0.00","0.00","n/a","n/a","For metrics, refresh"
"aws churn rate","=HYPERLINK(""https://smrs.toolsfrog.com/analytics/keywordoverview/?q=aws%20churn%20rate&db=us"",""aws churn rate​"")","n/a","n/a","0","0","","n/a","n/a","n/a","0.00","0.00","n/a","n/a","For metrics, refresh"
"aws managed prometheus high churn rate","=HYPERLINK(""https://smrs.toolsfrog.com/analytics/keywordoverview/?q=aws%20managed%20prometheus%20high%20churn%20rate&db=us"",""aws managed prometheus high churn rate​"")","n/a","n/a","0","0","","n/a","n/a","n/a","0.00","0.00","n/a","n/a","For metrics, refresh"
"aws managed service for prometheus high churn rate","=HYPERLINK(""https://smrs.toolsfrog.com/analytics/keywordoverview/?q=aws%20managed%20service%20for%20prometheus%20high%20churn%20rate&db=us"",""aws managed service for prometheus high churn rate​"")","n/a","n/a","0","0","","n/a","n/a","n/a","0.00","0.00","n/a","n/a","For metrics, refresh"
"azure site recovery churn rate limit","=HYPERLINK(""https://smrs.toolsfrog.com/analytics/keywordoverview/?q=azure%20site%20recovery%20churn%20rate%20limit&db=us"",""azure site recovery churn rate limit​"")","n/a","n/a","0","0","","n/a","n/a","n/a","0.00","0.00","n/a","n/a","For metrics, refresh"
"b2b churn rates","=HYPERLINK(""https://smrs.toolsfrog.com/analytics/keywordoverview/?q=b2b%20churn%20rates&db=us"",""b2b churn rates​"")","n/a","n/a","0","0","","n/a","n/a","n/a","0.00","0.00","n/a","n/a","For metrics, refresh"
"b2b ecommerce platform churn rate","=HYPERLINK(""https://smrs.toolsfrog.com/analytics/keywordoverview/?q=b2b%20ecommerce%20platform%20churn%20rate&db=us"",""b2b ecommerce platform churn rate​"")","n/a","n/a","0","0","","n/a","n/a","n/a","0.00","0.00","n/a","n/a","For metrics, refresh"
"b2b enterprise software monthly churn rate benchmarks","=HYPERLINK(""https://smrs.toolsfrog.com/analytics/keywordoverview/?q=b2b%20enterprise%20software%20monthly%20churn%20rate%20benchmarks&db=us"",""b2b enterprise software monthly churn rate benchmarks​"")","n/a","n/a","0","0","","n/a","n/a","n/a","0.00","0.00","n/a","n/a","For metrics, refresh"
"b2b enterprise software monthly customer churn rate benchmarks","=HYPERLINK(""https://smrs.toolsfrog.com/analytics/keywordoverview/?q=b2b%20enterprise%20software%20monthly%20customer%20churn%20rate%20benchmarks&db=us"",""b2b enterprise software monthly customer churn rate benchmarks​"")","n/a","n/a","0","0","","n/a","n/a","n/a","0.00","0.00","n/a","n/a","For metrics, refresh"
"b2b saas average annual churn rate","=HYPERLINK(""https://smrs.toolsfrog.com/analytics/keywordoverview/?q=b2b%20saas%20average%20annual%20churn%20rate&db=us"",""b2b saas average annual churn rate​"")","n/a","n/a","0","0","","n/a","n/a","n/a","0.00","0.00","n/a","n/a","For metrics, refresh"
"b2b saas average churn rate 2024","=HYPERLINK(""https://smrs.toolsfrog.com/analytics/keywordoverview/?q=b2b%20saas%20average%20churn%20rate%202024&db=us"",""b2b saas average churn rate 2024​"")","n/a","n/a","0","0","","n/a","n/a","n/a","0.00","0.00","n/a","n/a","For metrics, refresh"
"b2b saas churn rate average","=HYPERLINK(""https://smrs.toolsfrog.com/analytics/keywordoverview/?q=b2b%20saas%20churn%20rate%20average&db=us"",""b2b saas churn rate average​"")","n/a","n/a","0","0","","n/a","n/a","n/a","0.00","0.00","n/a","n/a","For metrics, refresh"
"b2b saas churn rate average 2024","=HYPERLINK(""https://smrs.toolsfrog.com/analytics/keywordoverview/?q=b2b%20saas%20churn%20rate%20average%202024&db=us"",""b2b saas churn rate average 2024​"")","n/a","n/a","0","0","","n/a","n/a","n/a","0.00","0.00","n/a","n/a","For metrics, refresh"
"b2b saas churn rate benchmark 2025","=HYPERLINK(""https://smrs.toolsfrog.com/analytics/keywordoverview/?q=b2b%20saas%20churn%20rate%20benchmark%202025&db=us"",""b2b saas churn rate benchmark 2025​"")","n/a","n/a","0","0","","n/a","n/a","n/a","0.00","0.00","n/a","n/a","For metrics, refresh"
"b2b saas churn rate benchmarks","=HYPERLINK(""https://smrs.toolsfrog.com/analytics/keywordoverview/?q=b2b%20saas%20churn%20rate%20benchmarks&db=us"",""b2b saas churn rate benchmarks​"")","n/a","n/a","0","0","","n/a","n/a","n/a","0.00","0.00","n/a","n/a","For metrics, refresh"
"b2b saas churn rate benchmarks 2025","=HYPERLINK(""https://smrs.toolsfrog.com/analytics/keywordoverview/?q=b2b%20saas%20churn%20rate%20benchmarks%202025&db=us"",""b2b saas churn rate benchmarks 2025​"")","n/a","n/a","0","0","","n/a","n/a","n/a","0.00","0.00","n/a","n/a","For metrics, refresh"
"b2b saas churn rate smb average","=HYPERLINK(""https://smrs.toolsfrog.com/analytics/keywordoverview/?q=b2b%20saas%20churn%20rate%20smb%20average&db=us"",""b2b saas churn rate smb average​"")","n/a","n/a","0","0","","n/a","n/a","n/a","0.00","0.00","n/a","n/a","For metrics, refresh"
"b2b software churn rate","=HYPERLINK(""https://smrs.toolsfrog.com/analytics/keywordoverview/?q=b2b%20software%20churn%20rate&db=us"",""b2b software churn rate​"")","n/a","n/a","0","0","","n/a","n/a","n/a","0.00","0.00","n/a","n/a","For metrics, refresh"
"b2b2c churn rate","=HYPERLINK(""https://smrs.toolsfrog.com/analytics/keywordoverview/?q=b2b2c%20churn%20rate&db=us"",""b2b2c churn rate​"")","n/a","n/a","0","0","","n/a","n/a","n/a","0.00","0.00","n/a","n/a","For metrics, refresh"
"b2b2c healthcare churn rate","=HYPERLINK(""https://smrs.toolsfrog.com/analytics/keywordoverview/?q=b2b2c%20healthcare%20churn%20rate&db=us"",""b2b2c healthcare churn rate​"")","n/a","n/a","0","0","","n/a","n/a","n/a","0.00","0.00","n/a","n/a","For metrics, refresh"
"b2c churn rates","=HYPERLINK(""https://smrs.toolsfrog.com/analytics/keywordoverview/?q=b2c%20churn%20rates&db=us"",""b2c churn rates​"")","n/a","n/a","0","0","","n/a","n/a","n/a","0.00","0.00","n/a","n/a","For metrics, refresh"
"b2c saas churn rate","=HYPERLINK(""https://smrs.toolsfrog.com/analytics/keywordoverview/?q=b2c%20saas%20churn%20rate&db=us"",""b2c saas churn rate​"")","n/a","n/a","0","0","","n/a","n/a","n/a","0.00","0.00","n/a","n/a","For metrics, refresh"
"b2c saas churn rate benchmark","=HYPERLINK(""https://smrs.toolsfrog.com/analytics/keywordoverview/?q=b2c%20saas%20churn%20rate%20benchmark&db=us"",""b2c saas churn rate benchmark​"")","n/a","n/a","0","0","","n/a","n/a","n/a","0.00","0.00","n/a","n/a","For metrics, refresh"
"bank churn rate","=HYPERLINK(""https://smrs.toolsfrog.com/analytics/keywordoverview/?q=bank%20churn%20rate&db=us"",""bank churn rate​"")","n/a","n/a","0","0","","n/a","n/a","n/a","0.00","0.00","n/a","n/a","For metrics, refresh"
"bank churn rate in millenials","=HYPERLINK(""https://smrs.toolsfrog.com/analytics/keywordoverview/?q=bank%20churn%20rate%20in%20millenials&db=us"",""bank churn rate in millenials​"")","n/a","n/a","0","0","","n/a","n/a","n/a","0.00","0.00","n/a","n/a","For metrics, refresh"
"bank churn rate in millennials","=HYPERLINK(""https://smrs.toolsfrog.com/analytics/keywordoverview/?q=bank%20churn%20rate%20in%20millennials&db=us"",""bank churn rate in millennials​"")","n/a","n/a","0","0","","n/a","n/a","n/a","0.00","0.00","n/a","n/a","For metrics, refresh"
"bank industry churn rate","=HYPERLINK(""https://smrs.toolsfrog.com/analytics/keywordoverview/?q=bank%20industry%20churn%20rate&db=us"",""bank industry churn rate​"")","n/a","n/a","0","0","","n/a","n/a","n/a","0.00","0.00","n/a","n/a","For metrics, refresh"
"banking customer churn rate","=HYPERLINK(""https://smrs.toolsfrog.com/analytics/keywordoverview/?q=banking%20customer%20churn%20rate&db=us"",""banking customer churn rate​"")","n/a","n/a","0","0","","n/a","n/a","n/a","0.00","0.00","n/a","n/a","For metrics, refresh"
"barkbox churn rate","=HYPERLINK(""https://smrs.toolsfrog.com/analytics/keywordoverview/?q=barkbox%20churn%20rate&db=us"",""barkbox churn rate​"")","n/a","n/a","0","0","","n/a","n/a","n/a","0.00","0.00","n/a","n/a","For metrics, refresh"
"baseball churn rate","=HYPERLINK(""https://smrs.toolsfrog.com/analytics/keywordoverview/?q=baseball%20churn%20rate&db=us"",""baseball churn rate​"")","n/a","n/a","0","0","","n/a","n/a","n/a","0.00","0.00","n/a","n/a","For metrics, refresh"
"bcg gamma case churn rate","=HYPERLINK(""https://smrs.toolsfrog.com/analytics/keywordoverview/?q=bcg%20gamma%20case%20churn%20rate&db=us"",""bcg gamma case churn rate​"")","n/a","n/a","0","0","","n/a","n/a","n/a","0.00","0.00","n/a","n/a","For metrics, refresh"
"bell churn rate","=HYPERLINK(""https://smrs.toolsfrog.com/analytics/keywordoverview/?q=bell%20churn%20rate&db=us"",""bell churn rate​"")","n/a","n/a","0","0","","n/a","n/a","n/a","0.00","0.00","n/a","n/a","For metrics, refresh"
"benchmark customer churn rate","=HYPERLINK(""https://smrs.toolsfrog.com/analytics/keywordoverview/?q=benchmark%20customer%20churn%20rate&db=us"",""benchmark customer churn rate​"")","n/a","n/a","0","0","","n/a","n/a","n/a","0.00","0.00","n/a","n/a","For metrics, refresh"
"benfits of improving you churn rate","=HYPERLINK(""https://smrs.toolsfrog.com/analytics/keywordoverview/?q=benfits%20of%20improving%20you%20churn%20rate&db=us"",""benfits of improving you churn rate​"")","n/a","n/a","0","0","","n/a","n/a","n/a","0.00","0.00","n/a","n/a","For metrics, refresh"
"bessemer churn rate","=HYPERLINK(""https://smrs.toolsfrog.com/analytics/keywordoverview/?q=bessemer%20churn%20rate&db=us"",""bessemer churn rate​"")","n/a","n/a","0","0","","n/a","n/a","n/a","0.00","0.00","n/a","n/a","For metrics, refresh"
"best buy customer churn rate and retention 2025","=HYPERLINK(""https://smrs.toolsfrog.com/analytics/keywordoverview/?q=best%20buy%20customer%20churn%20rate%20and%20retention%202025&db=us"",""best buy customer churn rate and retention 2025​"")","n/a","n/a","0","0","","n/a","n/a","n/a","0.00","0.00","n/a","n/a","For metrics, refresh"
"best erp for monitoring ltv churn rate cac 2025","=HYPERLINK(""https://smrs.toolsfrog.com/analytics/keywordoverview/?q=best%20erp%20for%20monitoring%20ltv%20churn%20rate%20cac%202025&db=us"",""best erp for monitoring ltv churn rate cac 2025​"")","n/a","n/a","0","0","","n/a","n/a","n/a","0.00","0.00","n/a","n/a","For metrics, refresh"
"best onboarding software for reducing churn rates 2025 2026","=HYPERLINK(""https://smrs.toolsfrog.com/analytics/keywordoverview/?q=best%20onboarding%20software%20for%20reducing%20churn%20rates%202025%202026&db=us"",""best onboarding software for reducing churn rates 2025 2026​"")","n/a","n/a","0","0","","n/a","n/a","n/a","0.00","0.00","n/a","n/a","For metrics, refresh"
"best onboarding software for reducing churn rates.","=HYPERLINK(""https://smrs.toolsfrog.com/analytics/keywordoverview/?q=best%20onboarding%20software%20for%20reducing%20churn%20rates.&db=us"",""best onboarding software for reducing churn rates.​"")","n/a","n/a","0","0","","n/a","n/a","n/a","0.00","0.00","n/a","n/a","For metrics, refresh"
"best practices to reduce customer churn rate 2025 2026","=HYPERLINK(""https://smrs.toolsfrog.com/analytics/keywordoverview/?q=best%20practices%20to%20reduce%20customer%20churn%20rate%202025%202026&db=us"",""best practices to reduce customer churn rate 2025 2026​"")","n/a","n/a","0","0","","n/a","n/a","n/a","0.00","0.00","n/a","n/a","For metrics, refresh"
"best saas churn rates","=HYPERLINK(""https://smrs.toolsfrog.com/analytics/keywordoverview/?q=best%20saas%20churn%20rates&db=us"",""best saas churn rates​"")","n/a","n/a","0","0","","n/a","n/a","n/a","0.00","0.00","n/a","n/a","For metrics, refresh"
"best tools for churn rate prediction 2025","=HYPERLINK(""https://smrs.toolsfrog.com/analytics/keywordoverview/?q=best%20tools%20for%20churn%20rate%20prediction%202025&db=us"",""best tools for churn rate prediction 2025​"")","n/a","n/a","0","0","","n/a","n/a","n/a","0.00","0.00","n/a","n/a","For metrics, refresh"
"best ways to reduce churn rate","=HYPERLINK(""https://smrs.toolsfrog.com/analytics/keywordoverview/?q=best%20ways%20to%20reduce%20churn%20rate&db=us"",""best ways to reduce churn rate​"")","n/a","n/a","0","0","","n/a","n/a","n/a","0.00","0.00","n/a","n/a","For metrics, refresh"
"best ways to reduce customer churn rate 2025 2026 strategies","=HYPERLINK(""https://smrs.toolsfrog.com/analytics/keywordoverview/?q=best%20ways%20to%20reduce%20customer%20churn%20rate%202025%202026%20strategies&db=us"",""best ways to reduce customer churn rate 2025 2026 strategies​"")","n/a","n/a","0","0","","n/a","n/a","n/a","0.00","0.00","n/a","n/a","For metrics, refresh"
"best ways to reduce customer churn rate 2026","=HYPERLINK(""https://smrs.toolsfrog.com/analytics/keywordoverview/?q=best%20ways%20to%20reduce%20customer%20churn%20rate%202026&db=us"",""best ways to reduce customer churn rate 2026​"")","n/a","n/a","0","0","","n/a","n/a","n/a","0.00","0.00","n/a","n/a","For metrics, refresh"
"best ways to reduce customer churn rate strategies 2025","=HYPERLINK(""https://smrs.toolsfrog.com/analytics/keywordoverview/?q=best%20ways%20to%20reduce%20customer%20churn%20rate%20strategies%202025&db=us"",""best ways to reduce customer churn rate strategies 2025​"")","n/a","n/a","0","0","","n/a","n/a","n/a","0.00","0.00","n/a","n/a","For metrics, refresh"
"best ways to reduce customer churn rate strategies 2025 2026","=HYPERLINK(""https://smrs.toolsfrog.com/analytics/keywordoverview/?q=best%20ways%20to%20reduce%20customer%20churn%20rate%20strategies%202025%202026&db=us"",""best ways to reduce customer churn rate strategies 2025 2026​"")","n/a","n/a","0","0","","n/a","n/a","n/a","0.00","0.00","n/a","n/a","For metrics, refresh"
"bestowed box churn rate","=HYPERLINK(""https://smrs.toolsfrog.com/analytics/keywordoverview/?q=bestowed%20box%20churn%20rate&db=us"",""bestowed box churn rate​"")","n/a","n/a","0","0","","n/a","n/a","n/a","0.00","0.00","n/a","n/a","For metrics, refresh"
"better way to calculate churn rate","=HYPERLINK(""https://smrs.toolsfrog.com/analytics/keywordoverview/?q=better%20way%20to%20calculate%20churn%20rate&db=us"",""better way to calculate churn rate​"")","n/a","n/a","0","0","","n/a","n/a","n/a","0.00","0.00","n/a","n/a","For metrics, refresh"
"big 3 automotive employee churn rate comparison industry average","=HYPERLINK(""https://smrs.toolsfrog.com/analytics/keywordoverview/?q=big%203%20automotive%20employee%20churn%20rate%20comparison%20industry%20average&db=us"",""big 3 automotive employee churn rate comparison industry average​"")","n/a","n/a","0","0","","n/a","n/a","n/a","0.00","0.00","n/a","n/a","For metrics, refresh"
"big 4 accounting firm churn rate","=HYPERLINK(""https://smrs.toolsfrog.com/analytics/keywordoverview/?q=big%204%20accounting%20firm%20churn%20rate&db=us"",""big 4 accounting firm churn rate​"")","n/a","n/a","0","0","","n/a","n/a","n/a","0.00","0.00","n/a","n/a","For metrics, refresh"
"billboard advertising churn rate","=HYPERLINK(""https://smrs.toolsfrog.com/analytics/keywordoverview/?q=billboard%20advertising%20churn%20rate&db=us"",""billboard advertising churn rate​"")","n/a","n/a","0","0","","n/a","n/a","n/a","0.00","0.00","n/a","n/a","For metrics, refresh"
"billboard churn rate","=HYPERLINK(""https://smrs.toolsfrog.com/analytics/keywordoverview/?q=billboard%20churn%20rate&db=us"",""billboard churn rate​"")","n/a","n/a","0","0","","n/a","n/a","n/a","0.00","0.00","n/a","n/a","For metrics, refresh"
"birchbox churn rate","=HYPERLINK(""https://smrs.toolsfrog.com/analytics/keywordoverview/?q=birchbox%20churn%20rate&db=us"",""birchbox churn rate​"")","n/a","n/a","0","0","","n/a","n/a","n/a","0.00","0.00","n/a","n/a","For metrics, refresh"
"birkenstock holding plc customer churn rate and retention 2025","=HYPERLINK(""https://smrs.toolsfrog.com/analytics/keywordoverview/?q=birkenstock%20holding%20plc%20customer%20churn%20rate%20and%20retention%202025&db=us"",""birkenstock holding plc customer churn rate and retention 2025​"")","n/a","n/a","0","0","","n/a","n/a","n/a","0.00","0.00","n/a","n/a","For metrics, refresh"
"blended churn rate","=HYPERLINK(""https://smrs.toolsfrog.com/analytics/keywordoverview/?q=blended%20churn%20rate&db=us"",""blended churn rate​"")","n/a","n/a","0","0","","n/a","n/a","n/a","0.00","0.00","n/a","n/a","For metrics, refresh"
"blue apron churn rates","=HYPERLINK(""https://smrs.toolsfrog.com/analytics/keywordoverview/?q=blue%20apron%20churn%20rates&db=us"",""blue apron churn rates​"")","n/a","n/a","0","0","","n/a","n/a","n/a","0.00","0.00","n/a","n/a","For metrics, refresh"
"blue bird customer churn rate and retention 2025","=HYPERLINK(""https://smrs.toolsfrog.com/analytics/keywordoverview/?q=blue%20bird%20customer%20churn%20rate%20and%20retention%202025&db=us"",""blue bird customer churn rate and retention 2025​"")","n/a","n/a","0","0","","n/a","n/a","n/a","0.00","0.00","n/a","n/a","For metrics, refresh"
"boost mobile churn rate","=HYPERLINK(""https://smrs.toolsfrog.com/analytics/keywordoverview/?q=boost%20mobile%20churn%20rate&db=us"",""boost mobile churn rate​"")","n/a","n/a","0","0","","n/a","n/a","n/a","0.00","0.00","n/a","n/a","For metrics, refresh"
"boost mobile churn rates","=HYPERLINK(""https://smrs.toolsfrog.com/analytics/keywordoverview/?q=boost%20mobile%20churn%20rates&db=us"",""boost mobile churn rates​"")","n/a","n/a","0","0","","n/a","n/a","n/a","0.00","0.00","n/a","n/a","For metrics, refresh"
"box churn rate","=HYPERLINK(""https://smrs.toolsfrog.com/analytics/keywordoverview/?q=box%20churn%20rate&db=us"",""box churn rate​"")","n/a","n/a","0","0","","n/a","n/a","n/a","0.00","0.00","n/a","n/a","For metrics, refresh"
"box inc churn rate","=HYPERLINK(""https://smrs.toolsfrog.com/analytics/keywordoverview/?q=box%20inc%20churn%20rate&db=us"",""box inc churn rate​"")","n/a","n/a","0","0","","n/a","n/a","n/a","0.00","0.00","n/a","n/a","For metrics, refresh"
"boyd gaming customer churn rate and retention 2025","=HYPERLINK(""https://smrs.toolsfrog.com/analytics/keywordoverview/?q=boyd%20gaming%20customer%20churn%20rate%20and%20retention%202025&db=us"",""boyd gaming customer churn rate and retention 2025​"")","n/a","n/a","0","0","","n/a","n/a","n/a","0.00","0.00","n/a","n/a","For metrics, refresh"
"broadband churn rate","=HYPERLINK(""https://smrs.toolsfrog.com/analytics/keywordoverview/?q=broadband%20churn%20rate&db=us"",""broadband churn rate​"")","n/a","n/a","0","0","","n/a","n/a","n/a","0.00","0.00","n/a","n/a","For metrics, refresh"
"broadband churn rate depends","=HYPERLINK(""https://smrs.toolsfrog.com/analytics/keywordoverview/?q=broadband%20churn%20rate%20depends&db=us"",""broadband churn rate depends​"")","n/a","n/a","0","0","","n/a","n/a","n/a","0.00","0.00","n/a","n/a","For metrics, refresh"
"broadband churn rate uk","=HYPERLINK(""https://smrs.toolsfrog.com/analytics/keywordoverview/?q=broadband%20churn%20rate%20uk&db=us"",""broadband churn rate uk​"")","n/a","n/a","0","0","","n/a","n/a","n/a","0.00","0.00","n/a","n/a","For metrics, refresh"
"buckle customer churn rate compared to industry 2025","=HYPERLINK(""https://smrs.toolsfrog.com/analytics/keywordoverview/?q=buckle%20customer%20churn%20rate%20compared%20to%20industry%202025&db=us"",""buckle customer churn rate compared to industry 2025​"")","n/a","n/a","0","0","","n/a","n/a","n/a","0.00","0.00","n/a","n/a","For metrics, refresh"
"bumble churn rate","=HYPERLINK(""https://smrs.toolsfrog.com/analytics/keywordoverview/?q=bumble%20churn%20rate&db=us"",""bumble churn rate​"")","n/a","n/a","0","0","","n/a","n/a","n/a","0.00","0.00","n/a","n/a","For metrics, refresh"
"bureau of labor statistics what is typical churn rate startup","=HYPERLINK(""https://smrs.toolsfrog.com/analytics/keywordoverview/?q=bureau%20of%20labor%20statistics%20what%20is%20typical%20churn%20rate%20startup&db=us"",""bureau of labor statistics what is typical churn rate startup​"")","n/a","n/a","0","0","","n/a","n/a","n/a","0.00","0.00","n/a","n/a","For metrics, refresh"
"burn and churn rate","=HYPERLINK(""https://smrs.toolsfrog.com/analytics/keywordoverview/?q=burn%20and%20churn%20rate&db=us"",""burn and churn rate​"")","n/a","n/a","0","0","","n/a","n/a","n/a","0.00","0.00","n/a","n/a","For metrics, refresh"
"business churn rate definition","=HYPERLINK(""https://smrs.toolsfrog.com/analytics/keywordoverview/?q=business%20churn%20rate%20definition&db=us"",""business churn rate definition​"")","n/a","n/a","0","0","","n/a","n/a","n/a","0.00","0.00","n/a","n/a","For metrics, refresh"
"business churn rate meaning","=HYPERLINK(""https://smrs.toolsfrog.com/analytics/keywordoverview/?q=business%20churn%20rate%20meaning&db=us"",""business churn rate meaning​"")","n/a","n/a","0","0","","n/a","n/a","n/a","0.00","0.00","n/a","n/a","For metrics, refresh"
"business who sought to reduce churn rate using modeling","=HYPERLINK(""https://smrs.toolsfrog.com/analytics/keywordoverview/?q=business%20who%20sought%20to%20reduce%20churn%20rate%20using%20modeling&db=us"",""business who sought to reduce churn rate using modeling​"")","n/a","n/a","0","0","","n/a","n/a","n/a","0.00","0.00","n/a","n/a","For metrics, refresh"
"cable churn rate","=HYPERLINK(""https://smrs.toolsfrog.com/analytics/keywordoverview/?q=cable%20churn%20rate&db=us"",""cable churn rate​"")","n/a","n/a","0","0","","n/a","n/a","n/a","0.00","0.00","n/a","n/a","For metrics, refresh"
"cable churn rates","=HYPERLINK(""https://smrs.toolsfrog.com/analytics/keywordoverview/?q=cable%20churn%20rates&db=us"",""cable churn rates​"")","n/a","n/a","0","0","","n/a","n/a","n/a","0.00","0.00","n/a","n/a","For metrics, refresh"
"cable company churn rates","=HYPERLINK(""https://smrs.toolsfrog.com/analytics/keywordoverview/?q=cable%20company%20churn%20rates&db=us"",""cable company churn rates​"")","n/a","n/a","0","0","","n/a","n/a","n/a","0.00","0.00","n/a","n/a","For metrics, refresh"
"cable industry churn rate","=HYPERLINK(""https://smrs.toolsfrog.com/analytics/keywordoverview/?q=cable%20industry%20churn%20rate&db=us"",""cable industry churn rate​"")","n/a","n/a","0","0","","n/a","n/a","n/a","0.00","0.00","n/a","n/a","For metrics, refresh"
"cable industry churn rates","=HYPERLINK(""https://smrs.toolsfrog.com/analytics/keywordoverview/?q=cable%20industry%20churn%20rates&db=us"",""cable industry churn rates​"")","n/a","n/a","0","0","","n/a","n/a","n/a","0.00","0.00","n/a","n/a","For metrics, refresh"
"cable one customer churn rate compared to industry 2025","=HYPERLINK(""https://smrs.toolsfrog.com/analytics/keywordoverview/?q=cable%20one%20customer%20churn%20rate%20compared%20to%20industry%202025&db=us"",""cable one customer churn rate compared to industry 2025​"")","n/a","n/a","0","0","","n/a","n/a","n/a","0.00","0.00","n/a","n/a","For metrics, refresh"
"cable tv churn rate","=HYPERLINK(""https://smrs.toolsfrog.com/analytics/keywordoverview/?q=cable%20tv%20churn%20rate&db=us"",""cable tv churn rate​"")","n/a","n/a","0","0","","n/a","n/a","n/a","0.00","0.00","n/a","n/a","For metrics, refresh"
"cablecom churn rate","=HYPERLINK(""https://smrs.toolsfrog.com/analytics/keywordoverview/?q=cablecom%20churn%20rate&db=us"",""cablecom churn rate​"")","n/a","n/a","0","0","","n/a","n/a","n/a","0.00","0.00","n/a","n/a","For metrics, refresh"
"calcolo churn rate","=HYPERLINK(""https://smrs.toolsfrog.com/analytics/keywordoverview/?q=calcolo%20churn%20rate&db=us"",""calcolo churn rate​"")","n/a","n/a","0","0","","n/a","n/a","n/a","0.00","0.00","n/a","n/a","For metrics, refresh"
"calcul churn rate","=HYPERLINK(""https://smrs.toolsfrog.com/analytics/keywordoverview/?q=calcul%20churn%20rate&db=us"",""calcul churn rate​"")","n/a","n/a","0","0","","n/a","n/a","n/a","0.00","0.00","n/a","n/a","For metrics, refresh"
"calcular churn rate","=HYPERLINK(""https://smrs.toolsfrog.com/analytics/keywordoverview/?q=calcular%20churn%20rate&db=us"",""calcular churn rate​"")","n/a","n/a","0","0","","n/a","n/a","n/a","0.00","0.00","n/a","n/a","For metrics, refresh"
"calculate churn rate email","=HYPERLINK(""https://smrs.toolsfrog.com/analytics/keywordoverview/?q=calculate%20churn%20rate%20email&db=us"",""calculate churn rate email​"")","n/a","n/a","0","0","","n/a","n/a","n/a","0.00","0.00","n/a","n/a","For metrics, refresh"
"calculate churn rate formula","=HYPERLINK(""https://smrs.toolsfrog.com/analytics/keywordoverview/?q=calculate%20churn%20rate%20formula&db=us"",""calculate churn rate formula​"")","n/a","n/a","0","0","","n/a","n/a","n/a","0.00","0.00","n/a","n/a","For metrics, refresh"
"calculate churn rate in r","=HYPERLINK(""https://smrs.toolsfrog.com/analytics/keywordoverview/?q=calculate%20churn%20rate%20in%20r&db=us"",""calculate churn rate in r​"")","n/a","n/a","0","0","","n/a","n/a","n/a","0.00","0.00","n/a","n/a","For metrics, refresh"
"calculate churn rate mobile app","=HYPERLINK(""https://smrs.toolsfrog.com/analytics/keywordoverview/?q=calculate%20churn%20rate%20mobile%20app&db=us"",""calculate churn rate mobile app​"")","n/a","n/a","0","0","","n/a","n/a","n/a","0.00","0.00","n/a","n/a","For metrics, refresh"
"calculate churn rate over time excel","=HYPERLINK(""https://smrs.toolsfrog.com/analytics/keywordoverview/?q=calculate%20churn%20rate%20over%20time%20excel&db=us"",""calculate churn rate over time excel​"")","n/a","n/a","0","0","","n/a","n/a","n/a","0.00","0.00","n/a","n/a","For metrics, refresh"
"calculate churn rate sheet","=HYPERLINK(""https://smrs.toolsfrog.com/analytics/keywordoverview/?q=calculate%20churn%20rate%20sheet&db=us"",""calculate churn rate sheet​"")","n/a","n/a","0","0","","n/a","n/a","n/a","0.00","0.00","n/a","n/a","For metrics, refresh"
"calculate churn rate sql","=HYPERLINK(""https://smrs.toolsfrog.com/analytics/keywordoverview/?q=calculate%20churn%20rate%20sql&db=us"",""calculate churn rate sql​"")","n/a","n/a","0","0","","n/a","n/a","n/a","0.00","0.00","n/a","n/a","For metrics, refresh"
"calculate churn rate subscription","=HYPERLINK(""https://smrs.toolsfrog.com/analytics/keywordoverview/?q=calculate%20churn%20rate%20subscription&db=us"",""calculate churn rate subscription​"")","n/a","n/a","0","0","","n/a","n/a","n/a","0.00","0.00","n/a","n/a","For metrics, refresh"
"calculate churn rate tableau","=HYPERLINK(""https://smrs.toolsfrog.com/analytics/keywordoverview/?q=calculate%20churn%20rate%20tableau&db=us"",""calculate churn rate tableau​"")","n/a","n/a","0","0","","n/a","n/a","n/a","0.00","0.00","n/a","n/a","For metrics, refresh"
"calculate churn rate telecom","=HYPERLINK(""https://smrs.toolsfrog.com/analytics/keywordoverview/?q=calculate%20churn%20rate%20telecom&db=us"",""calculate churn rate telecom​"")","n/a","n/a","0","0","","n/a","n/a","n/a","0.00","0.00","n/a","n/a","For metrics, refresh"
"calculate customer churn rate formula","=HYPERLINK(""https://smrs.toolsfrog.com/analytics/keywordoverview/?q=calculate%20customer%20churn%20rate%20formula&db=us"",""calculate customer churn rate formula​"")","n/a","n/a","0","0","","n/a","n/a","n/a","0.00","0.00","n/a","n/a","For metrics, refresh"
"calculate customer lifetime value churn rate","=HYPERLINK(""https://smrs.toolsfrog.com/analytics/keywordoverview/?q=calculate%20customer%20lifetime%20value%20churn%20rate&db=us"",""calculate customer lifetime value churn rate​"")","n/a","n/a","0","0","","n/a","n/a","n/a","0.00","0.00","n/a","n/a","For metrics, refresh"
"calculate email churn rate","=HYPERLINK(""https://smrs.toolsfrog.com/analytics/keywordoverview/?q=calculate%20email%20churn%20rate&db=us"",""calculate email churn rate​"")","n/a","n/a","0","0","","n/a","n/a","n/a","0.00","0.00","n/a","n/a","For metrics, refresh"
"calculate lifetime value using churn rate","=HYPERLINK(""https://smrs.toolsfrog.com/analytics/keywordoverview/?q=calculate%20lifetime%20value%20using%20churn%20rate&db=us"",""calculate lifetime value using churn rate​"")","n/a","n/a","0","0","","n/a","n/a","n/a","0.00","0.00","n/a","n/a","For metrics, refresh"
"calculate ltv with churn rate","=HYPERLINK(""https://smrs.toolsfrog.com/analytics/keywordoverview/?q=calculate%20ltv%20with%20churn%20rate&db=us"",""calculate ltv with churn rate​"")","n/a","n/a","0","0","","n/a","n/a","n/a","0.00","0.00","n/a","n/a","For metrics, refresh"
"calculate number customers based on churn rate","=HYPERLINK(""https://smrs.toolsfrog.com/analytics/keywordoverview/?q=calculate%20number%20customers%20based%20on%20churn%20rate&db=us"",""calculate number customers based on churn rate​"")","n/a","n/a","0","0","","n/a","n/a","n/a","0.00","0.00","n/a","n/a","For metrics, refresh"
"calculate regular giver churn rate","=HYPERLINK(""https://smrs.toolsfrog.com/analytics/keywordoverview/?q=calculate%20regular%20giver%20churn%20rate&db=us"",""calculate regular giver churn rate​"")","n/a","n/a","0","0","","n/a","n/a","n/a","0.00","0.00","n/a","n/a","For metrics, refresh"
"calculate staff churn rate","=HYPERLINK(""https://smrs.toolsfrog.com/analytics/keywordoverview/?q=calculate%20staff%20churn%20rate&db=us"",""calculate staff churn rate​"")","n/a","n/a","0","0","","n/a","n/a","n/a","0.00","0.00","n/a","n/a","For metrics, refresh"
"calculate subscriber churn rate salesforce","=HYPERLINK(""https://smrs.toolsfrog.com/analytics/keywordoverview/?q=calculate%20subscriber%20churn%20rate%20salesforce&db=us"",""calculate subscriber churn rate salesforce​"")","n/a","n/a","0","0","","n/a","n/a","n/a","0.00","0.00","n/a","n/a","For metrics, refresh"
"calculate subscriber churn rate superbadge","=HYPERLINK(""https://smrs.toolsfrog.com/analytics/keywordoverview/?q=calculate%20subscriber%20churn%20rate%20superbadge&db=us"",""calculate subscriber churn rate superbadge​"")","n/a","n/a","0","0","","n/a","n/a","n/a","0.00","0.00","n/a","n/a","For metrics, refresh"
"calculate subscriber churn rate trailhead","=HYPERLINK(""https://smrs.toolsfrog.com/analytics/keywordoverview/?q=calculate%20subscriber%20churn%20rate%20trailhead&db=us"",""calculate subscriber churn rate trailhead​"")","n/a","n/a","0","0","","n/a","n/a","n/a","0.00","0.00","n/a","n/a","For metrics, refresh"
"calculate user churn rate","=HYPERLINK(""https://smrs.toolsfrog.com/analytics/keywordoverview/?q=calculate%20user%20churn%20rate&db=us"",""calculate user churn rate​"")","n/a","n/a","0","0","","n/a","n/a","n/a","0.00","0.00","n/a","n/a","For metrics, refresh"
"calculating annual churn rate","=HYPERLINK(""https://smrs.toolsfrog.com/analytics/keywordoverview/?q=calculating%20annual%20churn%20rate&db=us"",""calculating annual churn rate​"")","n/a","n/a","0","0","","n/a","n/a","n/a","0.00","0.07","n/a","n/a","For metrics, refresh"
"calculating churn rate employees","=HYPERLINK(""https://smrs.toolsfrog.com/analytics/keywordoverview/?q=calculating%20churn%20rate%20employees&db=us"",""calculating churn rate employees​"")","n/a","n/a","0","0","","n/a","n/a","n/a","0.00","0.00","n/a","n/a","For metrics, refresh"
"calculating churn rate from customer retention rate","=HYPERLINK(""https://smrs.toolsfrog.com/analytics/keywordoverview/?q=calculating%20churn%20rate%20from%20customer%20retention%20rate&db=us"",""calculating churn rate from customer retention rate​"")","n/a","n/a","0","0","","n/a","n/a","n/a","0.00","0.00","n/a","n/a","For metrics, refresh"
"calculating churn rate in sql","=HYPERLINK(""https://smrs.toolsfrog.com/analytics/keywordoverview/?q=calculating%20churn%20rate%20in%20sql&db=us"",""calculating churn rate in sql​"")","n/a","n/a","0","0","","n/a","n/a","n/a","0.00","0.00","n/a","n/a","For metrics, refresh"
"calculating churn rate on excel","=HYPERLINK(""https://smrs.toolsfrog.com/analytics/keywordoverview/?q=calculating%20churn%20rate%20on%20excel&db=us"",""calculating churn rate on excel​"")","n/a","n/a","0","0","","n/a","n/a","n/a","0.00","0.00","n/a","n/a","For metrics, refresh"
"calculating churn rate saas","=HYPERLINK(""https://smrs.toolsfrog.com/analytics/keywordoverview/?q=calculating%20churn%20rate%20saas&db=us"",""calculating churn rate saas​"")","n/a","n/a","0","0","","n/a","n/a","n/a","6.23","0.33","n/a","n/a","For metrics, refresh"
"calculating churn rate sql","=HYPERLINK(""https://smrs.toolsfrog.com/analytics/keywordoverview/?q=calculating%20churn%20rate%20sql&db=us"",""calculating churn rate sql​"")","n/a","n/a","0","0","","n/a","n/a","n/a","0.00","0.00","n/a","n/a","For metrics, refresh"
"calculating churn rate telecom","=HYPERLINK(""https://smrs.toolsfrog.com/analytics/keywordoverview/?q=calculating%20churn%20rate%20telecom&db=us"",""calculating churn rate telecom​"")","n/a","n/a","0","0","","n/a","n/a","n/a","0.00","0.00","n/a","n/a","For metrics, refresh"
"calculating churn rate using saql salesforce","=HYPERLINK(""https://smrs.toolsfrog.com/analytics/keywordoverview/?q=calculating%20churn%20rate%20using%20saql%20salesforce&db=us"",""calculating churn rate using saql salesforce​"")","n/a","n/a","0","0","","n/a","n/a","n/a","0.00","0.00","n/a","n/a","For metrics, refresh"
"calculating churn rate with zoho analytics","=HYPERLINK(""https://smrs.toolsfrog.com/analytics/keywordoverview/?q=calculating%20churn%20rate%20with%20zoho%20analytics&db=us"",""calculating churn rate with zoho analytics​"")","n/a","n/a","0","0","","n/a","n/a","n/a","0.00","0.00","n/a","n/a","For metrics, refresh"
"calculating churn rates","=HYPERLINK(""https://smrs.toolsfrog.com/analytics/keywordoverview/?q=calculating%20churn%20rates&db=us"",""calculating churn rates​"")","n/a","n/a","0","0","","n/a","n/a","n/a","1.60","0.12","n/a","n/a","For metrics, refresh"
"calculating client churn rate","=HYPERLINK(""https://smrs.toolsfrog.com/analytics/keywordoverview/?q=calculating%20client%20churn%20rate&db=us"",""calculating client churn rate​"")","n/a","n/a","0","0","","n/a","n/a","n/a","0.00","0.00","n/a","n/a","For metrics, refresh"
"calculating customer churn rate","=HYPERLINK(""https://smrs.toolsfrog.com/analytics/keywordoverview/?q=calculating%20customer%20churn%20rate&db=us"",""calculating customer churn rate​"")","n/a","n/a","0","0","","n/a","n/a","n/a","1.99","0.08","n/a","n/a","For metrics, refresh"
"calculating email churn rate","=HYPERLINK(""https://smrs.toolsfrog.com/analytics/keywordoverview/?q=calculating%20email%20churn%20rate&db=us"",""calculating email churn rate​"")","n/a","n/a","0","0","","n/a","n/a","n/a","0.00","0.00","n/a","n/a","For metrics, refresh"
"calculating employee churn rate","=HYPERLINK(""https://smrs.toolsfrog.com/analytics/keywordoverview/?q=calculating%20employee%20churn%20rate&db=us"",""calculating employee churn rate​"")","n/a","n/a","0","0","","n/a","n/a","n/a","0.00","0.00","n/a","n/a","For metrics, refresh"
"calculating monthly churn rate saas","=HYPERLINK(""https://smrs.toolsfrog.com/analytics/keywordoverview/?q=calculating%20monthly%20churn%20rate%20saas&db=us"",""calculating monthly churn rate saas​"")","n/a","n/a","0","0","","n/a","n/a","n/a","0.00","0.00","n/a","n/a","For metrics, refresh"
"calculating saas churn rate","=HYPERLINK(""https://smrs.toolsfrog.com/analytics/keywordoverview/?q=calculating%20saas%20churn%20rate&db=us"",""calculating saas churn rate​"")","n/a","n/a","0","0","","n/a","n/a","n/a","0.00","0.00","n/a","n/a","For metrics, refresh"
"calculating staff churn rate","=HYPERLINK(""https://smrs.toolsfrog.com/analytics/keywordoverview/?q=calculating%20staff%20churn%20rate&db=us"",""calculating staff churn rate​"")","n/a","n/a","0","0","","n/a","n/a","n/a","0.00","0.00","n/a","n/a","For metrics, refresh"
"calculating wireless churn rate","=HYPERLINK(""https://smrs.toolsfrog.com/analytics/keywordoverview/?q=calculating%20wireless%20churn%20rate&db=us"",""calculating wireless churn rate​"")","n/a","n/a","0","0","","n/a","n/a","n/a","0.00","0.00","n/a","n/a","For metrics, refresh"
"calculo churn rate","=HYPERLINK(""https://smrs.toolsfrog.com/analytics/keywordoverview/?q=calculo%20churn%20rate&db=us"",""calculo churn rate​"")","n/a","n/a","0","0","","n/a","n/a","n/a","0.00","0.00","n/a","n/a","For metrics, refresh"
"called involuntary churn rate","=HYPERLINK(""https://smrs.toolsfrog.com/analytics/keywordoverview/?q=called%20involuntary%20churn%20rate&db=us"",""called involuntary churn rate​"")","n/a","n/a","0","0","","n/a","n/a","n/a","0.00","0.00","n/a","n/a","For metrics, refresh"
"calnewport churn rate","=HYPERLINK(""https://smrs.toolsfrog.com/analytics/keywordoverview/?q=calnewport%20churn%20rate&db=us"",""calnewport churn rate​"")","n/a","n/a","0","0","","n/a","n/a","n/a","0.00","0.00","n/a","n/a","For metrics, refresh"
"can you have a negative churn rate","=HYPERLINK(""https://smrs.toolsfrog.com/analytics/keywordoverview/?q=can%20you%20have%20a%20negative%20churn%20rate&db=us"",""can you have a negative churn rate​"")","n/a","n/a","0","0","","n/a","n/a","n/a","0.00","0.00","n/a","n/a","For metrics, refresh"
"can you support a churn rate","=HYPERLINK(""https://smrs.toolsfrog.com/analytics/keywordoverview/?q=can%20you%20support%20a%20churn%20rate&db=us"",""can you support a churn rate​"")","n/a","n/a","0","0","","n/a","n/a","n/a","0.00","0.00","n/a","n/a","For metrics, refresh"
"cancel rate vs churn rate","=HYPERLINK(""https://smrs.toolsfrog.com/analytics/keywordoverview/?q=cancel%20rate%20vs%20churn%20rate&db=us"",""cancel rate vs churn rate​"")","n/a","n/a","0","0","","n/a","n/a","n/a","0.00","0.00","n/a","n/a","For metrics, refresh"
"cancellation rate vs churn","=HYPERLINK(""https://smrs.toolsfrog.com/analytics/keywordoverview/?q=cancellation%20rate%20vs%20churn&db=us"",""cancellation rate vs churn​"")","n/a","n/a","0","0","","n/a","n/a","n/a","0.00","0.00","n/a","n/a","For metrics, refresh"
"car wash membership churn rate statistics","=HYPERLINK(""https://smrs.toolsfrog.com/analytics/keywordoverview/?q=car%20wash%20membership%20churn%20rate%20statistics&db=us"",""car wash membership churn rate statistics​"")","n/a","n/a","0","0","","n/a","n/a","n/a","0.00","0.00","n/a","n/a","For metrics, refresh"
"carter's customer churn rate compared to industry 2025","=HYPERLINK(""https://smrs.toolsfrog.com/analytics/keywordoverview/?q=carter's%20customer%20churn%20rate%20compared%20to%20industry%202025&db=us"",""carter's customer churn rate compared to industry 2025​"")","n/a","n/a","0","0","","n/a","n/a","n/a","0.00","0.00","n/a","n/a","For metrics, refresh"
"carters customer churn rate compared to industry 2025","=HYPERLINK(""https://smrs.toolsfrog.com/analytics/keywordoverview/?q=carters%20customer%20churn%20rate%20compared%20to%20industry%202025&db=us"",""carters customer churn rate compared to industry 2025​"")","n/a","n/a","0","0","","n/a","n/a","n/a","0.00","0.00","n/a","n/a","For metrics, refresh"
"case interview churn rate","=HYPERLINK(""https://smrs.toolsfrog.com/analytics/keywordoverview/?q=case%20interview%20churn%20rate&db=us"",""case interview churn rate​"")","n/a","n/a","0","0","","n/a","n/a","n/a","0.00","0.00","n/a","n/a","For metrics, refresh"
"casey's general stores customer churn rate and retention 2025","=HYPERLINK(""https://smrs.toolsfrog.com/analytics/keywordoverview/?q=casey's%20general%20stores%20customer%20churn%20rate%20and%20retention%202025&db=us"",""casey's general stores customer churn rate and retention 2025​"")","n/a","n/a","0","0","","n/a","n/a","n/a","0.00","0.00","n/a","n/a","For metrics, refresh"
"caseys general stores customer churn rate and retention 2025","=HYPERLINK(""https://smrs.toolsfrog.com/analytics/keywordoverview/?q=caseys%20general%20stores%20customer%20churn%20rate%20and%20retention%202025&db=us"",""caseys general stores customer churn rate and retention 2025​"")","n/a","n/a","0","0","","n/a","n/a","n/a","0.00","0.00","n/a","n/a","For metrics, refresh"
"casino churn rate reduction","=HYPERLINK(""https://smrs.toolsfrog.com/analytics/keywordoverview/?q=casino%20churn%20rate%20reduction&db=us"",""casino churn rate reduction​"")","n/a","n/a","0","0","","n/a","n/a","n/a","0.00","0.00","n/a","n/a","For metrics, refresh"
"cbs all access churn rate","=HYPERLINK(""https://smrs.toolsfrog.com/analytics/keywordoverview/?q=cbs%20all%20access%20churn%20rate&db=us"",""cbs all access churn rate​"")","n/a","n/a","0","0","","n/a","n/a","n/a","0.00","0.00","n/a","n/a","For metrics, refresh"
"cell phone churn rate","=HYPERLINK(""https://smrs.toolsfrog.com/analytics/keywordoverview/?q=cell%20phone%20churn%20rate&db=us"",""cell phone churn rate​"")","n/a","n/a","0","0","","n/a","n/a","n/a","0.00","0.00","n/a","n/a","For metrics, refresh"
"cell tower churn rate","=HYPERLINK(""https://smrs.toolsfrog.com/analytics/keywordoverview/?q=cell%20tower%20churn%20rate&db=us"",""cell tower churn rate​"")","n/a","n/a","0","0","","n/a","n/a","n/a","0.00","0.00","n/a","n/a","For metrics, refresh"
"cellular churn rate","=HYPERLINK(""https://smrs.toolsfrog.com/analytics/keywordoverview/?q=cellular%20churn%20rate&db=us"",""cellular churn rate​"")","n/a","n/a","0","0","","n/a","n/a","n/a","0.00","0.00","n/a","n/a","For metrics, refresh"
"centurylink churn rate","=HYPERLINK(""https://smrs.toolsfrog.com/analytics/keywordoverview/?q=centurylink%20churn%20rate&db=us"",""centurylink churn rate​"")","n/a","n/a","0","0","","n/a","n/a","n/a","0.00","0.00","n/a","n/a","For metrics, refresh"
"cf affiliate page and i have a 100 churn rate","=HYPERLINK(""https://smrs.toolsfrog.com/analytics/keywordoverview/?q=cf%20affiliate%20page%20and%20i%20have%20a%20100%20churn%20rate&db=us"",""cf affiliate page and i have a 100 churn rate​"")","n/a","n/a","0","0","","n/a","n/a","n/a","0.00","0.00","n/a","n/a","For metrics, refresh"
"cfa churn rate","=HYPERLINK(""https://smrs.toolsfrog.com/analytics/keywordoverview/?q=cfa%20churn%20rate&db=us"",""cfa churn rate​"")","n/a","n/a","0","0","","n/a","n/a","n/a","0.00","0.00","n/a","n/a","For metrics, refresh"
"challenger bank churn rates","=HYPERLINK(""https://smrs.toolsfrog.com/analytics/keywordoverview/?q=challenger%20bank%20churn%20rates&db=us"",""challenger bank churn rates​"")","n/a","n/a","0","0","","n/a","n/a","n/a","0.00","0.00","n/a","n/a","For metrics, refresh"
"chargify start of period churn rate","=HYPERLINK(""https://smrs.toolsfrog.com/analytics/keywordoverview/?q=chargify%20start%20of%20period%20churn%20rate&db=us"",""chargify start of period churn rate​"")","n/a","n/a","0","0","","n/a","n/a","n/a","0.00","0.00","n/a","n/a","For metrics, refresh"
"charter churn rate","=HYPERLINK(""https://smrs.toolsfrog.com/analytics/keywordoverview/?q=charter%20churn%20rate&db=us"",""charter churn rate​"")","n/a","n/a","0","0","","n/a","n/a","n/a","0.00","0.00","n/a","n/a","For metrics, refresh"
"chartmogul mrr churn rate","=HYPERLINK(""https://smrs.toolsfrog.com/analytics/keywordoverview/?q=chartmogul%20mrr%20churn%20rate&db=us"",""chartmogul mrr churn rate​"")","n/a","n/a","0","0","","n/a","n/a","n/a","0.00","0.00","n/a","n/a","For metrics, refresh"
"chatgpt plus churn rate","=HYPERLINK(""https://smrs.toolsfrog.com/analytics/keywordoverview/?q=chatgpt%20plus%20churn%20rate&db=us"",""chatgpt plus churn rate​"")","n/a","n/a","0","0","","n/a","n/a","n/a","0.00","0.00","n/a","n/a","For metrics, refresh"
"chatgpt plus churn rate 2025","=HYPERLINK(""https://smrs.toolsfrog.com/analytics/keywordoverview/?q=chatgpt%20plus%20churn%20rate%202025&db=us"",""chatgpt plus churn rate 2025​"")","n/a","n/a","0","0","","n/a","n/a","n/a","0.00","0.00","n/a","n/a","For metrics, refresh"
"chckn loyalty program churn rate","=HYPERLINK(""https://smrs.toolsfrog.com/analytics/keywordoverview/?q=chckn%20loyalty%20program%20churn%20rate&db=us"",""chckn loyalty program churn rate​"")","n/a","n/a","0","0","","n/a","n/a","n/a","0.00","0.00","n/a","n/a","For metrics, refresh"
"cheesecake factory customer churn rate compared to industry 2025","=HYPERLINK(""https://smrs.toolsfrog.com/analytics/keywordoverview/?q=cheesecake%20factory%20customer%20churn%20rate%20compared%20to%20industry%202025&db=us"",""cheesecake factory customer churn rate compared to industry 2025​"")","n/a","n/a","0","0","","n/a","n/a","n/a","0.00","0.00","n/a","n/a","For metrics, refresh"
"children's place customer churn rate and retention 2025","=HYPERLINK(""https://smrs.toolsfrog.com/analytics/keywordoverview/?q=children's%20place%20customer%20churn%20rate%20and%20retention%202025&db=us"",""children's place customer churn rate and retention 2025​"")","n/a","n/a","0","0","","n/a","n/a","n/a","0.00","0.00","n/a","n/a","For metrics, refresh"
"china gym churn rates","=HYPERLINK(""https://smrs.toolsfrog.com/analytics/keywordoverview/?q=china%20gym%20churn%20rates&db=us"",""china gym churn rates​"")","n/a","n/a","0","0","","n/a","n/a","n/a","0.00","0.00","n/a","n/a","For metrics, refresh"
"china mobile churn rate","=HYPERLINK(""https://smrs.toolsfrog.com/analytics/keywordoverview/?q=china%20mobile%20churn%20rate&db=us"",""china mobile churn rate​"")","n/a","n/a","0","0","","n/a","n/a","n/a","0.00","0.00","n/a","n/a","For metrics, refresh"
"church & dwight customer churn rate and retention 2025","=HYPERLINK(""https://smrs.toolsfrog.com/analytics/keywordoverview/?q=church%20%26%20dwight%20customer%20churn%20rate%20and%20retention%202025&db=us"",""church & dwight customer churn rate and retention 2025​"")","n/a","n/a","0","0","","n/a","n/a","n/a","0.00","0.00","n/a","n/a","For metrics, refresh"
"churn attrition rate","=HYPERLINK(""https://smrs.toolsfrog.com/analytics/keywordoverview/?q=churn%20attrition%20rate&db=us"",""churn attrition rate​"")","n/a","n/a","0","0","","n/a","n/a","n/a","0.00","0.00","n/a","n/a","For metrics, refresh"
"churn attrition rate definition","=HYPERLINK(""https://smrs.toolsfrog.com/analytics/keywordoverview/?q=churn%20attrition%20rate%20definition&db=us"",""churn attrition rate definition​"")","n/a","n/a","0","0","","n/a","n/a","n/a","0.00","0.00","n/a","n/a","For metrics, refresh"
"churn churn rate","=HYPERLINK(""https://smrs.toolsfrog.com/analytics/keywordoverview/?q=churn%20churn%20rate&db=us"",""churn churn rate​"")","n/a","n/a","0","0","","n/a","n/a","n/a","0.00","0.00","n/a","n/a","For metrics, refresh"
"churn customer retention rate","=HYPERLINK(""https://smrs.toolsfrog.com/analytics/keywordoverview/?q=churn%20customer%20retention%20rate&db=us"",""churn customer retention rate​"")","n/a","n/a","0","0","","n/a","n/a","n/a","0.00","0.00","n/a","n/a","For metrics, refresh"
"churn down rate","=HYPERLINK(""https://smrs.toolsfrog.com/analytics/keywordoverview/?q=churn%20down%20rate&db=us"",""churn down rate​"")","n/a","n/a","0","0","","n/a","n/a","n/a","0.00","0.00","n/a","n/a","For metrics, refresh"
"churn employment rate","=HYPERLINK(""https://smrs.toolsfrog.com/analytics/keywordoverview/?q=churn%20employment%20rate&db=us"",""churn employment rate​"")","n/a","n/a","0","0","","n/a","n/a","n/a","0.00","0.00","n/a","n/a","For metrics, refresh"
"churn out rate synonym","=HYPERLINK(""https://smrs.toolsfrog.com/analytics/keywordoverview/?q=churn%20out%20rate%20synonym&db=us"",""churn out rate synonym​"")","n/a","n/a","0","0","","n/a","n/a","n/a","0.00","0.00","n/a","n/a","For metrics, refresh"
"churn out rates","=HYPERLINK(""https://smrs.toolsfrog.com/analytics/keywordoverview/?q=churn%20out%20rates&db=us"",""churn out rates​"")","n/a","n/a","0","0","","n/a","n/a","n/a","0.00","0.00","n/a","n/a","For metrics, refresh"
"churn rat","=HYPERLINK(""https://smrs.toolsfrog.com/analytics/keywordoverview/?q=churn%20rat&db=us"",""churn rat​"")","n/a","n/a","0","0","","n/a","n/a","n/a","1.11","0.04","n/a","n/a","For metrics, refresh"
"churn rate 10 lifetime period","=HYPERLINK(""https://smrs.toolsfrog.com/analytics/keywordoverview/?q=churn%20rate%2010%20lifetime%20period&db=us"",""churn rate 10 lifetime period​"")","n/a","n/a","0","0","","n/a","n/a","n/a","0.00","0.00","n/a","n/a","For metrics, refresh"
"churn rate 10 lifetime value","=HYPERLINK(""https://smrs.toolsfrog.com/analytics/keywordoverview/?q=churn%20rate%2010%20lifetime%20value&db=us"",""churn rate 10 lifetime value​"")","n/a","n/a","0","0","","n/a","n/a","n/a","0.00","0.00","n/a","n/a","For metrics, refresh"
"churn rate 101","=HYPERLINK(""https://smrs.toolsfrog.com/analytics/keywordoverview/?q=churn%20rate%20101&db=us"",""churn rate 101​"")","n/a","n/a","0","0","","n/a","n/a","n/a","0.00","0.00","n/a","n/a","For metrics, refresh"
"churn rate after free trial","=HYPERLINK(""https://smrs.toolsfrog.com/analytics/keywordoverview/?q=churn%20rate%20after%20free%20trial&db=us"",""churn rate after free trial​"")","n/a","n/a","0","0","","n/a","n/a","n/a","0.00","0.00","n/a","n/a","For metrics, refresh"
"churn rate after price increase in telecom industry","=HYPERLINK(""https://smrs.toolsfrog.com/analytics/keywordoverview/?q=churn%20rate%20after%20price%20increase%20in%20telecom%20industry&db=us"",""churn rate after price increase in telecom industry​"")","n/a","n/a","0","0","","n/a","n/a","n/a","0.00","0.00","n/a","n/a","For metrics, refresh"
"churn rate airline industry","=HYPERLINK(""https://smrs.toolsfrog.com/analytics/keywordoverview/?q=churn%20rate%20airline%20industry&db=us"",""churn rate airline industry​"")","n/a","n/a","0","0","","n/a","n/a","n/a","0.00","0.00","n/a","n/a","For metrics, refresh"
"churn rate alibaba b2b international commerce","=HYPERLINK(""https://smrs.toolsfrog.com/analytics/keywordoverview/?q=churn%20rate%20alibaba%20b2b%20international%20commerce&db=us"",""churn rate alibaba b2b international commerce​"")","n/a","n/a","0","0","","n/a","n/a","n/a","0.00","0.00","n/a","n/a","For metrics, refresh"
"churn rate amounts","=HYPERLINK(""https://smrs.toolsfrog.com/analytics/keywordoverview/?q=churn%20rate%20amounts&db=us"",""churn rate amounts​"")","n/a","n/a","0","0","","n/a","n/a","n/a","0.00","0.00","n/a","n/a","For metrics, refresh"
"churn rate and cac in profit calculation","=HYPERLINK(""https://smrs.toolsfrog.com/analytics/keywordoverview/?q=churn%20rate%20and%20cac%20in%20profit%20calculation&db=us"",""churn rate and cac in profit calculation​"")","n/a","n/a","0","0","","n/a","n/a","n/a","0.00","0.00","n/a","n/a","For metrics, refresh"
"churn rate and cost per acquisition","=HYPERLINK(""https://smrs.toolsfrog.com/analytics/keywordoverview/?q=churn%20rate%20and%20cost%20per%20acquisition&db=us"",""churn rate and cost per acquisition​"")","n/a","n/a","0","0","","n/a","n/a","n/a","0.00","0.00","n/a","n/a","For metrics, refresh"
"churn rate and customer experience","=HYPERLINK(""https://smrs.toolsfrog.com/analytics/keywordoverview/?q=churn%20rate%20and%20customer%20experience&db=us"",""churn rate and customer experience​"")","n/a","n/a","0","0","","n/a","n/a","n/a","0.00","0.00","n/a","n/a","For metrics, refresh"
"churn rate and customer success","=HYPERLINK(""https://smrs.toolsfrog.com/analytics/keywordoverview/?q=churn%20rate%20and%20customer%20success&db=us"",""churn rate and customer success​"")","n/a","n/a","0","0","","n/a","n/a","n/a","0.00","0.00","n/a","n/a","For metrics, refresh"
"churn rate and geometric mean","=HYPERLINK(""https://smrs.toolsfrog.com/analytics/keywordoverview/?q=churn%20rate%20and%20geometric%20mean&db=us"",""churn rate and geometric mean​"")","n/a","n/a","0","0","","n/a","n/a","n/a","0.00","0.00","n/a","n/a","For metrics, refresh"
"churn rate and ltv","=HYPERLINK(""https://smrs.toolsfrog.com/analytics/keywordoverview/?q=churn%20rate%20and%20ltv&db=us"",""churn rate and ltv​"")","n/a","n/a","0","0","","n/a","n/a","n/a","0.00","0.00","n/a","n/a","For metrics, refresh"
"churn rate annual","=HYPERLINK(""https://smrs.toolsfrog.com/analytics/keywordoverview/?q=churn%20rate%20annual&db=us"",""churn rate annual​"")","n/a","n/a","0","0","","n/a","n/a","n/a","0.00","0.00","n/a","n/a","For metrics, refresh"
"churn rate annualized","=HYPERLINK(""https://smrs.toolsfrog.com/analytics/keywordoverview/?q=churn%20rate%20annualized&db=us"",""churn rate annualized​"")","n/a","n/a","0","0","","n/a","n/a","n/a","0.00","0.00","n/a","n/a","For metrics, refresh"
"churn rate antonym","=HYPERLINK(""https://smrs.toolsfrog.com/analytics/keywordoverview/?q=churn%20rate%20antonym&db=us"",""churn rate antonym​"")","n/a","n/a","0","0","","n/a","n/a","n/a","0.00","0.00","n/a","n/a","For metrics, refresh"
"churn rate artinya","=HYPERLINK(""https://smrs.toolsfrog.com/analytics/keywordoverview/?q=churn%20rate%20artinya&db=us"",""churn rate artinya​"")","n/a","n/a","0","0","","n/a","n/a","n/a","0.00","0.00","n/a","n/a","For metrics, refresh"
"churn rate association rules","=HYPERLINK(""https://smrs.toolsfrog.com/analytics/keywordoverview/?q=churn%20rate%20association%20rules&db=us"",""churn rate association rules​"")","n/a","n/a","0","0","","n/a","n/a","n/a","0.00","0.00","n/a","n/a","For metrics, refresh"
"churn rate at&t","=HYPERLINK(""https://smrs.toolsfrog.com/analytics/keywordoverview/?q=churn%20rate%20at%26t&db=us"",""churn rate at&t​"")","n/a","n/a","0","0","","n/a","n/a","n/a","0.00","0.00","n/a","n/a","For metrics, refresh"
"churn rate at&t q4","=HYPERLINK(""https://smrs.toolsfrog.com/analytics/keywordoverview/?q=churn%20rate%20at%26t%20q4&db=us"",""churn rate at&t q4​"")","n/a","n/a","0","0","","n/a","n/a","n/a","0.00","0.00","n/a","n/a","For metrics, refresh"
"churn rate at&t q4 2018","=HYPERLINK(""https://smrs.toolsfrog.com/analytics/keywordoverview/?q=churn%20rate%20at%26t%20q4%202018&db=us"",""churn rate at&t q4 2018​"")","n/a","n/a","0","0","","n/a","n/a","n/a","0.00","0.00","n/a","n/a","For metrics, refresh"
"churn rate attrition rate","=HYPERLINK(""https://smrs.toolsfrog.com/analytics/keywordoverview/?q=churn%20rate%20attrition%20rate&db=us"",""churn rate attrition rate​"")","n/a","n/a","0","0","","n/a","n/a","n/a","0.00","0.00","n/a","n/a","For metrics, refresh"
"churn rate auf deutsch","=HYPERLINK(""https://smrs.toolsfrog.com/analytics/keywordoverview/?q=churn%20rate%20auf%20deutsch&db=us"",""churn rate auf deutsch​"")","n/a","n/a","0","0","","n/a","n/a","n/a","0.00","0.00","n/a","n/a","For metrics, refresh"
"churn rate auf englisch","=HYPERLINK(""https://smrs.toolsfrog.com/analytics/keywordoverview/?q=churn%20rate%20auf%20englisch&db=us"",""churn rate auf englisch​"")","n/a","n/a","0","0","","n/a","n/a","n/a","0.00","0.00","n/a","n/a","For metrics, refresh"
"churn rate automotive industry","=HYPERLINK(""https://smrs.toolsfrog.com/analytics/keywordoverview/?q=churn%20rate%20automotive%20industry&db=us"",""churn rate automotive industry​"")","n/a","n/a","0","0","","n/a","n/a","n/a","0.00","0.00","n/a","n/a","For metrics, refresh"
"churn rate average customer life","=HYPERLINK(""https://smrs.toolsfrog.com/analytics/keywordoverview/?q=churn%20rate%20average%20customer%20life&db=us"",""churn rate average customer life​"")","n/a","n/a","0","0","","n/a","n/a","n/a","0.00","0.00","n/a","n/a","For metrics, refresh"
"churn rate average mobile app","=HYPERLINK(""https://smrs.toolsfrog.com/analytics/keywordoverview/?q=churn%20rate%20average%20mobile%20app&db=us"",""churn rate average mobile app​"")","n/a","n/a","0","0","","n/a","n/a","n/a","0.00","0.00","n/a","n/a","For metrics, refresh"
"churn rate average mobile app monthy","=HYPERLINK(""https://smrs.toolsfrog.com/analytics/keywordoverview/?q=churn%20rate%20average%20mobile%20app%20monthy&db=us"",""churn rate average mobile app monthy​"")","n/a","n/a","0","0","","n/a","n/a","n/a","0.00","0.00","n/a","n/a","For metrics, refresh"
"churn rate b2b","=HYPERLINK(""https://smrs.toolsfrog.com/analytics/keywordoverview/?q=churn%20rate%20b2b&db=us"",""churn rate b2b​"")","n/a","n/a","0","0","","n/a","n/a","n/a","0.00","0.00","n/a","n/a","For metrics, refresh"
"churn rate based on invoice","=HYPERLINK(""https://smrs.toolsfrog.com/analytics/keywordoverview/?q=churn%20rate%20based%20on%20invoice&db=us"",""churn rate based on invoice​"")","n/a","n/a","0","0","","n/a","n/a","n/a","0.00","0.00","n/a","n/a","For metrics, refresh"
"churn rate benchmark edtech","=HYPERLINK(""https://smrs.toolsfrog.com/analytics/keywordoverview/?q=churn%20rate%20benchmark%20edtech&db=us"",""churn rate benchmark edtech​"")","n/a","n/a","0","0","","n/a","n/a","n/a","0.00","0.00","n/a","n/a","For metrics, refresh"
"churn rate berekenen","=HYPERLINK(""https://smrs.toolsfrog.com/analytics/keywordoverview/?q=churn%20rate%20berekenen&db=us"",""churn rate berekenen​"")","n/a","n/a","0","0","","n/a","n/a","n/a","0.00","0.00","n/a","n/a","For metrics, refresh"
"churn rate best practice","=HYPERLINK(""https://smrs.toolsfrog.com/analytics/keywordoverview/?q=churn%20rate%20best%20practice&db=us"",""churn rate best practice​"")","n/a","n/a","0","0","","n/a","n/a","n/a","0.00","0.00","n/a","n/a","For metrics, refresh"
"churn rate betekenis","=HYPERLINK(""https://smrs.toolsfrog.com/analytics/keywordoverview/?q=churn%20rate%20betekenis&db=us"",""churn rate betekenis​"")","n/a","n/a","0","0","","n/a","n/a","n/a","0.00","0.00","n/a","n/a","For metrics, refresh"
"churn rate business definition","=HYPERLINK(""https://smrs.toolsfrog.com/analytics/keywordoverview/?q=churn%20rate%20business%20definition&db=us"",""churn rate business definition​"")","n/a","n/a","0","0","","n/a","n/a","n/a","0.00","0.00","n/a","n/a","For metrics, refresh"
"churn rate business meaning","=HYPERLINK(""https://smrs.toolsfrog.com/analytics/keywordoverview/?q=churn%20rate%20business%20meaning&db=us"",""churn rate business meaning​"")","n/a","n/a","0","0","","n/a","n/a","n/a","0.00","0.00","n/a","n/a","For metrics, refresh"
"churn rate by age svod","=HYPERLINK(""https://smrs.toolsfrog.com/analytics/keywordoverview/?q=churn%20rate%20by%20age%20svod&db=us"",""churn rate by age svod​"")","n/a","n/a","0","0","","n/a","n/a","n/a","0.00","0.00","n/a","n/a","For metrics, refresh"
"churn rate cal","=HYPERLINK(""https://smrs.toolsfrog.com/analytics/keywordoverview/?q=churn%20rate%20cal&db=us"",""churn rate cal​"")","n/a","n/a","0","0","","n/a","n/a","n/a","0.00","0.00","n/a","n/a","For metrics, refresh"
"churn rate calc","=HYPERLINK(""https://smrs.toolsfrog.com/analytics/keywordoverview/?q=churn%20rate%20calc&db=us"",""churn rate calc​"")","n/a","n/a","0","0","","n/a","n/a","n/a","0.00","0.00","n/a","n/a","For metrics, refresh"
"churn rate calcolo","=HYPERLINK(""https://smrs.toolsfrog.com/analytics/keywordoverview/?q=churn%20rate%20calcolo&db=us"",""churn rate calcolo​"")","n/a","n/a","0","0","","n/a","n/a","n/a","0.00","0.00","n/a","n/a","For metrics, refresh"
"churn rate calcul","=HYPERLINK(""https://smrs.toolsfrog.com/analytics/keywordoverview/?q=churn%20rate%20calcul&db=us"",""churn rate calcul​"")","n/a","n/a","0","0","","n/a","n/a","n/a","1.60","0.12","n/a","n/a","For metrics, refresh"
"churn rate calculate","=HYPERLINK(""https://smrs.toolsfrog.com/analytics/keywordoverview/?q=churn%20rate%20calculate&db=us"",""churn rate calculate​"")","n/a","n/a","0","0","","n/a","n/a","n/a","0.00","0.00","n/a","n/a","For metrics, refresh"
"churn rate calculation definition","=HYPERLINK(""https://smrs.toolsfrog.com/analytics/keywordoverview/?q=churn%20rate%20calculation%20definition&db=us"",""churn rate calculation definition​"")","n/a","n/a","0","0","","n/a","n/a","n/a","0.00","0.00","n/a","n/a","For metrics, refresh"
"churn rate calculation in telecom","=HYPERLINK(""https://smrs.toolsfrog.com/analytics/keywordoverview/?q=churn%20rate%20calculation%20in%20telecom&db=us"",""churn rate calculation in telecom​"")","n/a","n/a","0","0","","n/a","n/a","n/a","0.00","0.00","n/a","n/a","For metrics, refresh"
"churn rate calculation python","=HYPERLINK(""https://smrs.toolsfrog.com/analytics/keywordoverview/?q=churn%20rate%20calculation%20python&db=us"",""churn rate calculation python​"")","n/a","n/a","0","0","","n/a","n/a","n/a","0.00","0.00","n/a","n/a","For metrics, refresh"
"churn rate calculation tableau","=HYPERLINK(""https://smrs.toolsfrog.com/analytics/keywordoverview/?q=churn%20rate%20calculation%20tableau&db=us"",""churn rate calculation tableau​"")","n/a","n/a","0","0","","n/a","n/a","n/a","0.00","0.00","n/a","n/a","For metrics, refresh"
"churn rate calculation telecom","=HYPERLINK(""https://smrs.toolsfrog.com/analytics/keywordoverview/?q=churn%20rate%20calculation%20telecom&db=us"",""churn rate calculation telecom​"")","n/a","n/a","0","0","","n/a","n/a","n/a","0.00","0.00","n/a","n/a","For metrics, refresh"
"churn rate calculations","=HYPERLINK(""https://smrs.toolsfrog.com/analytics/keywordoverview/?q=churn%20rate%20calculations&db=us"",""churn rate calculations​"")","n/a","n/a","0","0","","n/a","n/a","n/a","0.00","0.00","n/a","n/a","For metrics, refresh"
"churn rate case study","=HYPERLINK(""https://smrs.toolsfrog.com/analytics/keywordoverview/?q=churn%20rate%20case%20study&db=us"",""churn rate case study​"")","n/a","n/a","0","0","","n/a","n/a","n/a","0.00","0.00","n/a","n/a","For metrics, refresh"
"churn rate casino","=HYPERLINK(""https://smrs.toolsfrog.com/analytics/keywordoverview/?q=churn%20rate%20casino&db=us"",""churn rate casino​"")","n/a","n/a","0","0","","n/a","n/a","n/a","0.00","0.00","n/a","n/a","For metrics, refresh"
"churn rate client success","=HYPERLINK(""https://smrs.toolsfrog.com/analytics/keywordoverview/?q=churn%20rate%20client%20success&db=us"",""churn rate client success​"")","n/a","n/a","0","0","","n/a","n/a","n/a","0.00","0.00","n/a","n/a","For metrics, refresh"
"churn rate clients","=HYPERLINK(""https://smrs.toolsfrog.com/analytics/keywordoverview/?q=churn%20rate%20clients&db=us"",""churn rate clients​"")","n/a","n/a","0","0","","n/a","n/a","n/a","0.00","0.00","n/a","n/a","For metrics, refresh"
"churn rate climbed","=HYPERLINK(""https://smrs.toolsfrog.com/analytics/keywordoverview/?q=churn%20rate%20climbed&db=us"",""churn rate climbed​"")","n/a","n/a","0","0","","n/a","n/a","n/a","0.00","0.00","n/a","n/a","For metrics, refresh"
"churn rate closer","=HYPERLINK(""https://smrs.toolsfrog.com/analytics/keywordoverview/?q=churn%20rate%20closer&db=us"",""churn rate closer​"")","n/a","n/a","0","0","","n/a","n/a","n/a","0.00","0.00","n/a","n/a","For metrics, refresh"
"churn rate clv formula","=HYPERLINK(""https://smrs.toolsfrog.com/analytics/keywordoverview/?q=churn%20rate%20clv%20formula&db=us"",""churn rate clv formula​"")","n/a","n/a","0","0","","n/a","n/a","n/a","0.00","0.00","n/a","n/a","For metrics, refresh"
"churn rate coding bootcamps","=HYPERLINK(""https://smrs.toolsfrog.com/analytics/keywordoverview/?q=churn%20rate%20coding%20bootcamps&db=us"",""churn rate coding bootcamps​"")","n/a","n/a","0","0","","n/a","n/a","n/a","0.00","0.00","n/a","n/a","For metrics, refresh"
"churn rate commercial cleaning companies australia","=HYPERLINK(""https://smrs.toolsfrog.com/analytics/keywordoverview/?q=churn%20rate%20commercial%20cleaning%20companies%20australia&db=us"",""churn rate commercial cleaning companies australia​"")","n/a","n/a","0","0","","n/a","n/a","n/a","0.00","0.00","n/a","n/a","For metrics, refresh"
"churn rate commercial cleaning industry australia","=HYPERLINK(""https://smrs.toolsfrog.com/analytics/keywordoverview/?q=churn%20rate%20commercial%20cleaning%20industry%20australia&db=us"",""churn rate commercial cleaning industry australia​"")","n/a","n/a","0","0","","n/a","n/a","n/a","0.00","0.00","n/a","n/a","For metrics, refresh"
"churn rate commercial cleaning industry sydney australia","=HYPERLINK(""https://smrs.toolsfrog.com/analytics/keywordoverview/?q=churn%20rate%20commercial%20cleaning%20industry%20sydney%20australia&db=us"",""churn rate commercial cleaning industry sydney australia​"")","n/a","n/a","0","0","","n/a","n/a","n/a","0.00","0.00","n/a","n/a","For metrics, refresh"
"churn rate como calcular","=HYPERLINK(""https://smrs.toolsfrog.com/analytics/keywordoverview/?q=churn%20rate%20como%20calcular&db=us"",""churn rate como calcular​"")","n/a","n/a","0","0","","n/a","n/a","n/a","0.00","0.00","n/a","n/a","For metrics, refresh"
"churn rate compilation","=HYPERLINK(""https://smrs.toolsfrog.com/analytics/keywordoverview/?q=churn%20rate%20compilation&db=us"",""churn rate compilation​"")","n/a","n/a","0","0","","n/a","n/a","n/a","0.00","0.00","n/a","n/a","For metrics, refresh"
"churn rate completely stable","=HYPERLINK(""https://smrs.toolsfrog.com/analytics/keywordoverview/?q=churn%20rate%20completely%20stable&db=us"",""churn rate completely stable​"")","n/a","n/a","0","0","","n/a","n/a","n/a","0.00","0.00","n/a","n/a","For metrics, refresh"
"churn rate consumer goods","=HYPERLINK(""https://smrs.toolsfrog.com/analytics/keywordoverview/?q=churn%20rate%20consumer%20goods&db=us"",""churn rate consumer goods​"")","n/a","n/a","0","0","","n/a","n/a","n/a","0.00","0.00","n/a","n/a","For metrics, refresh"
"churn rate cos'è","=HYPERLINK(""https://smrs.toolsfrog.com/analytics/keywordoverview/?q=churn%20rate%20cos'%C3%A8&db=us"",""churn rate cos'è​"")","n/a","n/a","0","0","","n/a","n/a","n/a","0.00","0.14","n/a","n/a","For metrics, refresh"
"churn rate cost","=HYPERLINK(""https://smrs.toolsfrog.com/analytics/keywordoverview/?q=churn%20rate%20cost&db=us"",""churn rate cost​"")","n/a","n/a","0","0","","n/a","n/a","n/a","0.00","0.00","n/a","n/a","For metrics, refresh"
"churn rate cosè","=HYPERLINK(""https://smrs.toolsfrog.com/analytics/keywordoverview/?q=churn%20rate%20cos%C3%A8&db=us"",""churn rate cosè​"")","n/a","n/a","0","0","","n/a","n/a","n/a","0.00","0.00","n/a","n/a","For metrics, refresh"
"churn rate cr","=HYPERLINK(""https://smrs.toolsfrog.com/analytics/keywordoverview/?q=churn%20rate%20cr&db=us"",""churn rate cr​"")","n/a","n/a","0","0","","n/a","n/a","n/a","0.00","0.00","n/a","n/a","For metrics, refresh"
"churn rate cr shows the part of the monthly audience","=HYPERLINK(""https://smrs.toolsfrog.com/analytics/keywordoverview/?q=churn%20rate%20cr%20shows%20the%20part%20of%20the%20monthly%20audience&db=us"",""churn rate cr shows the part of the monthly audience​"")","n/a","n/a","0","0","","n/a","n/a","n/a","0.00","0.00","n/a","n/a","For metrics, refresh"
"churn rate customer lifetime value","=HYPERLINK(""https://smrs.toolsfrog.com/analytics/keywordoverview/?q=churn%20rate%20customer%20lifetime%20value&db=us"",""churn rate customer lifetime value​"")","n/a","n/a","0","0","","n/a","n/a","n/a","0.00","0.10","n/a","n/a","For metrics, refresh"
"churn rate dansk","=HYPERLINK(""https://smrs.toolsfrog.com/analytics/keywordoverview/?q=churn%20rate%20dansk&db=us"",""churn rate dansk​"")","n/a","n/a","0","0","","n/a","n/a","n/a","0.00","0.00","n/a","n/a","For metrics, refresh"
"churn rate data","=HYPERLINK(""https://smrs.toolsfrog.com/analytics/keywordoverview/?q=churn%20rate%20data&db=us"",""churn rate data​"")","n/a","n/a","0","0","","n/a","n/a","n/a","0.00","0.00","n/a","n/a","For metrics, refresh"
"churn rate data science","=HYPERLINK(""https://smrs.toolsfrog.com/analytics/keywordoverview/?q=churn%20rate%20data%20science&db=us"",""churn rate data science​"")","n/a","n/a","0","0","","n/a","n/a","n/a","0.00","0.00","n/a","n/a","For metrics, refresh"
"churn rate def","=HYPERLINK(""https://smrs.toolsfrog.com/analytics/keywordoverview/?q=churn%20rate%20def&db=us"",""churn rate def​"")","n/a","n/a","0","0","","n/a","n/a","n/a","0.21","0.04","n/a","n/a","For metrics, refresh"
"churn rate defined","=HYPERLINK(""https://smrs.toolsfrog.com/analytics/keywordoverview/?q=churn%20rate%20defined&db=us"",""churn rate defined​"")","n/a","n/a","0","0","","n/a","n/a","n/a","0.00","0.00","n/a","n/a","For metrics, refresh"
"churn rate definicion","=HYPERLINK(""https://smrs.toolsfrog.com/analytics/keywordoverview/?q=churn%20rate%20definicion&db=us"",""churn rate definicion​"")","n/a","n/a","0","0","","n/a","n/a","n/a","0.21","0.04","n/a","n/a","For metrics, refresh"
"churn rate definition and example","=HYPERLINK(""https://smrs.toolsfrog.com/analytics/keywordoverview/?q=churn%20rate%20definition%20and%20example&db=us"",""churn rate definition and example​"")","n/a","n/a","0","0","","n/a","n/a","n/a","0.00","0.00","n/a","n/a","For metrics, refresh"
"churn rate definition antonym","=HYPERLINK(""https://smrs.toolsfrog.com/analytics/keywordoverview/?q=churn%20rate%20definition%20antonym&db=us"",""churn rate definition antonym​"")","n/a","n/a","0","0","","n/a","n/a","n/a","0.00","0.00","n/a","n/a","For metrics, refresh"
"churn rate definition apps","=HYPERLINK(""https://smrs.toolsfrog.com/analytics/keywordoverview/?q=churn%20rate%20definition%20apps&db=us"",""churn rate definition apps​"")","n/a","n/a","0","0","","n/a","n/a","n/a","0.00","0.00","n/a","n/a","For metrics, refresh"
"churn rate definition business","=HYPERLINK(""https://smrs.toolsfrog.com/analytics/keywordoverview/?q=churn%20rate%20definition%20business&db=us"",""churn rate definition business​"")","n/a","n/a","0","0","","n/a","n/a","n/a","0.00","0.00","n/a","n/a","For metrics, refresh"
"churn rate definition call center","=HYPERLINK(""https://smrs.toolsfrog.com/analytics/keywordoverview/?q=churn%20rate%20definition%20call%20center&db=us"",""churn rate definition call center​"")","n/a","n/a","0","0","","n/a","n/a","n/a","0.00","0.00","n/a","n/a","For metrics, refresh"
"churn rate definition data","=HYPERLINK(""https://smrs.toolsfrog.com/analytics/keywordoverview/?q=churn%20rate%20definition%20data&db=us"",""churn rate definition data​"")","n/a","n/a","0","0","","n/a","n/a","n/a","0.00","0.00","n/a","n/a","For metrics, refresh"
"churn rate definition english","=HYPERLINK(""https://smrs.toolsfrog.com/analytics/keywordoverview/?q=churn%20rate%20definition%20english&db=us"",""churn rate definition english​"")","n/a","n/a","0","0","","n/a","n/a","n/a","0.00","0.00","n/a","n/a","For metrics, refresh"
"churn rate definition formula investopedia","=HYPERLINK(""https://smrs.toolsfrog.com/analytics/keywordoverview/?q=churn%20rate%20definition%20formula%20investopedia&db=us"",""churn rate definition formula investopedia​"")","n/a","n/a","0","0","","n/a","n/a","n/a","0.00","0.00","n/a","n/a","For metrics, refresh"
"churn rate definition in computer","=HYPERLINK(""https://smrs.toolsfrog.com/analytics/keywordoverview/?q=churn%20rate%20definition%20in%20computer&db=us"",""churn rate definition in computer​"")","n/a","n/a","0","0","","n/a","n/a","n/a","0.00","0.00","n/a","n/a","For metrics, refresh"
"churn rate definition job","=HYPERLINK(""https://smrs.toolsfrog.com/analytics/keywordoverview/?q=churn%20rate%20definition%20job&db=us"",""churn rate definition job​"")","n/a","n/a","0","0","","n/a","n/a","n/a","0.00","0.00","n/a","n/a","For metrics, refresh"
"churn rate definition marketing","=HYPERLINK(""https://smrs.toolsfrog.com/analytics/keywordoverview/?q=churn%20rate%20definition%20marketing&db=us"",""churn rate definition marketing​"")","n/a","n/a","0","0","","n/a","n/a","n/a","0.00","0.00","n/a","n/a","For metrics, refresh"
"churn rate definition saas authoritative source","=HYPERLINK(""https://smrs.toolsfrog.com/analytics/keywordoverview/?q=churn%20rate%20definition%20saas%20authoritative%20source&db=us"",""churn rate definition saas authoritative source​"")","n/a","n/a","0","0","","n/a","n/a","n/a","0.00","0.00","n/a","n/a","For metrics, refresh"
"churn rate definition subscription business","=HYPERLINK(""https://smrs.toolsfrog.com/analytics/keywordoverview/?q=churn%20rate%20definition%20subscription%20business&db=us"",""churn rate definition subscription business​"")","n/a","n/a","0","0","","n/a","n/a","n/a","0.00","0.00","n/a","n/a","For metrics, refresh"
"churn rate definition subscription business authoritative","=HYPERLINK(""https://smrs.toolsfrog.com/analytics/keywordoverview/?q=churn%20rate%20definition%20subscription%20business%20authoritative&db=us"",""churn rate definition subscription business authoritative​"")","n/a","n/a","0","0","","n/a","n/a","n/a","0.00","0.00","n/a","n/a","For metrics, refresh"
"churn rate definition subscription business authoritative source","=HYPERLINK(""https://smrs.toolsfrog.com/analytics/keywordoverview/?q=churn%20rate%20definition%20subscription%20business%20authoritative%20source&db=us"",""churn rate definition subscription business authoritative source​"")","n/a","n/a","0","0","","n/a","n/a","n/a","0.00","0.00","n/a","n/a","For metrics, refresh"
"churn rate definition subscription business investopedia","=HYPERLINK(""https://smrs.toolsfrog.com/analytics/keywordoverview/?q=churn%20rate%20definition%20subscription%20business%20investopedia&db=us"",""churn rate definition subscription business investopedia​"")","n/a","n/a","0","0","","n/a","n/a","n/a","0.00","0.00","n/a","n/a","For metrics, refresh"
"churn rate definition subscription business source","=HYPERLINK(""https://smrs.toolsfrog.com/analytics/keywordoverview/?q=churn%20rate%20definition%20subscription%20business%20source&db=us"",""churn rate definition subscription business source​"")","n/a","n/a","0","0","","n/a","n/a","n/a","0.00","0.00","n/a","n/a","For metrics, refresh"
"churn rate definition subscription businesses investopedia","=HYPERLINK(""https://smrs.toolsfrog.com/analytics/keywordoverview/?q=churn%20rate%20definition%20subscription%20businesses%20investopedia&db=us"",""churn rate definition subscription businesses investopedia​"")","n/a","n/a","0","0","","n/a","n/a","n/a","0.00","0.00","n/a","n/a","For metrics, refresh"
"churn rate definition telecom","=HYPERLINK(""https://smrs.toolsfrog.com/analytics/keywordoverview/?q=churn%20rate%20definition%20telecom&db=us"",""churn rate definition telecom​"")","n/a","n/a","0","0","","n/a","n/a","n/a","0.00","0.00","n/a","n/a","For metrics, refresh"
"churn rate definition uk","=HYPERLINK(""https://smrs.toolsfrog.com/analytics/keywordoverview/?q=churn%20rate%20definition%20uk&db=us"",""churn rate definition uk​"")","n/a","n/a","0","0","","n/a","n/a","n/a","0.00","0.00","n/a","n/a","For metrics, refresh"
"churn rate definition wikipedia","=HYPERLINK(""https://smrs.toolsfrog.com/analytics/keywordoverview/?q=churn%20rate%20definition%20wikipedia&db=us"",""churn rate definition wikipedia​"")","n/a","n/a","0","0","","n/a","n/a","n/a","0.00","0.00","n/a","n/a","For metrics, refresh"
"churn rate definiton","=HYPERLINK(""https://smrs.toolsfrog.com/analytics/keywordoverview/?q=churn%20rate%20definiton&db=us"",""churn rate definiton​"")","n/a","n/a","0","0","","n/a","n/a","n/a","0.00","0.00","n/a","n/a","For metrics, refresh"
"churn rate defintion","=HYPERLINK(""https://smrs.toolsfrog.com/analytics/keywordoverview/?q=churn%20rate%20defintion&db=us"",""churn rate defintion​"")","n/a","n/a","0","0","","n/a","n/a","n/a","0.21","0.04","n/a","n/a","For metrics, refresh"
"churn rate dental practice management software","=HYPERLINK(""https://smrs.toolsfrog.com/analytics/keywordoverview/?q=churn%20rate%20dental%20practice%20management%20software&db=us"",""churn rate dental practice management software​"")","n/a","n/a","0","0","","n/a","n/a","n/a","0.00","0.00","n/a","n/a","For metrics, refresh"
"churn rate deutsche","=HYPERLINK(""https://smrs.toolsfrog.com/analytics/keywordoverview/?q=churn%20rate%20deutsche&db=us"",""churn rate deutsche​"")","n/a","n/a","0","0","","n/a","n/a","n/a","0.00","0.00","n/a","n/a","For metrics, refresh"
"churn rate deutsche telekom","=HYPERLINK(""https://smrs.toolsfrog.com/analytics/keywordoverview/?q=churn%20rate%20deutsche%20telekom&db=us"",""churn rate deutsche telekom​"")","n/a","n/a","0","0","","n/a","n/a","n/a","0.00","0.00","n/a","n/a","For metrics, refresh"
"churn rate developers outsourcing company","=HYPERLINK(""https://smrs.toolsfrog.com/analytics/keywordoverview/?q=churn%20rate%20developers%20outsourcing%20company&db=us"",""churn rate developers outsourcing company​"")","n/a","n/a","0","0","","n/a","n/a","n/a","0.00","0.00","n/a","n/a","For metrics, refresh"
"churn rate e commerce","=HYPERLINK(""https://smrs.toolsfrog.com/analytics/keywordoverview/?q=churn%20rate%20e%20commerce&db=us"",""churn rate e commerce​"")","n/a","n/a","0","0","","n/a","n/a","n/a","0.00","0.21","n/a","n/a","For metrics, refresh"
"churn rate e-commerce","=HYPERLINK(""https://smrs.toolsfrog.com/analytics/keywordoverview/?q=churn%20rate%20e-commerce&db=us"",""churn rate e-commerce​"")","n/a","n/a","0","0","","n/a","n/a","n/a","0.00","0.16","n/a","n/a","For metrics, refresh"
"churn rate ejemplos","=HYPERLINK(""https://smrs.toolsfrog.com/analytics/keywordoverview/?q=churn%20rate%20ejemplos&db=us"",""churn rate ejemplos​"")","n/a","n/a","0","0","","n/a","n/a","n/a","0.00","0.00","n/a","n/a","For metrics, refresh"
"churn rate email campaign","=HYPERLINK(""https://smrs.toolsfrog.com/analytics/keywordoverview/?q=churn%20rate%20email%20campaign&db=us"",""churn rate email campaign​"")","n/a","n/a","0","0","","n/a","n/a","n/a","0.00","0.00","n/a","n/a","For metrics, refresh"
"churn rate email metric","=HYPERLINK(""https://smrs.toolsfrog.com/analytics/keywordoverview/?q=churn%20rate%20email%20metric&db=us"",""churn rate email metric​"")","n/a","n/a","0","0","","n/a","n/a","n/a","0.00","0.00","n/a","n/a","For metrics, refresh"
"churn rate employee","=HYPERLINK(""https://smrs.toolsfrog.com/analytics/keywordoverview/?q=churn%20rate%20employee&db=us"",""churn rate employee​"")","n/a","n/a","0","0","","n/a","n/a","n/a","0.00","0.00","n/a","n/a","For metrics, refresh"
"churn rate en apps","=HYPERLINK(""https://smrs.toolsfrog.com/analytics/keywordoverview/?q=churn%20rate%20en%20apps&db=us"",""churn rate en apps​"")","n/a","n/a","0","0","","n/a","n/a","n/a","0.00","0.00","n/a","n/a","For metrics, refresh"
"churn rate enterprise saas","=HYPERLINK(""https://smrs.toolsfrog.com/analytics/keywordoverview/?q=churn%20rate%20enterprise%20saas&db=us"",""churn rate enterprise saas​"")","n/a","n/a","0","0","","n/a","n/a","n/a","0.00","0.00","n/a","n/a","For metrics, refresh"
"churn rate equals 1 minus retention rate","=HYPERLINK(""https://smrs.toolsfrog.com/analytics/keywordoverview/?q=churn%20rate%20equals%201%20minus%20retention%20rate&db=us"",""churn rate equals 1 minus retention rate​"")","n/a","n/a","0","0","","n/a","n/a","n/a","0.00","0.00","n/a","n/a","For metrics, refresh"
"churn rate finance","=HYPERLINK(""https://smrs.toolsfrog.com/analytics/keywordoverview/?q=churn%20rate%20finance&db=us"",""churn rate finance​"")","n/a","n/a","0","0","","n/a","n/a","n/a","0.00","0.00","n/a","n/a","For metrics, refresh"
"churn rate for apparel","=HYPERLINK(""https://smrs.toolsfrog.com/analytics/keywordoverview/?q=churn%20rate%20for%20apparel&db=us"",""churn rate for apparel​"")","n/a","n/a","0","0","","n/a","n/a","n/a","0.00","0.00","n/a","n/a","For metrics, refresh"
"churn rate for apple iwatch","=HYPERLINK(""https://smrs.toolsfrog.com/analytics/keywordoverview/?q=churn%20rate%20for%20apple%20iwatch&db=us"",""churn rate for apple iwatch​"")","n/a","n/a","0","0","","n/a","n/a","n/a","0.00","0.00","n/a","n/a","For metrics, refresh"
"churn rate for apple watch","=HYPERLINK(""https://smrs.toolsfrog.com/analytics/keywordoverview/?q=churn%20rate%20for%20apple%20watch&db=us"",""churn rate for apple watch​"")","n/a","n/a","0","0","","n/a","n/a","n/a","0.00","0.00","n/a","n/a","For metrics, refresh"
"churn rate for apps","=HYPERLINK(""https://smrs.toolsfrog.com/analytics/keywordoverview/?q=churn%20rate%20for%20apps&db=us"",""churn rate for apps​"")","n/a","n/a","0","0","","n/a","n/a","n/a","0.00","0.00","n/a","n/a","For metrics, refresh"
"churn rate for cable","=HYPERLINK(""https://smrs.toolsfrog.com/analytics/keywordoverview/?q=churn%20rate%20for%20cable&db=us"",""churn rate for cable​"")","n/a","n/a","0","0","","n/a","n/a","n/a","0.00","0.00","n/a","n/a","For metrics, refresh"
"churn rate for chase sapphire reserve","=HYPERLINK(""https://smrs.toolsfrog.com/analytics/keywordoverview/?q=churn%20rate%20for%20chase%20sapphire%20reserve&db=us"",""churn rate for chase sapphire reserve​"")","n/a","n/a","0","0","","n/a","n/a","n/a","0.00","0.00","n/a","n/a","For metrics, refresh"
"churn rate for customer","=HYPERLINK(""https://smrs.toolsfrog.com/analytics/keywordoverview/?q=churn%20rate%20for%20customer&db=us"",""churn rate for customer​"")","n/a","n/a","0","0","","n/a","n/a","n/a","0.00","0.00","n/a","n/a","For metrics, refresh"
"churn rate for customers with multiple accounts","=HYPERLINK(""https://smrs.toolsfrog.com/analytics/keywordoverview/?q=churn%20rate%20for%20customers%20with%20multiple%20accounts&db=us"",""churn rate for customers with multiple accounts​"")","n/a","n/a","0","0","","n/a","n/a","n/a","0.00","0.00","n/a","n/a","For metrics, refresh"
"churn rate for daycare","=HYPERLINK(""https://smrs.toolsfrog.com/analytics/keywordoverview/?q=churn%20rate%20for%20daycare&db=us"",""churn rate for daycare​"")","n/a","n/a","0","0","","n/a","n/a","n/a","0.00","0.00","n/a","n/a","For metrics, refresh"
"churn rate for dummies","=HYPERLINK(""https://smrs.toolsfrog.com/analytics/keywordoverview/?q=churn%20rate%20for%20dummies&db=us"",""churn rate for dummies​"")","n/a","n/a","0","0","","n/a","n/a","n/a","0.00","0.00","n/a","n/a","For metrics, refresh"
"churn rate for early saas","=HYPERLINK(""https://smrs.toolsfrog.com/analytics/keywordoverview/?q=churn%20rate%20for%20early%20saas&db=us"",""churn rate for early saas​"")","n/a","n/a","0","0","","n/a","n/a","n/a","0.00","0.00","n/a","n/a","For metrics, refresh"
"churn rate for elderly at home","=HYPERLINK(""https://smrs.toolsfrog.com/analytics/keywordoverview/?q=churn%20rate%20for%20elderly%20at%20home&db=us"",""churn rate for elderly at home​"")","n/a","n/a","0","0","","n/a","n/a","n/a","0.00","0.00","n/a","n/a","For metrics, refresh"
"churn rate for elderly in assisted living facilities","=HYPERLINK(""https://smrs.toolsfrog.com/analytics/keywordoverview/?q=churn%20rate%20for%20elderly%20in%20assisted%20living%20facilities&db=us"",""churn rate for elderly in assisted living facilities​"")","n/a","n/a","0","0","","n/a","n/a","n/a","0.00","0.00","n/a","n/a","For metrics, refresh"
"churn rate for elderly in nursing homes","=HYPERLINK(""https://smrs.toolsfrog.com/analytics/keywordoverview/?q=churn%20rate%20for%20elderly%20in%20nursing%20homes&db=us"",""churn rate for elderly in nursing homes​"")","n/a","n/a","0","0","","n/a","n/a","n/a","0.00","0.00","n/a","n/a","For metrics, refresh"
"churn rate for health care subscriptions","=HYPERLINK(""https://smrs.toolsfrog.com/analytics/keywordoverview/?q=churn%20rate%20for%20health%20care%20subscriptions&db=us"",""churn rate for health care subscriptions​"")","n/a","n/a","0","0","","n/a","n/a","n/a","0.00","0.00","n/a","n/a","For metrics, refresh"
"churn rate for hellofresh","=HYPERLINK(""https://smrs.toolsfrog.com/analytics/keywordoverview/?q=churn%20rate%20for%20hellofresh&db=us"",""churn rate for hellofresh​"")","n/a","n/a","0","0","","n/a","n/a","n/a","0.00","0.00","n/a","n/a","For metrics, refresh"
"churn rate for legal education","=HYPERLINK(""https://smrs.toolsfrog.com/analytics/keywordoverview/?q=churn%20rate%20for%20legal%20education&db=us"",""churn rate for legal education​"")","n/a","n/a","0","0","","n/a","n/a","n/a","0.00","0.00","n/a","n/a","For metrics, refresh"
"churn rate for legal education online","=HYPERLINK(""https://smrs.toolsfrog.com/analytics/keywordoverview/?q=churn%20rate%20for%20legal%20education%20online&db=us"",""churn rate for legal education online​"")","n/a","n/a","0","0","","n/a","n/a","n/a","0.00","0.00","n/a","n/a","For metrics, refresh"
"churn rate for local business agencies","=HYPERLINK(""https://smrs.toolsfrog.com/analytics/keywordoverview/?q=churn%20rate%20for%20local%20business%20agencies&db=us"",""churn rate for local business agencies​"")","n/a","n/a","0","0","","n/a","n/a","n/a","0.00","0.00","n/a","n/a","For metrics, refresh"
"churn rate for medical devices","=HYPERLINK(""https://smrs.toolsfrog.com/analytics/keywordoverview/?q=churn%20rate%20for%20medical%20devices&db=us"",""churn rate for medical devices​"")","n/a","n/a","0","0","","n/a","n/a","n/a","0.00","0.00","n/a","n/a","For metrics, refresh"
"churn rate for medical technology","=HYPERLINK(""https://smrs.toolsfrog.com/analytics/keywordoverview/?q=churn%20rate%20for%20medical%20technology&db=us"",""churn rate for medical technology​"")","n/a","n/a","0","0","","n/a","n/a","n/a","0.00","0.00","n/a","n/a","For metrics, refresh"
"churn rate for mobile games","=HYPERLINK(""https://smrs.toolsfrog.com/analytics/keywordoverview/?q=churn%20rate%20for%20mobile%20games&db=us"",""churn rate for mobile games​"")","n/a","n/a","0","0","","n/a","n/a","n/a","0.00","0.00","n/a","n/a","For metrics, refresh"
"churn rate for online customers","=HYPERLINK(""https://smrs.toolsfrog.com/analytics/keywordoverview/?q=churn%20rate%20for%20online%20customers&db=us"",""churn rate for online customers​"")","n/a","n/a","0","0","","n/a","n/a","n/a","0.00","0.00","n/a","n/a","For metrics, refresh"
"churn rate for online retail","=HYPERLINK(""https://smrs.toolsfrog.com/analytics/keywordoverview/?q=churn%20rate%20for%20online%20retail&db=us"",""churn rate for online retail​"")","n/a","n/a","0","0","","n/a","n/a","n/a","0.00","0.00","n/a","n/a","For metrics, refresh"
"churn rate for redbox","=HYPERLINK(""https://smrs.toolsfrog.com/analytics/keywordoverview/?q=churn%20rate%20for%20redbox&db=us"",""churn rate for redbox​"")","n/a","n/a","0","0","","n/a","n/a","n/a","0.00","0.00","n/a","n/a","For metrics, refresh"
"churn rate for rent to own companies","=HYPERLINK(""https://smrs.toolsfrog.com/analytics/keywordoverview/?q=churn%20rate%20for%20rent%20to%20own%20companies&db=us"",""churn rate for rent to own companies​"")","n/a","n/a","0","0","","n/a","n/a","n/a","0.00","0.00","n/a","n/a","For metrics, refresh"
"churn rate for saas business","=HYPERLINK(""https://smrs.toolsfrog.com/analytics/keywordoverview/?q=churn%20rate%20for%20saas%20business&db=us"",""churn rate for saas business​"")","n/a","n/a","0","0","","n/a","n/a","n/a","0.00","0.00","n/a","n/a","For metrics, refresh"
"churn rate for saas companies","=HYPERLINK(""https://smrs.toolsfrog.com/analytics/keywordoverview/?q=churn%20rate%20for%20saas%20companies&db=us"",""churn rate for saas companies​"")","n/a","n/a","0","0","","n/a","n/a","n/a","0.00","0.19","n/a","n/a","For metrics, refresh"
"churn rate for small business","=HYPERLINK(""https://smrs.toolsfrog.com/analytics/keywordoverview/?q=churn%20rate%20for%20small%20business&db=us"",""churn rate for small business​"")","n/a","n/a","0","0","","n/a","n/a","n/a","0.00","0.00","n/a","n/a","For metrics, refresh"
"churn rate for small business yearly","=HYPERLINK(""https://smrs.toolsfrog.com/analytics/keywordoverview/?q=churn%20rate%20for%20small%20business%20yearly&db=us"",""churn rate for small business yearly​"")","n/a","n/a","0","0","","n/a","n/a","n/a","0.00","0.00","n/a","n/a","For metrics, refresh"
"churn rate for startups","=HYPERLINK(""https://smrs.toolsfrog.com/analytics/keywordoverview/?q=churn%20rate%20for%20startups&db=us"",""churn rate for startups​"")","n/a","n/a","0","0","","n/a","n/a","n/a","0.00","0.00","n/a","n/a","For metrics, refresh"
"churn rate for subscription box services","=HYPERLINK(""https://smrs.toolsfrog.com/analytics/keywordoverview/?q=churn%20rate%20for%20subscription%20box%20services&db=us"",""churn rate for subscription box services​"")","n/a","n/a","0","0","","n/a","n/a","n/a","0.00","0.00","n/a","n/a","For metrics, refresh"
"churn rate for wireless carriers","=HYPERLINK(""https://smrs.toolsfrog.com/analytics/keywordoverview/?q=churn%20rate%20for%20wireless%20carriers&db=us"",""churn rate for wireless carriers​"")","n/a","n/a","0","0","","n/a","n/a","n/a","0.00","0.00","n/a","n/a","For metrics, refresh"
"churn rate forecast","=HYPERLINK(""https://smrs.toolsfrog.com/analytics/keywordoverview/?q=churn%20rate%20forecast&db=us"",""churn rate forecast​"")","n/a","n/a","0","0","","n/a","n/a","n/a","0.00","0.00","n/a","n/a","For metrics, refresh"
"churn rate formel","=HYPERLINK(""https://smrs.toolsfrog.com/analytics/keywordoverview/?q=churn%20rate%20formel&db=us"",""churn rate formel​"")","n/a","n/a","0","0","","n/a","n/a","n/a","0.00","0.00","n/a","n/a","For metrics, refresh"
"churn rate formula b2b","=HYPERLINK(""https://smrs.toolsfrog.com/analytics/keywordoverview/?q=churn%20rate%20formula%20b2b&db=us"",""churn rate formula b2b​"")","n/a","n/a","0","0","","n/a","n/a","n/a","0.00","0.00","n/a","n/a","For metrics, refresh"
"churn rate formula email","=HYPERLINK(""https://smrs.toolsfrog.com/analytics/keywordoverview/?q=churn%20rate%20formula%20email&db=us"",""churn rate formula email​"")","n/a","n/a","0","0","","n/a","n/a","n/a","0.00","0.00","n/a","n/a","For metrics, refresh"
"churn rate formula marketing","=HYPERLINK(""https://smrs.toolsfrog.com/analytics/keywordoverview/?q=churn%20rate%20formula%20marketing&db=us"",""churn rate formula marketing​"")","n/a","n/a","0","0","","n/a","n/a","n/a","0.00","0.00","n/a","n/a","For metrics, refresh"
"churn rate formula saas","=HYPERLINK(""https://smrs.toolsfrog.com/analytics/keywordoverview/?q=churn%20rate%20formula%20saas&db=us"",""churn rate formula saas​"")","n/a","n/a","0","0","","n/a","n/a","n/a","0.00","0.00","n/a","n/a","For metrics, refresh"
"churn rate formula sql","=HYPERLINK(""https://smrs.toolsfrog.com/analytics/keywordoverview/?q=churn%20rate%20formula%20sql&db=us"",""churn rate formula sql​"")","n/a","n/a","0","0","","n/a","n/a","n/a","0.00","0.00","n/a","n/a","For metrics, refresh"
"churn rate formula telecom","=HYPERLINK(""https://smrs.toolsfrog.com/analytics/keywordoverview/?q=churn%20rate%20formula%20telecom&db=us"",""churn rate formula telecom​"")","n/a","n/a","0","0","","n/a","n/a","n/a","0.00","0.00","n/a","n/a","For metrics, refresh"
"churn rate formula web","=HYPERLINK(""https://smrs.toolsfrog.com/analytics/keywordoverview/?q=churn%20rate%20formula%20web&db=us"",""churn rate formula web​"")","n/a","n/a","0","0","","n/a","n/a","n/a","0.00","0.00","n/a","n/a","For metrics, refresh"
"churn rate freemium","=HYPERLINK(""https://smrs.toolsfrog.com/analytics/keywordoverview/?q=churn%20rate%20freemium&db=us"",""churn rate freemium​"")","n/a","n/a","0","0","","n/a","n/a","n/a","0.00","0.00","n/a","n/a","For metrics, refresh"
"churn rate gas","=HYPERLINK(""https://smrs.toolsfrog.com/analytics/keywordoverview/?q=churn%20rate%20gas&db=us"",""churn rate gas​"")","n/a","n/a","0","0","","n/a","n/a","n/a","0.00","0.00","n/a","n/a","For metrics, refresh"
"churn rate gym","=HYPERLINK(""https://smrs.toolsfrog.com/analytics/keywordoverview/?q=churn%20rate%20gym&db=us"",""churn rate gym​"")","n/a","n/a","0","0","","n/a","n/a","n/a","0.00","0.00","n/a","n/a","For metrics, refresh"
"churn rate high or low","=HYPERLINK(""https://smrs.toolsfrog.com/analytics/keywordoverview/?q=churn%20rate%20high%20or%20low&db=us"",""churn rate high or low​"")","n/a","n/a","0","0","","n/a","n/a","n/a","0.00","0.00","n/a","n/a","For metrics, refresh"
"churn rate hubspot","=HYPERLINK(""https://smrs.toolsfrog.com/analytics/keywordoverview/?q=churn%20rate%20hubspot&db=us"",""churn rate hubspot​"")","n/a","n/a","0","0","","n/a","n/a","n/a","0.00","0.00","n/a","n/a","For metrics, refresh"
"churn rate icon png","=HYPERLINK(""https://smrs.toolsfrog.com/analytics/keywordoverview/?q=churn%20rate%20icon%20png&db=us"",""churn rate icon png​"")","n/a","n/a","0","0","","n/a","n/a","n/a","0.00","0.00","n/a","n/a","For metrics, refresh"
"churn rate ideal","=HYPERLINK(""https://smrs.toolsfrog.com/analytics/keywordoverview/?q=churn%20rate%20ideal&db=us"",""churn rate ideal​"")","n/a","n/a","0","0","","n/a","n/a","n/a","0.00","0.00","n/a","n/a","For metrics, refresh"
"churn rate image","=HYPERLINK(""https://smrs.toolsfrog.com/analytics/keywordoverview/?q=churn%20rate%20image&db=us"",""churn rate image​"")","n/a","n/a","0","0","","n/a","n/a","n/a","0.00","0.00","n/a","n/a","For metrics, refresh"
"churn rate importance","=HYPERLINK(""https://smrs.toolsfrog.com/analytics/keywordoverview/?q=churn%20rate%20importance&db=us"",""churn rate importance​"")","n/a","n/a","0","0","","n/a","n/a","n/a","0.00","0.00","n/a","n/a","For metrics, refresh"
"churn rate improved materially","=HYPERLINK(""https://smrs.toolsfrog.com/analytics/keywordoverview/?q=churn%20rate%20improved%20materially&db=us"",""churn rate improved materially​"")","n/a","n/a","0","0","","n/a","n/a","n/a","0.00","0.00","n/a","n/a","For metrics, refresh"
"churn rate in accounting outsourcing services first 90 days","=HYPERLINK(""https://smrs.toolsfrog.com/analytics/keywordoverview/?q=churn%20rate%20in%20accounting%20outsourcing%20services%20first%2090%20days&db=us"",""churn rate in accounting outsourcing services first 90 days​"")","n/a","n/a","0","0","","n/a","n/a","n/a","0.00","0.00","n/a","n/a","For metrics, refresh"
"churn rate in affordable housing","=HYPERLINK(""https://smrs.toolsfrog.com/analytics/keywordoverview/?q=churn%20rate%20in%20affordable%20housing&db=us"",""churn rate in affordable housing​"")","n/a","n/a","0","0","","n/a","n/a","n/a","0.00","0.00","n/a","n/a","For metrics, refresh"
"churn rate in b2b payments due to payment speed","=HYPERLINK(""https://smrs.toolsfrog.com/analytics/keywordoverview/?q=churn%20rate%20in%20b2b%20payments%20due%20to%20payment%20speed&db=us"",""churn rate in b2b payments due to payment speed​"")","n/a","n/a","0","0","","n/a","n/a","n/a","0.00","0.00","n/a","n/a","For metrics, refresh"
"churn rate in chinese","=HYPERLINK(""https://smrs.toolsfrog.com/analytics/keywordoverview/?q=churn%20rate%20in%20chinese&db=us"",""churn rate in chinese​"")","n/a","n/a","0","0","","n/a","n/a","n/a","0.00","0.00","n/a","n/a","For metrics, refresh"
"churn rate in commercial cleaning industry","=HYPERLINK(""https://smrs.toolsfrog.com/analytics/keywordoverview/?q=churn%20rate%20in%20commercial%20cleaning%20industry&db=us"",""churn rate in commercial cleaning industry​"")","n/a","n/a","0","0","","n/a","n/a","n/a","0.00","0.00","n/a","n/a","For metrics, refresh"
"churn rate in commercial cleaning industry australia","=HYPERLINK(""https://smrs.toolsfrog.com/analytics/keywordoverview/?q=churn%20rate%20in%20commercial%20cleaning%20industry%20australia&db=us"",""churn rate in commercial cleaning industry australia​"")","n/a","n/a","0","0","","n/a","n/a","n/a","0.00","0.00","n/a","n/a","For metrics, refresh"
"churn rate in ecommerce -www.chargebee.com","=HYPERLINK(""https://smrs.toolsfrog.com/analytics/keywordoverview/?q=churn%20rate%20in%20ecommerce%20-www.chargebee.com&db=us"",""churn rate in ecommerce -www.chargebee.com​"")","n/a","n/a","0","0","","n/a","n/a","n/a","0.00","0.00","n/a","n/a","For metrics, refresh"
"churn rate in financial industry","=HYPERLINK(""https://smrs.toolsfrog.com/analytics/keywordoverview/?q=churn%20rate%20in%20financial%20industry&db=us"",""churn rate in financial industry​"")","n/a","n/a","0","0","","n/a","n/a","n/a","0.00","0.00","n/a","n/a","For metrics, refresh"
"churn rate in indian telecom","=HYPERLINK(""https://smrs.toolsfrog.com/analytics/keywordoverview/?q=churn%20rate%20in%20indian%20telecom&db=us"",""churn rate in indian telecom​"")","n/a","n/a","0","0","","n/a","n/a","n/a","0.00","0.00","n/a","n/a","For metrics, refresh"
"churn rate in marketing definition","=HYPERLINK(""https://smrs.toolsfrog.com/analytics/keywordoverview/?q=churn%20rate%20in%20marketing%20definition&db=us"",""churn rate in marketing definition​"")","n/a","n/a","0","0","","n/a","n/a","n/a","0.00","0.00","n/a","n/a","For metrics, refresh"
"churn rate in oil and gas","=HYPERLINK(""https://smrs.toolsfrog.com/analytics/keywordoverview/?q=churn%20rate%20in%20oil%20and%20gas&db=us"",""churn rate in oil and gas​"")","n/a","n/a","0","0","","n/a","n/a","n/a","0.00","0.00","n/a","n/a","For metrics, refresh"
"churn rate in oil and gas company","=HYPERLINK(""https://smrs.toolsfrog.com/analytics/keywordoverview/?q=churn%20rate%20in%20oil%20and%20gas%20company&db=us"",""churn rate in oil and gas company​"")","n/a","n/a","0","0","","n/a","n/a","n/a","0.00","0.00","n/a","n/a","For metrics, refresh"
"churn rate in pandas","=HYPERLINK(""https://smrs.toolsfrog.com/analytics/keywordoverview/?q=churn%20rate%20in%20pandas&db=us"",""churn rate in pandas​"")","n/a","n/a","0","0","","n/a","n/a","n/a","0.00","0.00","n/a","n/a","For metrics, refresh"
"churn rate in retail","=HYPERLINK(""https://smrs.toolsfrog.com/analytics/keywordoverview/?q=churn%20rate%20in%20retail&db=us"",""churn rate in retail​"")","n/a","n/a","0","0","","n/a","n/a","n/a","0.00","0.00","n/a","n/a","For metrics, refresh"
"churn rate in services companies","=HYPERLINK(""https://smrs.toolsfrog.com/analytics/keywordoverview/?q=churn%20rate%20in%20services%20companies&db=us"",""churn rate in services companies​"")","n/a","n/a","0","0","","n/a","n/a","n/a","0.00","0.00","n/a","n/a","For metrics, refresh"
"churn rate in services companies box","=HYPERLINK(""https://smrs.toolsfrog.com/analytics/keywordoverview/?q=churn%20rate%20in%20services%20companies%20box&db=us"",""churn rate in services companies box​"")","n/a","n/a","0","0","","n/a","n/a","n/a","0.00","0.00","n/a","n/a","For metrics, refresh"
"churn rate in services companies box inc","=HYPERLINK(""https://smrs.toolsfrog.com/analytics/keywordoverview/?q=churn%20rate%20in%20services%20companies%20box%20inc&db=us"",""churn rate in services companies box inc​"")","n/a","n/a","0","0","","n/a","n/a","n/a","0.00","0.00","n/a","n/a","For metrics, refresh"
"churn rate in spa","=HYPERLINK(""https://smrs.toolsfrog.com/analytics/keywordoverview/?q=churn%20rate%20in%20spa&db=us"",""churn rate in spa​"")","n/a","n/a","0","0","","n/a","n/a","n/a","0.00","0.00","n/a","n/a","For metrics, refresh"
"churn rate in sql","=HYPERLINK(""https://smrs.toolsfrog.com/analytics/keywordoverview/?q=churn%20rate%20in%20sql&db=us"",""churn rate in sql​"")","n/a","n/a","0","0","","n/a","n/a","n/a","0.00","0.00","n/a","n/a","For metrics, refresh"
"churn rate in tableau","=HYPERLINK(""https://smrs.toolsfrog.com/analytics/keywordoverview/?q=churn%20rate%20in%20tableau&db=us"",""churn rate in tableau​"")","n/a","n/a","0","0","","n/a","n/a","n/a","0.00","0.00","n/a","n/a","For metrics, refresh"
"churn rate in telecom india","=HYPERLINK(""https://smrs.toolsfrog.com/analytics/keywordoverview/?q=churn%20rate%20in%20telecom%20india&db=us"",""churn rate in telecom india​"")","n/a","n/a","0","0","","n/a","n/a","n/a","0.00","0.00","n/a","n/a","For metrics, refresh"
"churn rate in the medical industry","=HYPERLINK(""https://smrs.toolsfrog.com/analytics/keywordoverview/?q=churn%20rate%20in%20the%20medical%20industry&db=us"",""churn rate in the medical industry​"")","n/a","n/a","0","0","","n/a","n/a","n/a","0.00","0.00","n/a","n/a","For metrics, refresh"
"churn rate inched higher","=HYPERLINK(""https://smrs.toolsfrog.com/analytics/keywordoverview/?q=churn%20rate%20inched%20higher&db=us"",""churn rate inched higher​"")","n/a","n/a","0","0","","n/a","n/a","n/a","0.00","0.00","n/a","n/a","For metrics, refresh"
"churn rate increased","=HYPERLINK(""https://smrs.toolsfrog.com/analytics/keywordoverview/?q=churn%20rate%20increased&db=us"",""churn rate increased​"")","n/a","n/a","0","0","","n/a","n/a","n/a","0.00","0.00","n/a","n/a","For metrics, refresh"
"churn rate investopedia","=HYPERLINK(""https://smrs.toolsfrog.com/analytics/keywordoverview/?q=churn%20rate%20investopedia&db=us"",""churn rate investopedia​"")","n/a","n/a","0","0","","n/a","n/a","n/a","0.00","0.00","n/a","n/a","For metrics, refresh"
"churn rate investopediainvestopedia","=HYPERLINK(""https://smrs.toolsfrog.com/analytics/keywordoverview/?q=churn%20rate%20investopediainvestopedia&db=us"",""churn rate investopediainvestopedia​"")","n/a","n/a","0","0","","n/a","n/a","n/a","0.00","0.00","n/a","n/a","For metrics, refresh"
"churn rate is a term that refers to the _________________","=HYPERLINK(""https://smrs.toolsfrog.com/analytics/keywordoverview/?q=churn%20rate%20is%20a%20term%20that%20refers%20to%20the%20_________________&db=us"",""churn rate is a term that refers to the _________________​"")","n/a","n/a","0","0","","n/a","n/a","n/a","0.00","0.00","n/a","n/a","For metrics, refresh"
"churn rate is a term that refers to the quizlet","=HYPERLINK(""https://smrs.toolsfrog.com/analytics/keywordoverview/?q=churn%20rate%20is%20a%20term%20that%20refers%20to%20the%20quizlet&db=us"",""churn rate is a term that refers to the quizlet​"")","n/a","n/a","0","0","","n/a","n/a","n/a","0.00","0.00","n/a","n/a","For metrics, refresh"
"churn rate is a term that refers to the:","=HYPERLINK(""https://smrs.toolsfrog.com/analytics/keywordoverview/?q=churn%20rate%20is%20a%20term%20that%20refers%20to%20the%3A&db=us"",""churn rate is a term that refers to the:​"")","n/a","n/a","0","0","","n/a","n/a","n/a","0.00","0.33","n/a","n/a","For metrics, refresh"
"churn rate isn","=HYPERLINK(""https://smrs.toolsfrog.com/analytics/keywordoverview/?q=churn%20rate%20isn&db=us"",""churn rate isn​"")","n/a","n/a","0","0","","n/a","n/a","n/a","0.00","0.00","n/a","n/a","For metrics, refresh"
"churn rate jumped","=HYPERLINK(""https://smrs.toolsfrog.com/analytics/keywordoverview/?q=churn%20rate%20jumped&db=us"",""churn rate jumped​"")","n/a","n/a","0","0","","n/a","n/a","n/a","0.00","0.00","n/a","n/a","For metrics, refresh"
"churn rate kaggle","=HYPERLINK(""https://smrs.toolsfrog.com/analytics/keywordoverview/?q=churn%20rate%20kaggle&db=us"",""churn rate kaggle​"")","n/a","n/a","0","0","","n/a","n/a","n/a","0.00","0.00","n/a","n/a","For metrics, refresh"
"churn rate life360","=HYPERLINK(""https://smrs.toolsfrog.com/analytics/keywordoverview/?q=churn%20rate%20life360&db=us"",""churn rate life360​"")","n/a","n/a","0","0","","n/a","n/a","n/a","0.00","0.00","n/a","n/a","For metrics, refresh"
"churn rate logic","=HYPERLINK(""https://smrs.toolsfrog.com/analytics/keywordoverview/?q=churn%20rate%20logic&db=us"",""churn rate logic​"")","n/a","n/a","0","0","","n/a","n/a","n/a","0.00","0.00","n/a","n/a","For metrics, refresh"
"churn rate machine learning using spark","=HYPERLINK(""https://smrs.toolsfrog.com/analytics/keywordoverview/?q=churn%20rate%20machine%20learning%20using%20spark&db=us"",""churn rate machine learning using spark​"")","n/a","n/a","0","0","","n/a","n/a","n/a","0.00","0.00","n/a","n/a","For metrics, refresh"
"churn rate management","=HYPERLINK(""https://smrs.toolsfrog.com/analytics/keywordoverview/?q=churn%20rate%20management&db=us"",""churn rate management​"")","n/a","n/a","0","0","","n/a","n/a","n/a","0.00","0.00","n/a","n/a","For metrics, refresh"
"churn rate marketing definition","=HYPERLINK(""https://smrs.toolsfrog.com/analytics/keywordoverview/?q=churn%20rate%20marketing%20definition&db=us"",""churn rate marketing definition​"")","n/a","n/a","0","0","","n/a","n/a","n/a","0.00","0.00","n/a","n/a","For metrics, refresh"
"churn rate marketing meaning","=HYPERLINK(""https://smrs.toolsfrog.com/analytics/keywordoverview/?q=churn%20rate%20marketing%20meaning&db=us"",""churn rate marketing meaning​"")","n/a","n/a","0","0","","n/a","n/a","n/a","0.00","0.00","n/a","n/a","For metrics, refresh"
"churn rate marketing metrics","=HYPERLINK(""https://smrs.toolsfrog.com/analytics/keywordoverview/?q=churn%20rate%20marketing%20metrics&db=us"",""churn rate marketing metrics​"")","n/a","n/a","0","0","","n/a","n/a","n/a","0.00","0.00","n/a","n/a","For metrics, refresh"
"churn rate math","=HYPERLINK(""https://smrs.toolsfrog.com/analytics/keywordoverview/?q=churn%20rate%20math&db=us"",""churn rate math​"")","n/a","n/a","0","0","","n/a","n/a","n/a","0.00","0.00","n/a","n/a","For metrics, refresh"
"churn rate meaning business","=HYPERLINK(""https://smrs.toolsfrog.com/analytics/keywordoverview/?q=churn%20rate%20meaning%20business&db=us"",""churn rate meaning business​"")","n/a","n/a","0","0","","n/a","n/a","n/a","0.00","0.00","n/a","n/a","For metrics, refresh"
"churn rate meaning in arabic","=HYPERLINK(""https://smrs.toolsfrog.com/analytics/keywordoverview/?q=churn%20rate%20meaning%20in%20arabic&db=us"",""churn rate meaning in arabic​"")","n/a","n/a","0","0","","n/a","n/a","n/a","0.00","0.00","n/a","n/a","For metrics, refresh"
"churn rate meaning in chinese","=HYPERLINK(""https://smrs.toolsfrog.com/analytics/keywordoverview/?q=churn%20rate%20meaning%20in%20chinese&db=us"",""churn rate meaning in chinese​"")","n/a","n/a","0","0","","n/a","n/a","n/a","0.00","0.00","n/a","n/a","For metrics, refresh"
"churn rate meaning in english","=HYPERLINK(""https://smrs.toolsfrog.com/analytics/keywordoverview/?q=churn%20rate%20meaning%20in%20english&db=us"",""churn rate meaning in english​"")","n/a","n/a","0","0","","n/a","n/a","n/a","0.00","0.00","n/a","n/a","For metrics, refresh"
"churn rate meaning in malayalam","=HYPERLINK(""https://smrs.toolsfrog.com/analytics/keywordoverview/?q=churn%20rate%20meaning%20in%20malayalam&db=us"",""churn rate meaning in malayalam​"")","n/a","n/a","0","0","","n/a","n/a","n/a","0.00","0.00","n/a","n/a","For metrics, refresh"
"churn rate meaning in tamil","=HYPERLINK(""https://smrs.toolsfrog.com/analytics/keywordoverview/?q=churn%20rate%20meaning%20in%20tamil&db=us"",""churn rate meaning in tamil​"")","n/a","n/a","0","0","","n/a","n/a","n/a","0.00","0.00","n/a","n/a","For metrics, refresh"
"churn rate meaning in telecom","=HYPERLINK(""https://smrs.toolsfrog.com/analytics/keywordoverview/?q=churn%20rate%20meaning%20in%20telecom&db=us"",""churn rate meaning in telecom​"")","n/a","n/a","0","0","","n/a","n/a","n/a","0.00","0.00","n/a","n/a","For metrics, refresh"
"churn rate meaning in urdu","=HYPERLINK(""https://smrs.toolsfrog.com/analytics/keywordoverview/?q=churn%20rate%20meaning%20in%20urdu&db=us"",""churn rate meaning in urdu​"")","n/a","n/a","0","0","","n/a","n/a","n/a","0.00","0.00","n/a","n/a","For metrics, refresh"
"churn rate meaning management","=HYPERLINK(""https://smrs.toolsfrog.com/analytics/keywordoverview/?q=churn%20rate%20meaning%20management&db=us"",""churn rate meaning management​"")","n/a","n/a","0","0","","n/a","n/a","n/a","0.00","0.00","n/a","n/a","For metrics, refresh"
"churn rate meaning synonym","=HYPERLINK(""https://smrs.toolsfrog.com/analytics/keywordoverview/?q=churn%20rate%20meaning%20synonym&db=us"",""churn rate meaning synonym​"")","n/a","n/a","0","0","","n/a","n/a","n/a","0.00","0.00","n/a","n/a","For metrics, refresh"
"churn rate means in spanish","=HYPERLINK(""https://smrs.toolsfrog.com/analytics/keywordoverview/?q=churn%20rate%20means%20in%20spanish&db=us"",""churn rate means in spanish​"")","n/a","n/a","0","0","","n/a","n/a","n/a","0.00","0.00","n/a","n/a","For metrics, refresh"
"churn rate medical imaging equipiment purchase","=HYPERLINK(""https://smrs.toolsfrog.com/analytics/keywordoverview/?q=churn%20rate%20medical%20imaging%20equipiment%20purchase&db=us"",""churn rate medical imaging equipiment purchase​"")","n/a","n/a","0","0","","n/a","n/a","n/a","0.00","0.00","n/a","n/a","For metrics, refresh"
"churn rate medical imaging equipment purchase","=HYPERLINK(""https://smrs.toolsfrog.com/analytics/keywordoverview/?q=churn%20rate%20medical%20imaging%20equipment%20purchase&db=us"",""churn rate medical imaging equipment purchase​"")","n/a","n/a","0","0","","n/a","n/a","n/a","0.00","0.00","n/a","n/a","For metrics, refresh"
"churn rate medium","=HYPERLINK(""https://smrs.toolsfrog.com/analytics/keywordoverview/?q=churn%20rate%20medium&db=us"",""churn rate medium​"")","n/a","n/a","0","0","","n/a","n/a","n/a","0.00","0.00","n/a","n/a","For metrics, refresh"
"churn rate menaing","=HYPERLINK(""https://smrs.toolsfrog.com/analytics/keywordoverview/?q=churn%20rate%20menaing&db=us"",""churn rate menaing​"")","n/a","n/a","0","0","","n/a","n/a","n/a","0.00","0.00","n/a","n/a","For metrics, refresh"
"churn rate method","=HYPERLINK(""https://smrs.toolsfrog.com/analytics/keywordoverview/?q=churn%20rate%20method&db=us"",""churn rate method​"")","n/a","n/a","0","0","","n/a","n/a","n/a","0.00","0.00","n/a","n/a","For metrics, refresh"
"churn rate metric","=HYPERLINK(""https://smrs.toolsfrog.com/analytics/keywordoverview/?q=churn%20rate%20metric&db=us"",""churn rate metric​"")","n/a","n/a","0","0","","n/a","n/a","n/a","0.00","0.16","n/a","n/a","For metrics, refresh"
"churn rate metrics fir amazon","=HYPERLINK(""https://smrs.toolsfrog.com/analytics/keywordoverview/?q=churn%20rate%20metrics%20fir%20amazon&db=us"",""churn rate metrics fir amazon​"")","n/a","n/a","0","0","","n/a","n/a","n/a","0.00","0.00","n/a","n/a","For metrics, refresh"
"churn rate mlb the show","=HYPERLINK(""https://smrs.toolsfrog.com/analytics/keywordoverview/?q=churn%20rate%20mlb%20the%20show&db=us"",""churn rate mlb the show​"")","n/a","n/a","0","0","","n/a","n/a","n/a","0.00","0.00","n/a","n/a","For metrics, refresh"
"churn rate mobile apps","=HYPERLINK(""https://smrs.toolsfrog.com/analytics/keywordoverview/?q=churn%20rate%20mobile%20apps&db=us"",""churn rate mobile apps​"")","n/a","n/a","0","0","","n/a","n/a","n/a","0.00","0.00","n/a","n/a","For metrics, refresh"
"churn rate mobile apsp","=HYPERLINK(""https://smrs.toolsfrog.com/analytics/keywordoverview/?q=churn%20rate%20mobile%20apsp&db=us"",""churn rate mobile apsp​"")","n/a","n/a","0","0","","n/a","n/a","n/a","0.00","0.00","n/a","n/a","For metrics, refresh"
"churn rate mobile industry","=HYPERLINK(""https://smrs.toolsfrog.com/analytics/keywordoverview/?q=churn%20rate%20mobile%20industry&db=us"",""churn rate mobile industry​"")","n/a","n/a","0","0","","n/a","n/a","n/a","0.00","0.00","n/a","n/a","For metrics, refresh"
"churn rate model excel","=HYPERLINK(""https://smrs.toolsfrog.com/analytics/keywordoverview/?q=churn%20rate%20model%20excel&db=us"",""churn rate model excel​"")","n/a","n/a","0","0","","n/a","n/a","n/a","0.00","0.00","n/a","n/a","For metrics, refresh"
"churn rate modeling kaggle","=HYPERLINK(""https://smrs.toolsfrog.com/analytics/keywordoverview/?q=churn%20rate%20modeling%20kaggle&db=us"",""churn rate modeling kaggle​"")","n/a","n/a","0","0","","n/a","n/a","n/a","0.00","0.00","n/a","n/a","For metrics, refresh"
"churn rate models","=HYPERLINK(""https://smrs.toolsfrog.com/analytics/keywordoverview/?q=churn%20rate%20models&db=us"",""churn rate models​"")","n/a","n/a","0","0","","n/a","n/a","n/a","0.00","0.00","n/a","n/a","For metrics, refresh"
"churn rate new customer","=HYPERLINK(""https://smrs.toolsfrog.com/analytics/keywordoverview/?q=churn%20rate%20new%20customer&db=us"",""churn rate new customer​"")","n/a","n/a","0","0","","n/a","n/a","n/a","0.00","0.00","n/a","n/a","For metrics, refresh"
"churn rate new customers","=HYPERLINK(""https://smrs.toolsfrog.com/analytics/keywordoverview/?q=churn%20rate%20new%20customers&db=us"",""churn rate new customers​"")","n/a","n/a","0","0","","n/a","n/a","n/a","0.00","0.00","n/a","n/a","For metrics, refresh"
"churn rate new yorf timrs","=HYPERLINK(""https://smrs.toolsfrog.com/analytics/keywordoverview/?q=churn%20rate%20new%20yorf%20timrs&db=us"",""churn rate new yorf timrs​"")","n/a","n/a","0","0","","n/a","n/a","n/a","0.00","0.00","n/a","n/a","For metrics, refresh"
"churn rate of 30 days","=HYPERLINK(""https://smrs.toolsfrog.com/analytics/keywordoverview/?q=churn%20rate%20of%2030%20days&db=us"",""churn rate of 30 days​"")","n/a","n/a","0","0","","n/a","n/a","n/a","0.00","0.00","n/a","n/a","For metrics, refresh"
"churn rate of a customer base","=HYPERLINK(""https://smrs.toolsfrog.com/analytics/keywordoverview/?q=churn%20rate%20of%20a%20customer%20base&db=us"",""churn rate of a customer base​"")","n/a","n/a","0","0","","n/a","n/a","n/a","0.00","0.00","n/a","n/a","For metrics, refresh"
"churn rate of alibaba.com","=HYPERLINK(""https://smrs.toolsfrog.com/analytics/keywordoverview/?q=churn%20rate%20of%20alibaba.com&db=us"",""churn rate of alibaba.com​"")","n/a","n/a","0","0","","n/a","n/a","n/a","0.00","0.00","n/a","n/a","For metrics, refresh"
"churn rate of comcast","=HYPERLINK(""https://smrs.toolsfrog.com/analytics/keywordoverview/?q=churn%20rate%20of%20comcast&db=us"",""churn rate of comcast​"")","n/a","n/a","0","0","","n/a","n/a","n/a","0.00","0.00","n/a","n/a","For metrics, refresh"
"churn rate of employees","=HYPERLINK(""https://smrs.toolsfrog.com/analytics/keywordoverview/?q=churn%20rate%20of%20employees&db=us"",""churn rate of employees​"")","n/a","n/a","0","0","","n/a","n/a","n/a","0.00","0.00","n/a","n/a","For metrics, refresh"
"churn rate of growth","=HYPERLINK(""https://smrs.toolsfrog.com/analytics/keywordoverview/?q=churn%20rate%20of%20growth&db=us"",""churn rate of growth​"")","n/a","n/a","0","0","","n/a","n/a","n/a","0.00","0.00","n/a","n/a","For metrics, refresh"
"churn rate of saas companies","=HYPERLINK(""https://smrs.toolsfrog.com/analytics/keywordoverview/?q=churn%20rate%20of%20saas%20companies&db=us"",""churn rate of saas companies​"")","n/a","n/a","0","0","","n/a","n/a","n/a","0.00","0.00","n/a","n/a","For metrics, refresh"
"churn rate on mobile devies","=HYPERLINK(""https://smrs.toolsfrog.com/analytics/keywordoverview/?q=churn%20rate%20on%20mobile%20devies&db=us"",""churn rate on mobile devies​"")","n/a","n/a","0","0","","n/a","n/a","n/a","0.00","0.00","n/a","n/a","For metrics, refresh"
"churn rate on mobile devies uk","=HYPERLINK(""https://smrs.toolsfrog.com/analytics/keywordoverview/?q=churn%20rate%20on%20mobile%20devies%20uk&db=us"",""churn rate on mobile devies uk​"")","n/a","n/a","0","0","","n/a","n/a","n/a","0.00","0.00","n/a","n/a","For metrics, refresh"
"churn rate on smoke related subscription boxes","=HYPERLINK(""https://smrs.toolsfrog.com/analytics/keywordoverview/?q=churn%20rate%20on%20smoke%20related%20subscription%20boxes&db=us"",""churn rate on smoke related subscription boxes​"")","n/a","n/a","0","0","","n/a","n/a","n/a","0.00","0.00","n/a","n/a","For metrics, refresh"
"churn rate online marketing","=HYPERLINK(""https://smrs.toolsfrog.com/analytics/keywordoverview/?q=churn%20rate%20online%20marketing&db=us"",""churn rate online marketing​"")","n/a","n/a","0","0","","n/a","n/a","n/a","0.00","0.00","n/a","n/a","For metrics, refresh"
"churn rate opposite of retention","=HYPERLINK(""https://smrs.toolsfrog.com/analytics/keywordoverview/?q=churn%20rate%20opposite%20of%20retention&db=us"",""churn rate opposite of retention​"")","n/a","n/a","0","0","","n/a","n/a","n/a","0.00","0.00","n/a","n/a","For metrics, refresh"
"churn rate over 100","=HYPERLINK(""https://smrs.toolsfrog.com/analytics/keywordoverview/?q=churn%20rate%20over%20100&db=us"",""churn rate over 100​"")","n/a","n/a","0","0","","n/a","n/a","n/a","0.00","0.00","n/a","n/a","For metrics, refresh"
"churn rate per","=HYPERLINK(""https://smrs.toolsfrog.com/analytics/keywordoverview/?q=churn%20rate%20per&db=us"",""churn rate per​"")","n/a","n/a","0","0","","n/a","n/a","n/a","0.00","0.00","n/a","n/a","For metrics, refresh"
"churn rate prediction dataset","=HYPERLINK(""https://smrs.toolsfrog.com/analytics/keywordoverview/?q=churn%20rate%20prediction%20dataset&db=us"",""churn rate prediction dataset​"")","n/a","n/a","0","0","","n/a","n/a","n/a","0.00","0.00","n/a","n/a","For metrics, refresh"
"churn rate prediction machine learning","=HYPERLINK(""https://smrs.toolsfrog.com/analytics/keywordoverview/?q=churn%20rate%20prediction%20machine%20learning&db=us"",""churn rate prediction machine learning​"")","n/a","n/a","0","0","","n/a","n/a","n/a","0.00","0.00","n/a","n/a","For metrics, refresh"
"churn rate prediction python","=HYPERLINK(""https://smrs.toolsfrog.com/analytics/keywordoverview/?q=churn%20rate%20prediction%20python&db=us"",""churn rate prediction python​"")","n/a","n/a","0","0","","n/a","n/a","n/a","0.00","0.00","n/a","n/a","For metrics, refresh"
"churn rate predictive analysis","=HYPERLINK(""https://smrs.toolsfrog.com/analytics/keywordoverview/?q=churn%20rate%20predictive%20analysis&db=us"",""churn rate predictive analysis​"")","n/a","n/a","0","0","","n/a","n/a","n/a","0.00","0.00","n/a","n/a","For metrics, refresh"
"churn rate predictive modeling","=HYPERLINK(""https://smrs.toolsfrog.com/analytics/keywordoverview/?q=churn%20rate%20predictive%20modeling&db=us"",""churn rate predictive modeling​"")","n/a","n/a","0","0","","n/a","n/a","n/a","0.00","0.00","n/a","n/a","For metrics, refresh"
"churn rate predictive modelling","=HYPERLINK(""https://smrs.toolsfrog.com/analytics/keywordoverview/?q=churn%20rate%20predictive%20modelling&db=us"",""churn rate predictive modelling​"")","n/a","n/a","0","0","","n/a","n/a","n/a","0.00","0.00","n/a","n/a","For metrics, refresh"
"churn rate problem","=HYPERLINK(""https://smrs.toolsfrog.com/analytics/keywordoverview/?q=churn%20rate%20problem&db=us"",""churn rate problem​"")","n/a","n/a","0","0","","n/a","n/a","n/a","0.00","0.00","n/a","n/a","For metrics, refresh"
"churn rate profitwell","=HYPERLINK(""https://smrs.toolsfrog.com/analytics/keywordoverview/?q=churn%20rate%20profitwell&db=us"",""churn rate profitwell​"")","n/a","n/a","0","0","","n/a","n/a","n/a","0.00","0.00","n/a","n/a","For metrics, refresh"
"churn rate profitwellprofitwell","=HYPERLINK(""https://smrs.toolsfrog.com/analytics/keywordoverview/?q=churn%20rate%20profitwellprofitwell&db=us"",""churn rate profitwellprofitwell​"")","n/a","n/a","0","0","","n/a","n/a","n/a","0.00","0.00","n/a","n/a","For metrics, refresh"
"churn rate public health","=HYPERLINK(""https://smrs.toolsfrog.com/analytics/keywordoverview/?q=churn%20rate%20public%20health&db=us"",""churn rate public health​"")","n/a","n/a","0","0","","n/a","n/a","n/a","0.00","0.00","n/a","n/a","For metrics, refresh"
"churn rate python","=HYPERLINK(""https://smrs.toolsfrog.com/analytics/keywordoverview/?q=churn%20rate%20python&db=us"",""churn rate python​"")","n/a","n/a","0","0","","n/a","n/a","n/a","0.00","0.00","n/a","n/a","For metrics, refresh"
"churn rate quora","=HYPERLINK(""https://smrs.toolsfrog.com/analytics/keywordoverview/?q=churn%20rate%20quora&db=us"",""churn rate quora​"")","n/a","n/a","0","0","","n/a","n/a","n/a","0.00","0.00","n/a","n/a","For metrics, refresh"
"churn rate ratio","=HYPERLINK(""https://smrs.toolsfrog.com/analytics/keywordoverview/?q=churn%20rate%20ratio&db=us"",""churn rate ratio​"")","n/a","n/a","0","0","","n/a","n/a","n/a","0.00","0.00","n/a","n/a","For metrics, refresh"
"churn rate reasons","=HYPERLINK(""https://smrs.toolsfrog.com/analytics/keywordoverview/?q=churn%20rate%20reasons&db=us"",""churn rate reasons​"")","n/a","n/a","0","0","","n/a","n/a","n/a","0.00","0.00","n/a","n/a","For metrics, refresh"
"churn rate recurly","=HYPERLINK(""https://smrs.toolsfrog.com/analytics/keywordoverview/?q=churn%20rate%20recurly&db=us"",""churn rate recurly​"")","n/a","n/a","0","0","","n/a","n/a","n/a","0.00","0.00","n/a","n/a","For metrics, refresh"
"churn rate reddit data science","=HYPERLINK(""https://smrs.toolsfrog.com/analytics/keywordoverview/?q=churn%20rate%20reddit%20data%20science&db=us"",""churn rate reddit data science​"")","n/a","n/a","0","0","","n/a","n/a","n/a","0.00","0.00","n/a","n/a","For metrics, refresh"
"churn rate remained low","=HYPERLINK(""https://smrs.toolsfrog.com/analytics/keywordoverview/?q=churn%20rate%20remained%20low&db=us"",""churn rate remained low​"")","n/a","n/a","0","0","","n/a","n/a","n/a","0.00","0.00","n/a","n/a","For metrics, refresh"
"churn rate remains low","=HYPERLINK(""https://smrs.toolsfrog.com/analytics/keywordoverview/?q=churn%20rate%20remains%20low&db=us"",""churn rate remains low​"")","n/a","n/a","0","0","","n/a","n/a","n/a","0.00","0.00","n/a","n/a","For metrics, refresh"
"churn rate remains stable","=HYPERLINK(""https://smrs.toolsfrog.com/analytics/keywordoverview/?q=churn%20rate%20remains%20stable&db=us"",""churn rate remains stable​"")","n/a","n/a","0","0","","n/a","n/a","n/a","0.00","0.00","n/a","n/a","For metrics, refresh"
"churn rate report in salesforce","=HYPERLINK(""https://smrs.toolsfrog.com/analytics/keywordoverview/?q=churn%20rate%20report%20in%20salesforce&db=us"",""churn rate report in salesforce​"")","n/a","n/a","0","0","","n/a","n/a","n/a","0.00","0.00","n/a","n/a","For metrics, refresh"
"churn rate reports","=HYPERLINK(""https://smrs.toolsfrog.com/analytics/keywordoverview/?q=churn%20rate%20reports&db=us"",""churn rate reports​"")","n/a","n/a","0","0","","n/a","n/a","n/a","0.00","0.00","n/a","n/a","For metrics, refresh"
"churn rate restaurant","=HYPERLINK(""https://smrs.toolsfrog.com/analytics/keywordoverview/?q=churn%20rate%20restaurant&db=us"",""churn rate restaurant​"")","n/a","n/a","0","0","","n/a","n/a","n/a","0.00","0.00","n/a","n/a","For metrics, refresh"
"churn rate retail banking","=HYPERLINK(""https://smrs.toolsfrog.com/analytics/keywordoverview/?q=churn%20rate%20retail%20banking&db=us"",""churn rate retail banking​"")","n/a","n/a","0","0","","n/a","n/a","n/a","0.00","0.00","n/a","n/a","For metrics, refresh"
"churn rate retention","=HYPERLINK(""https://smrs.toolsfrog.com/analytics/keywordoverview/?q=churn%20rate%20retention&db=us"",""churn rate retention​"")","n/a","n/a","0","0","","n/a","n/a","n/a","0.00","0.00","n/a","n/a","For metrics, refresh"
"churn rate retention metric","=HYPERLINK(""https://smrs.toolsfrog.com/analytics/keywordoverview/?q=churn%20rate%20retention%20metric&db=us"",""churn rate retention metric​"")","n/a","n/a","0","0","","n/a","n/a","n/a","0.00","0.00","n/a","n/a","For metrics, refresh"
"churn rate rise","=HYPERLINK(""https://smrs.toolsfrog.com/analytics/keywordoverview/?q=churn%20rate%20rise&db=us"",""churn rate rise​"")","n/a","n/a","0","0","","n/a","n/a","n/a","0.00","0.00","n/a","n/a","For metrics, refresh"
"churn rate saas definition","=HYPERLINK(""https://smrs.toolsfrog.com/analytics/keywordoverview/?q=churn%20rate%20saas%20definition&db=us"",""churn rate saas definition​"")","n/a","n/a","0","0","","n/a","n/a","n/a","0.00","0.00","n/a","n/a","For metrics, refresh"
"churn rate saas meaning","=HYPERLINK(""https://smrs.toolsfrog.com/analytics/keywordoverview/?q=churn%20rate%20saas%20meaning&db=us"",""churn rate saas meaning​"")","n/a","n/a","0","0","","n/a","n/a","n/a","0.00","0.00","n/a","n/a","For metrics, refresh"
"churn rate saas products","=HYPERLINK(""https://smrs.toolsfrog.com/analytics/keywordoverview/?q=churn%20rate%20saas%20products&db=us"",""churn rate saas products​"")","n/a","n/a","0","0","","n/a","n/a","n/a","0.00","0.00","n/a","n/a","For metrics, refresh"
"churn rate sales","=HYPERLINK(""https://smrs.toolsfrog.com/analytics/keywordoverview/?q=churn%20rate%20sales&db=us"",""churn rate sales​"")","n/a","n/a","0","0","","n/a","n/a","n/a","0.00","0.00","n/a","n/a","For metrics, refresh"
"churn rate sampling variability","=HYPERLINK(""https://smrs.toolsfrog.com/analytics/keywordoverview/?q=churn%20rate%20sampling%20variability&db=us"",""churn rate sampling variability​"")","n/a","n/a","0","0","","n/a","n/a","n/a","0.00","0.00","n/a","n/a","For metrics, refresh"
"churn rate shopify","=HYPERLINK(""https://smrs.toolsfrog.com/analytics/keywordoverview/?q=churn%20rate%20shopify&db=us"",""churn rate shopify​"")","n/a","n/a","0","0","","n/a","n/a","n/a","0.00","0.00","n/a","n/a","For metrics, refresh"
"churn rate significado español","=HYPERLINK(""https://smrs.toolsfrog.com/analytics/keywordoverview/?q=churn%20rate%20significado%20espa%C3%B1ol&db=us"",""churn rate significado español​"")","n/a","n/a","0","0","","n/a","n/a","n/a","0.00","0.00","n/a","n/a","For metrics, refresh"
"churn rate slack","=HYPERLINK(""https://smrs.toolsfrog.com/analytics/keywordoverview/?q=churn%20rate%20slack&db=us"",""churn rate slack​"")","n/a","n/a","0","0","","n/a","n/a","n/a","0.00","0.00","n/a","n/a","For metrics, refresh"
"churn rate slide","=HYPERLINK(""https://smrs.toolsfrog.com/analytics/keywordoverview/?q=churn%20rate%20slide&db=us"",""churn rate slide​"")","n/a","n/a","0","0","","n/a","n/a","n/a","0.00","0.00","n/a","n/a","For metrics, refresh"
"churn rate small business","=HYPERLINK(""https://smrs.toolsfrog.com/analytics/keywordoverview/?q=churn%20rate%20small%20business&db=us"",""churn rate small business​"")","n/a","n/a","0","0","","n/a","n/a","n/a","0.00","0.00","n/a","n/a","For metrics, refresh"
"churn rate snapchat","=HYPERLINK(""https://smrs.toolsfrog.com/analytics/keywordoverview/?q=churn%20rate%20snapchat&db=us"",""churn rate snapchat​"")","n/a","n/a","0","0","","n/a","n/a","n/a","0.00","0.00","n/a","n/a","For metrics, refresh"
"churn rate spikes","=HYPERLINK(""https://smrs.toolsfrog.com/analytics/keywordoverview/?q=churn%20rate%20spikes&db=us"",""churn rate spikes​"")","n/a","n/a","0","0","","n/a","n/a","n/a","0.00","0.00","n/a","n/a","For metrics, refresh"
"churn rate spotify paying customers","=HYPERLINK(""https://smrs.toolsfrog.com/analytics/keywordoverview/?q=churn%20rate%20spotify%20paying%20customers&db=us"",""churn rate spotify paying customers​"")","n/a","n/a","0","0","","n/a","n/a","n/a","0.00","0.00","n/a","n/a","For metrics, refresh"
"churn rate stands","=HYPERLINK(""https://smrs.toolsfrog.com/analytics/keywordoverview/?q=churn%20rate%20stands&db=us"",""churn rate stands​"")","n/a","n/a","0","0","","n/a","n/a","n/a","0.00","0.00","n/a","n/a","For metrics, refresh"
"churn rate statistsa","=HYPERLINK(""https://smrs.toolsfrog.com/analytics/keywordoverview/?q=churn%20rate%20statistsa&db=us"",""churn rate statistsa​"")","n/a","n/a","0","0","","n/a","n/a","n/a","0.00","0.00","n/a","n/a","For metrics, refresh"
"churn rate stays","=HYPERLINK(""https://smrs.toolsfrog.com/analytics/keywordoverview/?q=churn%20rate%20stays&db=us"",""churn rate stays​"")","n/a","n/a","0","0","","n/a","n/a","n/a","0.00","0.00","n/a","n/a","For metrics, refresh"
"churn rate stays low","=HYPERLINK(""https://smrs.toolsfrog.com/analytics/keywordoverview/?q=churn%20rate%20stays%20low&db=us"",""churn rate stays low​"")","n/a","n/a","0","0","","n/a","n/a","n/a","0.00","0.00","n/a","n/a","For metrics, refresh"
"churn rate subscription box","=HYPERLINK(""https://smrs.toolsfrog.com/analytics/keywordoverview/?q=churn%20rate%20subscription%20box&db=us"",""churn rate subscription box​"")","n/a","n/a","0","0","","n/a","n/a","n/a","0.00","0.00","n/a","n/a","For metrics, refresh"
"churn rate subscription model","=HYPERLINK(""https://smrs.toolsfrog.com/analytics/keywordoverview/?q=churn%20rate%20subscription%20model&db=us"",""churn rate subscription model​"")","n/a","n/a","0","0","","n/a","n/a","n/a","0.00","0.00","n/a","n/a","For metrics, refresh"
"churn rate subscriptions","=HYPERLINK(""https://smrs.toolsfrog.com/analytics/keywordoverview/?q=churn%20rate%20subscriptions&db=us"",""churn rate subscriptions​"")","n/a","n/a","0","0","","n/a","n/a","n/a","0.00","0.00","n/a","n/a","For metrics, refresh"
"churn rate suomeksi","=HYPERLINK(""https://smrs.toolsfrog.com/analytics/keywordoverview/?q=churn%20rate%20suomeksi&db=us"",""churn rate suomeksi​"")","n/a","n/a","0","0","","n/a","n/a","n/a","0.00","0.00","n/a","n/a","For metrics, refresh"
"churn rate survey saas","=HYPERLINK(""https://smrs.toolsfrog.com/analytics/keywordoverview/?q=churn%20rate%20survey%20saas&db=us"",""churn rate survey saas​"")","n/a","n/a","0","0","","n/a","n/a","n/a","0.00","0.00","n/a","n/a","For metrics, refresh"
"churn rate survival analysis","=HYPERLINK(""https://smrs.toolsfrog.com/analytics/keywordoverview/?q=churn%20rate%20survival%20analysis&db=us"",""churn rate survival analysis​"")","n/a","n/a","0","0","","n/a","n/a","n/a","0.00","0.00","n/a","n/a","For metrics, refresh"
"churn rate svenska","=HYPERLINK(""https://smrs.toolsfrog.com/analytics/keywordoverview/?q=churn%20rate%20svenska&db=us"",""churn rate svenska​"")","n/a","n/a","0","0","","n/a","n/a","n/a","0.00","0.00","n/a","n/a","For metrics, refresh"
"churn rate telecom calculation","=HYPERLINK(""https://smrs.toolsfrog.com/analytics/keywordoverview/?q=churn%20rate%20telecom%20calculation&db=us"",""churn rate telecom calculation​"")","n/a","n/a","0","0","","n/a","n/a","n/a","0.00","0.00","n/a","n/a","For metrics, refresh"
"churn rate telecom italia","=HYPERLINK(""https://smrs.toolsfrog.com/analytics/keywordoverview/?q=churn%20rate%20telecom%20italia&db=us"",""churn rate telecom italia​"")","n/a","n/a","0","0","","n/a","n/a","n/a","0.00","0.00","n/a","n/a","For metrics, refresh"
"churn rate telecom subscribers","=HYPERLINK(""https://smrs.toolsfrog.com/analytics/keywordoverview/?q=churn%20rate%20telecom%20subscribers&db=us"",""churn rate telecom subscribers​"")","n/a","n/a","0","0","","n/a","n/a","n/a","0.00","0.00","n/a","n/a","For metrics, refresh"
"churn rate telecommunications","=HYPERLINK(""https://smrs.toolsfrog.com/analytics/keywordoverview/?q=churn%20rate%20telecommunications&db=us"",""churn rate telecommunications​"")","n/a","n/a","0","0","","n/a","n/a","n/a","0.00","0.00","n/a","n/a","For metrics, refresh"
"churn rate to retention","=HYPERLINK(""https://smrs.toolsfrog.com/analytics/keywordoverview/?q=churn%20rate%20to%20retention&db=us"",""churn rate to retention​"")","n/a","n/a","0","0","","n/a","n/a","n/a","0.00","0.00","n/a","n/a","For metrics, refresh"
"churn rate totvs","=HYPERLINK(""https://smrs.toolsfrog.com/analytics/keywordoverview/?q=churn%20rate%20totvs&db=us"",""churn rate totvs​"")","n/a","n/a","0","0","","n/a","n/a","n/a","0.00","0.00","n/a","n/a","For metrics, refresh"
"churn rate totvs bovespa","=HYPERLINK(""https://smrs.toolsfrog.com/analytics/keywordoverview/?q=churn%20rate%20totvs%20bovespa&db=us"",""churn rate totvs bovespa​"")","n/a","n/a","0","0","","n/a","n/a","n/a","0.00","0.00","n/a","n/a","For metrics, refresh"
"churn rate tradução","=HYPERLINK(""https://smrs.toolsfrog.com/analytics/keywordoverview/?q=churn%20rate%20tradu%C3%A7%C3%A3o&db=us"",""churn rate tradução​"")","n/a","n/a","0","0","","n/a","n/a","n/a","0.00","0.00","n/a","n/a","For metrics, refresh"
"churn rate triple play","=HYPERLINK(""https://smrs.toolsfrog.com/analytics/keywordoverview/?q=churn%20rate%20triple%20play&db=us"",""churn rate triple play​"")","n/a","n/a","0","0","","n/a","n/a","n/a","0.00","0.00","n/a","n/a","For metrics, refresh"
"churn rate usa","=HYPERLINK(""https://smrs.toolsfrog.com/analytics/keywordoverview/?q=churn%20rate%20usa&db=us"",""churn rate usa​"")","n/a","n/a","0","0","","n/a","n/a","n/a","0.00","0.00","n/a","n/a","For metrics, refresh"
"churn rate used in a sentence","=HYPERLINK(""https://smrs.toolsfrog.com/analytics/keywordoverview/?q=churn%20rate%20used%20in%20a%20sentence&db=us"",""churn rate used in a sentence​"")","n/a","n/a","0","0","","n/a","n/a","n/a","0.00","0.00","n/a","n/a","For metrics, refresh"
"churn rate vms","=HYPERLINK(""https://smrs.toolsfrog.com/analytics/keywordoverview/?q=churn%20rate%20vms&db=us"",""churn rate vms​"")","n/a","n/a","0","0","","n/a","n/a","n/a","0.00","0.00","n/a","n/a","For metrics, refresh"
"churn rate vodafone deutschland","=HYPERLINK(""https://smrs.toolsfrog.com/analytics/keywordoverview/?q=churn%20rate%20vodafone%20deutschland&db=us"",""churn rate vodafone deutschland​"")","n/a","n/a","0","0","","n/a","n/a","n/a","0.00","0.00","n/a","n/a","For metrics, refresh"
"churn rate vs growth rate","=HYPERLINK(""https://smrs.toolsfrog.com/analytics/keywordoverview/?q=churn%20rate%20vs%20growth%20rate&db=us"",""churn rate vs growth rate​"")","n/a","n/a","0","0","","n/a","n/a","n/a","0.00","0.00","n/a","n/a","For metrics, refresh"
"churn rate vs retention rate user metrics","=HYPERLINK(""https://smrs.toolsfrog.com/analytics/keywordoverview/?q=churn%20rate%20vs%20retention%20rate%20user%20metrics&db=us"",""churn rate vs retention rate user metrics​"")","n/a","n/a","0","0","","n/a","n/a","n/a","0.00","0.00","n/a","n/a","For metrics, refresh"
"churn rate vs retention rate: how to calculate these ...","=HYPERLINK(""https://smrs.toolsfrog.com/analytics/keywordoverview/?q=churn%20rate%20vs%20retention%20rate%3A%20how%20to%20calculate%20these%20...&db=us"",""churn rate vs retention rate: how to calculate these ...​"")","n/a","n/a","0","0","","n/a","n/a","n/a","0.00","0.00","n/a","n/a","For metrics, refresh"
"churn rate website","=HYPERLINK(""https://smrs.toolsfrog.com/analytics/keywordoverview/?q=churn%20rate%20website&db=us"",""churn rate website​"")","n/a","n/a","0","0","","n/a","n/a","n/a","0.00","0.00","n/a","n/a","For metrics, refresh"
"churn rate what every startup should know","=HYPERLINK(""https://smrs.toolsfrog.com/analytics/keywordoverview/?q=churn%20rate%20what%20every%20startup%20should%20know&db=us"",""churn rate what every startup should know​"")","n/a","n/a","0","0","","n/a","n/a","n/a","0.00","0.00","n/a","n/a","For metrics, refresh"
"churn rate wireless carriers","=HYPERLINK(""https://smrs.toolsfrog.com/analytics/keywordoverview/?q=churn%20rate%20wireless%20carriers&db=us"",""churn rate wireless carriers​"")","n/a","n/a","0","0","","n/a","n/a","n/a","0.00","0.00","n/a","n/a","For metrics, refresh"
"churn rate with overdue customers","=HYPERLINK(""https://smrs.toolsfrog.com/analytics/keywordoverview/?q=churn%20rate%20with%20overdue%20customers&db=us"",""churn rate with overdue customers​"")","n/a","n/a","0","0","","n/a","n/a","n/a","0.00","0.00","n/a","n/a","For metrics, refresh"
"churn rate year","=HYPERLINK(""https://smrs.toolsfrog.com/analytics/keywordoverview/?q=churn%20rate%20year&db=us"",""churn rate year​"")","n/a","n/a","0","0","","n/a","n/a","n/a","0.00","0.00","n/a","n/a","For metrics, refresh"
"churn rate übersetzung","=HYPERLINK(""https://smrs.toolsfrog.com/analytics/keywordoverview/?q=churn%20rate%20%C3%BCbersetzung&db=us"",""churn rate übersetzung​"")","n/a","n/a","0","0","","n/a","n/a","n/a","0.00","0.00","n/a","n/a","For metrics, refresh"
"churn rate как рассчитать","=HYPERLINK(""https://smrs.toolsfrog.com/analytics/keywordoverview/?q=churn%20rate%20%D0%BA%D0%B0%D0%BA%20%D1%80%D0%B0%D1%81%D1%81%D1%87%D0%B8%D1%82%D0%B0%D1%82%D1%8C&db=us"",""churn rate как рассчитать​"")","n/a","n/a","0","0","","n/a","n/a","n/a","0.00","0.00","n/a","n/a","For metrics, refresh"
"churn rate метрика","=HYPERLINK(""https://smrs.toolsfrog.com/analytics/keywordoverview/?q=churn%20rate%20%D0%BC%D0%B5%D1%82%D1%80%D0%B8%D0%BA%D0%B0&db=us"",""churn rate метрика​"")","n/a","n/a","0","0","","n/a","n/a","n/a","0.00","0.00","n/a","n/a","For metrics, refresh"
"churn rate расчет","=HYPERLINK(""https://smrs.toolsfrog.com/analytics/keywordoverview/?q=churn%20rate%20%D1%80%D0%B0%D1%81%D1%87%D0%B5%D1%82&db=us"",""churn rate расчет​"")","n/a","n/a","0","0","","n/a","n/a","n/a","0.00","0.00","n/a","n/a","For metrics, refresh"
"churn rate ค อ","=HYPERLINK(""https://smrs.toolsfrog.com/analytics/keywordoverview/?q=churn%20rate%20%E0%B8%84%20%E0%B8%AD&db=us"",""churn rate ค อ​"")","n/a","n/a","0","0","","n/a","n/a","n/a","0.00","0.00","n/a","n/a","For metrics, refresh"
"churn rate คืออะไร","=HYPERLINK(""https://smrs.toolsfrog.com/analytics/keywordoverview/?q=churn%20rate%20%E0%B8%84%E0%B8%B7%E0%B8%AD%E0%B8%AD%E0%B8%B0%E0%B9%84%E0%B8%A3&db=us"",""churn rate คืออะไร​"")","n/a","n/a","0","0","","n/a","n/a","n/a","0.00","0.00","n/a","n/a","For metrics, refresh"
"churn rate แปลว่า","=HYPERLINK(""https://smrs.toolsfrog.com/analytics/keywordoverview/?q=churn%20rate%20%E0%B9%81%E0%B8%9B%E0%B8%A5%E0%B8%A7%E0%B9%88%E0%B8%B2&db=us"",""churn rate แปลว่า​"")","n/a","n/a","0","0","","n/a","n/a","n/a","0.00","0.00","n/a","n/a","For metrics, refresh"
"churn rate 日本語","=HYPERLINK(""https://smrs.toolsfrog.com/analytics/keywordoverview/?q=churn%20rate%20%E6%97%A5%E6%9C%AC%E8%AA%9E&db=us"",""churn rate 日本語​"")","n/a","n/a","0","0","","n/a","n/a","n/a","0.00","0.00","n/a","n/a","For metrics, refresh"
"churn rate 是 什么","=HYPERLINK(""https://smrs.toolsfrog.com/analytics/keywordoverview/?q=churn%20rate%20%E6%98%AF%20%E4%BB%80%E4%B9%88&db=us"",""churn rate 是 什么​"")","n/a","n/a","0","0","","n/a","n/a","n/a","0.00","0.33","n/a","n/a","For metrics, refresh"
"churn rate 計算","=HYPERLINK(""https://smrs.toolsfrog.com/analytics/keywordoverview/?q=churn%20rate%20%E8%A8%88%E7%AE%97&db=us"",""churn rate 計算​"")","n/a","n/a","0","0","","n/a","n/a","n/a","0.00","0.00","n/a","n/a","For metrics, refresh"
"churn rate 計算 方法","=HYPERLINK(""https://smrs.toolsfrog.com/analytics/keywordoverview/?q=churn%20rate%20%E8%A8%88%E7%AE%97%20%E6%96%B9%E6%B3%95&db=us"",""churn rate 計算 方法​"")","n/a","n/a","0","0","","n/a","n/a","n/a","0.00","0.00","n/a","n/a","For metrics, refresh"
"churn rate 計算方法","=HYPERLINK(""https://smrs.toolsfrog.com/analytics/keywordoverview/?q=churn%20rate%20%E8%A8%88%E7%AE%97%E6%96%B9%E6%B3%95&db=us"",""churn rate 計算方法​"")","n/a","n/a","0","0","","n/a","n/a","n/a","0.00","0.00","n/a","n/a","For metrics, refresh"
"churn rate 이란","=HYPERLINK(""https://smrs.toolsfrog.com/analytics/keywordoverview/?q=churn%20rate%20%EC%9D%B4%EB%9E%80&db=us"",""churn rate 이란​"")","n/a","n/a","0","0","","n/a","n/a","n/a","0.00","0.00","n/a","n/a","For metrics, refresh"
"churn rate.","=HYPERLINK(""https://smrs.toolsfrog.com/analytics/keywordoverview/?q=churn%20rate.&db=us"",""churn rate.​"")","n/a","n/a","0","0","","n/a","n/a","n/a","1.11","0.04","n/a","n/a","For metrics, refresh"
"churn rate.com","=HYPERLINK(""https://smrs.toolsfrog.com/analytics/keywordoverview/?q=churn%20rate.com&db=us"",""churn rate.com​"")","n/a","n/a","0","0","","n/a","n/a","n/a","0.00","0.00","n/a","n/a","For metrics, refresh"
"churn rate:","=HYPERLINK(""https://smrs.toolsfrog.com/analytics/keywordoverview/?q=churn%20rate%3A&db=us"",""churn rate:​"")","n/a","n/a","0","0","","n/a","n/a","n/a","1.11","0.04","n/a","n/a","For metrics, refresh"
"churn rate: one of the most important metrics","=HYPERLINK(""https://smrs.toolsfrog.com/analytics/keywordoverview/?q=churn%20rate%3A%20one%20of%20the%20most%20important%20metrics&db=us"",""churn rate: one of the most important metrics​"")","n/a","n/a","0","0","","n/a","n/a","n/a","0.00","0.00","n/a","n/a","For metrics, refresh"
"churn rates aren","=HYPERLINK(""https://smrs.toolsfrog.com/analytics/keywordoverview/?q=churn%20rates%20aren&db=us"",""churn rates aren​"")","n/a","n/a","0","0","","n/a","n/a","n/a","0.00","0.00","n/a","n/a","For metrics, refresh"
"churn rates by subscription","=HYPERLINK(""https://smrs.toolsfrog.com/analytics/keywordoverview/?q=churn%20rates%20by%20subscription&db=us"",""churn rates by subscription​"")","n/a","n/a","0","0","","n/a","n/a","n/a","0.00","0.00","n/a","n/a","For metrics, refresh"
"churn rates continuing","=HYPERLINK(""https://smrs.toolsfrog.com/analytics/keywordoverview/?q=churn%20rates%20continuing&db=us"",""churn rates continuing​"")","n/a","n/a","0","0","","n/a","n/a","n/a","0.00","0.00","n/a","n/a","For metrics, refresh"
"churn rates define","=HYPERLINK(""https://smrs.toolsfrog.com/analytics/keywordoverview/?q=churn%20rates%20define&db=us"",""churn rates define​"")","n/a","n/a","0","0","","n/a","n/a","n/a","0.00","0.00","n/a","n/a","For metrics, refresh"
"churn rates energy","=HYPERLINK(""https://smrs.toolsfrog.com/analytics/keywordoverview/?q=churn%20rates%20energy&db=us"",""churn rates energy​"")","n/a","n/a","0","0","","n/a","n/a","n/a","0.00","0.00","n/a","n/a","For metrics, refresh"
"churn rates engineers eor services vs in house recruiting","=HYPERLINK(""https://smrs.toolsfrog.com/analytics/keywordoverview/?q=churn%20rates%20engineers%20eor%20services%20vs%20in%20house%20recruiting&db=us"",""churn rates engineers eor services vs in house recruiting​"")","n/a","n/a","0","0","","n/a","n/a","n/a","0.00","0.00","n/a","n/a","For metrics, refresh"
"churn rates engineers eor services vs inhouse recruiting","=HYPERLINK(""https://smrs.toolsfrog.com/analytics/keywordoverview/?q=churn%20rates%20engineers%20eor%20services%20vs%20inhouse%20recruiting&db=us"",""churn rates engineers eor services vs inhouse recruiting​"")","n/a","n/a","0","0","","n/a","n/a","n/a","0.00","0.00","n/a","n/a","For metrics, refresh"
"churn rates explained","=HYPERLINK(""https://smrs.toolsfrog.com/analytics/keywordoverview/?q=churn%20rates%20explained&db=us"",""churn rates explained​"")","n/a","n/a","0","0","","n/a","n/a","n/a","0.00","0.00","n/a","n/a","For metrics, refresh"
"churn rates fell","=HYPERLINK(""https://smrs.toolsfrog.com/analytics/keywordoverview/?q=churn%20rates%20fell&db=us"",""churn rates fell​"")","n/a","n/a","0","0","","n/a","n/a","n/a","0.00","0.00","n/a","n/a","For metrics, refresh"
"churn rates for apparel subscription box models","=HYPERLINK(""https://smrs.toolsfrog.com/analytics/keywordoverview/?q=churn%20rates%20for%20apparel%20subscription%20box%20models&db=us"",""churn rates for apparel subscription box models​"")","n/a","n/a","0","0","","n/a","n/a","n/a","0.00","0.00","n/a","n/a","For metrics, refresh"
"churn rates for b2b subscription apps","=HYPERLINK(""https://smrs.toolsfrog.com/analytics/keywordoverview/?q=churn%20rates%20for%20b2b%20subscription%20apps&db=us"",""churn rates for b2b subscription apps​"")","n/a","n/a","0","0","","n/a","n/a","n/a","0.00","0.00","n/a","n/a","For metrics, refresh"
"churn rates for each streaming service","=HYPERLINK(""https://smrs.toolsfrog.com/analytics/keywordoverview/?q=churn%20rates%20for%20each%20streaming%20service&db=us"",""churn rates for each streaming service​"")","n/a","n/a","0","0","","n/a","n/a","n/a","0.00","0.00","n/a","n/a","For metrics, refresh"
"churn rates for hallmark movies now","=HYPERLINK(""https://smrs.toolsfrog.com/analytics/keywordoverview/?q=churn%20rates%20for%20hallmark%20movies%20now&db=us"",""churn rates for hallmark movies now​"")","n/a","n/a","0","0","","n/a","n/a","n/a","0.00","0.00","n/a","n/a","For metrics, refresh"
"churn rates for history vault","=HYPERLINK(""https://smrs.toolsfrog.com/analytics/keywordoverview/?q=churn%20rates%20for%20history%20vault&db=us"",""churn rates for history vault​"")","n/a","n/a","0","0","","n/a","n/a","n/a","0.00","0.00","n/a","n/a","For metrics, refresh"
"churn rates for niche streaming services","=HYPERLINK(""https://smrs.toolsfrog.com/analytics/keywordoverview/?q=churn%20rates%20for%20niche%20streaming%20services&db=us"",""churn rates for niche streaming services​"")","n/a","n/a","0","0","","n/a","n/a","n/a","0.00","0.00","n/a","n/a","For metrics, refresh"
"churn rates for niche svod","=HYPERLINK(""https://smrs.toolsfrog.com/analytics/keywordoverview/?q=churn%20rates%20for%20niche%20svod&db=us"",""churn rates for niche svod​"")","n/a","n/a","0","0","","n/a","n/a","n/a","0.00","0.00","n/a","n/a","For metrics, refresh"
"churn rates for saas","=HYPERLINK(""https://smrs.toolsfrog.com/analytics/keywordoverview/?q=churn%20rates%20for%20saas&db=us"",""churn rates for saas​"")","n/a","n/a","0","0","","n/a","n/a","n/a","0.00","0.00","n/a","n/a","For metrics, refresh"
"churn rates for subscription box models","=HYPERLINK(""https://smrs.toolsfrog.com/analytics/keywordoverview/?q=churn%20rates%20for%20subscription%20box%20models&db=us"",""churn rates for subscription box models​"")","n/a","n/a","0","0","","n/a","n/a","n/a","0.00","0.00","n/a","n/a","For metrics, refresh"
"churn rates for subscription box models statistica","=HYPERLINK(""https://smrs.toolsfrog.com/analytics/keywordoverview/?q=churn%20rates%20for%20subscription%20box%20models%20statistica&db=us"",""churn rates for subscription box models statistica​"")","n/a","n/a","0","0","","n/a","n/a","n/a","0.00","0.00","n/a","n/a","For metrics, refresh"
"churn rates freemium","=HYPERLINK(""https://smrs.toolsfrog.com/analytics/keywordoverview/?q=churn%20rates%20freemium&db=us"",""churn rates freemium​"")","n/a","n/a","0","0","","n/a","n/a","n/a","0.00","0.00","n/a","n/a","For metrics, refresh"
"churn rates in saas","=HYPERLINK(""https://smrs.toolsfrog.com/analytics/keywordoverview/?q=churn%20rates%20in%20saas&db=us"",""churn rates in saas​"")","n/a","n/a","0","0","","n/a","n/a","n/a","0.00","0.00","n/a","n/a","For metrics, refresh"
"churn rates inched higher","=HYPERLINK(""https://smrs.toolsfrog.com/analytics/keywordoverview/?q=churn%20rates%20inched%20higher&db=us"",""churn rates inched higher​"")","n/a","n/a","0","0","","n/a","n/a","n/a","0.00","0.00","n/a","n/a","For metrics, refresh"
"churn rates insurance industry","=HYPERLINK(""https://smrs.toolsfrog.com/analytics/keywordoverview/?q=churn%20rates%20insurance%20industry&db=us"",""churn rates insurance industry​"")","n/a","n/a","0","0","","n/a","n/a","n/a","0.00","0.00","n/a","n/a","For metrics, refresh"
"churn rates low","=HYPERLINK(""https://smrs.toolsfrog.com/analytics/keywordoverview/?q=churn%20rates%20low&db=us"",""churn rates low​"")","n/a","n/a","0","0","","n/a","n/a","n/a","0.00","0.00","n/a","n/a","For metrics, refresh"
"churn rates mobile operators","=HYPERLINK(""https://smrs.toolsfrog.com/analytics/keywordoverview/?q=churn%20rates%20mobile%20operators&db=us"",""churn rates mobile operators​"")","n/a","n/a","0","0","","n/a","n/a","n/a","0.00","0.00","n/a","n/a","For metrics, refresh"
"churn rates po polsku","=HYPERLINK(""https://smrs.toolsfrog.com/analytics/keywordoverview/?q=churn%20rates%20po%20polsku&db=us"",""churn rates po polsku​"")","n/a","n/a","0","0","","n/a","n/a","n/a","0.00","0.00","n/a","n/a","For metrics, refresh"
"churn rates remain low","=HYPERLINK(""https://smrs.toolsfrog.com/analytics/keywordoverview/?q=churn%20rates%20remain%20low&db=us"",""churn rates remain low​"")","n/a","n/a","0","0","","n/a","n/a","n/a","0.00","0.00","n/a","n/a","For metrics, refresh"
"churn rates remain pretty","=HYPERLINK(""https://smrs.toolsfrog.com/analytics/keywordoverview/?q=churn%20rates%20remain%20pretty&db=us"",""churn rates remain pretty​"")","n/a","n/a","0","0","","n/a","n/a","n/a","0.00","0.00","n/a","n/a","For metrics, refresh"
"churn rates represent","=HYPERLINK(""https://smrs.toolsfrog.com/analytics/keywordoverview/?q=churn%20rates%20represent&db=us"",""churn rates represent​"")","n/a","n/a","0","0","","n/a","n/a","n/a","0.00","0.00","n/a","n/a","For metrics, refresh"
"churn rates rose","=HYPERLINK(""https://smrs.toolsfrog.com/analytics/keywordoverview/?q=churn%20rates%20rose&db=us"",""churn rates rose​"")","n/a","n/a","0","0","","n/a","n/a","n/a","0.00","0.00","n/a","n/a","For metrics, refresh"
"churn rates survey","=HYPERLINK(""https://smrs.toolsfrog.com/analytics/keywordoverview/?q=churn%20rates%20survey&db=us"",""churn rates survey​"")","n/a","n/a","0","0","","n/a","n/a","n/a","0.00","0.00","n/a","n/a","For metrics, refresh"
"churn rates telecom definition","=HYPERLINK(""https://smrs.toolsfrog.com/analytics/keywordoverview/?q=churn%20rates%20telecom%20definition&db=us"",""churn rates telecom definition​"")","n/a","n/a","0","0","","n/a","n/a","n/a","0.00","0.00","n/a","n/a","For metrics, refresh"
"churn rates telecom industries","=HYPERLINK(""https://smrs.toolsfrog.com/analytics/keywordoverview/?q=churn%20rates%20telecom%20industries&db=us"",""churn rates telecom industries​"")","n/a","n/a","0","0","","n/a","n/a","n/a","0.00","0.00","n/a","n/a","For metrics, refresh"
"churn rates telecom industry","=HYPERLINK(""https://smrs.toolsfrog.com/analytics/keywordoverview/?q=churn%20rates%20telecom%20industry&db=us"",""churn rates telecom industry​"")","n/a","n/a","0","0","","n/a","n/a","n/a","0.00","0.00","n/a","n/a","For metrics, refresh"
"churn rates tv streaming","=HYPERLINK(""https://smrs.toolsfrog.com/analytics/keywordoverview/?q=churn%20rates%20tv%20streaming&db=us"",""churn rates tv streaming​"")","n/a","n/a","0","0","","n/a","n/a","n/a","0.00","0.00","n/a","n/a","For metrics, refresh"
"churn rates underrated","=HYPERLINK(""https://smrs.toolsfrog.com/analytics/keywordoverview/?q=churn%20rates%20underrated&db=us"",""churn rates underrated​"")","n/a","n/a","0","0","","n/a","n/a","n/a","0.00","0.00","n/a","n/a","For metrics, refresh"
"churn rates vs","=HYPERLINK(""https://smrs.toolsfrog.com/analytics/keywordoverview/?q=churn%20rates%20vs&db=us"",""churn rates vs​"")","n/a","n/a","0","0","","n/a","n/a","n/a","0.00","0.00","n/a","n/a","For metrics, refresh"
"churn rates übersetzung deutsch","=HYPERLINK(""https://smrs.toolsfrog.com/analytics/keywordoverview/?q=churn%20rates%20%C3%BCbersetzung%20deutsch&db=us"",""churn rates übersetzung deutsch​"")","n/a","n/a","0","0","","n/a","n/a","n/a","0.00","0.00","n/a","n/a","For metrics, refresh"
"churn reduction rate","=HYPERLINK(""https://smrs.toolsfrog.com/analytics/keywordoverview/?q=churn%20reduction%20rate&db=us"",""churn reduction rate​"")","n/a","n/a","0","0","","n/a","n/a","n/a","0.00","0.00","n/a","n/a","For metrics, refresh"
"churn revenue rate","=HYPERLINK(""https://smrs.toolsfrog.com/analytics/keywordoverview/?q=churn%20revenue%20rate&db=us"",""churn revenue rate​"")","n/a","n/a","0","0","","n/a","n/a","n/a","0.00","0.00","n/a","n/a","For metrics, refresh"
"churn run rate","=HYPERLINK(""https://smrs.toolsfrog.com/analytics/keywordoverview/?q=churn%20run%20rate&db=us"",""churn run rate​"")","n/a","n/a","0","0","","n/a","n/a","n/a","0.00","0.00","n/a","n/a","For metrics, refresh"
"churn vs churn rate","=HYPERLINK(""https://smrs.toolsfrog.com/analytics/keywordoverview/?q=churn%20vs%20churn%20rate&db=us"",""churn vs churn rate​"")","n/a","n/a","0","0","","n/a","n/a","n/a","0.00","0.00","n/a","n/a","For metrics, refresh"
"churn vs drop off rate","=HYPERLINK(""https://smrs.toolsfrog.com/analytics/keywordoverview/?q=churn%20vs%20drop%20off%20rate&db=us"",""churn vs drop off rate​"")","n/a","n/a","0","0","","n/a","n/a","n/a","0.00","0.00","n/a","n/a","For metrics, refresh"
"churn+rate","=HYPERLINK(""https://smrs.toolsfrog.com/analytics/keywordoverview/?q=churn%2Brate&db=us"",""churn+rate​"")","n/a","n/a","0","0","","n/a","n/a","n/a","1.11","0.04","n/a","n/a","For metrics, refresh"
"churn-rates","=HYPERLINK(""https://smrs.toolsfrog.com/analytics/keywordoverview/?q=churn-rates&db=us"",""churn-rates​"")","n/a","n/a","0","0","","n/a","n/a","n/a","1.11","0.04","n/a","n/a","For metrics, refresh"
"churn.rate","=HYPERLINK(""https://smrs.toolsfrog.com/analytics/keywordoverview/?q=churn.rate&db=us"",""churn.rate​"")","n/a","n/a","0","0","","n/a","n/a","n/a","1.11","0.04","n/a","n/a","For metrics, refresh"
"churned rate","=HYPERLINK(""https://smrs.toolsfrog.com/analytics/keywordoverview/?q=churned%20rate&db=us"",""churned rate​"")","n/a","n/a","0","0","","n/a","n/a","n/a","1.11","0.04","n/a","n/a","For metrics, refresh"
"churnfree b2b saas churn rate benchmarks 2026","=HYPERLINK(""https://smrs.toolsfrog.com/analytics/keywordoverview/?q=churnfree%20b2b%20saas%20churn%20rate%20benchmarks%202026&db=us"",""churnfree b2b saas churn rate benchmarks 2026​"")","n/a","n/a","0","0","","n/a","n/a","n/a","0.00","0.00","n/a","n/a","For metrics, refresh"
"churning rate definition","=HYPERLINK(""https://smrs.toolsfrog.com/analytics/keywordoverview/?q=churning%20rate%20definition&db=us"",""churning rate definition​"")","n/a","n/a","0","0","","n/a","n/a","n/a","0.21","0.04","n/a","n/a","For metrics, refresh"
"churning rate tradução","=HYPERLINK(""https://smrs.toolsfrog.com/analytics/keywordoverview/?q=churning%20rate%20tradu%C3%A7%C3%A3o&db=us"",""churning rate tradução​"")","n/a","n/a","0","0","","n/a","n/a","n/a","0.00","0.00","n/a","n/a","For metrics, refresh"
"churnzero.com and churn rate","=HYPERLINK(""https://smrs.toolsfrog.com/analytics/keywordoverview/?q=churnzero.com%20and%20churn%20rate&db=us"",""churnzero.com and churn rate​"")","n/a","n/a","0","0","","n/a","n/a","n/a","0.00","0.00","n/a","n/a","For metrics, refresh"
"chỉ số churn rate là gì","=HYPERLINK(""https://smrs.toolsfrog.com/analytics/keywordoverview/?q=ch%E1%BB%89%20s%E1%BB%91%20churn%20rate%20l%C3%A0%20g%C3%AC&db=us"",""chỉ số churn rate là gì​"")","n/a","n/a","0","0","","n/a","n/a","n/a","0.00","0.00","n/a","n/a","For metrics, refresh"
"cincinnati bell churn rate","=HYPERLINK(""https://smrs.toolsfrog.com/analytics/keywordoverview/?q=cincinnati%20bell%20churn%20rate&db=us"",""cincinnati bell churn rate​"")","n/a","n/a","0","0","","n/a","n/a","n/a","0.00","0.00","n/a","n/a","For metrics, refresh"
"click churn rate","=HYPERLINK(""https://smrs.toolsfrog.com/analytics/keywordoverview/?q=click%20churn%20rate&db=us"",""click churn rate​"")","n/a","n/a","0","0","","n/a","n/a","n/a","0.00","0.00","n/a","n/a","For metrics, refresh"
"client churn rate calculation","=HYPERLINK(""https://smrs.toolsfrog.com/analytics/keywordoverview/?q=client%20churn%20rate%20calculation&db=us"",""client churn rate calculation​"")","n/a","n/a","0","0","","n/a","n/a","n/a","0.00","0.00","n/a","n/a","For metrics, refresh"
"client churn rate commercial cleaning industry","=HYPERLINK(""https://smrs.toolsfrog.com/analytics/keywordoverview/?q=client%20churn%20rate%20commercial%20cleaning%20industry&db=us"",""client churn rate commercial cleaning industry​"")","n/a","n/a","0","0","","n/a","n/a","n/a","0.00","0.00","n/a","n/a","For metrics, refresh"
"client churn rate formula","=HYPERLINK(""https://smrs.toolsfrog.com/analytics/keywordoverview/?q=client%20churn%20rate%20formula&db=us"",""client churn rate formula​"")","n/a","n/a","0","0","","n/a","n/a","n/a","0.00","0.00","n/a","n/a","For metrics, refresh"
"client churn rate in saas","=HYPERLINK(""https://smrs.toolsfrog.com/analytics/keywordoverview/?q=client%20churn%20rate%20in%20saas&db=us"",""client churn rate in saas​"")","n/a","n/a","0","0","","n/a","n/a","n/a","0.00","0.00","n/a","n/a","For metrics, refresh"
"clientes churn rate","=HYPERLINK(""https://smrs.toolsfrog.com/analytics/keywordoverview/?q=clientes%20churn%20rate&db=us"",""clientes churn rate​"")","n/a","n/a","0","0","","n/a","n/a","n/a","0.00","0.00","n/a","n/a","For metrics, refresh"
"clients churn rate site uk","=HYPERLINK(""https://smrs.toolsfrog.com/analytics/keywordoverview/?q=clients%20churn%20rate%20site%20uk&db=us"",""clients churn rate site uk​"")","n/a","n/a","0","0","","n/a","n/a","n/a","0.00","0.00","n/a","n/a","For metrics, refresh"
"clorox customer churn rate and retention 2025","=HYPERLINK(""https://smrs.toolsfrog.com/analytics/keywordoverview/?q=clorox%20customer%20churn%20rate%20and%20retention%202025&db=us"",""clorox customer churn rate and retention 2025​"")","n/a","n/a","0","0","","n/a","n/a","n/a","0.00","0.00","n/a","n/a","For metrics, refresh"
"clothing subscription churn rates","=HYPERLINK(""https://smrs.toolsfrog.com/analytics/keywordoverview/?q=clothing%20subscription%20churn%20rates&db=us"",""clothing subscription churn rates​"")","n/a","n/a","0","0","","n/a","n/a","n/a","0.00","0.00","n/a","n/a","For metrics, refresh"
"cloudera churn rate","=HYPERLINK(""https://smrs.toolsfrog.com/analytics/keywordoverview/?q=cloudera%20churn%20rate&db=us"",""cloudera churn rate​"")","n/a","n/a","0","0","","n/a","n/a","n/a","0.00","0.00","n/a","n/a","For metrics, refresh"
"clv monthyl churn rate calc","=HYPERLINK(""https://smrs.toolsfrog.com/analytics/keywordoverview/?q=clv%20monthyl%20churn%20rate%20calc&db=us"",""clv monthyl churn rate calc​"")","n/a","n/a","0","0","","n/a","n/a","n/a","0.00","0.00","n/a","n/a","For metrics, refresh"
"cme group churn rate","=HYPERLINK(""https://smrs.toolsfrog.com/analytics/keywordoverview/?q=cme%20group%20churn%20rate&db=us"",""cme group churn rate​"")","n/a","n/a","0","0","","n/a","n/a","n/a","0.00","0.00","n/a","n/a","For metrics, refresh"
"coca-cola customer churn rate compared to industry 2025","=HYPERLINK(""https://smrs.toolsfrog.com/analytics/keywordoverview/?q=coca-cola%20customer%20churn%20rate%20compared%20to%20industry%202025&db=us"",""coca-cola customer churn rate compared to industry 2025​"")","n/a","n/a","0","0","","n/a","n/a","n/a","0.00","0.00","n/a","n/a","For metrics, refresh"
"cocacola customer churn rate compared to industry 2025","=HYPERLINK(""https://smrs.toolsfrog.com/analytics/keywordoverview/?q=cocacola%20customer%20churn%20rate%20compared%20to%20industry%202025&db=us"",""cocacola customer churn rate compared to industry 2025​"")","n/a","n/a","0","0","","n/a","n/a","n/a","0.00","0.00","n/a","n/a","For metrics, refresh"
"code churn rate benchmark","=HYPERLINK(""https://smrs.toolsfrog.com/analytics/keywordoverview/?q=code%20churn%20rate%20benchmark&db=us"",""code churn rate benchmark​"")","n/a","n/a","0","0","","n/a","n/a","n/a","0.00","0.00","n/a","n/a","For metrics, refresh"
"code churn rate best practices","=HYPERLINK(""https://smrs.toolsfrog.com/analytics/keywordoverview/?q=code%20churn%20rate%20best%20practices&db=us"",""code churn rate best practices​"")","n/a","n/a","0","0","","n/a","n/a","n/a","0.00","0.00","n/a","n/a","For metrics, refresh"
"code churn rate kpi","=HYPERLINK(""https://smrs.toolsfrog.com/analytics/keywordoverview/?q=code%20churn%20rate%20kpi&db=us"",""code churn rate kpi​"")","n/a","n/a","0","0","","n/a","n/a","n/a","0.00","0.00","n/a","n/a","For metrics, refresh"
"code churn rate metric","=HYPERLINK(""https://smrs.toolsfrog.com/analytics/keywordoverview/?q=code%20churn%20rate%20metric&db=us"",""code churn rate metric​"")","n/a","n/a","0","0","","n/a","n/a","n/a","0.00","0.00","n/a","n/a","For metrics, refresh"
"code churn rate trends","=HYPERLINK(""https://smrs.toolsfrog.com/analytics/keywordoverview/?q=code%20churn%20rate%20trends&db=us"",""code churn rate trends​"")","n/a","n/a","0","0","","n/a","n/a","n/a","0.00","0.00","n/a","n/a","For metrics, refresh"
"cohort analysis churn rate","=HYPERLINK(""https://smrs.toolsfrog.com/analytics/keywordoverview/?q=cohort%20analysis%20churn%20rate&db=us"",""cohort analysis churn rate​"")","n/a","n/a","0","0","","n/a","n/a","n/a","0.00","0.00","n/a","n/a","For metrics, refresh"
"cohort analysis on users churn rate","=HYPERLINK(""https://smrs.toolsfrog.com/analytics/keywordoverview/?q=cohort%20analysis%20on%20users%20churn%20rate&db=us"",""cohort analysis on users churn rate​"")","n/a","n/a","0","0","","n/a","n/a","n/a","0.00","0.00","n/a","n/a","For metrics, refresh"
"cohort analysis on users churn rate sql","=HYPERLINK(""https://smrs.toolsfrog.com/analytics/keywordoverview/?q=cohort%20analysis%20on%20users%20churn%20rate%20sql&db=us"",""cohort analysis on users churn rate sql​"")","n/a","n/a","0","0","","n/a","n/a","n/a","0.00","0.00","n/a","n/a","For metrics, refresh"
"colgate palmolive customer churn rate and retention 2025","=HYPERLINK(""https://smrs.toolsfrog.com/analytics/keywordoverview/?q=colgate%20palmolive%20customer%20churn%20rate%20and%20retention%202025&db=us"",""colgate palmolive customer churn rate and retention 2025​"")","n/a","n/a","0","0","","n/a","n/a","n/a","0.00","0.00","n/a","n/a","For metrics, refresh"
"colgate-palmolive customer churn rate and retention 2025","=HYPERLINK(""https://smrs.toolsfrog.com/analytics/keywordoverview/?q=colgate-palmolive%20customer%20churn%20rate%20and%20retention%202025&db=us"",""colgate-palmolive customer churn rate and retention 2025​"")","n/a","n/a","0","0","","n/a","n/a","n/a","0.00","0.00","n/a","n/a","For metrics, refresh"
"colorado population churn rate","=HYPERLINK(""https://smrs.toolsfrog.com/analytics/keywordoverview/?q=colorado%20population%20churn%20rate&db=us"",""colorado population churn rate​"")","n/a","n/a","0","0","","n/a","n/a","n/a","0.00","0.00","n/a","n/a","For metrics, refresh"
"comcast churn rate 2017","=HYPERLINK(""https://smrs.toolsfrog.com/analytics/keywordoverview/?q=comcast%20churn%20rate%202017&db=us"",""comcast churn rate 2017​"")","n/a","n/a","0","0","","n/a","n/a","n/a","0.00","0.00","n/a","n/a","For metrics, refresh"
"comcast churn rate 2018","=HYPERLINK(""https://smrs.toolsfrog.com/analytics/keywordoverview/?q=comcast%20churn%20rate%202018&db=us"",""comcast churn rate 2018​"")","n/a","n/a","0","0","","n/a","n/a","n/a","0.00","0.00","n/a","n/a","For metrics, refresh"
"come utilizzare gift card per ridurre churn rate clienti abbonati","=HYPERLINK(""https://smrs.toolsfrog.com/analytics/keywordoverview/?q=come%20utilizzare%20gift%20card%20per%20ridurre%20churn%20rate%20clienti%20abbonati&db=us"",""come utilizzare gift card per ridurre churn rate clienti abbonati​"")","n/a","n/a","0","0","","n/a","n/a","n/a","0.00","0.00","n/a","n/a","For metrics, refresh"
"comment calculer le churn rate","=HYPERLINK(""https://smrs.toolsfrog.com/analytics/keywordoverview/?q=comment%20calculer%20le%20churn%20rate&db=us"",""comment calculer le churn rate​"")","n/a","n/a","0","0","","n/a","n/a","n/a","0.00","0.00","n/a","n/a","For metrics, refresh"
"common churn rate for saas","=HYPERLINK(""https://smrs.toolsfrog.com/analytics/keywordoverview/?q=common%20churn%20rate%20for%20saas&db=us"",""common churn rate for saas​"")","n/a","n/a","0","0","","n/a","n/a","n/a","0.00","0.00","n/a","n/a","For metrics, refresh"
"common churn rate for service saas","=HYPERLINK(""https://smrs.toolsfrog.com/analytics/keywordoverview/?q=common%20churn%20rate%20for%20service%20saas&db=us"",""common churn rate for service saas​"")","n/a","n/a","0","0","","n/a","n/a","n/a","0.00","0.00","n/a","n/a","For metrics, refresh"
"como calcular churn rate","=HYPERLINK(""https://smrs.toolsfrog.com/analytics/keywordoverview/?q=como%20calcular%20churn%20rate&db=us"",""como calcular churn rate​"")","n/a","n/a","0","0","","n/a","n/a","n/a","0.00","0.00","n/a","n/a","For metrics, refresh"
"como funciona el email churn rate","=HYPERLINK(""https://smrs.toolsfrog.com/analytics/keywordoverview/?q=como%20funciona%20el%20email%20churn%20rate&db=us"",""como funciona el email churn rate​"")","n/a","n/a","0","0","","n/a","n/a","n/a","0.00","0.00","n/a","n/a","For metrics, refresh"
"company's churn rate","=HYPERLINK(""https://smrs.toolsfrog.com/analytics/keywordoverview/?q=company's%20churn%20rate&db=us"",""company's churn rate​"")","n/a","n/a","0","0","","n/a","n/a","n/a","0.00","0.00","n/a","n/a","For metrics, refresh"
"company's customer churn rate","=HYPERLINK(""https://smrs.toolsfrog.com/analytics/keywordoverview/?q=company's%20customer%20churn%20rate&db=us"",""company's customer churn rate​"")","n/a","n/a","0","0","","n/a","n/a","n/a","0.00","0.00","n/a","n/a","For metrics, refresh"
"compute churn rate per month","=HYPERLINK(""https://smrs.toolsfrog.com/analytics/keywordoverview/?q=compute%20churn%20rate%20per%20month&db=us"",""compute churn rate per month​"")","n/a","n/a","0","0","","n/a","n/a","n/a","0.00","0.00","n/a","n/a","For metrics, refresh"
"compute churn rate per month python","=HYPERLINK(""https://smrs.toolsfrog.com/analytics/keywordoverview/?q=compute%20churn%20rate%20per%20month%20python&db=us"",""compute churn rate per month python​"")","n/a","n/a","0","0","","n/a","n/a","n/a","0.00","0.00","n/a","n/a","For metrics, refresh"
"constant contact churn rate","=HYPERLINK(""https://smrs.toolsfrog.com/analytics/keywordoverview/?q=constant%20contact%20churn%20rate&db=us"",""constant contact churn rate​"")","n/a","n/a","0","0","","n/a","n/a","n/a","0.00","0.00","n/a","n/a","For metrics, refresh"
"constellation brands customer churn rate and retention 2025","=HYPERLINK(""https://smrs.toolsfrog.com/analytics/keywordoverview/?q=constellation%20brands%20customer%20churn%20rate%20and%20retention%202025&db=us"",""constellation brands customer churn rate and retention 2025​"")","n/a","n/a","0","0","","n/a","n/a","n/a","0.00","0.00","n/a","n/a","For metrics, refresh"
"consulting churn rates","=HYPERLINK(""https://smrs.toolsfrog.com/analytics/keywordoverview/?q=consulting%20churn%20rates&db=us"",""consulting churn rates​"")","n/a","n/a","0","0","","n/a","n/a","n/a","0.00","0.00","n/a","n/a","For metrics, refresh"
"consulting firm churn rate","=HYPERLINK(""https://smrs.toolsfrog.com/analytics/keywordoverview/?q=consulting%20firm%20churn%20rate&db=us"",""consulting firm churn rate​"")","n/a","n/a","0","0","","n/a","n/a","n/a","0.00","0.00","n/a","n/a","For metrics, refresh"
"consumer churn rate","=HYPERLINK(""https://smrs.toolsfrog.com/analytics/keywordoverview/?q=consumer%20churn%20rate&db=us"",""consumer churn rate​"")","n/a","n/a","0","0","","n/a","n/a","n/a","0.00","0.00","n/a","n/a","For metrics, refresh"
"consumer subscription app churn rate","=HYPERLINK(""https://smrs.toolsfrog.com/analytics/keywordoverview/?q=consumer%20subscription%20app%20churn%20rate&db=us"",""consumer subscription app churn rate​"")","n/a","n/a","0","0","","n/a","n/a","n/a","0.00","0.00","n/a","n/a","For metrics, refresh"
"consumer subscription churn rates","=HYPERLINK(""https://smrs.toolsfrog.com/analytics/keywordoverview/?q=consumer%20subscription%20churn%20rates&db=us"",""consumer subscription churn rates​"")","n/a","n/a","0","0","","n/a","n/a","n/a","0.00","0.00","n/a","n/a","For metrics, refresh"
"continued low churn rates","=HYPERLINK(""https://smrs.toolsfrog.com/analytics/keywordoverview/?q=continued%20low%20churn%20rates&db=us"",""continued low churn rates​"")","n/a","n/a","0","0","","n/a","n/a","n/a","0.00","0.00","n/a","n/a","For metrics, refresh"
"contract churn rate","=HYPERLINK(""https://smrs.toolsfrog.com/analytics/keywordoverview/?q=contract%20churn%20rate&db=us"",""contract churn rate​"")","n/a","n/a","0","0","","n/a","n/a","n/a","0.00","0.00","n/a","n/a","For metrics, refresh"
"convert annual to monthly churn rate","=HYPERLINK(""https://smrs.toolsfrog.com/analytics/keywordoverview/?q=convert%20annual%20to%20monthly%20churn%20rate&db=us"",""convert annual to monthly churn rate​"")","n/a","n/a","0","0","","n/a","n/a","n/a","0.00","0.00","n/a","n/a","For metrics, refresh"
"convert churn rate into tenure","=HYPERLINK(""https://smrs.toolsfrog.com/analytics/keywordoverview/?q=convert%20churn%20rate%20into%20tenure&db=us"",""convert churn rate into tenure​"")","n/a","n/a","0","0","","n/a","n/a","n/a","0.00","0.00","n/a","n/a","For metrics, refresh"
"convert churn rate to months","=HYPERLINK(""https://smrs.toolsfrog.com/analytics/keywordoverview/?q=convert%20churn%20rate%20to%20months&db=us"",""convert churn rate to months​"")","n/a","n/a","0","0","","n/a","n/a","n/a","0.00","0.00","n/a","n/a","For metrics, refresh"
"convert churn rate to years active","=HYPERLINK(""https://smrs.toolsfrog.com/analytics/keywordoverview/?q=convert%20churn%20rate%20to%20years%20active&db=us"",""convert churn rate to years active​"")","n/a","n/a","0","0","","n/a","n/a","n/a","0.00","0.00","n/a","n/a","For metrics, refresh"
"convert monthly churn rate to annual churn rate","=HYPERLINK(""https://smrs.toolsfrog.com/analytics/keywordoverview/?q=convert%20monthly%20churn%20rate%20to%20annual%20churn%20rate&db=us"",""convert monthly churn rate to annual churn rate​"")","n/a","n/a","0","0","","n/a","n/a","n/a","0.00","0.00","n/a","n/a","For metrics, refresh"
"cost per acquisition and churn rate","=HYPERLINK(""https://smrs.toolsfrog.com/analytics/keywordoverview/?q=cost%20per%20acquisition%20and%20churn%20rate&db=us"",""cost per acquisition and churn rate​"")","n/a","n/a","0","0","","n/a","n/a","n/a","0.00","0.00","n/a","n/a","For metrics, refresh"
"costco churn rate","=HYPERLINK(""https://smrs.toolsfrog.com/analytics/keywordoverview/?q=costco%20churn%20rate&db=us"",""costco churn rate​"")","n/a","n/a","0","0","","n/a","n/a","n/a","0.00","0.00","n/a","n/a","For metrics, refresh"
"costco customer churn rate compared to industry 2025","=HYPERLINK(""https://smrs.toolsfrog.com/analytics/keywordoverview/?q=costco%20customer%20churn%20rate%20compared%20to%20industry%202025&db=us"",""costco customer churn rate compared to industry 2025​"")","n/a","n/a","0","0","","n/a","n/a","n/a","0.00","0.00","n/a","n/a","For metrics, refresh"
"coworking modeling churn rate filetype xlsx","=HYPERLINK(""https://smrs.toolsfrog.com/analytics/keywordoverview/?q=coworking%20modeling%20churn%20rate%20filetype%20xlsx&db=us"",""coworking modeling churn rate filetype xlsx​"")","n/a","n/a","0","0","","n/a","n/a","n/a","0.00","0.00","n/a","n/a","For metrics, refresh"
"cratejoy churn rate per product","=HYPERLINK(""https://smrs.toolsfrog.com/analytics/keywordoverview/?q=cratejoy%20churn%20rate%20per%20product&db=us"",""cratejoy churn rate per product​"")","n/a","n/a","0","0","","n/a","n/a","n/a","0.00","0.00","n/a","n/a","For metrics, refresh"
"credit card churn rate","=HYPERLINK(""https://smrs.toolsfrog.com/analytics/keywordoverview/?q=credit%20card%20churn%20rate&db=us"",""credit card churn rate​"")","n/a","n/a","0","0","","n/a","n/a","n/a","0.00","0.00","n/a","n/a","For metrics, refresh"
"credit card rate of return churning","=HYPERLINK(""https://smrs.toolsfrog.com/analytics/keywordoverview/?q=credit%20card%20rate%20of%20return%20churning&db=us"",""credit card rate of return churning​"")","n/a","n/a","0","0","","n/a","n/a","n/a","0.00","0.00","n/a","n/a","For metrics, refresh"
"credit union churn rate","=HYPERLINK(""https://smrs.toolsfrog.com/analytics/keywordoverview/?q=credit%20union%20churn%20rate&db=us"",""credit union churn rate​"")","n/a","n/a","0","0","","n/a","n/a","n/a","0.00","0.00","n/a","n/a","For metrics, refresh"
"cricket wireless churn rate","=HYPERLINK(""https://smrs.toolsfrog.com/analytics/keywordoverview/?q=cricket%20wireless%20churn%20rate&db=us"",""cricket wireless churn rate​"")","n/a","n/a","0","0","","n/a","n/a","n/a","0.00","0.00","n/a","n/a","For metrics, refresh"
"crm churn rate","=HYPERLINK(""https://smrs.toolsfrog.com/analytics/keywordoverview/?q=crm%20churn%20rate&db=us"",""crm churn rate​"")","n/a","n/a","0","0","","n/a","n/a","n/a","0.00","0.00","n/a","n/a","For metrics, refresh"
"crm system churn rate","=HYPERLINK(""https://smrs.toolsfrog.com/analytics/keywordoverview/?q=crm%20system%20churn%20rate&db=us"",""crm system churn rate​"")","n/a","n/a","0","0","","n/a","n/a","n/a","0.00","0.00","n/a","n/a","For metrics, refresh"
"csat formula tied to churn rate","=HYPERLINK(""https://smrs.toolsfrog.com/analytics/keywordoverview/?q=csat%20formula%20tied%20to%20churn%20rate&db=us"",""csat formula tied to churn rate​"")","n/a","n/a","0","0","","n/a","n/a","n/a","0.00","0.00","n/a","n/a","For metrics, refresh"
"current wireless churn rates","=HYPERLINK(""https://smrs.toolsfrog.com/analytics/keywordoverview/?q=current%20wireless%20churn%20rates&db=us"",""current wireless churn rates​"")","n/a","n/a","0","0","","n/a","n/a","n/a","0.00","0.00","n/a","n/a","For metrics, refresh"
"cursor churn rate","=HYPERLINK(""https://smrs.toolsfrog.com/analytics/keywordoverview/?q=cursor%20churn%20rate&db=us"",""cursor churn rate​"")","n/a","n/a","0","0","","n/a","n/a","n/a","0.00","0.00","n/a","n/a","For metrics, refresh"
"customer acquisition cost and churn rate","=HYPERLINK(""https://smrs.toolsfrog.com/analytics/keywordoverview/?q=customer%20acquisition%20cost%20and%20churn%20rate&db=us"",""customer acquisition cost and churn rate​"")","n/a","n/a","0","0","","n/a","n/a","n/a","0.00","0.00","n/a","n/a","For metrics, refresh"
"customer annual churn rate for smb software","=HYPERLINK(""https://smrs.toolsfrog.com/analytics/keywordoverview/?q=customer%20annual%20churn%20rate%20for%20smb%20software&db=us"",""customer annual churn rate for smb software​"")","n/a","n/a","0","0","","n/a","n/a","n/a","0.00","0.00","n/a","n/a","For metrics, refresh"
"customer churn and retention rate","=HYPERLINK(""https://smrs.toolsfrog.com/analytics/keywordoverview/?q=customer%20churn%20and%20retention%20rate&db=us"",""customer churn and retention rate​"")","n/a","n/a","0","0","","n/a","n/a","n/a","0.00","0.00","n/a","n/a","For metrics, refresh"
"customer churn rate adalah","=HYPERLINK(""https://smrs.toolsfrog.com/analytics/keywordoverview/?q=customer%20churn%20rate%20adalah&db=us"",""customer churn rate adalah​"")","n/a","n/a","0","0","","n/a","n/a","n/a","0.00","0.00","n/a","n/a","For metrics, refresh"
"customer churn rate analytics","=HYPERLINK(""https://smrs.toolsfrog.com/analytics/keywordoverview/?q=customer%20churn%20rate%20analytics&db=us"",""customer churn rate analytics​"")","n/a","n/a","0","0","","n/a","n/a","n/a","0.00","0.00","n/a","n/a","For metrics, refresh"
"customer churn rate and rention rate","=HYPERLINK(""https://smrs.toolsfrog.com/analytics/keywordoverview/?q=customer%20churn%20rate%20and%20rention%20rate&db=us"",""customer churn rate and rention rate​"")","n/a","n/a","0","0","","n/a","n/a","n/a","0.00","0.00","n/a","n/a","For metrics, refresh"
"customer churn rate benchmark","=HYPERLINK(""https://smrs.toolsfrog.com/analytics/keywordoverview/?q=customer%20churn%20rate%20benchmark&db=us"",""customer churn rate benchmark​"")","n/a","n/a","0","0","","n/a","n/a","n/a","0.00","0.00","n/a","n/a","For metrics, refresh"
"customer churn rate calculation formula","=HYPERLINK(""https://smrs.toolsfrog.com/analytics/keywordoverview/?q=customer%20churn%20rate%20calculation%20formula&db=us"",""customer churn rate calculation formula​"")","n/a","n/a","0","0","","n/a","n/a","n/a","0.00","0.00","n/a","n/a","For metrics, refresh"
"customer churn rate can impact your saas business","=HYPERLINK(""https://smrs.toolsfrog.com/analytics/keywordoverview/?q=customer%20churn%20rate%20can%20impact%20your%20saas%20business&db=us"",""customer churn rate can impact your saas business​"")","n/a","n/a","0","0","","n/a","n/a","n/a","0.00","0.00","n/a","n/a","For metrics, refresh"
"customer churn rate comparison salesforce hubspot","=HYPERLINK(""https://smrs.toolsfrog.com/analytics/keywordoverview/?q=customer%20churn%20rate%20comparison%20salesforce%20hubspot&db=us"",""customer churn rate comparison salesforce hubspot​"")","n/a","n/a","0","0","","n/a","n/a","n/a","0.00","0.00","n/a","n/a","For metrics, refresh"
"customer churn rate data analysis","=HYPERLINK(""https://smrs.toolsfrog.com/analytics/keywordoverview/?q=customer%20churn%20rate%20data%20analysis&db=us"",""customer churn rate data analysis​"")","n/a","n/a","0","0","","n/a","n/a","n/a","0.00","0.00","n/a","n/a","For metrics, refresh"
"customer churn rate dataset","=HYPERLINK(""https://smrs.toolsfrog.com/analytics/keywordoverview/?q=customer%20churn%20rate%20dataset&db=us"",""customer churn rate dataset​"")","n/a","n/a","0","0","","n/a","n/a","n/a","0.00","0.00","n/a","n/a","For metrics, refresh"
"customer churn rate definition formula","=HYPERLINK(""https://smrs.toolsfrog.com/analytics/keywordoverview/?q=customer%20churn%20rate%20definition%20formula&db=us"",""customer churn rate definition formula​"")","n/a","n/a","0","0","","n/a","n/a","n/a","0.00","0.00","n/a","n/a","For metrics, refresh"
"customer churn rate deutsch","=HYPERLINK(""https://smrs.toolsfrog.com/analytics/keywordoverview/?q=customer%20churn%20rate%20deutsch&db=us"",""customer churn rate deutsch​"")","n/a","n/a","0","0","","n/a","n/a","n/a","0.00","0.00","n/a","n/a","For metrics, refresh"
"customer churn rate example","=HYPERLINK(""https://smrs.toolsfrog.com/analytics/keywordoverview/?q=customer%20churn%20rate%20example&db=us"",""customer churn rate example​"")","n/a","n/a","0","0","","n/a","n/a","n/a","0.00","0.00","n/a","n/a","For metrics, refresh"
"customer churn rate excel","=HYPERLINK(""https://smrs.toolsfrog.com/analytics/keywordoverview/?q=customer%20churn%20rate%20excel&db=us"",""customer churn rate excel​"")","n/a","n/a","0","0","","n/a","n/a","n/a","0.00","0.00","n/a","n/a","For metrics, refresh"
"customer churn rate for ecommerce","=HYPERLINK(""https://smrs.toolsfrog.com/analytics/keywordoverview/?q=customer%20churn%20rate%20for%20ecommerce&db=us"",""customer churn rate for ecommerce​"")","n/a","n/a","0","0","","n/a","n/a","n/a","0.00","0.00","n/a","n/a","For metrics, refresh"
"customer churn rate for monthly planners","=HYPERLINK(""https://smrs.toolsfrog.com/analytics/keywordoverview/?q=customer%20churn%20rate%20for%20monthly%20planners&db=us"",""customer churn rate for monthly planners​"")","n/a","n/a","0","0","","n/a","n/a","n/a","0.00","0.00","n/a","n/a","For metrics, refresh"
"customer churn rate for smb software","=HYPERLINK(""https://smrs.toolsfrog.com/analytics/keywordoverview/?q=customer%20churn%20rate%20for%20smb%20software&db=us"",""customer churn rate for smb software​"")","n/a","n/a","0","0","","n/a","n/a","n/a","0.00","0.00","n/a","n/a","For metrics, refresh"
"customer churn rate formula for overdue customers","=HYPERLINK(""https://smrs.toolsfrog.com/analytics/keywordoverview/?q=customer%20churn%20rate%20formula%20for%20overdue%20customers&db=us"",""customer churn rate formula for overdue customers​"")","n/a","n/a","0","0","","n/a","n/a","n/a","0.00","0.00","n/a","n/a","For metrics, refresh"
"customer churn rate formula types","=HYPERLINK(""https://smrs.toolsfrog.com/analytics/keywordoverview/?q=customer%20churn%20rate%20formula%20types&db=us"",""customer churn rate formula types​"")","n/a","n/a","0","0","","n/a","n/a","n/a","0.00","0.00","n/a","n/a","For metrics, refresh"
"customer churn rate in banking","=HYPERLINK(""https://smrs.toolsfrog.com/analytics/keywordoverview/?q=customer%20churn%20rate%20in%20banking&db=us"",""customer churn rate in banking​"")","n/a","n/a","0","0","","n/a","n/a","n/a","0.00","0.00","n/a","n/a","For metrics, refresh"
"customer churn rate in commercial cleaning industry","=HYPERLINK(""https://smrs.toolsfrog.com/analytics/keywordoverview/?q=customer%20churn%20rate%20in%20commercial%20cleaning%20industry&db=us"",""customer churn rate in commercial cleaning industry​"")","n/a","n/a","0","0","","n/a","n/a","n/a","0.00","0.00","n/a","n/a","For metrics, refresh"
"customer churn rate in r","=HYPERLINK(""https://smrs.toolsfrog.com/analytics/keywordoverview/?q=customer%20churn%20rate%20in%20r&db=us"",""customer churn rate in r​"")","n/a","n/a","0","0","","n/a","n/a","n/a","0.00","0.00","n/a","n/a","For metrics, refresh"
"customer churn rate in retail","=HYPERLINK(""https://smrs.toolsfrog.com/analytics/keywordoverview/?q=customer%20churn%20rate%20in%20retail&db=us"",""customer churn rate in retail​"")","n/a","n/a","0","0","","n/a","n/a","n/a","0.00","0.00","n/a","n/a","For metrics, refresh"
"customer churn rate in spanish","=HYPERLINK(""https://smrs.toolsfrog.com/analytics/keywordoverview/?q=customer%20churn%20rate%20in%20spanish&db=us"",""customer churn rate in spanish​"")","n/a","n/a","0","0","","n/a","n/a","n/a","0.00","0.00","n/a","n/a","For metrics, refresh"
"customer churn rate in utility industry","=HYPERLINK(""https://smrs.toolsfrog.com/analytics/keywordoverview/?q=customer%20churn%20rate%20in%20utility%20industry&db=us"",""customer churn rate in utility industry​"")","n/a","n/a","0","0","","n/a","n/a","n/a","0.00","0.00","n/a","n/a","For metrics, refresh"
"customer churn rate insurance industry","=HYPERLINK(""https://smrs.toolsfrog.com/analytics/keywordoverview/?q=customer%20churn%20rate%20insurance%20industry&db=us"",""customer churn rate insurance industry​"")","n/a","n/a","0","0","","n/a","n/a","n/a","0.00","0.00","n/a","n/a","For metrics, refresh"
"customer churn rate monitoring tools","=HYPERLINK(""https://smrs.toolsfrog.com/analytics/keywordoverview/?q=customer%20churn%20rate%20monitoring%20tools&db=us"",""customer churn rate monitoring tools​"")","n/a","n/a","0","0","","n/a","n/a","n/a","0.00","0.00","n/a","n/a","For metrics, refresh"
"customer churn rate peaked","=HYPERLINK(""https://smrs.toolsfrog.com/analytics/keywordoverview/?q=customer%20churn%20rate%20peaked&db=us"",""customer churn rate peaked​"")","n/a","n/a","0","0","","n/a","n/a","n/a","0.00","0.00","n/a","n/a","For metrics, refresh"
"customer churn rate saas","=HYPERLINK(""https://smrs.toolsfrog.com/analytics/keywordoverview/?q=customer%20churn%20rate%20saas&db=us"",""customer churn rate saas​"")","n/a","n/a","0","0","","n/a","n/a","n/a","0.00","0.00","n/a","n/a","For metrics, refresh"
"customer churn rate shrank","=HYPERLINK(""https://smrs.toolsfrog.com/analytics/keywordoverview/?q=customer%20churn%20rate%20shrank&db=us"",""customer churn rate shrank​"")","n/a","n/a","0","0","","n/a","n/a","n/a","0.00","0.00","n/a","n/a","For metrics, refresh"
"customer churn rate sql","=HYPERLINK(""https://smrs.toolsfrog.com/analytics/keywordoverview/?q=customer%20churn%20rate%20sql&db=us"",""customer churn rate sql​"")","n/a","n/a","0","0","","n/a","n/a","n/a","0.00","0.00","n/a","n/a","For metrics, refresh"
"customer churn rates by industry","=HYPERLINK(""https://smrs.toolsfrog.com/analytics/keywordoverview/?q=customer%20churn%20rates%20by%20industry&db=us"",""customer churn rates by industry​"")","n/a","n/a","0","0","","n/a","n/a","n/a","0.00","0.00","n/a","n/a","For metrics, refresh"
"customer churn rates declined","=HYPERLINK(""https://smrs.toolsfrog.com/analytics/keywordoverview/?q=customer%20churn%20rates%20declined&db=us"",""customer churn rates declined​"")","n/a","n/a","0","0","","n/a","n/a","n/a","0.00","0.00","n/a","n/a","For metrics, refresh"
"customer churn rates dropping","=HYPERLINK(""https://smrs.toolsfrog.com/analytics/keywordoverview/?q=customer%20churn%20rates%20dropping&db=us"",""customer churn rates dropping​"")","n/a","n/a","0","0","","n/a","n/a","n/a","0.00","0.00","n/a","n/a","For metrics, refresh"
"customer churn retention rate","=HYPERLINK(""https://smrs.toolsfrog.com/analytics/keywordoverview/?q=customer%20churn%20retention%20rate&db=us"",""customer churn retention rate​"")","n/a","n/a","0","0","","n/a","n/a","n/a","0.00","0.00","n/a","n/a","For metrics, refresh"
"customer experience churn rate","=HYPERLINK(""https://smrs.toolsfrog.com/analytics/keywordoverview/?q=customer%20experience%20churn%20rate&db=us"",""customer experience churn rate​"")","n/a","n/a","0","0","","n/a","n/a","n/a","0.00","0.00","n/a","n/a","For metrics, refresh"
"customer lifespan 1 churn rate","=HYPERLINK(""https://smrs.toolsfrog.com/analytics/keywordoverview/?q=customer%20lifespan%201%20churn%20rate&db=us"",""customer lifespan 1 churn rate​"")","n/a","n/a","0","0","","n/a","n/a","n/a","0.00","0.00","n/a","n/a","For metrics, refresh"
"customer lifespan churn rate","=HYPERLINK(""https://smrs.toolsfrog.com/analytics/keywordoverview/?q=customer%20lifespan%20churn%20rate&db=us"",""customer lifespan churn rate​"")","n/a","n/a","0","0","","n/a","n/a","n/a","0.00","0.00","n/a","n/a","For metrics, refresh"
"customer lifetime value churn rate metrix saas","=HYPERLINK(""https://smrs.toolsfrog.com/analytics/keywordoverview/?q=customer%20lifetime%20value%20churn%20rate%20metrix%20saas&db=us"",""customer lifetime value churn rate metrix saas​"")","n/a","n/a","0","0","","n/a","n/a","n/a","0.00","0.00","n/a","n/a","For metrics, refresh"
"customer lifetime value formula arpu gross margin churn rate","=HYPERLINK(""https://smrs.toolsfrog.com/analytics/keywordoverview/?q=customer%20lifetime%20value%20formula%20arpu%20gross%20margin%20churn%20rate&db=us"",""customer lifetime value formula arpu gross margin churn rate​"")","n/a","n/a","0","0","","n/a","n/a","n/a","0.00","0.00","n/a","n/a","For metrics, refresh"
"customer lifetime value with churn rate","=HYPERLINK(""https://smrs.toolsfrog.com/analytics/keywordoverview/?q=customer%20lifetime%20value%20with%20churn%20rate&db=us"",""customer lifetime value with churn rate​"")","n/a","n/a","0","0","","n/a","n/a","n/a","0.00","0.00","n/a","n/a","For metrics, refresh"
"customer ltv calculation formula churn rate","=HYPERLINK(""https://smrs.toolsfrog.com/analytics/keywordoverview/?q=customer%20ltv%20calculation%20formula%20churn%20rate&db=us"",""customer ltv calculation formula churn rate​"")","n/a","n/a","0","0","","n/a","n/a","n/a","0.00","0.00","n/a","n/a","For metrics, refresh"
"customer onboarding platforms analytics activation rate churn reduction","=HYPERLINK(""https://smrs.toolsfrog.com/analytics/keywordoverview/?q=customer%20onboarding%20platforms%20analytics%20activation%20rate%20churn%20reduction&db=us"",""customer onboarding platforms analytics activation rate churn reduction​"")","n/a","n/a","0","0","","n/a","n/a","n/a","0.00","0.00","n/a","n/a","For metrics, refresh"
"customer retention and churn rate","=HYPERLINK(""https://smrs.toolsfrog.com/analytics/keywordoverview/?q=customer%20retention%20and%20churn%20rate&db=us"",""customer retention and churn rate​"")","n/a","n/a","0","0","","n/a","n/a","n/a","0.00","0.00","n/a","n/a","For metrics, refresh"
"customer retention rate vs churn","=HYPERLINK(""https://smrs.toolsfrog.com/analytics/keywordoverview/?q=customer%20retention%20rate%20vs%20churn&db=us"",""customer retention rate vs churn​"")","n/a","n/a","0","0","","n/a","n/a","n/a","0.00","0.00","n/a","n/a","For metrics, refresh"
"customer success churn rate","=HYPERLINK(""https://smrs.toolsfrog.com/analytics/keywordoverview/?q=customer%20success%20churn%20rate&db=us"",""customer success churn rate​"")","n/a","n/a","0","0","","n/a","n/a","n/a","0.00","0.00","n/a","n/a","For metrics, refresh"
"customer support tools reduce churn rate software","=HYPERLINK(""https://smrs.toolsfrog.com/analytics/keywordoverview/?q=customer%20support%20tools%20reduce%20churn%20rate%20software&db=us"",""customer support tools reduce churn rate software​"")","n/a","n/a","0","0","","n/a","n/a","n/a","0.00","0.00","n/a","n/a","For metrics, refresh"
"customer value and churn rate model","=HYPERLINK(""https://smrs.toolsfrog.com/analytics/keywordoverview/?q=customer%20value%20and%20churn%20rate%20model&db=us"",""customer value and churn rate model​"")","n/a","n/a","0","0","","n/a","n/a","n/a","0.00","0.00","n/a","n/a","For metrics, refresh"
"customer value and churn rate model in customer lifetime value","=HYPERLINK(""https://smrs.toolsfrog.com/analytics/keywordoverview/?q=customer%20value%20and%20churn%20rate%20model%20in%20customer%20lifetime%20value&db=us"",""customer value and churn rate model in customer lifetime value​"")","n/a","n/a","0","0","","n/a","n/a","n/a","0.00","0.00","n/a","n/a","For metrics, refresh"
"cyberark churn rate 2024","=HYPERLINK(""https://smrs.toolsfrog.com/analytics/keywordoverview/?q=cyberark%20churn%20rate%202024&db=us"",""cyberark churn rate 2024​"")","n/a","n/a","0","0","","n/a","n/a","n/a","0.00","0.00","n/a","n/a","For metrics, refresh"
"daily churn rate","=HYPERLINK(""https://smrs.toolsfrog.com/analytics/keywordoverview/?q=daily%20churn%20rate&db=us"",""daily churn rate​"")","n/a","n/a","0","0","","n/a","n/a","n/a","0.00","0.00","n/a","n/a","For metrics, refresh"
"darden restaurants customer churn rate and retention 2025","=HYPERLINK(""https://smrs.toolsfrog.com/analytics/keywordoverview/?q=darden%20restaurants%20customer%20churn%20rate%20and%20retention%202025&db=us"",""darden restaurants customer churn rate and retention 2025​"")","n/a","n/a","0","0","","n/a","n/a","n/a","0.00","0.00","n/a","n/a","For metrics, refresh"
"darden restaurants customer churn rate compared to industry 2025","=HYPERLINK(""https://smrs.toolsfrog.com/analytics/keywordoverview/?q=darden%20restaurants%20customer%20churn%20rate%20compared%20to%20industry%202025&db=us"",""darden restaurants customer churn rate compared to industry 2025​"")","n/a","n/a","0","0","","n/a","n/a","n/a","0.00","0.00","n/a","n/a","For metrics, refresh"
"data analysis churn rates","=HYPERLINK(""https://smrs.toolsfrog.com/analytics/keywordoverview/?q=data%20analysis%20churn%20rates&db=us"",""data analysis churn rates​"")","n/a","n/a","0","0","","n/a","n/a","n/a","0.00","0.00","n/a","n/a","For metrics, refresh"
"dating app churn rate","=HYPERLINK(""https://smrs.toolsfrog.com/analytics/keywordoverview/?q=dating%20app%20churn%20rate&db=us"",""dating app churn rate​"")","n/a","n/a","0","0","","n/a","n/a","n/a","0.00","0.00","n/a","n/a","For metrics, refresh"
"dave & buster's customer churn rate and retention 2025","=HYPERLINK(""https://smrs.toolsfrog.com/analytics/keywordoverview/?q=dave%20%26%20buster's%20customer%20churn%20rate%20and%20retention%202025&db=us"",""dave & buster's customer churn rate and retention 2025​"")","n/a","n/a","0","0","","n/a","n/a","n/a","0.00","0.00","n/a","n/a","For metrics, refresh"
"dave & busters customer churn rate and retention 2025","=HYPERLINK(""https://smrs.toolsfrog.com/analytics/keywordoverview/?q=dave%20%26%20busters%20customer%20churn%20rate%20and%20retention%202025&db=us"",""dave & busters customer churn rate and retention 2025​"")","n/a","n/a","0","0","","n/a","n/a","n/a","0.00","0.00","n/a","n/a","For metrics, refresh"
"debilitating employee churn rate","=HYPERLINK(""https://smrs.toolsfrog.com/analytics/keywordoverview/?q=debilitating%20employee%20churn%20rate&db=us"",""debilitating employee churn rate​"")","n/a","n/a","0","0","","n/a","n/a","n/a","0.00","0.00","n/a","n/a","For metrics, refresh"
"deezer churn rate","=HYPERLINK(""https://smrs.toolsfrog.com/analytics/keywordoverview/?q=deezer%20churn%20rate&db=us"",""deezer churn rate​"")","n/a","n/a","0","0","","n/a","n/a","n/a","0.00","0.00","n/a","n/a","For metrics, refresh"
"define churn rate business","=HYPERLINK(""https://smrs.toolsfrog.com/analytics/keywordoverview/?q=define%20churn%20rate%20business&db=us"",""define churn rate business​"")","n/a","n/a","0","0","","n/a","n/a","n/a","0.00","0.00","n/a","n/a","For metrics, refresh"
"define churn rate calculation","=HYPERLINK(""https://smrs.toolsfrog.com/analytics/keywordoverview/?q=define%20churn%20rate%20calculation&db=us"",""define churn rate calculation​"")","n/a","n/a","0","0","","n/a","n/a","n/a","0.00","0.00","n/a","n/a","For metrics, refresh"
"define churn rate definition","=HYPERLINK(""https://smrs.toolsfrog.com/analytics/keywordoverview/?q=define%20churn%20rate%20definition&db=us"",""define churn rate definition​"")","n/a","n/a","0","0","","n/a","n/a","n/a","0.00","0.00","n/a","n/a","For metrics, refresh"
"define churn rate for entertainment industry","=HYPERLINK(""https://smrs.toolsfrog.com/analytics/keywordoverview/?q=define%20churn%20rate%20for%20entertainment%20industry&db=us"",""define churn rate for entertainment industry​"")","n/a","n/a","0","0","","n/a","n/a","n/a","0.00","0.00","n/a","n/a","For metrics, refresh"
"define churn rate formula","=HYPERLINK(""https://smrs.toolsfrog.com/analytics/keywordoverview/?q=define%20churn%20rate%20formula&db=us"",""define churn rate formula​"")","n/a","n/a","0","0","","n/a","n/a","n/a","0.00","0.00","n/a","n/a","For metrics, refresh"
"define churn rate in business","=HYPERLINK(""https://smrs.toolsfrog.com/analytics/keywordoverview/?q=define%20churn%20rate%20in%20business&db=us"",""define churn rate in business​"")","n/a","n/a","0","0","","n/a","n/a","n/a","0.00","0.00","n/a","n/a","For metrics, refresh"
"define churn rate in business terms","=HYPERLINK(""https://smrs.toolsfrog.com/analytics/keywordoverview/?q=define%20churn%20rate%20in%20business%20terms&db=us"",""define churn rate in business terms​"")","n/a","n/a","0","0","","n/a","n/a","n/a","0.00","0.00","n/a","n/a","For metrics, refresh"
"define churn rate in hindi","=HYPERLINK(""https://smrs.toolsfrog.com/analytics/keywordoverview/?q=define%20churn%20rate%20in%20hindi&db=us"",""define churn rate in hindi​"")","n/a","n/a","0","0","","n/a","n/a","n/a","0.00","0.00","n/a","n/a","For metrics, refresh"
"define churn rate software","=HYPERLINK(""https://smrs.toolsfrog.com/analytics/keywordoverview/?q=define%20churn%20rate%20software&db=us"",""define churn rate software​"")","n/a","n/a","0","0","","n/a","n/a","n/a","0.00","0.00","n/a","n/a","For metrics, refresh"
"define churn rate statistics","=HYPERLINK(""https://smrs.toolsfrog.com/analytics/keywordoverview/?q=define%20churn%20rate%20statistics&db=us"",""define churn rate statistics​"")","n/a","n/a","0","0","","n/a","n/a","n/a","0.00","0.00","n/a","n/a","For metrics, refresh"
"define churn rate synonym","=HYPERLINK(""https://smrs.toolsfrog.com/analytics/keywordoverview/?q=define%20churn%20rate%20synonym&db=us"",""define churn rate synonym​"")","n/a","n/a","0","0","","n/a","n/a","n/a","0.00","0.00","n/a","n/a","For metrics, refresh"
"define churn rate technology","=HYPERLINK(""https://smrs.toolsfrog.com/analytics/keywordoverview/?q=define%20churn%20rate%20technology&db=us"",""define churn rate technology​"")","n/a","n/a","0","0","","n/a","n/a","n/a","0.00","0.00","n/a","n/a","For metrics, refresh"
"define churn rates","=HYPERLINK(""https://smrs.toolsfrog.com/analytics/keywordoverview/?q=define%20churn%20rates&db=us"",""define churn rates​"")","n/a","n/a","0","0","","n/a","n/a","n/a","0.00","0.00","n/a","n/a","For metrics, refresh"
"define consumer churn rate","=HYPERLINK(""https://smrs.toolsfrog.com/analytics/keywordoverview/?q=define%20consumer%20churn%20rate&db=us"",""define consumer churn rate​"")","n/a","n/a","0","0","","n/a","n/a","n/a","0.00","0.00","n/a","n/a","For metrics, refresh"
"define driver churn rate","=HYPERLINK(""https://smrs.toolsfrog.com/analytics/keywordoverview/?q=define%20driver%20churn%20rate&db=us"",""define driver churn rate​"")","n/a","n/a","0","0","","n/a","n/a","n/a","0.00","0.00","n/a","n/a","For metrics, refresh"
"define internal churn rate","=HYPERLINK(""https://smrs.toolsfrog.com/analytics/keywordoverview/?q=define%20internal%20churn%20rate&db=us"",""define internal churn rate​"")","n/a","n/a","0","0","","n/a","n/a","n/a","0.00","0.00","n/a","n/a","For metrics, refresh"
"define mobile churn rate","=HYPERLINK(""https://smrs.toolsfrog.com/analytics/keywordoverview/?q=define%20mobile%20churn%20rate&db=us"",""define mobile churn rate​"")","n/a","n/a","0","0","","n/a","n/a","n/a","0.00","0.00","n/a","n/a","For metrics, refresh"
"define the term churn rate","=HYPERLINK(""https://smrs.toolsfrog.com/analytics/keywordoverview/?q=define%20the%20term%20churn%20rate&db=us"",""define the term churn rate​"")","n/a","n/a","0","0","","n/a","n/a","n/a","0.00","0.00","n/a","n/a","For metrics, refresh"
"definicion churn rate","=HYPERLINK(""https://smrs.toolsfrog.com/analytics/keywordoverview/?q=definicion%20churn%20rate&db=us"",""definicion churn rate​"")","n/a","n/a","0","0","","n/a","n/a","n/a","0.00","0.00","n/a","n/a","For metrics, refresh"
"definicion de churn rate","=HYPERLINK(""https://smrs.toolsfrog.com/analytics/keywordoverview/?q=definicion%20de%20churn%20rate&db=us"",""definicion de churn rate​"")","n/a","n/a","0","0","","n/a","n/a","n/a","0.00","0.00","n/a","n/a","For metrics, refresh"
"defining-churn-rate-no-really-this-actually-requires-an-entire-blog-post","=HYPERLINK(""https://smrs.toolsfrog.com/analytics/keywordoverview/?q=defining-churn-rate-no-really-this-actually-requires-an-entire-blog-post&db=us"",""defining-churn-rate-no-really-this-actually-requires-an-entire-blog-post​"")","n/a","n/a","0","0","","n/a","n/a","n/a","0.00","0.00","n/a","n/a","For metrics, refresh"
"definition churn rate finance","=HYPERLINK(""https://smrs.toolsfrog.com/analytics/keywordoverview/?q=definition%20churn%20rate%20finance&db=us"",""definition churn rate finance​"")","n/a","n/a","0","0","","n/a","n/a","n/a","0.00","0.00","n/a","n/a","For metrics, refresh"
"definition for churn rate","=HYPERLINK(""https://smrs.toolsfrog.com/analytics/keywordoverview/?q=definition%20for%20churn%20rate&db=us"",""definition for churn rate​"")","n/a","n/a","0","0","","n/a","n/a","n/a","0.00","0.00","n/a","n/a","For metrics, refresh"
"definition of customer churn rate","=HYPERLINK(""https://smrs.toolsfrog.com/analytics/keywordoverview/?q=definition%20of%20customer%20churn%20rate&db=us"",""definition of customer churn rate​"")","n/a","n/a","0","0","","n/a","n/a","n/a","0.00","0.00","n/a","n/a","For metrics, refresh"
"definition of employee churn rate","=HYPERLINK(""https://smrs.toolsfrog.com/analytics/keywordoverview/?q=definition%20of%20employee%20churn%20rate&db=us"",""definition of employee churn rate​"")","n/a","n/a","0","0","","n/a","n/a","n/a","0.00","0.00","n/a","n/a","For metrics, refresh"
"definiton churn rate","=HYPERLINK(""https://smrs.toolsfrog.com/analytics/keywordoverview/?q=definiton%20churn%20rate&db=us"",""definiton churn rate​"")","n/a","n/a","0","0","","n/a","n/a","n/a","0.00","0.00","n/a","n/a","For metrics, refresh"
"diageo customer churn rate and retention 2025","=HYPERLINK(""https://smrs.toolsfrog.com/analytics/keywordoverview/?q=diageo%20customer%20churn%20rate%20and%20retention%202025&db=us"",""diageo customer churn rate and retention 2025​"")","n/a","n/a","0","0","","n/a","n/a","n/a","0.00","0.00","n/a","n/a","For metrics, refresh"
"dictionary churn rate","=HYPERLINK(""https://smrs.toolsfrog.com/analytics/keywordoverview/?q=dictionary%20churn%20rate&db=us"",""dictionary churn rate​"")","n/a","n/a","0","0","","n/a","n/a","n/a","0.00","0.00","n/a","n/a","For metrics, refresh"
"difference between churn rate and attrition rate","=HYPERLINK(""https://smrs.toolsfrog.com/analytics/keywordoverview/?q=difference%20between%20churn%20rate%20and%20attrition%20rate&db=us"",""difference between churn rate and attrition rate​"")","n/a","n/a","0","0","","n/a","n/a","n/a","0.00","0.00","n/a","n/a","For metrics, refresh"
"difference between churn rate and bounce rate","=HYPERLINK(""https://smrs.toolsfrog.com/analytics/keywordoverview/?q=difference%20between%20churn%20rate%20and%20bounce%20rate&db=us"",""difference between churn rate and bounce rate​"")","n/a","n/a","0","0","","n/a","n/a","n/a","0.00","0.00","n/a","n/a","For metrics, refresh"
"difference between churn rate and burn rate","=HYPERLINK(""https://smrs.toolsfrog.com/analytics/keywordoverview/?q=difference%20between%20churn%20rate%20and%20burn%20rate&db=us"",""difference between churn rate and burn rate​"")","n/a","n/a","0","0","","n/a","n/a","n/a","0.00","0.00","n/a","n/a","For metrics, refresh"
"difference of churn rate and turnover rate","=HYPERLINK(""https://smrs.toolsfrog.com/analytics/keywordoverview/?q=difference%20of%20churn%20rate%20and%20turnover%20rate&db=us"",""difference of churn rate and turnover rate​"")","n/a","n/a","0","0","","n/a","n/a","n/a","0.00","0.00","n/a","n/a","For metrics, refresh"
"digital agency churn rate","=HYPERLINK(""https://smrs.toolsfrog.com/analytics/keywordoverview/?q=digital%20agency%20churn%20rate&db=us"",""digital agency churn rate​"")","n/a","n/a","0","0","","n/a","n/a","n/a","0.00","0.00","n/a","n/a","For metrics, refresh"
"digital marketing average churn rate","=HYPERLINK(""https://smrs.toolsfrog.com/analytics/keywordoverview/?q=digital%20marketing%20average%20churn%20rate&db=us"",""digital marketing average churn rate​"")","n/a","n/a","0","0","","n/a","n/a","n/a","0.00","0.00","n/a","n/a","For metrics, refresh"
"directv now churn rate","=HYPERLINK(""https://smrs.toolsfrog.com/analytics/keywordoverview/?q=directv%20now%20churn%20rate&db=us"",""directv now churn rate​"")","n/a","n/a","0","0","","n/a","n/a","n/a","0.00","0.00","n/a","n/a","For metrics, refresh"
"disadvantages of churn rate","=HYPERLINK(""https://smrs.toolsfrog.com/analytics/keywordoverview/?q=disadvantages%20of%20churn%20rate&db=us"",""disadvantages of churn rate​"")","n/a","n/a","0","0","","n/a","n/a","n/a","0.00","0.00","n/a","n/a","For metrics, refresh"
"disclose customer churn rates","=HYPERLINK(""https://smrs.toolsfrog.com/analytics/keywordoverview/?q=disclose%20customer%20churn%20rates&db=us"",""disclose customer churn rates​"")","n/a","n/a","0","0","","n/a","n/a","n/a","0.00","0.00","n/a","n/a","For metrics, refresh"
"discover match capital one balance transfer rate churning","=HYPERLINK(""https://smrs.toolsfrog.com/analytics/keywordoverview/?q=discover%20match%20capital%20one%20balance%20transfer%20rate%20churning&db=us"",""discover match capital one balance transfer rate churning​"")","n/a","n/a","0","0","","n/a","n/a","n/a","0.00","0.00","n/a","n/a","For metrics, refresh"
"dish network churn rate","=HYPERLINK(""https://smrs.toolsfrog.com/analytics/keywordoverview/?q=dish%20network%20churn%20rate&db=us"",""dish network churn rate​"")","n/a","n/a","0","0","","n/a","n/a","n/a","0.00","0.00","n/a","n/a","For metrics, refresh"
"dish subscriber churn rate","=HYPERLINK(""https://smrs.toolsfrog.com/analytics/keywordoverview/?q=dish%20subscriber%20churn%20rate&db=us"",""dish subscriber churn rate​"")","n/a","n/a","0","0","","n/a","n/a","n/a","0.00","0.00","n/a","n/a","For metrics, refresh"
"disminuir churn rate","=HYPERLINK(""https://smrs.toolsfrog.com/analytics/keywordoverview/?q=disminuir%20churn%20rate&db=us"",""disminuir churn rate​"")","n/a","n/a","0","0","","n/a","n/a","n/a","0.00","0.00","n/a","n/a","For metrics, refresh"
"disney churn rate","=HYPERLINK(""https://smrs.toolsfrog.com/analytics/keywordoverview/?q=disney%20churn%20rate&db=us"",""disney churn rate​"")","n/a","n/a","0","0","","n/a","n/a","n/a","0.00","0.00","n/a","n/a","For metrics, refresh"
"disney+ churn rate 2024","=HYPERLINK(""https://smrs.toolsfrog.com/analytics/keywordoverview/?q=disney%2B%20churn%20rate%202024&db=us"",""disney+ churn rate 2024​"")","n/a","n/a","0","0","","n/a","n/a","n/a","0.00","0.00","n/a","n/a","For metrics, refresh"
"disney+ churn rate 2025","=HYPERLINK(""https://smrs.toolsfrog.com/analytics/keywordoverview/?q=disney%2B%20churn%20rate%202025&db=us"",""disney+ churn rate 2025​"")","n/a","n/a","0","0","","n/a","n/a","n/a","0.00","0.00","n/a","n/a","For metrics, refresh"
"disney+ churn rate antenna q1 2025","=HYPERLINK(""https://smrs.toolsfrog.com/analytics/keywordoverview/?q=disney%2B%20churn%20rate%20antenna%20q1%202025&db=us"",""disney+ churn rate antenna q1 2025​"")","n/a","n/a","0","0","","n/a","n/a","n/a","0.00","0.00","n/a","n/a","For metrics, refresh"
"do you want a high or low churn rate","=HYPERLINK(""https://smrs.toolsfrog.com/analytics/keywordoverview/?q=do%20you%20want%20a%20high%20or%20low%20churn%20rate&db=us"",""do you want a high or low churn rate​"")","n/a","n/a","0","0","","n/a","n/a","n/a","0.00","0.00","n/a","n/a","For metrics, refresh"
"do you want high churn rate or low","=HYPERLINK(""https://smrs.toolsfrog.com/analytics/keywordoverview/?q=do%20you%20want%20high%20churn%20rate%20or%20low&db=us"",""do you want high churn rate or low​"")","n/a","n/a","0","0","","n/a","n/a","n/a","0.00","0.00","n/a","n/a","For metrics, refresh"
"doccla churn rate","=HYPERLINK(""https://smrs.toolsfrog.com/analytics/keywordoverview/?q=doccla%20churn%20rate&db=us"",""doccla churn rate​"")","n/a","n/a","0","0","","n/a","n/a","n/a","0.00","0.00","n/a","n/a","For metrics, refresh"
"docusign churn rate","=HYPERLINK(""https://smrs.toolsfrog.com/analytics/keywordoverview/?q=docusign%20churn%20rate&db=us"",""docusign churn rate​"")","n/a","n/a","0","0","","n/a","n/a","n/a","0.00","0.00","n/a","n/a","For metrics, refresh"
"does churn rate include new customers","=HYPERLINK(""https://smrs.toolsfrog.com/analytics/keywordoverview/?q=does%20churn%20rate%20include%20new%20customers&db=us"",""does churn rate include new customers​"")","n/a","n/a","0","0","","n/a","n/a","n/a","0.00","0.00","n/a","n/a","For metrics, refresh"
"does fidelity have a high churn rate","=HYPERLINK(""https://smrs.toolsfrog.com/analytics/keywordoverview/?q=does%20fidelity%20have%20a%20high%20churn%20rate&db=us"",""does fidelity have a high churn rate​"")","n/a","n/a","0","0","","n/a","n/a","n/a","0.00","0.00","n/a","n/a","For metrics, refresh"
"does retention rate equal 1 churn rate","=HYPERLINK(""https://smrs.toolsfrog.com/analytics/keywordoverview/?q=does%20retention%20rate%20equal%201%20churn%20rate&db=us"",""does retention rate equal 1 churn rate​"")","n/a","n/a","0","0","","n/a","n/a","n/a","0.00","0.00","n/a","n/a","For metrics, refresh"
"dollar general customer churn rate and retention 2025","=HYPERLINK(""https://smrs.toolsfrog.com/analytics/keywordoverview/?q=dollar%20general%20customer%20churn%20rate%20and%20retention%202025&db=us"",""dollar general customer churn rate and retention 2025​"")","n/a","n/a","0","0","","n/a","n/a","n/a","0.00","0.00","n/a","n/a","For metrics, refresh"
"dollar shave club churn rate","=HYPERLINK(""https://smrs.toolsfrog.com/analytics/keywordoverview/?q=dollar%20shave%20club%20churn%20rate&db=us"",""dollar shave club churn rate​"")","n/a","n/a","0","0","","n/a","n/a","n/a","0.00","0.00","n/a","n/a","For metrics, refresh"
"dollar tree customer churn rate and retention 2025","=HYPERLINK(""https://smrs.toolsfrog.com/analytics/keywordoverview/?q=dollar%20tree%20customer%20churn%20rate%20and%20retention%202025&db=us"",""dollar tree customer churn rate and retention 2025​"")","n/a","n/a","0","0","","n/a","n/a","n/a","0.00","0.00","n/a","n/a","For metrics, refresh"
"dollar weighted churn rate","=HYPERLINK(""https://smrs.toolsfrog.com/analytics/keywordoverview/?q=dollar%20weighted%20churn%20rate&db=us"",""dollar weighted churn rate​"")","n/a","n/a","0","0","","n/a","n/a","n/a","0.00","0.00","n/a","n/a","For metrics, refresh"
"domestic churn rate","=HYPERLINK(""https://smrs.toolsfrog.com/analytics/keywordoverview/?q=domestic%20churn%20rate&db=us"",""domestic churn rate​"")","n/a","n/a","0","0","","n/a","n/a","n/a","0.00","0.00","n/a","n/a","For metrics, refresh"
"domo churn rate","=HYPERLINK(""https://smrs.toolsfrog.com/analytics/keywordoverview/?q=domo%20churn%20rate&db=us"",""domo churn rate​"")","n/a","n/a","0","0","","n/a","n/a","n/a","0.00","0.00","n/a","n/a","For metrics, refresh"
"driver churn rate uber lyft calculate hbr","=HYPERLINK(""https://smrs.toolsfrog.com/analytics/keywordoverview/?q=driver%20churn%20rate%20uber%20lyft%20calculate%20hbr&db=us"",""driver churn rate uber lyft calculate hbr​"")","n/a","n/a","0","0","","n/a","n/a","n/a","0.00","0.00","n/a","n/a","For metrics, refresh"
"dropping customer churn rate","=HYPERLINK(""https://smrs.toolsfrog.com/analytics/keywordoverview/?q=dropping%20customer%20churn%20rate&db=us"",""dropping customer churn rate​"")","n/a","n/a","0","0","","n/a","n/a","n/a","0.00","0.00","n/a","n/a","For metrics, refresh"
"dtc churn rates","=HYPERLINK(""https://smrs.toolsfrog.com/analytics/keywordoverview/?q=dtc%20churn%20rates&db=us"",""dtc churn rates​"")","n/a","n/a","0","0","","n/a","n/a","n/a","0.00","0.00","n/a","n/a","For metrics, refresh"
"duolingo churn rate 2024","=HYPERLINK(""https://smrs.toolsfrog.com/analytics/keywordoverview/?q=duolingo%20churn%20rate%202024&db=us"",""duolingo churn rate 2024​"")","n/a","n/a","0","0","","n/a","n/a","n/a","0.00","0.00","n/a","n/a","For metrics, refresh"
"duolingo churn rate 2025","=HYPERLINK(""https://smrs.toolsfrog.com/analytics/keywordoverview/?q=duolingo%20churn%20rate%202025&db=us"",""duolingo churn rate 2025​"")","n/a","n/a","0","0","","n/a","n/a","n/a","0.00","0.00","n/a","n/a","For metrics, refresh"
"défiinition churn rate","=HYPERLINK(""https://smrs.toolsfrog.com/analytics/keywordoverview/?q=d%C3%A9fiinition%20churn%20rate&db=us"",""défiinition churn rate​"")","n/a","n/a","0","0","","n/a","n/a","n/a","0.00","0.00","n/a","n/a","For metrics, refresh"
"définition marketing churn rate","=HYPERLINK(""https://smrs.toolsfrog.com/analytics/keywordoverview/?q=d%C3%A9finition%20marketing%20churn%20rate&db=us"",""définition marketing churn rate​"")","n/a","n/a","0","0","","n/a","n/a","n/a","0.00","0.00","n/a","n/a","For metrics, refresh"
"définitions marketing churn rate","=HYPERLINK(""https://smrs.toolsfrog.com/analytics/keywordoverview/?q=d%C3%A9finitions%20marketing%20churn%20rate&db=us"",""définitions marketing churn rate​"")","n/a","n/a","0","0","","n/a","n/a","n/a","0.00","0.00","n/a","n/a","For metrics, refresh"
"e commerce churn rate benchmark","=HYPERLINK(""https://smrs.toolsfrog.com/analytics/keywordoverview/?q=e%20commerce%20churn%20rate%20benchmark&db=us"",""e commerce churn rate benchmark​"")","n/a","n/a","0","0","","n/a","n/a","n/a","0.00","0.57","n/a","n/a","For metrics, refresh"
"e-commerce churn rate","=HYPERLINK(""https://smrs.toolsfrog.com/analytics/keywordoverview/?q=e-commerce%20churn%20rate&db=us"",""e-commerce churn rate​"")","n/a","n/a","0","0","","n/a","n/a","n/a","0.00","0.00","n/a","n/a","For metrics, refresh"
"e-commerce churn rate benchmark","=HYPERLINK(""https://smrs.toolsfrog.com/analytics/keywordoverview/?q=e-commerce%20churn%20rate%20benchmark&db=us"",""e-commerce churn rate benchmark​"")","n/a","n/a","0","0","","n/a","n/a","n/a","0.00","0.00","n/a","n/a","For metrics, refresh"
"e-learning churn rate","=HYPERLINK(""https://smrs.toolsfrog.com/analytics/keywordoverview/?q=e-learning%20churn%20rate&db=us"",""e-learning churn rate​"")","n/a","n/a","0","0","","n/a","n/a","n/a","0.00","0.00","n/a","n/a","For metrics, refresh"
"early stage startup churn rate","=HYPERLINK(""https://smrs.toolsfrog.com/analytics/keywordoverview/?q=early%20stage%20startup%20churn%20rate&db=us"",""early stage startup churn rate​"")","n/a","n/a","0","0","","n/a","n/a","n/a","0.00","0.00","n/a","n/a","For metrics, refresh"
"earnin churn rate","=HYPERLINK(""https://smrs.toolsfrog.com/analytics/keywordoverview/?q=earnin%20churn%20rate&db=us"",""earnin churn rate​"")","n/a","n/a","0","0","","n/a","n/a","n/a","0.00","0.00","n/a","n/a","For metrics, refresh"
"ecommerce average churn rate","=HYPERLINK(""https://smrs.toolsfrog.com/analytics/keywordoverview/?q=ecommerce%20average%20churn%20rate&db=us"",""ecommerce average churn rate​"")","n/a","n/a","0","0","","n/a","n/a","n/a","0.00","0.00","n/a","n/a","For metrics, refresh"
"ecommerce churn rate","=HYPERLINK(""https://smrs.toolsfrog.com/analytics/keywordoverview/?q=ecommerce%20churn%20rate&db=us"",""ecommerce churn rate​"")","n/a","n/a","0","0","","n/a","n/a","n/a","0.00","0.21","n/a","n/a","For metrics, refresh"
"ecommerce churn rate average","=HYPERLINK(""https://smrs.toolsfrog.com/analytics/keywordoverview/?q=ecommerce%20churn%20rate%20average&db=us"",""ecommerce churn rate average​"")","n/a","n/a","0","0","","n/a","n/a","n/a","0.00","0.00","n/a","n/a","For metrics, refresh"
"edgewell personal care customer churn rate compared to industry 2025","=HYPERLINK(""https://smrs.toolsfrog.com/analytics/keywordoverview/?q=edgewell%20personal%20care%20customer%20churn%20rate%20compared%20to%20industry%202025&db=us"",""edgewell personal care customer churn rate compared to industry 2025​"")","n/a","n/a","0","0","","n/a","n/a","n/a","0.00","0.00","n/a","n/a","For metrics, refresh"
"edtech churn rate","=HYPERLINK(""https://smrs.toolsfrog.com/analytics/keywordoverview/?q=edtech%20churn%20rate&db=us"",""edtech churn rate​"")","n/a","n/a","0","0","","n/a","n/a","n/a","0.00","0.00","n/a","n/a","For metrics, refresh"
"ehealth churn rate","=HYPERLINK(""https://smrs.toolsfrog.com/analytics/keywordoverview/?q=ehealth%20churn%20rate&db=us"",""ehealth churn rate​"")","n/a","n/a","0","0","","n/a","n/a","n/a","0.00","0.00","n/a","n/a","For metrics, refresh"
"elearning churn rate","=HYPERLINK(""https://smrs.toolsfrog.com/analytics/keywordoverview/?q=elearning%20churn%20rate&db=us"",""elearning churn rate​"")","n/a","n/a","0","0","","n/a","n/a","n/a","0.00","0.00","n/a","n/a","For metrics, refresh"
"email address churn rate","=HYPERLINK(""https://smrs.toolsfrog.com/analytics/keywordoverview/?q=email%20address%20churn%20rate&db=us"",""email address churn rate​"")","n/a","n/a","0","0","","n/a","n/a","n/a","0.00","0.00","n/a","n/a","For metrics, refresh"
"email churn rate definition","=HYPERLINK(""https://smrs.toolsfrog.com/analytics/keywordoverview/?q=email%20churn%20rate%20definition&db=us"",""email churn rate definition​"")","n/a","n/a","0","0","","n/a","n/a","n/a","0.00","0.00","n/a","n/a","For metrics, refresh"
"email list churn rate","=HYPERLINK(""https://smrs.toolsfrog.com/analytics/keywordoverview/?q=email%20list%20churn%20rate&db=us"",""email list churn rate​"")","n/a","n/a","0","0","","n/a","n/a","n/a","0.00","0.00","n/a","n/a","For metrics, refresh"
"email list churn rate average 2025 or 2026","=HYPERLINK(""https://smrs.toolsfrog.com/analytics/keywordoverview/?q=email%20list%20churn%20rate%20average%202025%20or%202026&db=us"",""email list churn rate average 2025 or 2026​"")","n/a","n/a","0","0","","n/a","n/a","n/a","0.00","0.00","n/a","n/a","For metrics, refresh"
"email list churn rate industry standards","=HYPERLINK(""https://smrs.toolsfrog.com/analytics/keywordoverview/?q=email%20list%20churn%20rate%20industry%20standards&db=us"",""email list churn rate industry standards​"")","n/a","n/a","0","0","","n/a","n/a","n/a","0.00","0.00","n/a","n/a","For metrics, refresh"
"email marketing churn rate","=HYPERLINK(""https://smrs.toolsfrog.com/analytics/keywordoverview/?q=email%20marketing%20churn%20rate&db=us"",""email marketing churn rate​"")","n/a","n/a","0","0","","n/a","n/a","n/a","0.00","0.00","n/a","n/a","For metrics, refresh"
"email newsletter churn rates","=HYPERLINK(""https://smrs.toolsfrog.com/analytics/keywordoverview/?q=email%20newsletter%20churn%20rates&db=us"",""email newsletter churn rates​"")","n/a","n/a","0","0","","n/a","n/a","n/a","0.00","0.00","n/a","n/a","For metrics, refresh"
"email subscriber churn rate","=HYPERLINK(""https://smrs.toolsfrog.com/analytics/keywordoverview/?q=email%20subscriber%20churn%20rate&db=us"",""email subscriber churn rate​"")","n/a","n/a","0","0","","n/a","n/a","n/a","0.00","0.00","n/a","n/a","For metrics, refresh"
"email subscribers churn rate","=HYPERLINK(""https://smrs.toolsfrog.com/analytics/keywordoverview/?q=email%20subscribers%20churn%20rate&db=us"",""email subscribers churn rate​"")","n/a","n/a","0","0","","n/a","n/a","n/a","0.00","0.00","n/a","n/a","For metrics, refresh"
"employee churn rate by city","=HYPERLINK(""https://smrs.toolsfrog.com/analytics/keywordoverview/?q=employee%20churn%20rate%20by%20city&db=us"",""employee churn rate by city​"")","n/a","n/a","0","0","","n/a","n/a","n/a","0.00","0.00","n/a","n/a","For metrics, refresh"
"employee churn rate definition","=HYPERLINK(""https://smrs.toolsfrog.com/analytics/keywordoverview/?q=employee%20churn%20rate%20definition&db=us"",""employee churn rate definition​"")","n/a","n/a","0","0","","n/a","n/a","n/a","0.00","0.00","n/a","n/a","For metrics, refresh"
"employee churn rate for companies","=HYPERLINK(""https://smrs.toolsfrog.com/analytics/keywordoverview/?q=employee%20churn%20rate%20for%20companies&db=us"",""employee churn rate for companies​"")","n/a","n/a","0","0","","n/a","n/a","n/a","0.00","0.00","n/a","n/a","For metrics, refresh"
"employee churn rate in mckinsey","=HYPERLINK(""https://smrs.toolsfrog.com/analytics/keywordoverview/?q=employee%20churn%20rate%20in%20mckinsey&db=us"",""employee churn rate in mckinsey​"")","n/a","n/a","0","0","","n/a","n/a","n/a","0.00","0.00","n/a","n/a","For metrics, refresh"
"employee churn rate is expensive","=HYPERLINK(""https://smrs.toolsfrog.com/analytics/keywordoverview/?q=employee%20churn%20rate%20is%20expensive&db=us"",""employee churn rate is expensive​"")","n/a","n/a","0","0","","n/a","n/a","n/a","0.00","0.00","n/a","n/a","For metrics, refresh"
"employee churn rate kpi","=HYPERLINK(""https://smrs.toolsfrog.com/analytics/keywordoverview/?q=employee%20churn%20rate%20kpi&db=us"",""employee churn rate kpi​"")","n/a","n/a","0","0","","n/a","n/a","n/a","0.00","0.00","n/a","n/a","For metrics, refresh"
"employee churn rate means","=HYPERLINK(""https://smrs.toolsfrog.com/analytics/keywordoverview/?q=employee%20churn%20rate%20means&db=us"",""employee churn rate means​"")","n/a","n/a","0","0","","n/a","n/a","n/a","0.00","0.00","n/a","n/a","For metrics, refresh"
"employee churn rate starts","=HYPERLINK(""https://smrs.toolsfrog.com/analytics/keywordoverview/?q=employee%20churn%20rate%20starts&db=us"",""employee churn rate starts​"")","n/a","n/a","0","0","","n/a","n/a","n/a","0.00","0.00","n/a","n/a","For metrics, refresh"
"employee churn rates","=HYPERLINK(""https://smrs.toolsfrog.com/analytics/keywordoverview/?q=employee%20churn%20rates&db=us"",""employee churn rates​"")","n/a","n/a","0","0","","n/a","n/a","n/a","0.00","0.00","n/a","n/a","For metrics, refresh"
"employment churn rate","=HYPERLINK(""https://smrs.toolsfrog.com/analytics/keywordoverview/?q=employment%20churn%20rate&db=us"",""employment churn rate​"")","n/a","n/a","0","0","","n/a","n/a","n/a","0.00","0.00","n/a","n/a","For metrics, refresh"
"employment churn rate economy","=HYPERLINK(""https://smrs.toolsfrog.com/analytics/keywordoverview/?q=employment%20churn%20rate%20economy&db=us"",""employment churn rate economy​"")","n/a","n/a","0","0","","n/a","n/a","n/a","0.00","0.00","n/a","n/a","For metrics, refresh"
"employment churn rates","=HYPERLINK(""https://smrs.toolsfrog.com/analytics/keywordoverview/?q=employment%20churn%20rates&db=us"",""employment churn rates​"")","n/a","n/a","0","0","","n/a","n/a","n/a","0.00","0.00","n/a","n/a","For metrics, refresh"
"employyee churn rate for companies","=HYPERLINK(""https://smrs.toolsfrog.com/analytics/keywordoverview/?q=employyee%20churn%20rate%20for%20companies&db=us"",""employyee churn rate for companies​"")","n/a","n/a","0","0","","n/a","n/a","n/a","0.00","0.00","n/a","n/a","For metrics, refresh"
"enfusion fy2023 customer churn rate","=HYPERLINK(""https://smrs.toolsfrog.com/analytics/keywordoverview/?q=enfusion%20fy2023%20customer%20churn%20rate&db=us"",""enfusion fy2023 customer churn rate​"")","n/a","n/a","0","0","","n/a","n/a","n/a","0.00","0.00","n/a","n/a","For metrics, refresh"
"enterprise saas churn rate benchmark 2024","=HYPERLINK(""https://smrs.toolsfrog.com/analytics/keywordoverview/?q=enterprise%20saas%20churn%20rate%20benchmark%202024&db=us"",""enterprise saas churn rate benchmark 2024​"")","n/a","n/a","0","0","","n/a","n/a","n/a","0.00","0.00","n/a","n/a","For metrics, refresh"
"enterprise software churn rate","=HYPERLINK(""https://smrs.toolsfrog.com/analytics/keywordoverview/?q=enterprise%20software%20churn%20rate&db=us"",""enterprise software churn rate​"")","n/a","n/a","0","0","","n/a","n/a","n/a","0.00","0.00","n/a","n/a","For metrics, refresh"
"enterprise software churn rates","=HYPERLINK(""https://smrs.toolsfrog.com/analytics/keywordoverview/?q=enterprise%20software%20churn%20rates&db=us"",""enterprise software churn rates​"")","n/a","n/a","0","0","","n/a","n/a","n/a","0.00","0.00","n/a","n/a","For metrics, refresh"
"eo entrepreneurs organization churn rate","=HYPERLINK(""https://smrs.toolsfrog.com/analytics/keywordoverview/?q=eo%20entrepreneurs%20organization%20churn%20rate&db=us"",""eo entrepreneurs organization churn rate​"")","n/a","n/a","0","0","","n/a","n/a","n/a","0.00","0.00","n/a","n/a","For metrics, refresh"
"equinix churn rate","=HYPERLINK(""https://smrs.toolsfrog.com/analytics/keywordoverview/?q=equinix%20churn%20rate&db=us"",""equinix churn rate​"")","n/a","n/a","0","0","","n/a","n/a","n/a","0.00","0.00","n/a","n/a","For metrics, refresh"
"estadísticas agencias marketing churn rate falta reportes automatizados","=HYPERLINK(""https://smrs.toolsfrog.com/analytics/keywordoverview/?q=estad%C3%ADsticas%20agencias%20marketing%20churn%20rate%20falta%20reportes%20automatizados&db=us"",""estadísticas agencias marketing churn rate falta reportes automatizados​"")","n/a","n/a","0","0","","n/a","n/a","n/a","0.00","0.00","n/a","n/a","For metrics, refresh"
"estadísticas churn rate empresas servicios falta seguimiento clientes","=HYPERLINK(""https://smrs.toolsfrog.com/analytics/keywordoverview/?q=estad%C3%ADsticas%20churn%20rate%20empresas%20servicios%20falta%20seguimiento%20clientes&db=us"",""estadísticas churn rate empresas servicios falta seguimiento clientes​"")","n/a","n/a","0","0","","n/a","n/a","n/a","0.00","0.00","n/a","n/a","For metrics, refresh"
"european natural gas churn rate","=HYPERLINK(""https://smrs.toolsfrog.com/analytics/keywordoverview/?q=european%20natural%20gas%20churn%20rate&db=us"",""european natural gas churn rate​"")","n/a","n/a","0","0","","n/a","n/a","n/a","0.00","0.00","n/a","n/a","For metrics, refresh"
"evaluate the loyalty programs company chckn on churn rate","=HYPERLINK(""https://smrs.toolsfrog.com/analytics/keywordoverview/?q=evaluate%20the%20loyalty%20programs%20company%20chckn%20on%20churn%20rate&db=us"",""evaluate the loyalty programs company chckn on churn rate​"")","n/a","n/a","0","0","","n/a","n/a","n/a","0.00","0.00","n/a","n/a","For metrics, refresh"
"everbridge churn rate","=HYPERLINK(""https://smrs.toolsfrog.com/analytics/keywordoverview/?q=everbridge%20churn%20rate&db=us"",""everbridge churn rate​"")","n/a","n/a","0","0","","n/a","n/a","n/a","0.00","0.00","n/a","n/a","For metrics, refresh"
"exaggerated churn rates","=HYPERLINK(""https://smrs.toolsfrog.com/analytics/keywordoverview/?q=exaggerated%20churn%20rates&db=us"",""exaggerated churn rates​"")","n/a","n/a","0","0","","n/a","n/a","n/a","0.00","0.00","n/a","n/a","For metrics, refresh"
"exceptionally low churn rate","=HYPERLINK(""https://smrs.toolsfrog.com/analytics/keywordoverview/?q=exceptionally%20low%20churn%20rate&db=us"",""exceptionally low churn rate​"")","n/a","n/a","0","0","","n/a","n/a","n/a","0.00","0.00","n/a","n/a","For metrics, refresh"
"expect higher churn rates","=HYPERLINK(""https://smrs.toolsfrog.com/analytics/keywordoverview/?q=expect%20higher%20churn%20rates&db=us"",""expect higher churn rates​"")","n/a","n/a","0","0","","n/a","n/a","n/a","0.00","0.00","n/a","n/a","For metrics, refresh"
"expected churn rate","=HYPERLINK(""https://smrs.toolsfrog.com/analytics/keywordoverview/?q=expected%20churn%20rate&db=us"",""expected churn rate​"")","n/a","n/a","0","0","","n/a","n/a","n/a","0.00","0.00","n/a","n/a","For metrics, refresh"
"expected churn rate for free fitness apps","=HYPERLINK(""https://smrs.toolsfrog.com/analytics/keywordoverview/?q=expected%20churn%20rate%20for%20free%20fitness%20apps&db=us"",""expected churn rate for free fitness apps​"")","n/a","n/a","0","0","","n/a","n/a","n/a","0.00","0.00","n/a","n/a","For metrics, refresh"
"expensive churn rate for companies","=HYPERLINK(""https://smrs.toolsfrog.com/analytics/keywordoverview/?q=expensive%20churn%20rate%20for%20companies&db=us"",""expensive churn rate for companies​"")","n/a","n/a","0","0","","n/a","n/a","n/a","0.00","0.00","n/a","n/a","For metrics, refresh"
"external churn rate","=HYPERLINK(""https://smrs.toolsfrog.com/analytics/keywordoverview/?q=external%20churn%20rate&db=us"",""external churn rate​"")","n/a","n/a","0","0","","n/a","n/a","n/a","0.00","0.00","n/a","n/a","For metrics, refresh"
"extremely low churn rates","=HYPERLINK(""https://smrs.toolsfrog.com/analytics/keywordoverview/?q=extremely%20low%20churn%20rates&db=us"",""extremely low churn rates​"")","n/a","n/a","0","0","","n/a","n/a","n/a","0.00","0.00","n/a","n/a","For metrics, refresh"
"facebook churn rate 2018","=HYPERLINK(""https://smrs.toolsfrog.com/analytics/keywordoverview/?q=facebook%20churn%20rate%202018&db=us"",""facebook churn rate 2018​"")","n/a","n/a","0","0","","n/a","n/a","n/a","0.00","0.00","n/a","n/a","For metrics, refresh"
"facebook employee churn rate","=HYPERLINK(""https://smrs.toolsfrog.com/analytics/keywordoverview/?q=facebook%20employee%20churn%20rate&db=us"",""facebook employee churn rate​"")","n/a","n/a","0","0","","n/a","n/a","n/a","0.00","0.00","n/a","n/a","For metrics, refresh"
"faces higher churn rates","=HYPERLINK(""https://smrs.toolsfrog.com/analytics/keywordoverview/?q=faces%20higher%20churn%20rates&db=us"",""faces higher churn rates​"")","n/a","n/a","0","0","","n/a","n/a","n/a","0.00","0.00","n/a","n/a","For metrics, refresh"
"factors affecting churn rate","=HYPERLINK(""https://smrs.toolsfrog.com/analytics/keywordoverview/?q=factors%20affecting%20churn%20rate&db=us"",""factors affecting churn rate​"")","n/a","n/a","0","0","","n/a","n/a","n/a","0.00","0.00","n/a","n/a","For metrics, refresh"
"fairly low churn rate","=HYPERLINK(""https://smrs.toolsfrog.com/analytics/keywordoverview/?q=fairly%20low%20churn%20rate&db=us"",""fairly low churn rate​"")","n/a","n/a","0","0","","n/a","n/a","n/a","0.00","0.00","n/a","n/a","For metrics, refresh"
"famously low churn rates","=HYPERLINK(""https://smrs.toolsfrog.com/analytics/keywordoverview/?q=famously%20low%20churn%20rates&db=us"",""famously low churn rates​"")","n/a","n/a","0","0","","n/a","n/a","n/a","0.00","0.00","n/a","n/a","For metrics, refresh"
"fight churn rates","=HYPERLINK(""https://smrs.toolsfrog.com/analytics/keywordoverview/?q=fight%20churn%20rates&db=us"",""fight churn rates​"")","n/a","n/a","0","0","","n/a","n/a","n/a","0.00","0.00","n/a","n/a","For metrics, refresh"
"finance churn rates","=HYPERLINK(""https://smrs.toolsfrog.com/analytics/keywordoverview/?q=finance%20churn%20rates&db=us"",""finance churn rates​"")","n/a","n/a","0","0","","n/a","n/a","n/a","0.00","0.00","n/a","n/a","For metrics, refresh"
"finance industry churn rate","=HYPERLINK(""https://smrs.toolsfrog.com/analytics/keywordoverview/?q=finance%20industry%20churn%20rate&db=us"",""finance industry churn rate​"")","n/a","n/a","0","0","","n/a","n/a","n/a","0.00","0.00","n/a","n/a","For metrics, refresh"
"finance industry churn rate monthly","=HYPERLINK(""https://smrs.toolsfrog.com/analytics/keywordoverview/?q=finance%20industry%20churn%20rate%20monthly&db=us"",""finance industry churn rate monthly​"")","n/a","n/a","0","0","","n/a","n/a","n/a","0.00","0.00","n/a","n/a","For metrics, refresh"
"financial industry churn rate","=HYPERLINK(""https://smrs.toolsfrog.com/analytics/keywordoverview/?q=financial%20industry%20churn%20rate&db=us"",""financial industry churn rate​"")","n/a","n/a","0","0","","n/a","n/a","n/a","0.00","0.00","n/a","n/a","For metrics, refresh"
"financial services churn rate","=HYPERLINK(""https://smrs.toolsfrog.com/analytics/keywordoverview/?q=financial%20services%20churn%20rate&db=us"",""financial services churn rate​"")","n/a","n/a","0","0","","n/a","n/a","n/a","0.00","0.00","n/a","n/a","For metrics, refresh"
"find churn rate recharge","=HYPERLINK(""https://smrs.toolsfrog.com/analytics/keywordoverview/?q=find%20churn%20rate%20recharge&db=us"",""find churn rate recharge​"")","n/a","n/a","0","0","","n/a","n/a","n/a","0.00","0.00","n/a","n/a","For metrics, refresh"
"finding the churn rate","=HYPERLINK(""https://smrs.toolsfrog.com/analytics/keywordoverview/?q=finding%20the%20churn%20rate&db=us"",""finding the churn rate​"")","n/a","n/a","0","0","","n/a","n/a","n/a","0.00","0.00","n/a","n/a","For metrics, refresh"
"finland broadband mobile security bundle churn rates","=HYPERLINK(""https://smrs.toolsfrog.com/analytics/keywordoverview/?q=finland%20broadband%20mobile%20security%20bundle%20churn%20rates&db=us"",""finland broadband mobile security bundle churn rates​"")","n/a","n/a","0","0","","n/a","n/a","n/a","0.00","0.00","n/a","n/a","For metrics, refresh"
"fintech churn rate","=HYPERLINK(""https://smrs.toolsfrog.com/analytics/keywordoverview/?q=fintech%20churn%20rate&db=us"",""fintech churn rate​"")","n/a","n/a","0","0","","n/a","n/a","n/a","0.00","0.00","n/a","n/a","For metrics, refresh"
"firebase churn rate","=HYPERLINK(""https://smrs.toolsfrog.com/analytics/keywordoverview/?q=firebase%20churn%20rate&db=us"",""firebase churn rate​"")","n/a","n/a","0","0","","n/a","n/a","n/a","0.00","0.00","n/a","n/a","For metrics, refresh"
"first premier bank delinquency rate churn rate","=HYPERLINK(""https://smrs.toolsfrog.com/analytics/keywordoverview/?q=first%20premier%20bank%20delinquency%20rate%20churn%20rate&db=us"",""first premier bank delinquency rate churn rate​"")","n/a","n/a","0","0","","n/a","n/a","n/a","0.00","0.00","n/a","n/a","For metrics, refresh"
"first watch restaurant group customer churn rate and retention 2025","=HYPERLINK(""https://smrs.toolsfrog.com/analytics/keywordoverview/?q=first%20watch%20restaurant%20group%20customer%20churn%20rate%20and%20retention%202025&db=us"",""first watch restaurant group customer churn rate and retention 2025​"")","n/a","n/a","0","0","","n/a","n/a","n/a","0.00","0.00","n/a","n/a","For metrics, refresh"
"first year business churn rate","=HYPERLINK(""https://smrs.toolsfrog.com/analytics/keywordoverview/?q=first%20year%20business%20churn%20rate&db=us"",""first year business churn rate​"")","n/a","n/a","0","0","","n/a","n/a","n/a","0.00","0.00","n/a","n/a","For metrics, refresh"
"fitness app churn rate","=HYPERLINK(""https://smrs.toolsfrog.com/analytics/keywordoverview/?q=fitness%20app%20churn%20rate&db=us"",""fitness app churn rate​"")","n/a","n/a","0","0","","n/a","n/a","n/a","0.00","0.00","n/a","n/a","For metrics, refresh"
"food service churn rate","=HYPERLINK(""https://smrs.toolsfrog.com/analytics/keywordoverview/?q=food%20service%20churn%20rate&db=us"",""food service churn rate​"")","n/a","n/a","0","0","","n/a","n/a","n/a","0.00","0.00","n/a","n/a","For metrics, refresh"
"food service customer churn rate","=HYPERLINK(""https://smrs.toolsfrog.com/analytics/keywordoverview/?q=food%20service%20customer%20churn%20rate&db=us"",""food service customer churn rate​"")","n/a","n/a","0","0","","n/a","n/a","n/a","0.00","0.00","n/a","n/a","For metrics, refresh"
"forbes 400 churn rate","=HYPERLINK(""https://smrs.toolsfrog.com/analytics/keywordoverview/?q=forbes%20400%20churn%20rate&db=us"",""forbes 400 churn rate​"")","n/a","n/a","0","0","","n/a","n/a","n/a","0.00","0.00","n/a","n/a","For metrics, refresh"
"forbes billionaire list churn rate","=HYPERLINK(""https://smrs.toolsfrog.com/analytics/keywordoverview/?q=forbes%20billionaire%20list%20churn%20rate&db=us"",""forbes billionaire list churn rate​"")","n/a","n/a","0","0","","n/a","n/a","n/a","0.00","0.00","n/a","n/a","For metrics, refresh"
"forbes billionaires list churn rate","=HYPERLINK(""https://smrs.toolsfrog.com/analytics/keywordoverview/?q=forbes%20billionaires%20list%20churn%20rate&db=us"",""forbes billionaires list churn rate​"")","n/a","n/a","0","0","","n/a","n/a","n/a","0.00","0.00","n/a","n/a","For metrics, refresh"
"formula churn rate in an app","=HYPERLINK(""https://smrs.toolsfrog.com/analytics/keywordoverview/?q=formula%20churn%20rate%20in%20an%20app&db=us"",""formula churn rate in an app​"")","n/a","n/a","0","0","","n/a","n/a","n/a","0.00","0.00","n/a","n/a","For metrics, refresh"
"formula for customer churn rate","=HYPERLINK(""https://smrs.toolsfrog.com/analytics/keywordoverview/?q=formula%20for%20customer%20churn%20rate&db=us"",""formula for customer churn rate​"")","n/a","n/a","0","0","","n/a","n/a","n/a","0.00","0.00","n/a","n/a","For metrics, refresh"
"formula for negative churn rate","=HYPERLINK(""https://smrs.toolsfrog.com/analytics/keywordoverview/?q=formula%20for%20negative%20churn%20rate&db=us"",""formula for negative churn rate​"")","n/a","n/a","0","0","","n/a","n/a","n/a","0.00","0.00","n/a","n/a","For metrics, refresh"
"formula the churn rate","=HYPERLINK(""https://smrs.toolsfrog.com/analytics/keywordoverview/?q=formula%20the%20churn%20rate&db=us"",""formula the churn rate​"")","n/a","n/a","0","0","","n/a","n/a","n/a","0.00","0.00","n/a","n/a","For metrics, refresh"
"formula to calculate churn rate","=HYPERLINK(""https://smrs.toolsfrog.com/analytics/keywordoverview/?q=formula%20to%20calculate%20churn%20rate&db=us"",""formula to calculate churn rate​"")","n/a","n/a","0","0","","n/a","n/a","n/a","0.00","0.00","n/a","n/a","For metrics, refresh"
"freedom mobile churn rate","=HYPERLINK(""https://smrs.toolsfrog.com/analytics/keywordoverview/?q=freedom%20mobile%20churn%20rate&db=us"",""freedom mobile churn rate​"")","n/a","n/a","0","0","","n/a","n/a","n/a","0.00","0.00","n/a","n/a","For metrics, refresh"
"freemium churn rate","=HYPERLINK(""https://smrs.toolsfrog.com/analytics/keywordoverview/?q=freemium%20churn%20rate&db=us"",""freemium churn rate​"")","n/a","n/a","0","0","","n/a","n/a","n/a","0.00","0.00","n/a","n/a","For metrics, refresh"
"freshpet customer churn rate compared to industry 2025","=HYPERLINK(""https://smrs.toolsfrog.com/analytics/keywordoverview/?q=freshpet%20customer%20churn%20rate%20compared%20to%20industry%202025&db=us"",""freshpet customer churn rate compared to industry 2025​"")","n/a","n/a","0","0","","n/a","n/a","n/a","0.00","0.00","n/a","n/a","For metrics, refresh"
"funko customer churn rate and retention 2025","=HYPERLINK(""https://smrs.toolsfrog.com/analytics/keywordoverview/?q=funko%20customer%20churn%20rate%20and%20retention%202025&db=us"",""funko customer churn rate and retention 2025​"")","n/a","n/a","0","0","","n/a","n/a","n/a","0.00","0.00","n/a","n/a","For metrics, refresh"
"game industry common churn rate","=HYPERLINK(""https://smrs.toolsfrog.com/analytics/keywordoverview/?q=game%20industry%20common%20churn%20rate&db=us"",""game industry common churn rate​"")","n/a","n/a","0","0","","n/a","n/a","n/a","0.00","0.00","n/a","n/a","For metrics, refresh"
"game industry common churn rate in different categories","=HYPERLINK(""https://smrs.toolsfrog.com/analytics/keywordoverview/?q=game%20industry%20common%20churn%20rate%20in%20different%20categories&db=us"",""game industry common churn rate in different categories​"")","n/a","n/a","0","0","","n/a","n/a","n/a","0.00","0.00","n/a","n/a","For metrics, refresh"
"gem rate database churn","=HYPERLINK(""https://smrs.toolsfrog.com/analytics/keywordoverview/?q=gem%20rate%20database%20churn&db=us"",""gem rate database churn​"")","n/a","n/a","0","0","","n/a","n/a","n/a","0.00","0.00","n/a","n/a","For metrics, refresh"
"generally lower churn rate","=HYPERLINK(""https://smrs.toolsfrog.com/analytics/keywordoverview/?q=generally%20lower%20churn%20rate&db=us"",""generally lower churn rate​"")","n/a","n/a","0","0","","n/a","n/a","n/a","0.00","0.00","n/a","n/a","For metrics, refresh"
"gitprime churn rate","=HYPERLINK(""https://smrs.toolsfrog.com/analytics/keywordoverview/?q=gitprime%20churn%20rate&db=us"",""gitprime churn rate​"")","n/a","n/a","0","0","","n/a","n/a","n/a","0.00","0.00","n/a","n/a","For metrics, refresh"
"give a life analogy for churn rate","=HYPERLINK(""https://smrs.toolsfrog.com/analytics/keywordoverview/?q=give%20a%20life%20analogy%20for%20churn%20rate&db=us"",""give a life analogy for churn rate​"")","n/a","n/a","0","0","","n/a","n/a","n/a","0.00","0.00","n/a","n/a","For metrics, refresh"
"global e online ltd customer churn rate and retention 2025","=HYPERLINK(""https://smrs.toolsfrog.com/analytics/keywordoverview/?q=global%20e%20online%20ltd%20customer%20churn%20rate%20and%20retention%202025&db=us"",""global e online ltd customer churn rate and retention 2025​"")","n/a","n/a","0","0","","n/a","n/a","n/a","0.00","0.00","n/a","n/a","For metrics, refresh"
"global-e online ltd customer churn rate and retention 2025","=HYPERLINK(""https://smrs.toolsfrog.com/analytics/keywordoverview/?q=global-e%20online%20ltd%20customer%20churn%20rate%20and%20retention%202025&db=us"",""global-e online ltd customer churn rate and retention 2025​"")","n/a","n/a","0","0","","n/a","n/a","n/a","0.00","0.00","n/a","n/a","For metrics, refresh"
"good churn rate agency","=HYPERLINK(""https://smrs.toolsfrog.com/analytics/keywordoverview/?q=good%20churn%20rate%20agency&db=us"",""good churn rate agency​"")","n/a","n/a","0","0","","n/a","n/a","n/a","0.00","0.00","n/a","n/a","For metrics, refresh"
"good churn rate b2b saas monthly","=HYPERLINK(""https://smrs.toolsfrog.com/analytics/keywordoverview/?q=good%20churn%20rate%20b2b%20saas%20monthly&db=us"",""good churn rate b2b saas monthly​"")","n/a","n/a","0","0","","n/a","n/a","n/a","0.00","0.00","n/a","n/a","For metrics, refresh"
"good churn rate enterprise saas monthly","=HYPERLINK(""https://smrs.toolsfrog.com/analytics/keywordoverview/?q=good%20churn%20rate%20enterprise%20saas%20monthly&db=us"",""good churn rate enterprise saas monthly​"")","n/a","n/a","0","0","","n/a","n/a","n/a","0.00","0.00","n/a","n/a","For metrics, refresh"
"good churn rate enterprise software monthly","=HYPERLINK(""https://smrs.toolsfrog.com/analytics/keywordoverview/?q=good%20churn%20rate%20enterprise%20software%20monthly&db=us"",""good churn rate enterprise software monthly​"")","n/a","n/a","0","0","","n/a","n/a","n/a","0.00","0.00","n/a","n/a","For metrics, refresh"
"good churn rates","=HYPERLINK(""https://smrs.toolsfrog.com/analytics/keywordoverview/?q=good%20churn%20rates&db=us"",""good churn rates​"")","n/a","n/a","0","0","","n/a","n/a","n/a","0.00","0.00","n/a","n/a","For metrics, refresh"
"good churn rates for service industry","=HYPERLINK(""https://smrs.toolsfrog.com/analytics/keywordoverview/?q=good%20churn%20rates%20for%20service%20industry&db=us"",""good churn rates for service industry​"")","n/a","n/a","0","0","","n/a","n/a","n/a","0.00","0.00","n/a","n/a","For metrics, refresh"
"good churn rates saas","=HYPERLINK(""https://smrs.toolsfrog.com/analytics/keywordoverview/?q=good%20churn%20rates%20saas&db=us"",""good churn rates saas​"")","n/a","n/a","0","0","","n/a","n/a","n/a","0.00","0.00","n/a","n/a","For metrics, refresh"
"good monthly churn rate","=HYPERLINK(""https://smrs.toolsfrog.com/analytics/keywordoverview/?q=good%20monthly%20churn%20rate&db=us"",""good monthly churn rate​"")","n/a","n/a","0","0","","n/a","n/a","n/a","0.00","0.00","n/a","n/a","For metrics, refresh"
"good monthly churn rate enterprise saas","=HYPERLINK(""https://smrs.toolsfrog.com/analytics/keywordoverview/?q=good%20monthly%20churn%20rate%20enterprise%20saas&db=us"",""good monthly churn rate enterprise saas​"")","n/a","n/a","0","0","","n/a","n/a","n/a","0.00","0.00","n/a","n/a","For metrics, refresh"
"good monthly churn rate saas","=HYPERLINK(""https://smrs.toolsfrog.com/analytics/keywordoverview/?q=good%20monthly%20churn%20rate%20saas&db=us"",""good monthly churn rate saas​"")","n/a","n/a","0","0","","n/a","n/a","n/a","0.00","0.00","n/a","n/a","For metrics, refresh"
"google ananytics churn rate","=HYPERLINK(""https://smrs.toolsfrog.com/analytics/keywordoverview/?q=google%20ananytics%20churn%20rate&db=us"",""google ananytics churn rate​"")","n/a","n/a","0","0","","n/a","n/a","n/a","0.00","0.00","n/a","n/a","For metrics, refresh"
"google meet churn rate","=HYPERLINK(""https://smrs.toolsfrog.com/analytics/keywordoverview/?q=google%20meet%20churn%20rate&db=us"",""google meet churn rate​"")","n/a","n/a","0","0","","n/a","n/a","n/a","0.00","0.00","n/a","n/a","For metrics, refresh"
"greatest churn rate exposure","=HYPERLINK(""https://smrs.toolsfrog.com/analytics/keywordoverview/?q=greatest%20churn%20rate%20exposure&db=us"",""greatest churn rate exposure​"")","n/a","n/a","0","0","","n/a","n/a","n/a","0.00","0.00","n/a","n/a","For metrics, refresh"
"grocery outlet customer churn rate and retention 2025","=HYPERLINK(""https://smrs.toolsfrog.com/analytics/keywordoverview/?q=grocery%20outlet%20customer%20churn%20rate%20and%20retention%202025&db=us"",""grocery outlet customer churn rate and retention 2025​"")","n/a","n/a","0","0","","n/a","n/a","n/a","0.00","0.00","n/a","n/a","For metrics, refresh"
"gross adds churn rate","=HYPERLINK(""https://smrs.toolsfrog.com/analytics/keywordoverview/?q=gross%20adds%20churn%20rate&db=us"",""gross adds churn rate​"")","n/a","n/a","0","0","","n/a","n/a","n/a","0.00","0.00","n/a","n/a","For metrics, refresh"
"gross churn rate calculation","=HYPERLINK(""https://smrs.toolsfrog.com/analytics/keywordoverview/?q=gross%20churn%20rate%20calculation&db=us"",""gross churn rate calculation​"")","n/a","n/a","0","0","","n/a","n/a","n/a","0.00","0.00","n/a","n/a","For metrics, refresh"
"gross churn rate formula","=HYPERLINK(""https://smrs.toolsfrog.com/analytics/keywordoverview/?q=gross%20churn%20rate%20formula&db=us"",""gross churn rate formula​"")","n/a","n/a","0","0","","n/a","n/a","n/a","0.00","0.00","n/a","n/a","For metrics, refresh"
"group 1 automotive customer churn rate and retention 2025","=HYPERLINK(""https://smrs.toolsfrog.com/analytics/keywordoverview/?q=group%201%20automotive%20customer%20churn%20rate%20and%20retention%202025&db=us"",""group 1 automotive customer churn rate and retention 2025​"")","n/a","n/a","0","0","","n/a","n/a","n/a","0.00","0.00","n/a","n/a","For metrics, refresh"
"growth rate exclude churned users definition","=HYPERLINK(""https://smrs.toolsfrog.com/analytics/keywordoverview/?q=growth%20rate%20exclude%20churned%20users%20definition&db=us"",""growth rate exclude churned users definition​"")","n/a","n/a","0","0","","n/a","n/a","n/a","0.00","0.00","n/a","n/a","For metrics, refresh"
"grubhub churn rate","=HYPERLINK(""https://smrs.toolsfrog.com/analytics/keywordoverview/?q=grubhub%20churn%20rate&db=us"",""grubhub churn rate​"")","n/a","n/a","0","0","","n/a","n/a","n/a","0.00","0.00","n/a","n/a","For metrics, refresh"
"gym churn rates","=HYPERLINK(""https://smrs.toolsfrog.com/analytics/keywordoverview/?q=gym%20churn%20rates&db=us"",""gym churn rates​"")","n/a","n/a","0","0","","n/a","n/a","n/a","0.00","0.14","n/a","n/a","For metrics, refresh"
"gym membership churn rate","=HYPERLINK(""https://smrs.toolsfrog.com/analytics/keywordoverview/?q=gym%20membership%20churn%20rate&db=us"",""gym membership churn rate​"")","n/a","n/a","0","0","","n/a","n/a","n/a","0.00","0.00","n/a","n/a","For metrics, refresh"
"gym membership churn rates","=HYPERLINK(""https://smrs.toolsfrog.com/analytics/keywordoverview/?q=gym%20membership%20churn%20rates&db=us"",""gym membership churn rates​"")","n/a","n/a","0","0","","n/a","n/a","n/a","0.00","0.00","n/a","n/a","For metrics, refresh"
"hbo churn rate","=HYPERLINK(""https://smrs.toolsfrog.com/analytics/keywordoverview/?q=hbo%20churn%20rate&db=us"",""hbo churn rate​"")","n/a","n/a","0","0","","n/a","n/a","n/a","0.00","0.00","n/a","n/a","For metrics, refresh"
"hbo max churn rate","=HYPERLINK(""https://smrs.toolsfrog.com/analytics/keywordoverview/?q=hbo%20max%20churn%20rate&db=us"",""hbo max churn rate​"")","n/a","n/a","0","0","","n/a","n/a","n/a","0.00","0.00","n/a","n/a","For metrics, refresh"
"headspace churn rate","=HYPERLINK(""https://smrs.toolsfrog.com/analytics/keywordoverview/?q=headspace%20churn%20rate&db=us"",""headspace churn rate​"")","n/a","n/a","0","0","","n/a","n/a","n/a","0.00","0.00","n/a","n/a","For metrics, refresh"
"healthcare call centers customer churn rate","=HYPERLINK(""https://smrs.toolsfrog.com/analytics/keywordoverview/?q=healthcare%20call%20centers%20customer%20churn%20rate&db=us"",""healthcare call centers customer churn rate​"")","n/a","n/a","0","0","","n/a","n/a","n/a","0.00","0.00","n/a","n/a","For metrics, refresh"
"healthy monthly churn rate","=HYPERLINK(""https://smrs.toolsfrog.com/analytics/keywordoverview/?q=healthy%20monthly%20churn%20rate&db=us"",""healthy monthly churn rate​"")","n/a","n/a","0","0","","n/a","n/a","n/a","0.00","0.00","n/a","n/a","For metrics, refresh"
"healthy mrr growth rate churn rate expansion revenue saas benchmarks","=HYPERLINK(""https://smrs.toolsfrog.com/analytics/keywordoverview/?q=healthy%20mrr%20growth%20rate%20churn%20rate%20expansion%20revenue%20saas%20benchmarks&db=us"",""healthy mrr growth rate churn rate expansion revenue saas benchmarks​"")","n/a","n/a","0","0","","n/a","n/a","n/a","0.00","0.00","n/a","n/a","For metrics, refresh"
"helen of troy customer churn rate and retention 2025","=HYPERLINK(""https://smrs.toolsfrog.com/analytics/keywordoverview/?q=helen%20of%20troy%20customer%20churn%20rate%20and%20retention%202025&db=us"",""helen of troy customer churn rate and retention 2025​"")","n/a","n/a","0","0","","n/a","n/a","n/a","0.00","0.00","n/a","n/a","For metrics, refresh"
"hellofresh churn rates","=HYPERLINK(""https://smrs.toolsfrog.com/analytics/keywordoverview/?q=hellofresh%20churn%20rates&db=us"",""hellofresh churn rates​"")","n/a","n/a","0","0","","n/a","n/a","n/a","0.00","0.00","n/a","n/a","For metrics, refresh"
"high churn rate compared","=HYPERLINK(""https://smrs.toolsfrog.com/analytics/keywordoverview/?q=high%20churn%20rate%20compared&db=us"",""high churn rate compared​"")","n/a","n/a","0","0","","n/a","n/a","n/a","0.00","0.00","n/a","n/a","For metrics, refresh"
"high churn rate definition","=HYPERLINK(""https://smrs.toolsfrog.com/analytics/keywordoverview/?q=high%20churn%20rate%20definition&db=us"",""high churn rate definition​"")","n/a","n/a","0","0","","n/a","n/a","n/a","0.00","0.00","n/a","n/a","For metrics, refresh"
"high churn rate example","=HYPERLINK(""https://smrs.toolsfrog.com/analytics/keywordoverview/?q=high%20churn%20rate%20example&db=us"",""high churn rate example​"")","n/a","n/a","0","0","","n/a","n/a","n/a","0.00","0.00","n/a","n/a","For metrics, refresh"
"high churn rate industries","=HYPERLINK(""https://smrs.toolsfrog.com/analytics/keywordoverview/?q=high%20churn%20rate%20industries&db=us"",""high churn rate industries​"")","n/a","n/a","0","0","","n/a","n/a","n/a","0.00","0.00","n/a","n/a","For metrics, refresh"
"high churn rate may be a result of a firm","=HYPERLINK(""https://smrs.toolsfrog.com/analytics/keywordoverview/?q=high%20churn%20rate%20may%20be%20a%20result%20of%20a%20firm&db=us"",""high churn rate may be a result of a firm​"")","n/a","n/a","0","0","","n/a","n/a","n/a","0.00","0.00","n/a","n/a","For metrics, refresh"
"high churn rate results","=HYPERLINK(""https://smrs.toolsfrog.com/analytics/keywordoverview/?q=high%20churn%20rate%20results&db=us"",""high churn rate results​"")","n/a","n/a","0","0","","n/a","n/a","n/a","0.00","0.00","n/a","n/a","For metrics, refresh"
"high churn rate traduction","=HYPERLINK(""https://smrs.toolsfrog.com/analytics/keywordoverview/?q=high%20churn%20rate%20traduction&db=us"",""high churn rate traduction​"")","n/a","n/a","0","0","","n/a","n/a","n/a","0.00","0.00","n/a","n/a","For metrics, refresh"
"high churn rate translate","=HYPERLINK(""https://smrs.toolsfrog.com/analytics/keywordoverview/?q=high%20churn%20rate%20translate&db=us"",""high churn rate translate​"")","n/a","n/a","0","0","","n/a","n/a","n/a","0.00","0.00","n/a","n/a","For metrics, refresh"
"high churn rate 意思","=HYPERLINK(""https://smrs.toolsfrog.com/analytics/keywordoverview/?q=high%20churn%20rate%20%E6%84%8F%E6%80%9D&db=us"",""high churn rate 意思​"")","n/a","n/a","0","0","","n/a","n/a","n/a","0.00","0.00","n/a","n/a","For metrics, refresh"
"high churn rates affect on a customers lifetime value","=HYPERLINK(""https://smrs.toolsfrog.com/analytics/keywordoverview/?q=high%20churn%20rates%20affect%20on%20a%20customers%20lifetime%20value&db=us"",""high churn rates affect on a customers lifetime value​"")","n/a","n/a","0","0","","n/a","n/a","n/a","0.00","0.00","n/a","n/a","For metrics, refresh"
"high churn rates definition","=HYPERLINK(""https://smrs.toolsfrog.com/analytics/keywordoverview/?q=high%20churn%20rates%20definition&db=us"",""high churn rates definition​"")","n/a","n/a","0","0","","n/a","n/a","n/a","0.00","0.00","n/a","n/a","For metrics, refresh"
"high implied churn rates","=HYPERLINK(""https://smrs.toolsfrog.com/analytics/keywordoverview/?q=high%20implied%20churn%20rates&db=us"",""high implied churn rates​"")","n/a","n/a","0","0","","n/a","n/a","n/a","0.00","0.00","n/a","n/a","For metrics, refresh"
"high product churn rate","=HYPERLINK(""https://smrs.toolsfrog.com/analytics/keywordoverview/?q=high%20product%20churn%20rate&db=us"",""high product churn rate​"")","n/a","n/a","0","0","","n/a","n/a","n/a","0.00","0.00","n/a","n/a","For metrics, refresh"
"higher average churn rate","=HYPERLINK(""https://smrs.toolsfrog.com/analytics/keywordoverview/?q=higher%20average%20churn%20rate&db=us"",""higher average churn rate​"")","n/a","n/a","0","0","","n/a","n/a","n/a","0.00","0.00","n/a","n/a","For metrics, refresh"
"higher churn rates","=HYPERLINK(""https://smrs.toolsfrog.com/analytics/keywordoverview/?q=higher%20churn%20rates&db=us"",""higher churn rates​"")","n/a","n/a","0","0","","n/a","n/a","n/a","0.00","0.00","n/a","n/a","For metrics, refresh"
"higher customer churn rates","=HYPERLINK(""https://smrs.toolsfrog.com/analytics/keywordoverview/?q=higher%20customer%20churn%20rates&db=us"",""higher customer churn rates​"")","n/a","n/a","0","0","","n/a","n/a","n/a","0.00","0.00","n/a","n/a","For metrics, refresh"
"higher natural churn rate","=HYPERLINK(""https://smrs.toolsfrog.com/analytics/keywordoverview/?q=higher%20natural%20churn%20rate&db=us"",""higher natural churn rate​"")","n/a","n/a","0","0","","n/a","n/a","n/a","0.00","0.00","n/a","n/a","For metrics, refresh"
"highest churn rate industrie","=HYPERLINK(""https://smrs.toolsfrog.com/analytics/keywordoverview/?q=highest%20churn%20rate%20industrie&db=us"",""highest churn rate industrie​"")","n/a","n/a","0","0","","n/a","n/a","n/a","0.00","0.00","n/a","n/a","For metrics, refresh"
"highest churn rates tools software midsize businesses","=HYPERLINK(""https://smrs.toolsfrog.com/analytics/keywordoverview/?q=highest%20churn%20rates%20tools%20software%20midsize%20businesses&db=us"",""highest churn rates tools software midsize businesses​"")","n/a","n/a","0","0","","n/a","n/a","n/a","0.00","0.00","n/a","n/a","For metrics, refresh"
"hims churn rate","=HYPERLINK(""https://smrs.toolsfrog.com/analytics/keywordoverview/?q=hims%20churn%20rate&db=us"",""hims churn rate​"")","n/a","n/a","0","0","","n/a","n/a","n/a","0.00","0.00","n/a","n/a","For metrics, refresh"
"historical churn rate","=HYPERLINK(""https://smrs.toolsfrog.com/analytics/keywordoverview/?q=historical%20churn%20rate&db=us"",""historical churn rate​"")","n/a","n/a","0","0","","n/a","n/a","n/a","0.00","0.00","n/a","n/a","For metrics, refresh"
"home depot customer churn rate and retention 2025","=HYPERLINK(""https://smrs.toolsfrog.com/analytics/keywordoverview/?q=home%20depot%20customer%20churn%20rate%20and%20retention%202025&db=us"",""home depot customer churn rate and retention 2025​"")","n/a","n/a","0","0","","n/a","n/a","n/a","0.00","0.00","n/a","n/a","For metrics, refresh"
"home depot customer churn rate compared to industry 2025","=HYPERLINK(""https://smrs.toolsfrog.com/analytics/keywordoverview/?q=home%20depot%20customer%20churn%20rate%20compared%20to%20industry%202025&db=us"",""home depot customer churn rate compared to industry 2025​"")","n/a","n/a","0","0","","n/a","n/a","n/a","0.00","0.00","n/a","n/a","For metrics, refresh"