"Select all keywords","Keyword","Intent","Relevance","Related %","Volume","Trend","Pot. Traffic","PKD %","KD %","CPC (USD)","Com.","SF","Results","Updated"
"expensive churn rate for companies","=HYPERLINK(""https://smrs.toolsfrog.com/analytics/keywordoverview/?q=expensive%20churn%20rate%20for%20companies&db=us"",""expensive churn rate for companies​"")","n/a","n/a","0","0","","n/a","n/a","n/a","0.00","0.00","n/a","n/a","For metrics, refresh"
"external churn rate","=HYPERLINK(""https://smrs.toolsfrog.com/analytics/keywordoverview/?q=external%20churn%20rate&db=us"",""external churn rate​"")","n/a","n/a","0","0","","n/a","n/a","n/a","0.00","0.00","n/a","n/a","For metrics, refresh"
"extremely low churn rates","=HYPERLINK(""https://smrs.toolsfrog.com/analytics/keywordoverview/?q=extremely%20low%20churn%20rates&db=us"",""extremely low churn rates​"")","n/a","n/a","0","0","","n/a","n/a","n/a","0.00","0.00","n/a","n/a","For metrics, refresh"
"facebook churn rate 2018","=HYPERLINK(""https://smrs.toolsfrog.com/analytics/keywordoverview/?q=facebook%20churn%20rate%202018&db=us"",""facebook churn rate 2018​"")","n/a","n/a","0","0","","n/a","n/a","n/a","0.00","0.00","n/a","n/a","For metrics, refresh"
"facebook employee churn rate","=HYPERLINK(""https://smrs.toolsfrog.com/analytics/keywordoverview/?q=facebook%20employee%20churn%20rate&db=us"",""facebook employee churn rate​"")","n/a","n/a","0","0","","n/a","n/a","n/a","0.00","0.00","n/a","n/a","For metrics, refresh"
"faces higher churn rates","=HYPERLINK(""https://smrs.toolsfrog.com/analytics/keywordoverview/?q=faces%20higher%20churn%20rates&db=us"",""faces higher churn rates​"")","n/a","n/a","0","0","","n/a","n/a","n/a","0.00","0.00","n/a","n/a","For metrics, refresh"
"factors affecting churn rate","=HYPERLINK(""https://smrs.toolsfrog.com/analytics/keywordoverview/?q=factors%20affecting%20churn%20rate&db=us"",""factors affecting churn rate​"")","n/a","n/a","0","0","","n/a","n/a","n/a","0.00","0.00","n/a","n/a","For metrics, refresh"
"fairly low churn rate","=HYPERLINK(""https://smrs.toolsfrog.com/analytics/keywordoverview/?q=fairly%20low%20churn%20rate&db=us"",""fairly low churn rate​"")","n/a","n/a","0","0","","n/a","n/a","n/a","0.00","0.00","n/a","n/a","For metrics, refresh"
"famously low churn rates","=HYPERLINK(""https://smrs.toolsfrog.com/analytics/keywordoverview/?q=famously%20low%20churn%20rates&db=us"",""famously low churn rates​"")","n/a","n/a","0","0","","n/a","n/a","n/a","0.00","0.00","n/a","n/a","For metrics, refresh"
"fight churn rates","=HYPERLINK(""https://smrs.toolsfrog.com/analytics/keywordoverview/?q=fight%20churn%20rates&db=us"",""fight churn rates​"")","n/a","n/a","0","0","","n/a","n/a","n/a","0.00","0.00","n/a","n/a","For metrics, refresh"
"finance churn rates","=HYPERLINK(""https://smrs.toolsfrog.com/analytics/keywordoverview/?q=finance%20churn%20rates&db=us"",""finance churn rates​"")","n/a","n/a","0","0","","n/a","n/a","n/a","0.00","0.00","n/a","n/a","For metrics, refresh"
"finance industry churn rate","=HYPERLINK(""https://smrs.toolsfrog.com/analytics/keywordoverview/?q=finance%20industry%20churn%20rate&db=us"",""finance industry churn rate​"")","n/a","n/a","0","0","","n/a","n/a","n/a","0.00","0.00","n/a","n/a","For metrics, refresh"
"finance industry churn rate monthly","=HYPERLINK(""https://smrs.toolsfrog.com/analytics/keywordoverview/?q=finance%20industry%20churn%20rate%20monthly&db=us"",""finance industry churn rate monthly​"")","n/a","n/a","0","0","","n/a","n/a","n/a","0.00","0.00","n/a","n/a","For metrics, refresh"
"financial industry churn rate","=HYPERLINK(""https://smrs.toolsfrog.com/analytics/keywordoverview/?q=financial%20industry%20churn%20rate&db=us"",""financial industry churn rate​"")","n/a","n/a","0","0","","n/a","n/a","n/a","0.00","0.00","n/a","n/a","For metrics, refresh"
"financial services churn rate","=HYPERLINK(""https://smrs.toolsfrog.com/analytics/keywordoverview/?q=financial%20services%20churn%20rate&db=us"",""financial services churn rate​"")","n/a","n/a","0","0","","n/a","n/a","n/a","0.00","0.00","n/a","n/a","For metrics, refresh"
"find churn rate recharge","=HYPERLINK(""https://smrs.toolsfrog.com/analytics/keywordoverview/?q=find%20churn%20rate%20recharge&db=us"",""find churn rate recharge​"")","n/a","n/a","0","0","","n/a","n/a","n/a","0.00","0.00","n/a","n/a","For metrics, refresh"
"finding the churn rate","=HYPERLINK(""https://smrs.toolsfrog.com/analytics/keywordoverview/?q=finding%20the%20churn%20rate&db=us"",""finding the churn rate​"")","n/a","n/a","0","0","","n/a","n/a","n/a","0.00","0.00","n/a","n/a","For metrics, refresh"
"finland broadband mobile security bundle churn rates","=HYPERLINK(""https://smrs.toolsfrog.com/analytics/keywordoverview/?q=finland%20broadband%20mobile%20security%20bundle%20churn%20rates&db=us"",""finland broadband mobile security bundle churn rates​"")","n/a","n/a","0","0","","n/a","n/a","n/a","0.00","0.00","n/a","n/a","For metrics, refresh"
"fintech churn rate","=HYPERLINK(""https://smrs.toolsfrog.com/analytics/keywordoverview/?q=fintech%20churn%20rate&db=us"",""fintech churn rate​"")","n/a","n/a","0","0","","n/a","n/a","n/a","0.00","0.00","n/a","n/a","For metrics, refresh"
"firebase churn rate","=HYPERLINK(""https://smrs.toolsfrog.com/analytics/keywordoverview/?q=firebase%20churn%20rate&db=us"",""firebase churn rate​"")","n/a","n/a","0","0","","n/a","n/a","n/a","0.00","0.00","n/a","n/a","For metrics, refresh"
"first premier bank delinquency rate churn rate","=HYPERLINK(""https://smrs.toolsfrog.com/analytics/keywordoverview/?q=first%20premier%20bank%20delinquency%20rate%20churn%20rate&db=us"",""first premier bank delinquency rate churn rate​"")","n/a","n/a","0","0","","n/a","n/a","n/a","0.00","0.00","n/a","n/a","For metrics, refresh"
"first watch restaurant group customer churn rate and retention 2025","=HYPERLINK(""https://smrs.toolsfrog.com/analytics/keywordoverview/?q=first%20watch%20restaurant%20group%20customer%20churn%20rate%20and%20retention%202025&db=us"",""first watch restaurant group customer churn rate and retention 2025​"")","n/a","n/a","0","0","","n/a","n/a","n/a","0.00","0.00","n/a","n/a","For metrics, refresh"
"first year business churn rate","=HYPERLINK(""https://smrs.toolsfrog.com/analytics/keywordoverview/?q=first%20year%20business%20churn%20rate&db=us"",""first year business churn rate​"")","n/a","n/a","0","0","","n/a","n/a","n/a","0.00","0.00","n/a","n/a","For metrics, refresh"
"fitness app churn rate","=HYPERLINK(""https://smrs.toolsfrog.com/analytics/keywordoverview/?q=fitness%20app%20churn%20rate&db=us"",""fitness app churn rate​"")","n/a","n/a","0","0","","n/a","n/a","n/a","0.00","0.00","n/a","n/a","For metrics, refresh"
"food service churn rate","=HYPERLINK(""https://smrs.toolsfrog.com/analytics/keywordoverview/?q=food%20service%20churn%20rate&db=us"",""food service churn rate​"")","n/a","n/a","0","0","","n/a","n/a","n/a","0.00","0.00","n/a","n/a","For metrics, refresh"
"food service customer churn rate","=HYPERLINK(""https://smrs.toolsfrog.com/analytics/keywordoverview/?q=food%20service%20customer%20churn%20rate&db=us"",""food service customer churn rate​"")","n/a","n/a","0","0","","n/a","n/a","n/a","0.00","0.00","n/a","n/a","For metrics, refresh"
"forbes 400 churn rate","=HYPERLINK(""https://smrs.toolsfrog.com/analytics/keywordoverview/?q=forbes%20400%20churn%20rate&db=us"",""forbes 400 churn rate​"")","n/a","n/a","0","0","","n/a","n/a","n/a","0.00","0.00","n/a","n/a","For metrics, refresh"
"forbes billionaire list churn rate","=HYPERLINK(""https://smrs.toolsfrog.com/analytics/keywordoverview/?q=forbes%20billionaire%20list%20churn%20rate&db=us"",""forbes billionaire list churn rate​"")","n/a","n/a","0","0","","n/a","n/a","n/a","0.00","0.00","n/a","n/a","For metrics, refresh"
"forbes billionaires list churn rate","=HYPERLINK(""https://smrs.toolsfrog.com/analytics/keywordoverview/?q=forbes%20billionaires%20list%20churn%20rate&db=us"",""forbes billionaires list churn rate​"")","n/a","n/a","0","0","","n/a","n/a","n/a","0.00","0.00","n/a","n/a","For metrics, refresh"
"formula churn rate in an app","=HYPERLINK(""https://smrs.toolsfrog.com/analytics/keywordoverview/?q=formula%20churn%20rate%20in%20an%20app&db=us"",""formula churn rate in an app​"")","n/a","n/a","0","0","","n/a","n/a","n/a","0.00","0.00","n/a","n/a","For metrics, refresh"
"formula for customer churn rate","=HYPERLINK(""https://smrs.toolsfrog.com/analytics/keywordoverview/?q=formula%20for%20customer%20churn%20rate&db=us"",""formula for customer churn rate​"")","n/a","n/a","0","0","","n/a","n/a","n/a","0.00","0.00","n/a","n/a","For metrics, refresh"
"formula for negative churn rate","=HYPERLINK(""https://smrs.toolsfrog.com/analytics/keywordoverview/?q=formula%20for%20negative%20churn%20rate&db=us"",""formula for negative churn rate​"")","n/a","n/a","0","0","","n/a","n/a","n/a","0.00","0.00","n/a","n/a","For metrics, refresh"
"formula the churn rate","=HYPERLINK(""https://smrs.toolsfrog.com/analytics/keywordoverview/?q=formula%20the%20churn%20rate&db=us"",""formula the churn rate​"")","n/a","n/a","0","0","","n/a","n/a","n/a","0.00","0.00","n/a","n/a","For metrics, refresh"
"formula to calculate churn rate","=HYPERLINK(""https://smrs.toolsfrog.com/analytics/keywordoverview/?q=formula%20to%20calculate%20churn%20rate&db=us"",""formula to calculate churn rate​"")","n/a","n/a","0","0","","n/a","n/a","n/a","0.00","0.00","n/a","n/a","For metrics, refresh"
"freedom mobile churn rate","=HYPERLINK(""https://smrs.toolsfrog.com/analytics/keywordoverview/?q=freedom%20mobile%20churn%20rate&db=us"",""freedom mobile churn rate​"")","n/a","n/a","0","0","","n/a","n/a","n/a","0.00","0.00","n/a","n/a","For metrics, refresh"
"freemium churn rate","=HYPERLINK(""https://smrs.toolsfrog.com/analytics/keywordoverview/?q=freemium%20churn%20rate&db=us"",""freemium churn rate​"")","n/a","n/a","0","0","","n/a","n/a","n/a","0.00","0.00","n/a","n/a","For metrics, refresh"
"freshpet customer churn rate compared to industry 2025","=HYPERLINK(""https://smrs.toolsfrog.com/analytics/keywordoverview/?q=freshpet%20customer%20churn%20rate%20compared%20to%20industry%202025&db=us"",""freshpet customer churn rate compared to industry 2025​"")","n/a","n/a","0","0","","n/a","n/a","n/a","0.00","0.00","n/a","n/a","For metrics, refresh"
"funko customer churn rate and retention 2025","=HYPERLINK(""https://smrs.toolsfrog.com/analytics/keywordoverview/?q=funko%20customer%20churn%20rate%20and%20retention%202025&db=us"",""funko customer churn rate and retention 2025​"")","n/a","n/a","0","0","","n/a","n/a","n/a","0.00","0.00","n/a","n/a","For metrics, refresh"
"game industry common churn rate","=HYPERLINK(""https://smrs.toolsfrog.com/analytics/keywordoverview/?q=game%20industry%20common%20churn%20rate&db=us"",""game industry common churn rate​"")","n/a","n/a","0","0","","n/a","n/a","n/a","0.00","0.00","n/a","n/a","For metrics, refresh"
"game industry common churn rate in different categories","=HYPERLINK(""https://smrs.toolsfrog.com/analytics/keywordoverview/?q=game%20industry%20common%20churn%20rate%20in%20different%20categories&db=us"",""game industry common churn rate in different categories​"")","n/a","n/a","0","0","","n/a","n/a","n/a","0.00","0.00","n/a","n/a","For metrics, refresh"
"gem rate database churn","=HYPERLINK(""https://smrs.toolsfrog.com/analytics/keywordoverview/?q=gem%20rate%20database%20churn&db=us"",""gem rate database churn​"")","n/a","n/a","0","0","","n/a","n/a","n/a","0.00","0.00","n/a","n/a","For metrics, refresh"
"generally lower churn rate","=HYPERLINK(""https://smrs.toolsfrog.com/analytics/keywordoverview/?q=generally%20lower%20churn%20rate&db=us"",""generally lower churn rate​"")","n/a","n/a","0","0","","n/a","n/a","n/a","0.00","0.00","n/a","n/a","For metrics, refresh"
"gitprime churn rate","=HYPERLINK(""https://smrs.toolsfrog.com/analytics/keywordoverview/?q=gitprime%20churn%20rate&db=us"",""gitprime churn rate​"")","n/a","n/a","0","0","","n/a","n/a","n/a","0.00","0.00","n/a","n/a","For metrics, refresh"
"give a life analogy for churn rate","=HYPERLINK(""https://smrs.toolsfrog.com/analytics/keywordoverview/?q=give%20a%20life%20analogy%20for%20churn%20rate&db=us"",""give a life analogy for churn rate​"")","n/a","n/a","0","0","","n/a","n/a","n/a","0.00","0.00","n/a","n/a","For metrics, refresh"
"global e online ltd customer churn rate and retention 2025","=HYPERLINK(""https://smrs.toolsfrog.com/analytics/keywordoverview/?q=global%20e%20online%20ltd%20customer%20churn%20rate%20and%20retention%202025&db=us"",""global e online ltd customer churn rate and retention 2025​"")","n/a","n/a","0","0","","n/a","n/a","n/a","0.00","0.00","n/a","n/a","For metrics, refresh"
"global-e online ltd customer churn rate and retention 2025","=HYPERLINK(""https://smrs.toolsfrog.com/analytics/keywordoverview/?q=global-e%20online%20ltd%20customer%20churn%20rate%20and%20retention%202025&db=us"",""global-e online ltd customer churn rate and retention 2025​"")","n/a","n/a","0","0","","n/a","n/a","n/a","0.00","0.00","n/a","n/a","For metrics, refresh"
"good churn rate agency","=HYPERLINK(""https://smrs.toolsfrog.com/analytics/keywordoverview/?q=good%20churn%20rate%20agency&db=us"",""good churn rate agency​"")","n/a","n/a","0","0","","n/a","n/a","n/a","0.00","0.00","n/a","n/a","For metrics, refresh"
"good churn rate b2b saas monthly","=HYPERLINK(""https://smrs.toolsfrog.com/analytics/keywordoverview/?q=good%20churn%20rate%20b2b%20saas%20monthly&db=us"",""good churn rate b2b saas monthly​"")","n/a","n/a","0","0","","n/a","n/a","n/a","0.00","0.00","n/a","n/a","For metrics, refresh"
"good churn rate enterprise saas monthly","=HYPERLINK(""https://smrs.toolsfrog.com/analytics/keywordoverview/?q=good%20churn%20rate%20enterprise%20saas%20monthly&db=us"",""good churn rate enterprise saas monthly​"")","n/a","n/a","0","0","","n/a","n/a","n/a","0.00","0.00","n/a","n/a","For metrics, refresh"
"good churn rate enterprise software monthly","=HYPERLINK(""https://smrs.toolsfrog.com/analytics/keywordoverview/?q=good%20churn%20rate%20enterprise%20software%20monthly&db=us"",""good churn rate enterprise software monthly​"")","n/a","n/a","0","0","","n/a","n/a","n/a","0.00","0.00","n/a","n/a","For metrics, refresh"
"good churn rates","=HYPERLINK(""https://smrs.toolsfrog.com/analytics/keywordoverview/?q=good%20churn%20rates&db=us"",""good churn rates​"")","n/a","n/a","0","0","","n/a","n/a","n/a","0.00","0.00","n/a","n/a","For metrics, refresh"
"good churn rates for service industry","=HYPERLINK(""https://smrs.toolsfrog.com/analytics/keywordoverview/?q=good%20churn%20rates%20for%20service%20industry&db=us"",""good churn rates for service industry​"")","n/a","n/a","0","0","","n/a","n/a","n/a","0.00","0.00","n/a","n/a","For metrics, refresh"
"good churn rates saas","=HYPERLINK(""https://smrs.toolsfrog.com/analytics/keywordoverview/?q=good%20churn%20rates%20saas&db=us"",""good churn rates saas​"")","n/a","n/a","0","0","","n/a","n/a","n/a","0.00","0.00","n/a","n/a","For metrics, refresh"
"good monthly churn rate","=HYPERLINK(""https://smrs.toolsfrog.com/analytics/keywordoverview/?q=good%20monthly%20churn%20rate&db=us"",""good monthly churn rate​"")","n/a","n/a","0","0","","n/a","n/a","n/a","0.00","0.00","n/a","n/a","For metrics, refresh"
"good monthly churn rate enterprise saas","=HYPERLINK(""https://smrs.toolsfrog.com/analytics/keywordoverview/?q=good%20monthly%20churn%20rate%20enterprise%20saas&db=us"",""good monthly churn rate enterprise saas​"")","n/a","n/a","0","0","","n/a","n/a","n/a","0.00","0.00","n/a","n/a","For metrics, refresh"
"good monthly churn rate saas","=HYPERLINK(""https://smrs.toolsfrog.com/analytics/keywordoverview/?q=good%20monthly%20churn%20rate%20saas&db=us"",""good monthly churn rate saas​"")","n/a","n/a","0","0","","n/a","n/a","n/a","0.00","0.00","n/a","n/a","For metrics, refresh"
"google ananytics churn rate","=HYPERLINK(""https://smrs.toolsfrog.com/analytics/keywordoverview/?q=google%20ananytics%20churn%20rate&db=us"",""google ananytics churn rate​"")","n/a","n/a","0","0","","n/a","n/a","n/a","0.00","0.00","n/a","n/a","For metrics, refresh"
"google meet churn rate","=HYPERLINK(""https://smrs.toolsfrog.com/analytics/keywordoverview/?q=google%20meet%20churn%20rate&db=us"",""google meet churn rate​"")","n/a","n/a","0","0","","n/a","n/a","n/a","0.00","0.00","n/a","n/a","For metrics, refresh"
"greatest churn rate exposure","=HYPERLINK(""https://smrs.toolsfrog.com/analytics/keywordoverview/?q=greatest%20churn%20rate%20exposure&db=us"",""greatest churn rate exposure​"")","n/a","n/a","0","0","","n/a","n/a","n/a","0.00","0.00","n/a","n/a","For metrics, refresh"
"grocery outlet customer churn rate and retention 2025","=HYPERLINK(""https://smrs.toolsfrog.com/analytics/keywordoverview/?q=grocery%20outlet%20customer%20churn%20rate%20and%20retention%202025&db=us"",""grocery outlet customer churn rate and retention 2025​"")","n/a","n/a","0","0","","n/a","n/a","n/a","0.00","0.00","n/a","n/a","For metrics, refresh"
"gross adds churn rate","=HYPERLINK(""https://smrs.toolsfrog.com/analytics/keywordoverview/?q=gross%20adds%20churn%20rate&db=us"",""gross adds churn rate​"")","n/a","n/a","0","0","","n/a","n/a","n/a","0.00","0.00","n/a","n/a","For metrics, refresh"
"gross churn rate calculation","=HYPERLINK(""https://smrs.toolsfrog.com/analytics/keywordoverview/?q=gross%20churn%20rate%20calculation&db=us"",""gross churn rate calculation​"")","n/a","n/a","0","0","","n/a","n/a","n/a","0.00","0.00","n/a","n/a","For metrics, refresh"
"gross churn rate formula","=HYPERLINK(""https://smrs.toolsfrog.com/analytics/keywordoverview/?q=gross%20churn%20rate%20formula&db=us"",""gross churn rate formula​"")","n/a","n/a","0","0","","n/a","n/a","n/a","0.00","0.00","n/a","n/a","For metrics, refresh"
"group 1 automotive customer churn rate and retention 2025","=HYPERLINK(""https://smrs.toolsfrog.com/analytics/keywordoverview/?q=group%201%20automotive%20customer%20churn%20rate%20and%20retention%202025&db=us"",""group 1 automotive customer churn rate and retention 2025​"")","n/a","n/a","0","0","","n/a","n/a","n/a","0.00","0.00","n/a","n/a","For metrics, refresh"
"growth rate exclude churned users definition","=HYPERLINK(""https://smrs.toolsfrog.com/analytics/keywordoverview/?q=growth%20rate%20exclude%20churned%20users%20definition&db=us"",""growth rate exclude churned users definition​"")","n/a","n/a","0","0","","n/a","n/a","n/a","0.00","0.00","n/a","n/a","For metrics, refresh"
"grubhub churn rate","=HYPERLINK(""https://smrs.toolsfrog.com/analytics/keywordoverview/?q=grubhub%20churn%20rate&db=us"",""grubhub churn rate​"")","n/a","n/a","0","0","","n/a","n/a","n/a","0.00","0.00","n/a","n/a","For metrics, refresh"
"gym churn rates","=HYPERLINK(""https://smrs.toolsfrog.com/analytics/keywordoverview/?q=gym%20churn%20rates&db=us"",""gym churn rates​"")","n/a","n/a","0","0","","n/a","n/a","n/a","0.00","0.14","n/a","n/a","For metrics, refresh"
"gym membership churn rate","=HYPERLINK(""https://smrs.toolsfrog.com/analytics/keywordoverview/?q=gym%20membership%20churn%20rate&db=us"",""gym membership churn rate​"")","n/a","n/a","0","0","","n/a","n/a","n/a","0.00","0.00","n/a","n/a","For metrics, refresh"
"gym membership churn rates","=HYPERLINK(""https://smrs.toolsfrog.com/analytics/keywordoverview/?q=gym%20membership%20churn%20rates&db=us"",""gym membership churn rates​"")","n/a","n/a","0","0","","n/a","n/a","n/a","0.00","0.00","n/a","n/a","For metrics, refresh"
"hbo churn rate","=HYPERLINK(""https://smrs.toolsfrog.com/analytics/keywordoverview/?q=hbo%20churn%20rate&db=us"",""hbo churn rate​"")","n/a","n/a","0","0","","n/a","n/a","n/a","0.00","0.00","n/a","n/a","For metrics, refresh"
"hbo max churn rate","=HYPERLINK(""https://smrs.toolsfrog.com/analytics/keywordoverview/?q=hbo%20max%20churn%20rate&db=us"",""hbo max churn rate​"")","n/a","n/a","0","0","","n/a","n/a","n/a","0.00","0.00","n/a","n/a","For metrics, refresh"
"headspace churn rate","=HYPERLINK(""https://smrs.toolsfrog.com/analytics/keywordoverview/?q=headspace%20churn%20rate&db=us"",""headspace churn rate​"")","n/a","n/a","0","0","","n/a","n/a","n/a","0.00","0.00","n/a","n/a","For metrics, refresh"
"healthcare call centers customer churn rate","=HYPERLINK(""https://smrs.toolsfrog.com/analytics/keywordoverview/?q=healthcare%20call%20centers%20customer%20churn%20rate&db=us"",""healthcare call centers customer churn rate​"")","n/a","n/a","0","0","","n/a","n/a","n/a","0.00","0.00","n/a","n/a","For metrics, refresh"
"healthy monthly churn rate","=HYPERLINK(""https://smrs.toolsfrog.com/analytics/keywordoverview/?q=healthy%20monthly%20churn%20rate&db=us"",""healthy monthly churn rate​"")","n/a","n/a","0","0","","n/a","n/a","n/a","0.00","0.00","n/a","n/a","For metrics, refresh"
"healthy mrr growth rate churn rate expansion revenue saas benchmarks","=HYPERLINK(""https://smrs.toolsfrog.com/analytics/keywordoverview/?q=healthy%20mrr%20growth%20rate%20churn%20rate%20expansion%20revenue%20saas%20benchmarks&db=us"",""healthy mrr growth rate churn rate expansion revenue saas benchmarks​"")","n/a","n/a","0","0","","n/a","n/a","n/a","0.00","0.00","n/a","n/a","For metrics, refresh"
"helen of troy customer churn rate and retention 2025","=HYPERLINK(""https://smrs.toolsfrog.com/analytics/keywordoverview/?q=helen%20of%20troy%20customer%20churn%20rate%20and%20retention%202025&db=us"",""helen of troy customer churn rate and retention 2025​"")","n/a","n/a","0","0","","n/a","n/a","n/a","0.00","0.00","n/a","n/a","For metrics, refresh"
"hellofresh churn rates","=HYPERLINK(""https://smrs.toolsfrog.com/analytics/keywordoverview/?q=hellofresh%20churn%20rates&db=us"",""hellofresh churn rates​"")","n/a","n/a","0","0","","n/a","n/a","n/a","0.00","0.00","n/a","n/a","For metrics, refresh"
"high churn rate compared","=HYPERLINK(""https://smrs.toolsfrog.com/analytics/keywordoverview/?q=high%20churn%20rate%20compared&db=us"",""high churn rate compared​"")","n/a","n/a","0","0","","n/a","n/a","n/a","0.00","0.00","n/a","n/a","For metrics, refresh"
"high churn rate definition","=HYPERLINK(""https://smrs.toolsfrog.com/analytics/keywordoverview/?q=high%20churn%20rate%20definition&db=us"",""high churn rate definition​"")","n/a","n/a","0","0","","n/a","n/a","n/a","0.00","0.00","n/a","n/a","For metrics, refresh"
"high churn rate example","=HYPERLINK(""https://smrs.toolsfrog.com/analytics/keywordoverview/?q=high%20churn%20rate%20example&db=us"",""high churn rate example​"")","n/a","n/a","0","0","","n/a","n/a","n/a","0.00","0.00","n/a","n/a","For metrics, refresh"
"high churn rate industries","=HYPERLINK(""https://smrs.toolsfrog.com/analytics/keywordoverview/?q=high%20churn%20rate%20industries&db=us"",""high churn rate industries​"")","n/a","n/a","0","0","","n/a","n/a","n/a","0.00","0.00","n/a","n/a","For metrics, refresh"
"high churn rate may be a result of a firm","=HYPERLINK(""https://smrs.toolsfrog.com/analytics/keywordoverview/?q=high%20churn%20rate%20may%20be%20a%20result%20of%20a%20firm&db=us"",""high churn rate may be a result of a firm​"")","n/a","n/a","0","0","","n/a","n/a","n/a","0.00","0.00","n/a","n/a","For metrics, refresh"
"high churn rate results","=HYPERLINK(""https://smrs.toolsfrog.com/analytics/keywordoverview/?q=high%20churn%20rate%20results&db=us"",""high churn rate results​"")","n/a","n/a","0","0","","n/a","n/a","n/a","0.00","0.00","n/a","n/a","For metrics, refresh"
"high churn rate traduction","=HYPERLINK(""https://smrs.toolsfrog.com/analytics/keywordoverview/?q=high%20churn%20rate%20traduction&db=us"",""high churn rate traduction​"")","n/a","n/a","0","0","","n/a","n/a","n/a","0.00","0.00","n/a","n/a","For metrics, refresh"
"high churn rate translate","=HYPERLINK(""https://smrs.toolsfrog.com/analytics/keywordoverview/?q=high%20churn%20rate%20translate&db=us"",""high churn rate translate​"")","n/a","n/a","0","0","","n/a","n/a","n/a","0.00","0.00","n/a","n/a","For metrics, refresh"
"high churn rate 意思","=HYPERLINK(""https://smrs.toolsfrog.com/analytics/keywordoverview/?q=high%20churn%20rate%20%E6%84%8F%E6%80%9D&db=us"",""high churn rate 意思​"")","n/a","n/a","0","0","","n/a","n/a","n/a","0.00","0.00","n/a","n/a","For metrics, refresh"
"high churn rates affect on a customers lifetime value","=HYPERLINK(""https://smrs.toolsfrog.com/analytics/keywordoverview/?q=high%20churn%20rates%20affect%20on%20a%20customers%20lifetime%20value&db=us"",""high churn rates affect on a customers lifetime value​"")","n/a","n/a","0","0","","n/a","n/a","n/a","0.00","0.00","n/a","n/a","For metrics, refresh"
"high churn rates definition","=HYPERLINK(""https://smrs.toolsfrog.com/analytics/keywordoverview/?q=high%20churn%20rates%20definition&db=us"",""high churn rates definition​"")","n/a","n/a","0","0","","n/a","n/a","n/a","0.00","0.00","n/a","n/a","For metrics, refresh"
"high implied churn rates","=HYPERLINK(""https://smrs.toolsfrog.com/analytics/keywordoverview/?q=high%20implied%20churn%20rates&db=us"",""high implied churn rates​"")","n/a","n/a","0","0","","n/a","n/a","n/a","0.00","0.00","n/a","n/a","For metrics, refresh"
"high product churn rate","=HYPERLINK(""https://smrs.toolsfrog.com/analytics/keywordoverview/?q=high%20product%20churn%20rate&db=us"",""high product churn rate​"")","n/a","n/a","0","0","","n/a","n/a","n/a","0.00","0.00","n/a","n/a","For metrics, refresh"
"higher average churn rate","=HYPERLINK(""https://smrs.toolsfrog.com/analytics/keywordoverview/?q=higher%20average%20churn%20rate&db=us"",""higher average churn rate​"")","n/a","n/a","0","0","","n/a","n/a","n/a","0.00","0.00","n/a","n/a","For metrics, refresh"
"higher churn rates","=HYPERLINK(""https://smrs.toolsfrog.com/analytics/keywordoverview/?q=higher%20churn%20rates&db=us"",""higher churn rates​"")","n/a","n/a","0","0","","n/a","n/a","n/a","0.00","0.00","n/a","n/a","For metrics, refresh"
"higher customer churn rates","=HYPERLINK(""https://smrs.toolsfrog.com/analytics/keywordoverview/?q=higher%20customer%20churn%20rates&db=us"",""higher customer churn rates​"")","n/a","n/a","0","0","","n/a","n/a","n/a","0.00","0.00","n/a","n/a","For metrics, refresh"
"higher natural churn rate","=HYPERLINK(""https://smrs.toolsfrog.com/analytics/keywordoverview/?q=higher%20natural%20churn%20rate&db=us"",""higher natural churn rate​"")","n/a","n/a","0","0","","n/a","n/a","n/a","0.00","0.00","n/a","n/a","For metrics, refresh"
"highest churn rate industrie","=HYPERLINK(""https://smrs.toolsfrog.com/analytics/keywordoverview/?q=highest%20churn%20rate%20industrie&db=us"",""highest churn rate industrie​"")","n/a","n/a","0","0","","n/a","n/a","n/a","0.00","0.00","n/a","n/a","For metrics, refresh"
"highest churn rates tools software midsize businesses","=HYPERLINK(""https://smrs.toolsfrog.com/analytics/keywordoverview/?q=highest%20churn%20rates%20tools%20software%20midsize%20businesses&db=us"",""highest churn rates tools software midsize businesses​"")","n/a","n/a","0","0","","n/a","n/a","n/a","0.00","0.00","n/a","n/a","For metrics, refresh"
"hims churn rate","=HYPERLINK(""https://smrs.toolsfrog.com/analytics/keywordoverview/?q=hims%20churn%20rate&db=us"",""hims churn rate​"")","n/a","n/a","0","0","","n/a","n/a","n/a","0.00","0.00","n/a","n/a","For metrics, refresh"
"historical churn rate","=HYPERLINK(""https://smrs.toolsfrog.com/analytics/keywordoverview/?q=historical%20churn%20rate&db=us"",""historical churn rate​"")","n/a","n/a","0","0","","n/a","n/a","n/a","0.00","0.00","n/a","n/a","For metrics, refresh"
"home depot customer churn rate and retention 2025","=HYPERLINK(""https://smrs.toolsfrog.com/analytics/keywordoverview/?q=home%20depot%20customer%20churn%20rate%20and%20retention%202025&db=us"",""home depot customer churn rate and retention 2025​"")","n/a","n/a","0","0","","n/a","n/a","n/a","0.00","0.00","n/a","n/a","For metrics, refresh"
"home depot customer churn rate compared to industry 2025","=HYPERLINK(""https://smrs.toolsfrog.com/analytics/keywordoverview/?q=home%20depot%20customer%20churn%20rate%20compared%20to%20industry%202025&db=us"",""home depot customer churn rate compared to industry 2025​"")","n/a","n/a","0","0","","n/a","n/a","n/a","0.00","0.00","n/a","n/a","For metrics, refresh"
"home loan churn rate australia","=HYPERLINK(""https://smrs.toolsfrog.com/analytics/keywordoverview/?q=home%20loan%20churn%20rate%20australia&db=us"",""home loan churn rate australia​"")","n/a","n/a","0","0","","n/a","n/a","n/a","0.00","0.00","n/a","n/a","For metrics, refresh"
"hosting industry churn rate","=HYPERLINK(""https://smrs.toolsfrog.com/analytics/keywordoverview/?q=hosting%20industry%20churn%20rate&db=us"",""hosting industry churn rate​"")","n/a","n/a","0","0","","n/a","n/a","n/a","0.00","0.00","n/a","n/a","For metrics, refresh"
"how agencies help brands analyze churn rates","=HYPERLINK(""https://smrs.toolsfrog.com/analytics/keywordoverview/?q=how%20agencies%20help%20brands%20analyze%20churn%20rates&db=us"",""how agencies help brands analyze churn rates​"")","n/a","n/a","0","0","","n/a","n/a","n/a","0.00","0.00","n/a","n/a","For metrics, refresh"
"how beauty subscription boxes lower churn rate","=HYPERLINK(""https://smrs.toolsfrog.com/analytics/keywordoverview/?q=how%20beauty%20subscription%20boxes%20lower%20churn%20rate&db=us"",""how beauty subscription boxes lower churn rate​"")","n/a","n/a","0","0","","n/a","n/a","n/a","0.00","0.00","n/a","n/a","For metrics, refresh"
"how calculate churn rate","=HYPERLINK(""https://smrs.toolsfrog.com/analytics/keywordoverview/?q=how%20calculate%20churn%20rate&db=us"",""how calculate churn rate​"")","n/a","n/a","0","0","","n/a","n/a","n/a","0.00","0.00","n/a","n/a","For metrics, refresh"
"how can gyms reduce member churn rate","=HYPERLINK(""https://smrs.toolsfrog.com/analytics/keywordoverview/?q=how%20can%20gyms%20reduce%20member%20churn%20rate&db=us"",""how can gyms reduce member churn rate​"")","n/a","n/a","0","0","","n/a","n/a","n/a","0.00","0.00","n/a","n/a","For metrics, refresh"
"how can you use statistics to reduce churn rate","=HYPERLINK(""https://smrs.toolsfrog.com/analytics/keywordoverview/?q=how%20can%20you%20use%20statistics%20to%20reduce%20churn%20rate&db=us"",""how can you use statistics to reduce churn rate​"")","n/a","n/a","0","0","","n/a","n/a","n/a","0.00","0.00","n/a","n/a","For metrics, refresh"
"how customer success reduces churn rates strategies best practices","=HYPERLINK(""https://smrs.toolsfrog.com/analytics/keywordoverview/?q=how%20customer%20success%20reduces%20churn%20rates%20strategies%20best%20practices&db=us"",""how customer success reduces churn rates strategies best practices​"")","n/a","n/a","0","0","","n/a","n/a","n/a","0.00","0.00","n/a","n/a","For metrics, refresh"
"how do i calculate churn rate for the home depot","=HYPERLINK(""https://smrs.toolsfrog.com/analytics/keywordoverview/?q=how%20do%20i%20calculate%20churn%20rate%20for%20the%20home%20depot&db=us"",""how do i calculate churn rate for the home depot​"")","n/a","n/a","0","0","","n/a","n/a","n/a","0.00","0.00","n/a","n/a","For metrics, refresh"
"how do tv streaming services calculate churn rates","=HYPERLINK(""https://smrs.toolsfrog.com/analytics/keywordoverview/?q=how%20do%20tv%20streaming%20services%20calculate%20churn%20rates&db=us"",""how do tv streaming services calculate churn rates​"")","n/a","n/a","0","0","","n/a","n/a","n/a","0.00","0.00","n/a","n/a","For metrics, refresh"
"how do u calculate churn rate","=HYPERLINK(""https://smrs.toolsfrog.com/analytics/keywordoverview/?q=how%20do%20u%20calculate%20churn%20rate&db=us"",""how do u calculate churn rate​"")","n/a","n/a","0","0","","n/a","n/a","n/a","0.00","0.00","n/a","n/a","For metrics, refresh"
"how do you calculate annual churn rate","=HYPERLINK(""https://smrs.toolsfrog.com/analytics/keywordoverview/?q=how%20do%20you%20calculate%20annual%20churn%20rate&db=us"",""how do you calculate annual churn rate​"")","n/a","n/a","0","0","","n/a","n/a","n/a","0.00","0.00","n/a","n/a","For metrics, refresh"
"how do you calculate churn rate in excel","=HYPERLINK(""https://smrs.toolsfrog.com/analytics/keywordoverview/?q=how%20do%20you%20calculate%20churn%20rate%20in%20excel&db=us"",""how do you calculate churn rate in excel​"")","n/a","n/a","0","0","","n/a","n/a","n/a","0.00","0.00","n/a","n/a","For metrics, refresh"
"how do you calculate churn rate of employees","=HYPERLINK(""https://smrs.toolsfrog.com/analytics/keywordoverview/?q=how%20do%20you%20calculate%20churn%20rate%20of%20employees&db=us"",""how do you calculate churn rate of employees​"")","n/a","n/a","0","0","","n/a","n/a","n/a","0.00","0.00","n/a","n/a","For metrics, refresh"
"how do you find churn rate","=HYPERLINK(""https://smrs.toolsfrog.com/analytics/keywordoverview/?q=how%20do%20you%20find%20churn%20rate&db=us"",""how do you find churn rate​"")","n/a","n/a","0","0","","n/a","n/a","n/a","0.00","0.00","n/a","n/a","For metrics, refresh"
"how do you reduce churn rate","=HYPERLINK(""https://smrs.toolsfrog.com/analytics/keywordoverview/?q=how%20do%20you%20reduce%20churn%20rate&db=us"",""how do you reduce churn rate​"")","n/a","n/a","0","0","","n/a","n/a","n/a","0.00","0.00","n/a","n/a","For metrics, refresh"
"how does churn rate impact overall business growth","=HYPERLINK(""https://smrs.toolsfrog.com/analytics/keywordoverview/?q=how%20does%20churn%20rate%20impact%20overall%20business%20growth&db=us"",""how does churn rate impact overall business growth​"")","n/a","n/a","0","0","","n/a","n/a","n/a","0.00","0.00","n/a","n/a","For metrics, refresh"
"how does churn rate impact overall business revenue","=HYPERLINK(""https://smrs.toolsfrog.com/analytics/keywordoverview/?q=how%20does%20churn%20rate%20impact%20overall%20business%20revenue&db=us"",""how does churn rate impact overall business revenue​"")","n/a","n/a","0","0","","n/a","n/a","n/a","0.00","0.00","n/a","n/a","For metrics, refresh"
"how does churn rate impact revenue","=HYPERLINK(""https://smrs.toolsfrog.com/analytics/keywordoverview/?q=how%20does%20churn%20rate%20impact%20revenue&db=us"",""how does churn rate impact revenue​"")","n/a","n/a","0","0","","n/a","n/a","n/a","0.00","0.00","n/a","n/a","For metrics, refresh"
"how much does churn rate cost","=HYPERLINK(""https://smrs.toolsfrog.com/analytics/keywordoverview/?q=how%20much%20does%20churn%20rate%20cost&db=us"",""how much does churn rate cost​"")","n/a","n/a","0","0","","n/a","n/a","n/a","0.00","0.00","n/a","n/a","For metrics, refresh"
"how payment ads affect user payment frequency and churn rate","=HYPERLINK(""https://smrs.toolsfrog.com/analytics/keywordoverview/?q=how%20payment%20ads%20affect%20user%20payment%20frequency%20and%20churn%20rate&db=us"",""how payment ads affect user payment frequency and churn rate​"")","n/a","n/a","0","0","","n/a","n/a","n/a","0.00","0.00","n/a","n/a","For metrics, refresh"
"how predictive analysis is used to determine customer churn rate","=HYPERLINK(""https://smrs.toolsfrog.com/analytics/keywordoverview/?q=how%20predictive%20analysis%20is%20used%20to%20determine%20customer%20churn%20rate&db=us"",""how predictive analysis is used to determine customer churn rate​"")","n/a","n/a","0","0","","n/a","n/a","n/a","0.00","0.00","n/a","n/a","For metrics, refresh"
"how to analyze churn rate for digital products","=HYPERLINK(""https://smrs.toolsfrog.com/analytics/keywordoverview/?q=how%20to%20analyze%20churn%20rate%20for%20digital%20products&db=us"",""how to analyze churn rate for digital products​"")","n/a","n/a","0","0","","n/a","n/a","n/a","0.00","0.00","n/a","n/a","For metrics, refresh"
"how to annualize a monthly churn rate","=HYPERLINK(""https://smrs.toolsfrog.com/analytics/keywordoverview/?q=how%20to%20annualize%20a%20monthly%20churn%20rate&db=us"",""how to annualize a monthly churn rate​"")","n/a","n/a","0","0","","n/a","n/a","n/a","0.00","0.00","n/a","n/a","For metrics, refresh"
"how to calculate annual revenue churn rate","=HYPERLINK(""https://smrs.toolsfrog.com/analytics/keywordoverview/?q=how%20to%20calculate%20annual%20revenue%20churn%20rate&db=us"",""how to calculate annual revenue churn rate​"")","n/a","n/a","0","0","","n/a","n/a","n/a","0.00","0.00","n/a","n/a","For metrics, refresh"
"how to calculate app churn rate","=HYPERLINK(""https://smrs.toolsfrog.com/analytics/keywordoverview/?q=how%20to%20calculate%20app%20churn%20rate&db=us"",""how to calculate app churn rate​"")","n/a","n/a","0","0","","n/a","n/a","n/a","0.00","0.00","n/a","n/a","For metrics, refresh"
"how to calculate average churn rate from different cohorts","=HYPERLINK(""https://smrs.toolsfrog.com/analytics/keywordoverview/?q=how%20to%20calculate%20average%20churn%20rate%20from%20different%20cohorts&db=us"",""how to calculate average churn rate from different cohorts​"")","n/a","n/a","0","0","","n/a","n/a","n/a","0.00","0.00","n/a","n/a","For metrics, refresh"
"how to calculate churn rate app","=HYPERLINK(""https://smrs.toolsfrog.com/analytics/keywordoverview/?q=how%20to%20calculate%20churn%20rate%20app&db=us"",""how to calculate churn rate app​"")","n/a","n/a","0","0","","n/a","n/a","n/a","0.00","0.00","n/a","n/a","For metrics, refresh"
"how to calculate churn rate for a mobile subscription app","=HYPERLINK(""https://smrs.toolsfrog.com/analytics/keywordoverview/?q=how%20to%20calculate%20churn%20rate%20for%20a%20mobile%20subscription%20app&db=us"",""how to calculate churn rate for a mobile subscription app​"")","n/a","n/a","0","0","","n/a","n/a","n/a","0.00","0.00","n/a","n/a","For metrics, refresh"
"how to calculate churn rate for an app","=HYPERLINK(""https://smrs.toolsfrog.com/analytics/keywordoverview/?q=how%20to%20calculate%20churn%20rate%20for%20an%20app&db=us"",""how to calculate churn rate for an app​"")","n/a","n/a","0","0","","n/a","n/a","n/a","0.00","0.00","n/a","n/a","For metrics, refresh"
"how to calculate churn rate for app","=HYPERLINK(""https://smrs.toolsfrog.com/analytics/keywordoverview/?q=how%20to%20calculate%20churn%20rate%20for%20app&db=us"",""how to calculate churn rate for app​"")","n/a","n/a","0","0","","n/a","n/a","n/a","0.00","0.00","n/a","n/a","For metrics, refresh"
"how to calculate churn rate for cohort analysis","=HYPERLINK(""https://smrs.toolsfrog.com/analytics/keywordoverview/?q=how%20to%20calculate%20churn%20rate%20for%20cohort%20analysis&db=us"",""how to calculate churn rate for cohort analysis​"")","n/a","n/a","0","0","","n/a","n/a","n/a","0.00","0.00","n/a","n/a","For metrics, refresh"
"how to calculate churn rate for employees","=HYPERLINK(""https://smrs.toolsfrog.com/analytics/keywordoverview/?q=how%20to%20calculate%20churn%20rate%20for%20employees&db=us"",""how to calculate churn rate for employees​"")","n/a","n/a","0","0","","n/a","n/a","n/a","0.00","0.00","n/a","n/a","For metrics, refresh"
"how to calculate churn rate for employers","=HYPERLINK(""https://smrs.toolsfrog.com/analytics/keywordoverview/?q=how%20to%20calculate%20churn%20rate%20for%20employers&db=us"",""how to calculate churn rate for employers​"")","n/a","n/a","0","0","","n/a","n/a","n/a","0.00","0.00","n/a","n/a","For metrics, refresh"
"how to calculate churn rate for employes","=HYPERLINK(""https://smrs.toolsfrog.com/analytics/keywordoverview/?q=how%20to%20calculate%20churn%20rate%20for%20employes&db=us"",""how to calculate churn rate for employes​"")","n/a","n/a","0","0","","n/a","n/a","n/a","0.00","0.00","n/a","n/a","For metrics, refresh"
"how to calculate churn rate for retail","=HYPERLINK(""https://smrs.toolsfrog.com/analytics/keywordoverview/?q=how%20to%20calculate%20churn%20rate%20for%20retail&db=us"",""how to calculate churn rate for retail​"")","n/a","n/a","0","0","","n/a","n/a","n/a","0.00","0.00","n/a","n/a","For metrics, refresh"
"how to calculate churn rate formula","=HYPERLINK(""https://smrs.toolsfrog.com/analytics/keywordoverview/?q=how%20to%20calculate%20churn%20rate%20formula&db=us"",""how to calculate churn rate formula​"")","n/a","n/a","0","0","","n/a","n/a","n/a","0.00","0.00","n/a","n/a","For metrics, refresh"
"how to calculate churn rate in ecommerce","=HYPERLINK(""https://smrs.toolsfrog.com/analytics/keywordoverview/?q=how%20to%20calculate%20churn%20rate%20in%20ecommerce&db=us"",""how to calculate churn rate in ecommerce​"")","n/a","n/a","0","0","","n/a","n/a","n/a","0.00","0.00","n/a","n/a","For metrics, refresh"
"how to calculate churn rate in retail","=HYPERLINK(""https://smrs.toolsfrog.com/analytics/keywordoverview/?q=how%20to%20calculate%20churn%20rate%20in%20retail&db=us"",""how to calculate churn rate in retail​"")","n/a","n/a","0","0","","n/a","n/a","n/a","0.00","0.00","n/a","n/a","For metrics, refresh"
"how to calculate churn rate in telecom industry","=HYPERLINK(""https://smrs.toolsfrog.com/analytics/keywordoverview/?q=how%20to%20calculate%20churn%20rate%20in%20telecom%20industry&db=us"",""how to calculate churn rate in telecom industry​"")","n/a","n/a","0","0","","n/a","n/a","n/a","0.00","0.00","n/a","n/a","For metrics, refresh"
"how to calculate churn rate sas","=HYPERLINK(""https://smrs.toolsfrog.com/analytics/keywordoverview/?q=how%20to%20calculate%20churn%20rate%20sas&db=us"",""how to calculate churn rate sas​"")","n/a","n/a","0","0","","n/a","n/a","n/a","0.00","0.00","n/a","n/a","For metrics, refresh"
"how to calculate churn rate with limited data","=HYPERLINK(""https://smrs.toolsfrog.com/analytics/keywordoverview/?q=how%20to%20calculate%20churn%20rate%20with%20limited%20data&db=us"",""how to calculate churn rate with limited data​"")","n/a","n/a","0","0","","n/a","n/a","n/a","0.00","0.00","n/a","n/a","For metrics, refresh"
"how to calculate churn rate with limited data data science","=HYPERLINK(""https://smrs.toolsfrog.com/analytics/keywordoverview/?q=how%20to%20calculate%20churn%20rate%20with%20limited%20data%20data%20science&db=us"",""how to calculate churn rate with limited data data science​"")","n/a","n/a","0","0","","n/a","n/a","n/a","0.00","0.00","n/a","n/a","For metrics, refresh"
"how to calculate churn rate with limited data pdf","=HYPERLINK(""https://smrs.toolsfrog.com/analytics/keywordoverview/?q=how%20to%20calculate%20churn%20rate%20with%20limited%20data%20pdf&db=us"",""how to calculate churn rate with limited data pdf​"")","n/a","n/a","0","0","","n/a","n/a","n/a","0.00","0.00","n/a","n/a","For metrics, refresh"
"how to calculate churn rate with random sampling in stata","=HYPERLINK(""https://smrs.toolsfrog.com/analytics/keywordoverview/?q=how%20to%20calculate%20churn%20rate%20with%20random%20sampling%20in%20stata&db=us"",""how to calculate churn rate with random sampling in stata​"")","n/a","n/a","0","0","","n/a","n/a","n/a","0.00","0.00","n/a","n/a","For metrics, refresh"
"how to calculate churn rate zoho analytics","=HYPERLINK(""https://smrs.toolsfrog.com/analytics/keywordoverview/?q=how%20to%20calculate%20churn%20rate%20zoho%20analytics&db=us"",""how to calculate churn rate zoho analytics​"")","n/a","n/a","0","0","","n/a","n/a","n/a","0.00","0.00","n/a","n/a","For metrics, refresh"
"how to calculate customer churn rate formula","=HYPERLINK(""https://smrs.toolsfrog.com/analytics/keywordoverview/?q=how%20to%20calculate%20customer%20churn%20rate%20formula&db=us"",""how to calculate customer churn rate formula​"")","n/a","n/a","0","0","","n/a","n/a","n/a","0.00","0.00","n/a","n/a","For metrics, refresh"
"how to calculate email churn rate","=HYPERLINK(""https://smrs.toolsfrog.com/analytics/keywordoverview/?q=how%20to%20calculate%20email%20churn%20rate&db=us"",""how to calculate email churn rate​"")","n/a","n/a","0","0","","n/a","n/a","n/a","0.00","0.00","n/a","n/a","For metrics, refresh"
"how to calculate involuntary churn rate","=HYPERLINK(""https://smrs.toolsfrog.com/analytics/keywordoverview/?q=how%20to%20calculate%20involuntary%20churn%20rate&db=us"",""how to calculate involuntary churn rate​"")","n/a","n/a","0","0","","n/a","n/a","n/a","0.00","0.00","n/a","n/a","For metrics, refresh"
"how to calculate net churn rate","=HYPERLINK(""https://smrs.toolsfrog.com/analytics/keywordoverview/?q=how%20to%20calculate%20net%20churn%20rate&db=us"",""how to calculate net churn rate​"")","n/a","n/a","0","0","","n/a","n/a","n/a","0.00","0.00","n/a","n/a","For metrics, refresh"
"how to calculate saas churn rate united states","=HYPERLINK(""https://smrs.toolsfrog.com/analytics/keywordoverview/?q=how%20to%20calculate%20saas%20churn%20rate%20united%20states&db=us"",""how to calculate saas churn rate united states​"")","n/a","n/a","0","0","","n/a","n/a","n/a","0.00","0.00","n/a","n/a","For metrics, refresh"
"how to calculate saas churn rate usa","=HYPERLINK(""https://smrs.toolsfrog.com/analytics/keywordoverview/?q=how%20to%20calculate%20saas%20churn%20rate%20usa&db=us"",""how to calculate saas churn rate usa​"")","n/a","n/a","0","0","","n/a","n/a","n/a","0.00","0.00","n/a","n/a","For metrics, refresh"
"how to calculate user churn rate","=HYPERLINK(""https://smrs.toolsfrog.com/analytics/keywordoverview/?q=how%20to%20calculate%20user%20churn%20rate&db=us"",""how to calculate user churn rate​"")","n/a","n/a","0","0","","n/a","n/a","n/a","0.00","0.00","n/a","n/a","For metrics, refresh"
"how to calculate yearly churn rate","=HYPERLINK(""https://smrs.toolsfrog.com/analytics/keywordoverview/?q=how%20to%20calculate%20yearly%20churn%20rate&db=us"",""how to calculate yearly churn rate​"")","n/a","n/a","0","0","","n/a","n/a","n/a","0.00","0.00","n/a","n/a","For metrics, refresh"
"how to calulate churn rate with less than 10 customers","=HYPERLINK(""https://smrs.toolsfrog.com/analytics/keywordoverview/?q=how%20to%20calulate%20churn%20rate%20with%20less%20than%2010%20customers&db=us"",""how to calulate churn rate with less than 10 customers​"")","n/a","n/a","0","0","","n/a","n/a","n/a","0.00","0.00","n/a","n/a","For metrics, refresh"
"how to churn rate","=HYPERLINK(""https://smrs.toolsfrog.com/analytics/keywordoverview/?q=how%20to%20churn%20rate&db=us"",""how to churn rate​"")","n/a","n/a","0","0","","n/a","n/a","n/a","0.00","0.00","n/a","n/a","For metrics, refresh"
"how to come up with a churn rate","=HYPERLINK(""https://smrs.toolsfrog.com/analytics/keywordoverview/?q=how%20to%20come%20up%20with%20a%20churn%20rate&db=us"",""how to come up with a churn rate​"")","n/a","n/a","0","0","","n/a","n/a","n/a","0.00","0.00","n/a","n/a","For metrics, refresh"
"how to convert monthly churn rate to annual churn rate","=HYPERLINK(""https://smrs.toolsfrog.com/analytics/keywordoverview/?q=how%20to%20convert%20monthly%20churn%20rate%20to%20annual%20churn%20rate&db=us"",""how to convert monthly churn rate to annual churn rate​"")","n/a","n/a","0","0","","n/a","n/a","n/a","0.00","0.00","n/a","n/a","For metrics, refresh"
"how to determine customer churn rate","=HYPERLINK(""https://smrs.toolsfrog.com/analytics/keywordoverview/?q=how%20to%20determine%20customer%20churn%20rate&db=us"",""how to determine customer churn rate​"")","n/a","n/a","0","0","","n/a","n/a","n/a","0.00","0.00","n/a","n/a","For metrics, refresh"
"how to determine your churn rate","=HYPERLINK(""https://smrs.toolsfrog.com/analytics/keywordoverview/?q=how%20to%20determine%20your%20churn%20rate&db=us"",""how to determine your churn rate​"")","n/a","n/a","0","0","","n/a","n/a","n/a","0.00","0.00","n/a","n/a","For metrics, refresh"
"how to figure 2 monthly churn rate","=HYPERLINK(""https://smrs.toolsfrog.com/analytics/keywordoverview/?q=how%20to%20figure%202%20monthly%20churn%20rate&db=us"",""how to figure 2 monthly churn rate​"")","n/a","n/a","0","0","","n/a","n/a","n/a","0.00","0.00","n/a","n/a","For metrics, refresh"
"how to figure out churn rate","=HYPERLINK(""https://smrs.toolsfrog.com/analytics/keywordoverview/?q=how%20to%20figure%20out%20churn%20rate&db=us"",""how to figure out churn rate​"")","n/a","n/a","0","0","","n/a","n/a","n/a","0.00","0.00","n/a","n/a","For metrics, refresh"
"how to figure out churn rate quarterly","=HYPERLINK(""https://smrs.toolsfrog.com/analytics/keywordoverview/?q=how%20to%20figure%20out%20churn%20rate%20quarterly&db=us"",""how to figure out churn rate quarterly​"")","n/a","n/a","0","0","","n/a","n/a","n/a","0.00","0.00","n/a","n/a","For metrics, refresh"
"how to forecase customer churn rate","=HYPERLINK(""https://smrs.toolsfrog.com/analytics/keywordoverview/?q=how%20to%20forecase%20customer%20churn%20rate&db=us"",""how to forecase customer churn rate​"")","n/a","n/a","0","0","","n/a","n/a","n/a","0.00","0.00","n/a","n/a","For metrics, refresh"
"how to include churn rate in saas financial forecast","=HYPERLINK(""https://smrs.toolsfrog.com/analytics/keywordoverview/?q=how%20to%20include%20churn%20rate%20in%20saas%20financial%20forecast&db=us"",""how to include churn rate in saas financial forecast​"")","n/a","n/a","0","0","","n/a","n/a","n/a","0.00","0.00","n/a","n/a","For metrics, refresh"
"how to interpret churn rate","=HYPERLINK(""https://smrs.toolsfrog.com/analytics/keywordoverview/?q=how%20to%20interpret%20churn%20rate&db=us"",""how to interpret churn rate​"")","n/a","n/a","0","0","","n/a","n/a","n/a","0.00","0.00","n/a","n/a","For metrics, refresh"
"how to measure churn rate in google analytics","=HYPERLINK(""https://smrs.toolsfrog.com/analytics/keywordoverview/?q=how%20to%20measure%20churn%20rate%20in%20google%20analytics&db=us"",""how to measure churn rate in google analytics​"")","n/a","n/a","0","0","","n/a","n/a","n/a","0.00","0.00","n/a","n/a","For metrics, refresh"
"how to measure code churn rate","=HYPERLINK(""https://smrs.toolsfrog.com/analytics/keywordoverview/?q=how%20to%20measure%20code%20churn%20rate&db=us"",""how to measure code churn rate​"")","n/a","n/a","0","0","","n/a","n/a","n/a","0.00","0.00","n/a","n/a","For metrics, refresh"
"how to measure customer churn rate","=HYPERLINK(""https://smrs.toolsfrog.com/analytics/keywordoverview/?q=how%20to%20measure%20customer%20churn%20rate&db=us"",""how to measure customer churn rate​"")","n/a","n/a","0","0","","n/a","n/a","n/a","0.00","0.00","n/a","n/a","For metrics, refresh"
"how to model churn rate","=HYPERLINK(""https://smrs.toolsfrog.com/analytics/keywordoverview/?q=how%20to%20model%20churn%20rate&db=us"",""how to model churn rate​"")","n/a","n/a","0","0","","n/a","n/a","n/a","0.00","0.00","n/a","n/a","For metrics, refresh"
"how to reduce app churn rate","=HYPERLINK(""https://smrs.toolsfrog.com/analytics/keywordoverview/?q=how%20to%20reduce%20app%20churn%20rate&db=us"",""how to reduce app churn rate​"")","n/a","n/a","0","0","","n/a","n/a","n/a","0.00","0.00","n/a","n/a","For metrics, refresh"
"how to reduce churn rate on your ott platform","=HYPERLINK(""https://smrs.toolsfrog.com/analytics/keywordoverview/?q=how%20to%20reduce%20churn%20rate%20on%20your%20ott%20platform&db=us"",""how to reduce churn rate on your ott platform​"")","n/a","n/a","0","0","","n/a","n/a","n/a","0.00","0.00","n/a","n/a","For metrics, refresh"
"how to reduce churn rate through marketing","=HYPERLINK(""https://smrs.toolsfrog.com/analytics/keywordoverview/?q=how%20to%20reduce%20churn%20rate%20through%20marketing&db=us"",""how to reduce churn rate through marketing​"")","n/a","n/a","0","0","","n/a","n/a","n/a","0.00","0.00","n/a","n/a","For metrics, refresh"
"how to reduce code churn rate","=HYPERLINK(""https://smrs.toolsfrog.com/analytics/keywordoverview/?q=how%20to%20reduce%20code%20churn%20rate&db=us"",""how to reduce code churn rate​"")","n/a","n/a","0","0","","n/a","n/a","n/a","0.00","0.00","n/a","n/a","For metrics, refresh"
"how to reduce customer churn rate 2025 2026 strategies","=HYPERLINK(""https://smrs.toolsfrog.com/analytics/keywordoverview/?q=how%20to%20reduce%20customer%20churn%20rate%202025%202026%20strategies&db=us"",""how to reduce customer churn rate 2025 2026 strategies​"")","n/a","n/a","0","0","","n/a","n/a","n/a","0.00","0.00","n/a","n/a","For metrics, refresh"
"how to reduce the churn rate","=HYPERLINK(""https://smrs.toolsfrog.com/analytics/keywordoverview/?q=how%20to%20reduce%20the%20churn%20rate&db=us"",""how to reduce the churn rate​"")","n/a","n/a","0","0","","n/a","n/a","n/a","0.00","0.00","n/a","n/a","For metrics, refresh"
"how to track ltv churn conversion rates digital education","=HYPERLINK(""https://smrs.toolsfrog.com/analytics/keywordoverview/?q=how%20to%20track%20ltv%20churn%20conversion%20rates%20digital%20education&db=us"",""how to track ltv churn conversion rates digital education​"")","n/a","n/a","0","0","","n/a","n/a","n/a","0.00","0.00","n/a","n/a","For metrics, refresh"
"hr saas churn rate benchmarks","=HYPERLINK(""https://smrs.toolsfrog.com/analytics/keywordoverview/?q=hr%20saas%20churn%20rate%20benchmarks&db=us"",""hr saas churn rate benchmarks​"")","n/a","n/a","0","0","","n/a","n/a","n/a","0.00","0.00","n/a","n/a","For metrics, refresh"
"hr tech saas churn rate benchmarks","=HYPERLINK(""https://smrs.toolsfrog.com/analytics/keywordoverview/?q=hr%20tech%20saas%20churn%20rate%20benchmarks&db=us"",""hr tech saas churn rate benchmarks​"")","n/a","n/a","0","0","","n/a","n/a","n/a","0.00","0.00","n/a","n/a","For metrics, refresh"
"https dazeinfo.com 2016 05 19 mobile-app-retention-churn-rate-smartphone-users","=HYPERLINK(""https://smrs.toolsfrog.com/analytics/keywordoverview/?q=https%20dazeinfo.com%202016%2005%2019%20mobile-app-retention-churn-rate-smartphone-users&db=us"",""https dazeinfo.com 2016 05 19 mobile-app-retention-churn-rate-smartphone-users​"")","n/a","n/a","0","0","","n/a","n/a","n/a","0.00","0.00","n/a","n/a","For metrics, refresh"
"https info recurly com research churn rate benchmarks","=HYPERLINK(""https://smrs.toolsfrog.com/analytics/keywordoverview/?q=https%20info%20recurly%20com%20research%20churn%20rate%20benchmarks&db=us"",""https info recurly com research churn rate benchmarks​"")","n/a","n/a","0","0","","n/a","n/a","n/a","0.00","0.00","n/a","n/a","For metrics, refresh"
"hubspot customer churn rate","=HYPERLINK(""https://smrs.toolsfrog.com/analytics/keywordoverview/?q=hubspot%20customer%20churn%20rate&db=us"",""hubspot customer churn rate​"")","n/a","n/a","0","0","","n/a","n/a","n/a","0.00","0.00","n/a","n/a","For metrics, refresh"
"hulu churn rate 2017","=HYPERLINK(""https://smrs.toolsfrog.com/analytics/keywordoverview/?q=hulu%20churn%20rate%202017&db=us"",""hulu churn rate 2017​"")","n/a","n/a","0","0","","n/a","n/a","n/a","0.00","0.00","n/a","n/a","For metrics, refresh"
"hulu churn rate 2018","=HYPERLINK(""https://smrs.toolsfrog.com/analytics/keywordoverview/?q=hulu%20churn%20rate%202018&db=us"",""hulu churn rate 2018​"")","n/a","n/a","0","0","","n/a","n/a","n/a","0.00","0.00","n/a","n/a","For metrics, refresh"
"hyatt churn rate","=HYPERLINK(""https://smrs.toolsfrog.com/analytics/keywordoverview/?q=hyatt%20churn%20rate&db=us"",""hyatt churn rate​"")","n/a","n/a","0","0","","n/a","n/a","n/a","0.00","0.00","n/a","n/a","For metrics, refresh"
"ideal churn rate for digital subscriptions","=HYPERLINK(""https://smrs.toolsfrog.com/analytics/keywordoverview/?q=ideal%20churn%20rate%20for%20digital%20subscriptions&db=us"",""ideal churn rate for digital subscriptions​"")","n/a","n/a","0","0","","n/a","n/a","n/a","0.00","0.00","n/a","n/a","For metrics, refresh"
"ideal fundraising churn rate","=HYPERLINK(""https://smrs.toolsfrog.com/analytics/keywordoverview/?q=ideal%20fundraising%20churn%20rate&db=us"",""ideal fundraising churn rate​"")","n/a","n/a","0","0","","n/a","n/a","n/a","0.00","0.00","n/a","n/a","For metrics, refresh"
"ideal monthly churn rate for saas","=HYPERLINK(""https://smrs.toolsfrog.com/analytics/keywordoverview/?q=ideal%20monthly%20churn%20rate%20for%20saas&db=us"",""ideal monthly churn rate for saas​"")","n/a","n/a","0","0","","n/a","n/a","n/a","0.00","0.00","n/a","n/a","For metrics, refresh"
"ideas to reduce churn rate","=HYPERLINK(""https://smrs.toolsfrog.com/analytics/keywordoverview/?q=ideas%20to%20reduce%20churn%20rate&db=us"",""ideas to reduce churn rate​"")","n/a","n/a","0","0","","n/a","n/a","n/a","0.00","0.00","n/a","n/a","For metrics, refresh"
"image of churn rate for hellofresh","=HYPERLINK(""https://smrs.toolsfrog.com/analytics/keywordoverview/?q=image%20of%20churn%20rate%20for%20hellofresh&db=us"",""image of churn rate for hellofresh​"")","n/a","n/a","0","0","","n/a","n/a","n/a","0.00","0.00","n/a","n/a","For metrics, refresh"
"impact of not unifying customer data on churn rate","=HYPERLINK(""https://smrs.toolsfrog.com/analytics/keywordoverview/?q=impact%20of%20not%20unifying%20customer%20data%20on%20churn%20rate&db=us"",""impact of not unifying customer data on churn rate​"")","n/a","n/a","0","0","","n/a","n/a","n/a","0.00","0.00","n/a","n/a","For metrics, refresh"
"impact of price increase on churn rate in telecom","=HYPERLINK(""https://smrs.toolsfrog.com/analytics/keywordoverview/?q=impact%20of%20price%20increase%20on%20churn%20rate%20in%20telecom&db=us"",""impact of price increase on churn rate in telecom​"")","n/a","n/a","0","0","","n/a","n/a","n/a","0.00","0.00","n/a","n/a","For metrics, refresh"
"impact of price increase on churn rate in telecom industry","=HYPERLINK(""https://smrs.toolsfrog.com/analytics/keywordoverview/?q=impact%20of%20price%20increase%20on%20churn%20rate%20in%20telecom%20industry&db=us"",""impact of price increase on churn rate in telecom industry​"")","n/a","n/a","0","0","","n/a","n/a","n/a","0.00","0.00","n/a","n/a","For metrics, refresh"
"impact of price increase on churn rate telecom","=HYPERLINK(""https://smrs.toolsfrog.com/analytics/keywordoverview/?q=impact%20of%20price%20increase%20on%20churn%20rate%20telecom&db=us"",""impact of price increase on churn rate telecom​"")","n/a","n/a","0","0","","n/a","n/a","n/a","0.00","0.00","n/a","n/a","For metrics, refresh"
"impact of siloed customer data on churn rate","=HYPERLINK(""https://smrs.toolsfrog.com/analytics/keywordoverview/?q=impact%20of%20siloed%20customer%20data%20on%20churn%20rate&db=us"",""impact of siloed customer data on churn rate​"")","n/a","n/a","0","0","","n/a","n/a","n/a","0.00","0.00","n/a","n/a","For metrics, refresh"
"impacto de datos de cliente no unificados en churn rate","=HYPERLINK(""https://smrs.toolsfrog.com/analytics/keywordoverview/?q=impacto%20de%20datos%20de%20cliente%20no%20unificados%20en%20churn%20rate&db=us"",""impacto de datos de cliente no unificados en churn rate​"")","n/a","n/a","0","0","","n/a","n/a","n/a","0.00","0.00","n/a","n/a","For metrics, refresh"
"impacto de silos de datos en churn rate clientes","=HYPERLINK(""https://smrs.toolsfrog.com/analytics/keywordoverview/?q=impacto%20de%20silos%20de%20datos%20en%20churn%20rate%20clientes&db=us"",""impacto de silos de datos en churn rate clientes​"")","n/a","n/a","0","0","","n/a","n/a","n/a","0.00","0.00","n/a","n/a","For metrics, refresh"
"impacto de silos de datos en customer churn rate","=HYPERLINK(""https://smrs.toolsfrog.com/analytics/keywordoverview/?q=impacto%20de%20silos%20de%20datos%20en%20customer%20churn%20rate&db=us"",""impacto de silos de datos en customer churn rate​"")","n/a","n/a","0","0","","n/a","n/a","n/a","0.00","0.00","n/a","n/a","For metrics, refresh"
"importance of churn rate","=HYPERLINK(""https://smrs.toolsfrog.com/analytics/keywordoverview/?q=importance%20of%20churn%20rate&db=us"",""importance of churn rate​"")","n/a","n/a","0","0","","n/a","n/a","n/a","0.00","0.00","n/a","n/a","For metrics, refresh"
"important factors of churn rate","=HYPERLINK(""https://smrs.toolsfrog.com/analytics/keywordoverview/?q=important%20factors%20of%20churn%20rate&db=us"",""important factors of churn rate​"")","n/a","n/a","0","0","","n/a","n/a","n/a","0.00","0.00","n/a","n/a","For metrics, refresh"
"important variables for checking churn rate","=HYPERLINK(""https://smrs.toolsfrog.com/analytics/keywordoverview/?q=important%20variables%20for%20checking%20churn%20rate&db=us"",""important variables for checking churn rate​"")","n/a","n/a","0","0","","n/a","n/a","n/a","0.00","0.00","n/a","n/a","For metrics, refresh"
"in the utility industry what is customer churn rate","=HYPERLINK(""https://smrs.toolsfrog.com/analytics/keywordoverview/?q=in%20the%20utility%20industry%20what%20is%20customer%20churn%20rate&db=us"",""in the utility industry what is customer churn rate​"")","n/a","n/a","0","0","","n/a","n/a","n/a","0.00","0.00","n/a","n/a","For metrics, refresh"
"increased churn rate","=HYPERLINK(""https://smrs.toolsfrog.com/analytics/keywordoverview/?q=increased%20churn%20rate&db=us"",""increased churn rate​"")","n/a","n/a","0","0","","n/a","n/a","n/a","0.00","0.00","n/a","n/a","For metrics, refresh"
"increasing churn rate meaning","=HYPERLINK(""https://smrs.toolsfrog.com/analytics/keywordoverview/?q=increasing%20churn%20rate%20meaning&db=us"",""increasing churn rate meaning​"")","n/a","n/a","0","0","","n/a","n/a","n/a","0.00","0.00","n/a","n/a","For metrics, refresh"
"incredibly high churn rates","=HYPERLINK(""https://smrs.toolsfrog.com/analytics/keywordoverview/?q=incredibly%20high%20churn%20rates&db=us"",""incredibly high churn rates​"")","n/a","n/a","0","0","","n/a","n/a","n/a","0.00","0.00","n/a","n/a","For metrics, refresh"
"incubator kitchen churn rate","=HYPERLINK(""https://smrs.toolsfrog.com/analytics/keywordoverview/?q=incubator%20kitchen%20churn%20rate&db=us"",""incubator kitchen churn rate​"")","n/a","n/a","0","0","","n/a","n/a","n/a","0.00","0.00","n/a","n/a","For metrics, refresh"
"indonesia mobile churn rate","=HYPERLINK(""https://smrs.toolsfrog.com/analytics/keywordoverview/?q=indonesia%20mobile%20churn%20rate&db=us"",""indonesia mobile churn rate​"")","n/a","n/a","0","0","","n/a","n/a","n/a","0.00","0.00","n/a","n/a","For metrics, refresh"
"industries with highest churn rates","=HYPERLINK(""https://smrs.toolsfrog.com/analytics/keywordoverview/?q=industries%20with%20highest%20churn%20rates&db=us"",""industries with highest churn rates​"")","n/a","n/a","0","0","","n/a","n/a","n/a","0.00","0.00","n/a","n/a","For metrics, refresh"
"industry average churn rate saas","=HYPERLINK(""https://smrs.toolsfrog.com/analytics/keywordoverview/?q=industry%20average%20churn%20rate%20saas&db=us"",""industry average churn rate saas​"")","n/a","n/a","0","0","","n/a","n/a","n/a","0.00","0.00","n/a","n/a","For metrics, refresh"
"industry churn rate","=HYPERLINK(""https://smrs.toolsfrog.com/analytics/keywordoverview/?q=industry%20churn%20rate&db=us"",""industry churn rate​"")","n/a","n/a","0","0","","n/a","n/a","n/a","0.00","0.00","n/a","n/a","For metrics, refresh"
"industry churn rate for hournals","=HYPERLINK(""https://smrs.toolsfrog.com/analytics/keywordoverview/?q=industry%20churn%20rate%20for%20hournals&db=us"",""industry churn rate for hournals​"")","n/a","n/a","0","0","","n/a","n/a","n/a","0.00","0.00","n/a","n/a","For metrics, refresh"
"industry churn rate for journal subscriptions","=HYPERLINK(""https://smrs.toolsfrog.com/analytics/keywordoverview/?q=industry%20churn%20rate%20for%20journal%20subscriptions&db=us"",""industry churn rate for journal subscriptions​"")","n/a","n/a","0","0","","n/a","n/a","n/a","0.00","0.00","n/a","n/a","For metrics, refresh"
"industry churn rates","=HYPERLINK(""https://smrs.toolsfrog.com/analytics/keywordoverview/?q=industry%20churn%20rates&db=us"",""industry churn rates​"")","n/a","n/a","0","0","","n/a","n/a","n/a","0.00","0.00","n/a","n/a","For metrics, refresh"
"industry high churn rate","=HYPERLINK(""https://smrs.toolsfrog.com/analytics/keywordoverview/?q=industry%20high%20churn%20rate&db=us"",""industry high churn rate​"")","n/a","n/a","0","0","","n/a","n/a","n/a","0.00","0.00","n/a","n/a","For metrics, refresh"
"industry low churn rates","=HYPERLINK(""https://smrs.toolsfrog.com/analytics/keywordoverview/?q=industry%20low%20churn%20rates&db=us"",""industry low churn rates​"")","n/a","n/a","0","0","","n/a","n/a","n/a","0.00","0.00","n/a","n/a","For metrics, refresh"
"industry specific churn rates","=HYPERLINK(""https://smrs.toolsfrog.com/analytics/keywordoverview/?q=industry%20specific%20churn%20rates&db=us"",""industry specific churn rates​"")","n/a","n/a","0","0","","n/a","n/a","n/a","0.00","0.00","n/a","n/a","For metrics, refresh"
"industry standard b2b churn rate","=HYPERLINK(""https://smrs.toolsfrog.com/analytics/keywordoverview/?q=industry%20standard%20b2b%20churn%20rate&db=us"",""industry standard b2b churn rate​"")","n/a","n/a","0","0","","n/a","n/a","n/a","0.00","0.00","n/a","n/a","For metrics, refresh"
"industry standard for churn rate on mobile devices","=HYPERLINK(""https://smrs.toolsfrog.com/analytics/keywordoverview/?q=industry%20standard%20for%20churn%20rate%20on%20mobile%20devices&db=us"",""industry standard for churn rate on mobile devices​"")","n/a","n/a","0","0","","n/a","n/a","n/a","0.00","0.00","n/a","n/a","For metrics, refresh"
"industry standard for churn rate on mobile phones","=HYPERLINK(""https://smrs.toolsfrog.com/analytics/keywordoverview/?q=industry%20standard%20for%20churn%20rate%20on%20mobile%20phones&db=us"",""industry standard for churn rate on mobile phones​"")","n/a","n/a","0","0","","n/a","n/a","n/a","0.00","0.00","n/a","n/a","For metrics, refresh"
"industry wide churn rate for credit card subscriptions","=HYPERLINK(""https://smrs.toolsfrog.com/analytics/keywordoverview/?q=industry%20wide%20churn%20rate%20for%20credit%20card%20subscriptions&db=us"",""industry wide churn rate for credit card subscriptions​"")","n/a","n/a","0","0","","n/a","n/a","n/a","0.00","0.00","n/a","n/a","For metrics, refresh"
"industry with highest customer churn rate 2024","=HYPERLINK(""https://smrs.toolsfrog.com/analytics/keywordoverview/?q=industry%20with%20highest%20customer%20churn%20rate%202024&db=us"",""industry with highest customer churn rate 2024​"")","n/a","n/a","0","0","","n/a","n/a","n/a","0.00","0.00","n/a","n/a","For metrics, refresh"
"infrastructure saas monthly churn rate benchmark 1 percent","=HYPERLINK(""https://smrs.toolsfrog.com/analytics/keywordoverview/?q=infrastructure%20saas%20monthly%20churn%20rate%20benchmark%201%20percent&db=us"",""infrastructure saas monthly churn rate benchmark 1 percent​"")","n/a","n/a","0","0","","n/a","n/a","n/a","0.00","0.00","n/a","n/a","For metrics, refresh"
"infusionsoft churn rate","=HYPERLINK(""https://smrs.toolsfrog.com/analytics/keywordoverview/?q=infusionsoft%20churn%20rate&db=us"",""infusionsoft churn rate​"")","n/a","n/a","0","0","","n/a","n/a","n/a","0.00","0.00","n/a","n/a","For metrics, refresh"
"inkasso churn rate","=HYPERLINK(""https://smrs.toolsfrog.com/analytics/keywordoverview/?q=inkasso%20churn%20rate&db=us"",""inkasso churn rate​"")","n/a","n/a","0","0","","n/a","n/a","n/a","0.00","0.00","n/a","n/a","For metrics, refresh"
"instagram churn rate","=HYPERLINK(""https://smrs.toolsfrog.com/analytics/keywordoverview/?q=instagram%20churn%20rate&db=us"",""instagram churn rate​"")","n/a","n/a","0","0","","n/a","n/a","n/a","0.00","0.00","n/a","n/a","For metrics, refresh"
"insurance churn rates","=HYPERLINK(""https://smrs.toolsfrog.com/analytics/keywordoverview/?q=insurance%20churn%20rates&db=us"",""insurance churn rates​"")","n/a","n/a","0","0","","n/a","n/a","n/a","0.00","0.00","n/a","n/a","For metrics, refresh"
"insurance customer retention statistics churn rates 2025","=HYPERLINK(""https://smrs.toolsfrog.com/analytics/keywordoverview/?q=insurance%20customer%20retention%20statistics%20churn%20rates%202025&db=us"",""insurance customer retention statistics churn rates 2025​"")","n/a","n/a","0","0","","n/a","n/a","n/a","0.00","0.00","n/a","n/a","For metrics, refresh"
"inverse of churn rate","=HYPERLINK(""https://smrs.toolsfrog.com/analytics/keywordoverview/?q=inverse%20of%20churn%20rate&db=us"",""inverse of churn rate​"")","n/a","n/a","0","0","","n/a","n/a","n/a","0.00","0.00","n/a","n/a","For metrics, refresh"
"investopedia churn rate","=HYPERLINK(""https://smrs.toolsfrog.com/analytics/keywordoverview/?q=investopedia%20churn%20rate&db=us"",""investopedia churn rate​"")","n/a","n/a","0","0","","n/a","n/a","n/a","0.00","0.00","n/a","n/a","For metrics, refresh"
"investopedia churn rate definition","=HYPERLINK(""https://smrs.toolsfrog.com/analytics/keywordoverview/?q=investopedia%20churn%20rate%20definition&db=us"",""investopedia churn rate definition​"")","n/a","n/a","0","0","","n/a","n/a","n/a","0.00","0.00","n/a","n/a","For metrics, refresh"
"investopedia churn rate definition subscription","=HYPERLINK(""https://smrs.toolsfrog.com/analytics/keywordoverview/?q=investopedia%20churn%20rate%20definition%20subscription&db=us"",""investopedia churn rate definition subscription​"")","n/a","n/a","0","0","","n/a","n/a","n/a","0.00","0.00","n/a","n/a","For metrics, refresh"
"investopedia churn rate definition subscription business","=HYPERLINK(""https://smrs.toolsfrog.com/analytics/keywordoverview/?q=investopedia%20churn%20rate%20definition%20subscription%20business&db=us"",""investopedia churn rate definition subscription business​"")","n/a","n/a","0","0","","n/a","n/a","n/a","0.00","0.00","n/a","n/a","For metrics, refresh"
"ipsy churn rate","=HYPERLINK(""https://smrs.toolsfrog.com/analytics/keywordoverview/?q=ipsy%20churn%20rate&db=us"",""ipsy churn rate​"")","n/a","n/a","0","0","","n/a","n/a","n/a","0.00","0.00","n/a","n/a","For metrics, refresh"
"is churn rate a value metric","=HYPERLINK(""https://smrs.toolsfrog.com/analytics/keywordoverview/?q=is%20churn%20rate%20a%20value%20metric&db=us"",""is churn rate a value metric​"")","n/a","n/a","0","0","","n/a","n/a","n/a","0.00","0.00","n/a","n/a","For metrics, refresh"
"is churn rate for ever","=HYPERLINK(""https://smrs.toolsfrog.com/analytics/keywordoverview/?q=is%20churn%20rate%20for%20ever&db=us"",""is churn rate for ever​"")","n/a","n/a","0","0","","n/a","n/a","n/a","0.00","0.00","n/a","n/a","For metrics, refresh"
"is churn rate monthly or annual","=HYPERLINK(""https://smrs.toolsfrog.com/analytics/keywordoverview/?q=is%20churn%20rate%20monthly%20or%20annual&db=us"",""is churn rate monthly or annual​"")","n/a","n/a","0","0","","n/a","n/a","n/a","0.00","0.00","n/a","n/a","For metrics, refresh"
"is churn rate the inverse of retention rate","=HYPERLINK(""https://smrs.toolsfrog.com/analytics/keywordoverview/?q=is%20churn%20rate%20the%20inverse%20of%20retention%20rate&db=us"",""is churn rate the inverse of retention rate​"")","n/a","n/a","0","0","","n/a","n/a","n/a","0.00","0.00","n/a","n/a","For metrics, refresh"
"is churn rate the same as turnover","=HYPERLINK(""https://smrs.toolsfrog.com/analytics/keywordoverview/?q=is%20churn%20rate%20the%20same%20as%20turnover&db=us"",""is churn rate the same as turnover​"")","n/a","n/a","0","0","","n/a","n/a","n/a","0.00","0.00","n/a","n/a","For metrics, refresh"
"is churn rate ux or cx","=HYPERLINK(""https://smrs.toolsfrog.com/analytics/keywordoverview/?q=is%20churn%20rate%20ux%20or%20cx&db=us"",""is churn rate ux or cx​"")","n/a","n/a","0","0","","n/a","n/a","n/a","0.00","0.00","n/a","n/a","For metrics, refresh"
"is employee turnover churn rate high in digital marketing","=HYPERLINK(""https://smrs.toolsfrog.com/analytics/keywordoverview/?q=is%20employee%20turnover%20churn%20rate%20high%20in%20digital%20marketing&db=us"",""is employee turnover churn rate high in digital marketing​"")","n/a","n/a","0","0","","n/a","n/a","n/a","0.00","0.00","n/a","n/a","For metrics, refresh"
"is employee turnover churn rate high in seo","=HYPERLINK(""https://smrs.toolsfrog.com/analytics/keywordoverview/?q=is%20employee%20turnover%20churn%20rate%20high%20in%20seo&db=us"",""is employee turnover churn rate high in seo​"")","n/a","n/a","0","0","","n/a","n/a","n/a","0.00","0.00","n/a","n/a","For metrics, refresh"
"is lower churn rate better","=HYPERLINK(""https://smrs.toolsfrog.com/analytics/keywordoverview/?q=is%20lower%20churn%20rate%20better&db=us"",""is lower churn rate better​"")","n/a","n/a","0","0","","n/a","n/a","n/a","0.00","0.00","n/a","n/a","For metrics, refresh"
"is renewal rate the negative of churn","=HYPERLINK(""https://smrs.toolsfrog.com/analytics/keywordoverview/?q=is%20renewal%20rate%20the%20negative%20of%20churn&db=us"",""is renewal rate the negative of churn​"")","n/a","n/a","0","0","","n/a","n/a","n/a","0.00","0.00","n/a","n/a","For metrics, refresh"
"is retention rate an inverse of churn rate","=HYPERLINK(""https://smrs.toolsfrog.com/analytics/keywordoverview/?q=is%20retention%20rate%20an%20inverse%20of%20churn%20rate&db=us"",""is retention rate an inverse of churn rate​"")","n/a","n/a","0","0","","n/a","n/a","n/a","0.00","0.00","n/a","n/a","For metrics, refresh"
"isp churn rate","=HYPERLINK(""https://smrs.toolsfrog.com/analytics/keywordoverview/?q=isp%20churn%20rate&db=us"",""isp churn rate​"")","n/a","n/a","0","0","","n/a","n/a","n/a","0.00","0.00","n/a","n/a","For metrics, refresh"
"isp churn rates","=HYPERLINK(""https://smrs.toolsfrog.com/analytics/keywordoverview/?q=isp%20churn%20rates&db=us"",""isp churn rates​"")","n/a","n/a","0","0","","n/a","n/a","n/a","0.00","0.00","n/a","n/a","For metrics, refresh"
"it churn rate in healthcare industry","=HYPERLINK(""https://smrs.toolsfrog.com/analytics/keywordoverview/?q=it%20churn%20rate%20in%20healthcare%20industry&db=us"",""it churn rate in healthcare industry​"")","n/a","n/a","0","0","","n/a","n/a","n/a","0.00","0.00","n/a","n/a","For metrics, refresh"
"job churn rate","=HYPERLINK(""https://smrs.toolsfrog.com/analytics/keywordoverview/?q=job%20churn%20rate&db=us"",""job churn rate​"")","n/a","n/a","0","0","","n/a","n/a","n/a","0.00","0.00","n/a","n/a","For metrics, refresh"
"johnson outdoors customer churn rate and retention 2025","=HYPERLINK(""https://smrs.toolsfrog.com/analytics/keywordoverview/?q=johnson%20outdoors%20customer%20churn%20rate%20and%20retention%202025&db=us"",""johnson outdoors customer churn rate and retention 2025​"")","n/a","n/a","0","0","","n/a","n/a","n/a","0.00","0.00","n/a","n/a","For metrics, refresh"
"kissmetrics calculate churn rate","=HYPERLINK(""https://smrs.toolsfrog.com/analytics/keywordoverview/?q=kissmetrics%20calculate%20churn%20rate&db=us"",""kissmetrics calculate churn rate​"")","n/a","n/a","0","0","","n/a","n/a","n/a","0.00","0.00","n/a","n/a","For metrics, refresh"
"kissmetrics churn rate","=HYPERLINK(""https://smrs.toolsfrog.com/analytics/keywordoverview/?q=kissmetrics%20churn%20rate&db=us"",""kissmetrics churn rate​"")","n/a","n/a","0","0","","n/a","n/a","n/a","0.00","0.00","n/a","n/a","For metrics, refresh"
"klaviyo churn rate","=HYPERLINK(""https://smrs.toolsfrog.com/analytics/keywordoverview/?q=klaviyo%20churn%20rate&db=us"",""klaviyo churn rate​"")","n/a","n/a","0","0","","n/a","n/a","n/a","0.00","0.00","n/a","n/a","For metrics, refresh"
"kroger customer churn rate and retention 2025","=HYPERLINK(""https://smrs.toolsfrog.com/analytics/keywordoverview/?q=kroger%20customer%20churn%20rate%20and%20retention%202025&db=us"",""kroger customer churn rate and retention 2025​"")","n/a","n/a","0","0","","n/a","n/a","n/a","0.00","0.00","n/a","n/a","For metrics, refresh"
"le churn rate","=HYPERLINK(""https://smrs.toolsfrog.com/analytics/keywordoverview/?q=le%20churn%20rate&db=us"",""le churn rate​"")","n/a","n/a","0","0","","n/a","n/a","n/a","0.00","0.00","n/a","n/a","For metrics, refresh"
"leggett & platt customer churn rate and retention 2025","=HYPERLINK(""https://smrs.toolsfrog.com/analytics/keywordoverview/?q=leggett%20%26%20platt%20customer%20churn%20rate%20and%20retention%202025&db=us"",""leggett & platt customer churn rate and retention 2025​"")","n/a","n/a","0","0","","n/a","n/a","n/a","0.00","0.00","n/a","n/a","For metrics, refresh"
"life insurance churn rates","=HYPERLINK(""https://smrs.toolsfrog.com/analytics/keywordoverview/?q=life%20insurance%20churn%20rates&db=us"",""life insurance churn rates​"")","n/a","n/a","0","0","","n/a","n/a","n/a","0.00","0.00","n/a","n/a","For metrics, refresh"
"lifetime customer value churn rate","=HYPERLINK(""https://smrs.toolsfrog.com/analytics/keywordoverview/?q=lifetime%20customer%20value%20churn%20rate&db=us"",""lifetime customer value churn rate​"")","n/a","n/a","0","0","","n/a","n/a","n/a","0.00","0.00","n/a","n/a","For metrics, refresh"
"lifetime value calculation with churn rate","=HYPERLINK(""https://smrs.toolsfrog.com/analytics/keywordoverview/?q=lifetime%20value%20calculation%20with%20churn%20rate&db=us"",""lifetime value calculation with churn rate​"")","n/a","n/a","0","0","","n/a","n/a","n/a","0.00","0.00","n/a","n/a","For metrics, refresh"
"lifetime value churn rate","=HYPERLINK(""https://smrs.toolsfrog.com/analytics/keywordoverview/?q=lifetime%20value%20churn%20rate&db=us"",""lifetime value churn rate​"")","n/a","n/a","0","0","","n/a","n/a","n/a","0.00","0.00","n/a","n/a","For metrics, refresh"
"likes churn rate","=HYPERLINK(""https://smrs.toolsfrog.com/analytics/keywordoverview/?q=likes%20churn%20rate&db=us"",""likes churn rate​"")","n/a","n/a","0","0","","n/a","n/a","n/a","0.00","0.00","n/a","n/a","For metrics, refresh"
"liketoknowit churn rate","=HYPERLINK(""https://smrs.toolsfrog.com/analytics/keywordoverview/?q=liketoknowit%20churn%20rate&db=us"",""liketoknowit churn rate​"")","n/a","n/a","0","0","","n/a","n/a","n/a","0.00","0.00","n/a","n/a","For metrics, refresh"
"linkedin churn rate","=HYPERLINK(""https://smrs.toolsfrog.com/analytics/keywordoverview/?q=linkedin%20churn%20rate&db=us"",""linkedin churn rate​"")","n/a","n/a","0","0","","n/a","n/a","n/a","0.00","0.00","n/a","n/a","For metrics, refresh"
"liquidity services customer churn rate and retention 2025","=HYPERLINK(""https://smrs.toolsfrog.com/analytics/keywordoverview/?q=liquidity%20services%20customer%20churn%20rate%20and%20retention%202025&db=us"",""liquidity services customer churn rate and retention 2025​"")","n/a","n/a","0","0","","n/a","n/a","n/a","0.00","0.00","n/a","n/a","For metrics, refresh"
"longer reports churn rates","=HYPERLINK(""https://smrs.toolsfrog.com/analytics/keywordoverview/?q=longer%20reports%20churn%20rates&db=us"",""longer reports churn rates​"")","n/a","n/a","0","0","","n/a","n/a","n/a","0.00","0.00","n/a","n/a","For metrics, refresh"
"loot crate churn rate","=HYPERLINK(""https://smrs.toolsfrog.com/analytics/keywordoverview/?q=loot%20crate%20churn%20rate&db=us"",""loot crate churn rate​"")","n/a","n/a","0","0","","n/a","n/a","n/a","0.00","0.00","n/a","n/a","For metrics, refresh"
"loot crate churn rate 2018","=HYPERLINK(""https://smrs.toolsfrog.com/analytics/keywordoverview/?q=loot%20crate%20churn%20rate%202018&db=us"",""loot crate churn rate 2018​"")","n/a","n/a","0","0","","n/a","n/a","n/a","0.00","0.00","n/a","n/a","For metrics, refresh"
"lovesac company customer churn rate and retention 2025","=HYPERLINK(""https://smrs.toolsfrog.com/analytics/keywordoverview/?q=lovesac%20company%20customer%20churn%20rate%20and%20retention%202025&db=us"",""lovesac company customer churn rate and retention 2025​"")","n/a","n/a","0","0","","n/a","n/a","n/a","0.00","0.00","n/a","n/a","For metrics, refresh"
"low churn rate for saas","=HYPERLINK(""https://smrs.toolsfrog.com/analytics/keywordoverview/?q=low%20churn%20rate%20for%20saas&db=us"",""low churn rate for saas​"")","n/a","n/a","0","0","","n/a","n/a","n/a","0.00","0.00","n/a","n/a","For metrics, refresh"
"low churn rates","=HYPERLINK(""https://smrs.toolsfrog.com/analytics/keywordoverview/?q=low%20churn%20rates&db=us"",""low churn rates​"")","n/a","n/a","0","0","","n/a","n/a","n/a","0.00","0.00","n/a","n/a","For metrics, refresh"
"low customer churn rate","=HYPERLINK(""https://smrs.toolsfrog.com/analytics/keywordoverview/?q=low%20customer%20churn%20rate&db=us"",""low customer churn rate​"")","n/a","n/a","0","0","","n/a","n/a","n/a","0.00","0.00","n/a","n/a","For metrics, refresh"
"low monthly churn rate","=HYPERLINK(""https://smrs.toolsfrog.com/analytics/keywordoverview/?q=low%20monthly%20churn%20rate&db=us"",""low monthly churn rate​"")","n/a","n/a","0","0","","n/a","n/a","n/a","0.00","0.00","n/a","n/a","For metrics, refresh"
"low net revenue churn rate","=HYPERLINK(""https://smrs.toolsfrog.com/analytics/keywordoverview/?q=low%20net%20revenue%20churn%20rate&db=us"",""low net revenue churn rate​"")","n/a","n/a","0","0","","n/a","n/a","n/a","0.00","0.00","n/a","n/a","For metrics, refresh"
"low postpaid churn rate","=HYPERLINK(""https://smrs.toolsfrog.com/analytics/keywordoverview/?q=low%20postpaid%20churn%20rate&db=us"",""low postpaid churn rate​"")","n/a","n/a","0","0","","n/a","n/a","n/a","0.00","0.00","n/a","n/a","For metrics, refresh"
"low staff churn rates","=HYPERLINK(""https://smrs.toolsfrog.com/analytics/keywordoverview/?q=low%20staff%20churn%20rates&db=us"",""low staff churn rates​"")","n/a","n/a","0","0","","n/a","n/a","n/a","0.00","0.00","n/a","n/a","For metrics, refresh"
"low subscriber churn rates","=HYPERLINK(""https://smrs.toolsfrog.com/analytics/keywordoverview/?q=low%20subscriber%20churn%20rates&db=us"",""low subscriber churn rates​"")","n/a","n/a","0","0","","n/a","n/a","n/a","0.00","0.00","n/a","n/a","For metrics, refresh"
"lower churn rate compared","=HYPERLINK(""https://smrs.toolsfrog.com/analytics/keywordoverview/?q=lower%20churn%20rate%20compared&db=us"",""lower churn rate compared​"")","n/a","n/a","0","0","","n/a","n/a","n/a","0.00","0.00","n/a","n/a","For metrics, refresh"
"lowered churn rate","=HYPERLINK(""https://smrs.toolsfrog.com/analytics/keywordoverview/?q=lowered%20churn%20rate&db=us"",""lowered churn rate​"")","n/a","n/a","0","0","","n/a","n/a","n/a","0.00","0.00","n/a","n/a","For metrics, refresh"
"lowering churn rate","=HYPERLINK(""https://smrs.toolsfrog.com/analytics/keywordoverview/?q=lowering%20churn%20rate&db=us"",""lowering churn rate​"")","n/a","n/a","0","0","","n/a","n/a","n/a","0.00","0.00","n/a","n/a","For metrics, refresh"
"lowering churn rates","=HYPERLINK(""https://smrs.toolsfrog.com/analytics/keywordoverview/?q=lowering%20churn%20rates&db=us"",""lowering churn rates​"")","n/a","n/a","0","0","","n/a","n/a","n/a","0.00","0.00","n/a","n/a","For metrics, refresh"
"lowering customer churn rates","=HYPERLINK(""https://smrs.toolsfrog.com/analytics/keywordoverview/?q=lowering%20customer%20churn%20rates&db=us"",""lowering customer churn rates​"")","n/a","n/a","0","0","","n/a","n/a","n/a","0.00","0.00","n/a","n/a","For metrics, refresh"
"lowest churn rates","=HYPERLINK(""https://smrs.toolsfrog.com/analytics/keywordoverview/?q=lowest%20churn%20rates&db=us"",""lowest churn rates​"")","n/a","n/a","0","0","","n/a","n/a","n/a","0.00","0.00","n/a","n/a","For metrics, refresh"
"lowest posted churn rate","=HYPERLINK(""https://smrs.toolsfrog.com/analytics/keywordoverview/?q=lowest%20posted%20churn%20rate&db=us"",""lowest posted churn rate​"")","n/a","n/a","0","0","","n/a","n/a","n/a","0.00","0.00","n/a","n/a","For metrics, refresh"
"lowest quarterly churn rate","=HYPERLINK(""https://smrs.toolsfrog.com/analytics/keywordoverview/?q=lowest%20quarterly%20churn%20rate&db=us"",""lowest quarterly churn rate​"")","n/a","n/a","0","0","","n/a","n/a","n/a","0.00","0.00","n/a","n/a","For metrics, refresh"
"loyalty churn rate","=HYPERLINK(""https://smrs.toolsfrog.com/analytics/keywordoverview/?q=loyalty%20churn%20rate&db=us"",""loyalty churn rate​"")","n/a","n/a","0","0","","n/a","n/a","n/a","0.00","0.00","n/a","n/a","For metrics, refresh"
"lte churn rate","=HYPERLINK(""https://smrs.toolsfrog.com/analytics/keywordoverview/?q=lte%20churn%20rate&db=us"",""lte churn rate​"")","n/a","n/a","0","0","","n/a","n/a","n/a","0.00","0.00","n/a","n/a","For metrics, refresh"
"ltv calculation churn rate","=HYPERLINK(""https://smrs.toolsfrog.com/analytics/keywordoverview/?q=ltv%20calculation%20churn%20rate&db=us"",""ltv calculation churn rate​"")","n/a","n/a","0","0","","n/a","n/a","n/a","0.00","0.00","n/a","n/a","For metrics, refresh"
"ltv churn rate formula","=HYPERLINK(""https://smrs.toolsfrog.com/analytics/keywordoverview/?q=ltv%20churn%20rate%20formula&db=us"",""ltv churn rate formula​"")","n/a","n/a","0","0","","n/a","n/a","n/a","0.00","0.00","n/a","n/a","For metrics, refresh"
"ltv formula arpu divided by churn rate","=HYPERLINK(""https://smrs.toolsfrog.com/analytics/keywordoverview/?q=ltv%20formula%20arpu%20divided%20by%20churn%20rate&db=us"",""ltv formula arpu divided by churn rate​"")","n/a","n/a","0","0","","n/a","n/a","n/a","0.00","0.00","n/a","n/a","For metrics, refresh"
"ltv formula with churn rate","=HYPERLINK(""https://smrs.toolsfrog.com/analytics/keywordoverview/?q=ltv%20formula%20with%20churn%20rate&db=us"",""ltv formula with churn rate​"")","n/a","n/a","0","0","","n/a","n/a","n/a","0.00","0.00","n/a","n/a","For metrics, refresh"
"lyft churn rate","=HYPERLINK(""https://smrs.toolsfrog.com/analytics/keywordoverview/?q=lyft%20churn%20rate&db=us"",""lyft churn rate​"")","n/a","n/a","0","0","","n/a","n/a","n/a","0.00","0.00","n/a","n/a","For metrics, refresh"
"lyft customer acqusition rate vs churn","=HYPERLINK(""https://smrs.toolsfrog.com/analytics/keywordoverview/?q=lyft%20customer%20acqusition%20rate%20vs%20churn&db=us"",""lyft customer acqusition rate vs churn​"")","n/a","n/a","0","0","","n/a","n/a","n/a","0.00","0.00","n/a","n/a","For metrics, refresh"
"lyft driver churn rate","=HYPERLINK(""https://smrs.toolsfrog.com/analytics/keywordoverview/?q=lyft%20driver%20churn%20rate&db=us"",""lyft driver churn rate​"")","n/a","n/a","0","0","","n/a","n/a","n/a","0.00","0.33","n/a","n/a","For metrics, refresh"
"lyft drivers churn rate","=HYPERLINK(""https://smrs.toolsfrog.com/analytics/keywordoverview/?q=lyft%20drivers%20churn%20rate&db=us"",""lyft drivers churn rate​"")","n/a","n/a","0","0","","n/a","n/a","n/a","0.00","0.00","n/a","n/a","For metrics, refresh"
"machine learning churn rate","=HYPERLINK(""https://smrs.toolsfrog.com/analytics/keywordoverview/?q=machine%20learning%20churn%20rate&db=us"",""machine learning churn rate​"")","n/a","n/a","0","0","","n/a","n/a","n/a","0.00","0.00","n/a","n/a","For metrics, refresh"
"mailchimp churn rate","=HYPERLINK(""https://smrs.toolsfrog.com/analytics/keywordoverview/?q=mailchimp%20churn%20rate&db=us"",""mailchimp churn rate​"")","n/a","n/a","0","0","","n/a","n/a","n/a","0.00","0.00","n/a","n/a","For metrics, refresh"
"major us wireless carriers postpaid churn rate latest","=HYPERLINK(""https://smrs.toolsfrog.com/analytics/keywordoverview/?q=major%20us%20wireless%20carriers%20postpaid%20churn%20rate%20latest&db=us"",""major us wireless carriers postpaid churn rate latest​"")","n/a","n/a","0","0","","n/a","n/a","n/a","0.00","0.00","n/a","n/a","For metrics, refresh"
"make assumption about churn rate with limited data","=HYPERLINK(""https://smrs.toolsfrog.com/analytics/keywordoverview/?q=make%20assumption%20about%20churn%20rate%20with%20limited%20data&db=us"",""make assumption about churn rate with limited data​"")","n/a","n/a","0","0","","n/a","n/a","n/a","0.00","0.00","n/a","n/a","For metrics, refresh"
"malaysia mobile churn rate","=HYPERLINK(""https://smrs.toolsfrog.com/analytics/keywordoverview/?q=malaysia%20mobile%20churn%20rate&db=us"",""malaysia mobile churn rate​"")","n/a","n/a","0","0","","n/a","n/a","n/a","0.00","0.00","n/a","n/a","For metrics, refresh"
"malibu boats customer churn rate and retention 2025","=HYPERLINK(""https://smrs.toolsfrog.com/analytics/keywordoverview/?q=malibu%20boats%20customer%20churn%20rate%20and%20retention%202025&db=us"",""malibu boats customer churn rate and retention 2025​"")","n/a","n/a","0","0","","n/a","n/a","n/a","0.00","0.00","n/a","n/a","For metrics, refresh"
"managing churn rate","=HYPERLINK(""https://smrs.toolsfrog.com/analytics/keywordoverview/?q=managing%20churn%20rate&db=us"",""managing churn rate​"")","n/a","n/a","0","0","","n/a","n/a","n/a","0.00","0.00","n/a","n/a","For metrics, refresh"
"manchester united customer churn rate and retention 2025","=HYPERLINK(""https://smrs.toolsfrog.com/analytics/keywordoverview/?q=manchester%20united%20customer%20churn%20rate%20and%20retention%202025&db=us"",""manchester united customer churn rate and retention 2025​"")","n/a","n/a","0","0","","n/a","n/a","n/a","0.00","0.00","n/a","n/a","For metrics, refresh"
"manchester united customer churn rate compared to industry 2025","=HYPERLINK(""https://smrs.toolsfrog.com/analytics/keywordoverview/?q=manchester%20united%20customer%20churn%20rate%20compared%20to%20industry%202025&db=us"",""manchester united customer churn rate compared to industry 2025​"")","n/a","n/a","0","0","","n/a","n/a","n/a","0.00","0.00","n/a","n/a","For metrics, refresh"
"mapd churn rate mckinsey","=HYPERLINK(""https://smrs.toolsfrog.com/analytics/keywordoverview/?q=mapd%20churn%20rate%20mckinsey&db=us"",""mapd churn rate mckinsey​"")","n/a","n/a","0","0","","n/a","n/a","n/a","0.00","0.00","n/a","n/a","For metrics, refresh"
"marcus customer churn rate and retention 2025","=HYPERLINK(""https://smrs.toolsfrog.com/analytics/keywordoverview/?q=marcus%20customer%20churn%20rate%20and%20retention%202025&db=us"",""marcus customer churn rate and retention 2025​"")","n/a","n/a","0","0","","n/a","n/a","n/a","0.00","0.00","n/a","n/a","For metrics, refresh"
"marketing agency churn rate","=HYPERLINK(""https://smrs.toolsfrog.com/analytics/keywordoverview/?q=marketing%20agency%20churn%20rate&db=us"",""marketing agency churn rate​"")","n/a","n/a","0","0","","n/a","n/a","n/a","0.00","0.00","n/a","n/a","For metrics, refresh"
"marketing agency client churn rate average","=HYPERLINK(""https://smrs.toolsfrog.com/analytics/keywordoverview/?q=marketing%20agency%20client%20churn%20rate%20average&db=us"",""marketing agency client churn rate average​"")","n/a","n/a","0","0","","n/a","n/a","n/a","0.00","0.00","n/a","n/a","For metrics, refresh"
"marketing churn rate","=HYPERLINK(""https://smrs.toolsfrog.com/analytics/keywordoverview/?q=marketing%20churn%20rate&db=us"",""marketing churn rate​"")","n/a","n/a","0","0","","n/a","n/a","n/a","0.00","0.02","n/a","n/a","For metrics, refresh"
"marketplac churn rate benchmark","=HYPERLINK(""https://smrs.toolsfrog.com/analytics/keywordoverview/?q=marketplac%20churn%20rate%20benchmark&db=us"",""marketplac churn rate benchmark​"")","n/a","n/a","0","0","","n/a","n/a","n/a","0.00","0.00","n/a","n/a","For metrics, refresh"
"marketplace churn rate","=HYPERLINK(""https://smrs.toolsfrog.com/analytics/keywordoverview/?q=marketplace%20churn%20rate&db=us"",""marketplace churn rate​"")","n/a","n/a","0","0","","n/a","n/a","n/a","0.00","0.00","n/a","n/a","For metrics, refresh"
"marketplace churn rate benchmark","=HYPERLINK(""https://smrs.toolsfrog.com/analytics/keywordoverview/?q=marketplace%20churn%20rate%20benchmark&db=us"",""marketplace churn rate benchmark​"")","n/a","n/a","0","0","","n/a","n/a","n/a","0.00","0.00","n/a","n/a","For metrics, refresh"
"marriott customer churn rate and retention 2025","=HYPERLINK(""https://smrs.toolsfrog.com/analytics/keywordoverview/?q=marriott%20customer%20churn%20rate%20and%20retention%202025&db=us"",""marriott customer churn rate and retention 2025​"")","n/a","n/a","0","0","","n/a","n/a","n/a","0.00","0.00","n/a","n/a","For metrics, refresh"
"marriott vacations worldwide customer churn rate and retention 2025","=HYPERLINK(""https://smrs.toolsfrog.com/analytics/keywordoverview/?q=marriott%20vacations%20worldwide%20customer%20churn%20rate%20and%20retention%202025&db=us"",""marriott vacations worldwide customer churn rate and retention 2025​"")","n/a","n/a","0","0","","n/a","n/a","n/a","0.00","0.00","n/a","n/a","For metrics, refresh"
"maximum money spent to reduce churn rate","=HYPERLINK(""https://smrs.toolsfrog.com/analytics/keywordoverview/?q=maximum%20money%20spent%20to%20reduce%20churn%20rate&db=us"",""maximum money spent to reduce churn rate​"")","n/a","n/a","0","0","","n/a","n/a","n/a","0.00","0.00","n/a","n/a","For metrics, refresh"
"mccormick customer churn rate compared to industry 2025","=HYPERLINK(""https://smrs.toolsfrog.com/analytics/keywordoverview/?q=mccormick%20customer%20churn%20rate%20compared%20to%20industry%202025&db=us"",""mccormick customer churn rate compared to industry 2025​"")","n/a","n/a","0","0","","n/a","n/a","n/a","0.00","0.00","n/a","n/a","For metrics, refresh"
"mcdonald's customer churn rate compared to industry 2025","=HYPERLINK(""https://smrs.toolsfrog.com/analytics/keywordoverview/?q=mcdonald's%20customer%20churn%20rate%20compared%20to%20industry%202025&db=us"",""mcdonald's customer churn rate compared to industry 2025​"")","n/a","n/a","0","0","","n/a","n/a","n/a","0.00","0.00","n/a","n/a","For metrics, refresh"
"meal kit churn rate","=HYPERLINK(""https://smrs.toolsfrog.com/analytics/keywordoverview/?q=meal%20kit%20churn%20rate&db=us"",""meal kit churn rate​"")","n/a","n/a","0","0","","n/a","n/a","n/a","0.00","0.00","n/a","n/a","For metrics, refresh"
"meaning customer churn rate","=HYPERLINK(""https://smrs.toolsfrog.com/analytics/keywordoverview/?q=meaning%20customer%20churn%20rate&db=us"",""meaning customer churn rate​"")","n/a","n/a","0","0","","n/a","n/a","n/a","0.00","0.00","n/a","n/a","For metrics, refresh"
"meaning of churn rate business","=HYPERLINK(""https://smrs.toolsfrog.com/analytics/keywordoverview/?q=meaning%20of%20churn%20rate%20business&db=us"",""meaning of churn rate business​"")","n/a","n/a","0","0","","n/a","n/a","n/a","0.00","0.00","n/a","n/a","For metrics, refresh"
"meaning of churn rate in business","=HYPERLINK(""https://smrs.toolsfrog.com/analytics/keywordoverview/?q=meaning%20of%20churn%20rate%20in%20business&db=us"",""meaning of churn rate in business​"")","n/a","n/a","0","0","","n/a","n/a","n/a","0.00","0.00","n/a","n/a","For metrics, refresh"
"meaning of churn rate in hindi","=HYPERLINK(""https://smrs.toolsfrog.com/analytics/keywordoverview/?q=meaning%20of%20churn%20rate%20in%20hindi&db=us"",""meaning of churn rate in hindi​"")","n/a","n/a","0","0","","n/a","n/a","n/a","0.00","0.00","n/a","n/a","For metrics, refresh"
"meaning of churn rate in tamil","=HYPERLINK(""https://smrs.toolsfrog.com/analytics/keywordoverview/?q=meaning%20of%20churn%20rate%20in%20tamil&db=us"",""meaning of churn rate in tamil​"")","n/a","n/a","0","0","","n/a","n/a","n/a","0.00","0.00","n/a","n/a","For metrics, refresh"
"meaning of company churn rate","=HYPERLINK(""https://smrs.toolsfrog.com/analytics/keywordoverview/?q=meaning%20of%20company%20churn%20rate&db=us"",""meaning of company churn rate​"")","n/a","n/a","0","0","","n/a","n/a","n/a","0.00","0.00","n/a","n/a","For metrics, refresh"
"meaning of customer churn rate","=HYPERLINK(""https://smrs.toolsfrog.com/analytics/keywordoverview/?q=meaning%20of%20customer%20churn%20rate&db=us"",""meaning of customer churn rate​"")","n/a","n/a","0","0","","n/a","n/a","n/a","0.00","0.00","n/a","n/a","For metrics, refresh"
"meaning of high churn rate","=HYPERLINK(""https://smrs.toolsfrog.com/analytics/keywordoverview/?q=meaning%20of%20high%20churn%20rate&db=us"",""meaning of high churn rate​"")","n/a","n/a","0","0","","n/a","n/a","n/a","0.00","0.00","n/a","n/a","For metrics, refresh"
"measure churn rate","=HYPERLINK(""https://smrs.toolsfrog.com/analytics/keywordoverview/?q=measure%20churn%20rate&db=us"",""measure churn rate​"")","n/a","n/a","0","0","","n/a","n/a","n/a","5.30","0.04","n/a","n/a","For metrics, refresh"
"measuring audience churn rate","=HYPERLINK(""https://smrs.toolsfrog.com/analytics/keywordoverview/?q=measuring%20audience%20churn%20rate&db=us"",""measuring audience churn rate​"")","n/a","n/a","0","0","","n/a","n/a","n/a","0.00","0.00","n/a","n/a","For metrics, refresh"
"measuring churn rate for health club memberships","=HYPERLINK(""https://smrs.toolsfrog.com/analytics/keywordoverview/?q=measuring%20churn%20rate%20for%20health%20club%20memberships&db=us"",""measuring churn rate for health club memberships​"")","n/a","n/a","0","0","","n/a","n/a","n/a","0.00","0.00","n/a","n/a","For metrics, refresh"
"measuring customer churn rate","=HYPERLINK(""https://smrs.toolsfrog.com/analytics/keywordoverview/?q=measuring%20customer%20churn%20rate&db=us"",""measuring customer churn rate​"")","n/a","n/a","0","0","","n/a","n/a","n/a","0.00","0.00","n/a","n/a","For metrics, refresh"
"median churn rate apps by category","=HYPERLINK(""https://smrs.toolsfrog.com/analytics/keywordoverview/?q=median%20churn%20rate%20apps%20by%20category&db=us"",""median churn rate apps by category​"")","n/a","n/a","0","0","","n/a","n/a","n/a","0.00","0.00","n/a","n/a","For metrics, refresh"
"medium measuring churn rate","=HYPERLINK(""https://smrs.toolsfrog.com/analytics/keywordoverview/?q=medium%20measuring%20churn%20rate&db=us"",""medium measuring churn rate​"")","n/a","n/a","0","0","","n/a","n/a","n/a","0.00","0.00","n/a","n/a","For metrics, refresh"
"mejorar churn rate email marketing","=HYPERLINK(""https://smrs.toolsfrog.com/analytics/keywordoverview/?q=mejorar%20churn%20rate%20email%20marketing&db=us"",""mejorar churn rate email marketing​"")","n/a","n/a","0","0","","n/a","n/a","n/a","0.00","0.00","n/a","n/a","For metrics, refresh"
"membermouse churn rate","=HYPERLINK(""https://smrs.toolsfrog.com/analytics/keywordoverview/?q=membermouse%20churn%20rate&db=us"",""membermouse churn rate​"")","n/a","n/a","0","0","","n/a","n/a","n/a","0.00","0.00","n/a","n/a","For metrics, refresh"
"membership site churn rate","=HYPERLINK(""https://smrs.toolsfrog.com/analytics/keywordoverview/?q=membership%20site%20churn%20rate&db=us"",""membership site churn rate​"")","n/a","n/a","0","0","","n/a","n/a","n/a","0.00","0.00","n/a","n/a","For metrics, refresh"
"middle market churn rates versus sb","=HYPERLINK(""https://smrs.toolsfrog.com/analytics/keywordoverview/?q=middle%20market%20churn%20rates%20versus%20sb&db=us"",""middle market churn rates versus sb​"")","n/a","n/a","0","0","","n/a","n/a","n/a","0.00","0.00","n/a","n/a","For metrics, refresh"
"middle market churn rates versus small businesses","=HYPERLINK(""https://smrs.toolsfrog.com/analytics/keywordoverview/?q=middle%20market%20churn%20rates%20versus%20small%20businesses&db=us"",""middle market churn rates versus small businesses​"")","n/a","n/a","0","0","","n/a","n/a","n/a","0.00","0.00","n/a","n/a","For metrics, refresh"
"mindbody churn rate","=HYPERLINK(""https://smrs.toolsfrog.com/analytics/keywordoverview/?q=mindbody%20churn%20rate&db=us"",""mindbody churn rate​"")","n/a","n/a","0","0","","n/a","n/a","n/a","0.00","0.00","n/a","n/a","For metrics, refresh"
"mobile app churn rate first month","=HYPERLINK(""https://smrs.toolsfrog.com/analytics/keywordoverview/?q=mobile%20app%20churn%20rate%20first%20month&db=us"",""mobile app churn rate first month​"")","n/a","n/a","0","0","","n/a","n/a","n/a","0.00","0.00","n/a","n/a","For metrics, refresh"
"mobile apps to reduce churn rate","=HYPERLINK(""https://smrs.toolsfrog.com/analytics/keywordoverview/?q=mobile%20apps%20to%20reduce%20churn%20rate&db=us"",""mobile apps to reduce churn rate​"")","n/a","n/a","0","0","","n/a","n/a","n/a","0.00","0.00","n/a","n/a","For metrics, refresh"
"mobile churn rate germany","=HYPERLINK(""https://smrs.toolsfrog.com/analytics/keywordoverview/?q=mobile%20churn%20rate%20germany&db=us"",""mobile churn rate germany​"")","n/a","n/a","0","0","","n/a","n/a","n/a","0.00","0.00","n/a","n/a","For metrics, refresh"
"mobile churn rate india","=HYPERLINK(""https://smrs.toolsfrog.com/analytics/keywordoverview/?q=mobile%20churn%20rate%20india&db=us"",""mobile churn rate india​"")","n/a","n/a","0","0","","n/a","n/a","n/a","0.00","0.00","n/a","n/a","For metrics, refresh"
"mobile churn rate meaning","=HYPERLINK(""https://smrs.toolsfrog.com/analytics/keywordoverview/?q=mobile%20churn%20rate%20meaning&db=us"",""mobile churn rate meaning​"")","n/a","n/a","0","0","","n/a","n/a","n/a","0.00","0.00","n/a","n/a","For metrics, refresh"
"mobile churn rate uk","=HYPERLINK(""https://smrs.toolsfrog.com/analytics/keywordoverview/?q=mobile%20churn%20rate%20uk&db=us"",""mobile churn rate uk​"")","n/a","n/a","0","0","","n/a","n/a","n/a","0.00","0.00","n/a","n/a","For metrics, refresh"
"mobile churn rates by country","=HYPERLINK(""https://smrs.toolsfrog.com/analytics/keywordoverview/?q=mobile%20churn%20rates%20by%20country&db=us"",""mobile churn rates by country​"")","n/a","n/a","0","0","","n/a","n/a","n/a","0.00","0.00","n/a","n/a","For metrics, refresh"
"mobile dating app churn rates","=HYPERLINK(""https://smrs.toolsfrog.com/analytics/keywordoverview/?q=mobile%20dating%20app%20churn%20rates&db=us"",""mobile dating app churn rates​"")","n/a","n/a","0","0","","n/a","n/a","n/a","0.00","0.00","n/a","n/a","For metrics, refresh"
"mobile game churn rate","=HYPERLINK(""https://smrs.toolsfrog.com/analytics/keywordoverview/?q=mobile%20game%20churn%20rate&db=us"",""mobile game churn rate​"")","n/a","n/a","0","0","","n/a","n/a","n/a","0.00","0.00","n/a","n/a","For metrics, refresh"
"mobile network churn rate","=HYPERLINK(""https://smrs.toolsfrog.com/analytics/keywordoverview/?q=mobile%20network%20churn%20rate&db=us"",""mobile network churn rate​"")","n/a","n/a","0","0","","n/a","n/a","n/a","0.00","0.00","n/a","n/a","For metrics, refresh"
"mobile operator churn rate","=HYPERLINK(""https://smrs.toolsfrog.com/analytics/keywordoverview/?q=mobile%20operator%20churn%20rate&db=us"",""mobile operator churn rate​"")","n/a","n/a","0","0","","n/a","n/a","n/a","0.00","0.00","n/a","n/a","For metrics, refresh"
"mobile phone churn rate","=HYPERLINK(""https://smrs.toolsfrog.com/analytics/keywordoverview/?q=mobile%20phone%20churn%20rate&db=us"",""mobile phone churn rate​"")","n/a","n/a","0","0","","n/a","n/a","n/a","0.00","0.00","n/a","n/a","For metrics, refresh"
"mobile subscribers churn rate","=HYPERLINK(""https://smrs.toolsfrog.com/analytics/keywordoverview/?q=mobile%20subscribers%20churn%20rate&db=us"",""mobile subscribers churn rate​"")","n/a","n/a","0","0","","n/a","n/a","n/a","0.00","0.00","n/a","n/a","For metrics, refresh"
"monday.com churn rate","=HYPERLINK(""https://smrs.toolsfrog.com/analytics/keywordoverview/?q=monday.com%20churn%20rate&db=us"",""monday.com churn rate​"")","n/a","n/a","0","0","","n/a","n/a","n/a","0.00","0.00","n/a","n/a","For metrics, refresh"
"mondelez customer churn rate and retention 2025","=HYPERLINK(""https://smrs.toolsfrog.com/analytics/keywordoverview/?q=mondelez%20customer%20churn%20rate%20and%20retention%202025&db=us"",""mondelez customer churn rate and retention 2025​"")","n/a","n/a","0","0","","n/a","n/a","n/a","0.00","0.00","n/a","n/a","For metrics, refresh"
"month over month churn rate","=HYPERLINK(""https://smrs.toolsfrog.com/analytics/keywordoverview/?q=month%20over%20month%20churn%20rate&db=us"",""month over month churn rate​"")","n/a","n/a","0","0","","n/a","n/a","n/a","0.00","0.00","n/a","n/a","For metrics, refresh"
"month over month churn rate formula","=HYPERLINK(""https://smrs.toolsfrog.com/analytics/keywordoverview/?q=month%20over%20month%20churn%20rate%20formula&db=us"",""month over month churn rate formula​"")","n/a","n/a","0","0","","n/a","n/a","n/a","0.00","0.00","n/a","n/a","For metrics, refresh"
"monthly churn annual net dollar retention rate","=HYPERLINK(""https://smrs.toolsfrog.com/analytics/keywordoverview/?q=monthly%20churn%20annual%20net%20dollar%20retention%20rate&db=us"",""monthly churn annual net dollar retention rate​"")","n/a","n/a","0","0","","n/a","n/a","n/a","0.00","0.00","n/a","n/a","For metrics, refresh"
"monthly churn rate benchmark","=HYPERLINK(""https://smrs.toolsfrog.com/analytics/keywordoverview/?q=monthly%20churn%20rate%20benchmark&db=us"",""monthly churn rate benchmark​"")","n/a","n/a","0","0","","n/a","n/a","n/a","0.00","0.00","n/a","n/a","For metrics, refresh"
"monthly churn rate bumped","=HYPERLINK(""https://smrs.toolsfrog.com/analytics/keywordoverview/?q=monthly%20churn%20rate%20bumped&db=us"",""monthly churn rate bumped​"")","n/a","n/a","0","0","","n/a","n/a","n/a","0.00","0.00","n/a","n/a","For metrics, refresh"
"monthly churn rate clocked","=HYPERLINK(""https://smrs.toolsfrog.com/analytics/keywordoverview/?q=monthly%20churn%20rate%20clocked&db=us"",""monthly churn rate clocked​"")","n/a","n/a","0","0","","n/a","n/a","n/a","0.00","0.00","n/a","n/a","For metrics, refresh"
"monthly churn rate definition","=HYPERLINK(""https://smrs.toolsfrog.com/analytics/keywordoverview/?q=monthly%20churn%20rate%20definition&db=us"",""monthly churn rate definition​"")","n/a","n/a","0","0","","n/a","n/a","n/a","0.00","0.00","n/a","n/a","For metrics, refresh"
"monthly churn rate for active users","=HYPERLINK(""https://smrs.toolsfrog.com/analytics/keywordoverview/?q=monthly%20churn%20rate%20for%20active%20users&db=us"",""monthly churn rate for active users​"")","n/a","n/a","0","0","","n/a","n/a","n/a","0.00","0.00","n/a","n/a","For metrics, refresh"
"monthly churn rate for startups","=HYPERLINK(""https://smrs.toolsfrog.com/analytics/keywordoverview/?q=monthly%20churn%20rate%20for%20startups&db=us"",""monthly churn rate for startups​"")","n/a","n/a","0","0","","n/a","n/a","n/a","0.00","0.00","n/a","n/a","For metrics, refresh"
"monthly churn rate imply","=HYPERLINK(""https://smrs.toolsfrog.com/analytics/keywordoverview/?q=monthly%20churn%20rate%20imply&db=us"",""monthly churn rate imply​"")","n/a","n/a","0","0","","n/a","n/a","n/a","0.00","0.00","n/a","n/a","For metrics, refresh"
"monthly churn rate in saas","=HYPERLINK(""https://smrs.toolsfrog.com/analytics/keywordoverview/?q=monthly%20churn%20rate%20in%20saas&db=us"",""monthly churn rate in saas​"")","n/a","n/a","0","0","","n/a","n/a","n/a","0.00","0.00","n/a","n/a","For metrics, refresh"
"monthly churn rate inched","=HYPERLINK(""https://smrs.toolsfrog.com/analytics/keywordoverview/?q=monthly%20churn%20rate%20inched&db=us"",""monthly churn rate inched​"")","n/a","n/a","0","0","","n/a","n/a","n/a","0.00","0.00","n/a","n/a","For metrics, refresh"
"monthly churn rate increased","=HYPERLINK(""https://smrs.toolsfrog.com/analytics/keywordoverview/?q=monthly%20churn%20rate%20increased&db=us"",""monthly churn rate increased​"")","n/a","n/a","0","0","","n/a","n/a","n/a","0.00","0.00","n/a","n/a","For metrics, refresh"
"monthly churn rate rose","=HYPERLINK(""https://smrs.toolsfrog.com/analytics/keywordoverview/?q=monthly%20churn%20rate%20rose&db=us"",""monthly churn rate rose​"")","n/a","n/a","0","0","","n/a","n/a","n/a","0.00","0.00","n/a","n/a","For metrics, refresh"
"monthly churn rate saas","=HYPERLINK(""https://smrs.toolsfrog.com/analytics/keywordoverview/?q=monthly%20churn%20rate%20saas&db=us"",""monthly churn rate saas​"")","n/a","n/a","0","0","","n/a","n/a","n/a","0.00","0.00","n/a","n/a","For metrics, refresh"
"monthly churn rate to annual churn rate","=HYPERLINK(""https://smrs.toolsfrog.com/analytics/keywordoverview/?q=monthly%20churn%20rate%20to%20annual%20churn%20rate&db=us"",""monthly churn rate to annual churn rate​"")","n/a","n/a","0","0","","n/a","n/a","n/a","0.00","0.00","n/a","n/a","For metrics, refresh"
"monthly churn rates","=HYPERLINK(""https://smrs.toolsfrog.com/analytics/keywordoverview/?q=monthly%20churn%20rates&db=us"",""monthly churn rates​"")","n/a","n/a","0","0","","n/a","n/a","n/a","0.00","0.00","n/a","n/a","For metrics, refresh"
"monthly customer churn rate","=HYPERLINK(""https://smrs.toolsfrog.com/analytics/keywordoverview/?q=monthly%20customer%20churn%20rate&db=us"",""monthly customer churn rate​"")","n/a","n/a","0","0","","n/a","n/a","n/a","0.00","0.00","n/a","n/a","For metrics, refresh"
"monthly customer churn rate benchmarks b2b enterprise software","=HYPERLINK(""https://smrs.toolsfrog.com/analytics/keywordoverview/?q=monthly%20customer%20churn%20rate%20benchmarks%20b2b%20enterprise%20software&db=us"",""monthly customer churn rate benchmarks b2b enterprise software​"")","n/a","n/a","0","0","","n/a","n/a","n/a","0.00","0.00","n/a","n/a","For metrics, refresh"
"monthly revenue churn rate","=HYPERLINK(""https://smrs.toolsfrog.com/analytics/keywordoverview/?q=monthly%20revenue%20churn%20rate&db=us"",""monthly revenue churn rate​"")","n/a","n/a","0","0","","n/a","n/a","n/a","0.00","0.00","n/a","n/a","For metrics, refresh"
"monthly revenue churn rate for saas","=HYPERLINK(""https://smrs.toolsfrog.com/analytics/keywordoverview/?q=monthly%20revenue%20churn%20rate%20for%20saas&db=us"",""monthly revenue churn rate for saas​"")","n/a","n/a","0","0","","n/a","n/a","n/a","0.00","0.00","n/a","n/a","For metrics, refresh"
"monthly saas churn rate industry average","=HYPERLINK(""https://smrs.toolsfrog.com/analytics/keywordoverview/?q=monthly%20saas%20churn%20rate%20industry%20average&db=us"",""monthly saas churn rate industry average​"")","n/a","n/a","0","0","","n/a","n/a","n/a","0.00","0.00","n/a","n/a","For metrics, refresh"
"monthly to annual churn rate","=HYPERLINK(""https://smrs.toolsfrog.com/analytics/keywordoverview/?q=monthly%20to%20annual%20churn%20rate&db=us"",""monthly to annual churn rate​"")","n/a","n/a","0","0","","n/a","n/a","n/a","0.00","0.00","n/a","n/a","For metrics, refresh"
"mooc churn rate","=HYPERLINK(""https://smrs.toolsfrog.com/analytics/keywordoverview/?q=mooc%20churn%20rate&db=us"",""mooc churn rate​"")","n/a","n/a","0","0","","n/a","n/a","n/a","0.00","0.00","n/a","n/a","For metrics, refresh"
"mportance of churn-rate","=HYPERLINK(""https://smrs.toolsfrog.com/analytics/keywordoverview/?q=mportance%20of%20churn-rate&db=us"",""mportance of churn-rate​"")","n/a","n/a","0","0","","n/a","n/a","n/a","0.00","0.00","n/a","n/a","For metrics, refresh"
"mrr churn rate benchmark","=HYPERLINK(""https://smrs.toolsfrog.com/analytics/keywordoverview/?q=mrr%20churn%20rate%20benchmark&db=us"",""mrr churn rate benchmark​"")","n/a","n/a","0","0","","n/a","n/a","n/a","0.00","0.00","n/a","n/a","For metrics, refresh"
"mtn churn rate","=HYPERLINK(""https://smrs.toolsfrog.com/analytics/keywordoverview/?q=mtn%20churn%20rate&db=us"",""mtn churn rate​"")","n/a","n/a","0","0","","n/a","n/a","n/a","0.00","0.00","n/a","n/a","For metrics, refresh"
"multiple regression churn rate","=HYPERLINK(""https://smrs.toolsfrog.com/analytics/keywordoverview/?q=multiple%20regression%20churn%20rate&db=us"",""multiple regression churn rate​"")","n/a","n/a","0","0","","n/a","n/a","n/a","0.00","0.00","n/a","n/a","For metrics, refresh"
"music streaming churn rate","=HYPERLINK(""https://smrs.toolsfrog.com/analytics/keywordoverview/?q=music%20streaming%20churn%20rate&db=us"",""music streaming churn rate​"")","n/a","n/a","0","0","","n/a","n/a","n/a","0.00","0.00","n/a","n/a","For metrics, refresh"
"mutual fund churn rate","=HYPERLINK(""https://smrs.toolsfrog.com/analytics/keywordoverview/?q=mutual%20fund%20churn%20rate&db=us"",""mutual fund churn rate​"")","n/a","n/a","0","0","","n/a","n/a","n/a","0.00","0.00","n/a","n/a","For metrics, refresh"
"mvno churn rate","=HYPERLINK(""https://smrs.toolsfrog.com/analytics/keywordoverview/?q=mvno%20churn%20rate&db=us"",""mvno churn rate​"")","n/a","n/a","0","0","","n/a","n/a","n/a","0.00","0.00","n/a","n/a","For metrics, refresh"
"myfitnesspal churn rate","=HYPERLINK(""https://smrs.toolsfrog.com/analytics/keywordoverview/?q=myfitnesspal%20churn%20rate&db=us"",""myfitnesspal churn rate​"")","n/a","n/a","0","0","","n/a","n/a","n/a","0.00","0.00","n/a","n/a","For metrics, refresh"
"métrica churn rate","=HYPERLINK(""https://smrs.toolsfrog.com/analytics/keywordoverview/?q=m%C3%A9trica%20churn%20rate&db=us"",""métrica churn rate​"")","n/a","n/a","0","0","","n/a","n/a","n/a","0.00","0.00","n/a","n/a","For metrics, refresh"
"naturebox churn rate","=HYPERLINK(""https://smrs.toolsfrog.com/analytics/keywordoverview/?q=naturebox%20churn%20rate&db=us"",""naturebox churn rate​"")","n/a","n/a","0","0","","n/a","n/a","n/a","0.00","0.00","n/a","n/a","For metrics, refresh"
"negative churn rate meaning","=HYPERLINK(""https://smrs.toolsfrog.com/analytics/keywordoverview/?q=negative%20churn%20rate%20meaning&db=us"",""negative churn rate meaning​"")","n/a","n/a","0","0","","n/a","n/a","n/a","0.00","0.00","n/a","n/a","For metrics, refresh"
"negative customer churn rate","=HYPERLINK(""https://smrs.toolsfrog.com/analytics/keywordoverview/?q=negative%20customer%20churn%20rate&db=us"",""negative customer churn rate​"")","n/a","n/a","0","0","","n/a","n/a","n/a","0.00","0.00","n/a","n/a","For metrics, refresh"
"net arr churn rate","=HYPERLINK(""https://smrs.toolsfrog.com/analytics/keywordoverview/?q=net%20arr%20churn%20rate&db=us"",""net arr churn rate​"")","n/a","n/a","0","0","","n/a","n/a","n/a","0.00","0.00","n/a","n/a","For metrics, refresh"
"net churn rate calculation","=HYPERLINK(""https://smrs.toolsfrog.com/analytics/keywordoverview/?q=net%20churn%20rate%20calculation&db=us"",""net churn rate calculation​"")","n/a","n/a","0","0","","n/a","n/a","n/a","0.00","0.00","n/a","n/a","For metrics, refresh"
"net churn rate formula","=HYPERLINK(""https://smrs.toolsfrog.com/analytics/keywordoverview/?q=net%20churn%20rate%20formula&db=us"",""net churn rate formula​"")","n/a","n/a","0","0","","n/a","n/a","n/a","0.00","0.00","n/a","n/a","For metrics, refresh"
"net customer churn rate","=HYPERLINK(""https://smrs.toolsfrog.com/analytics/keywordoverview/?q=net%20customer%20churn%20rate&db=us"",""net customer churn rate​"")","n/a","n/a","0","0","","n/a","n/a","n/a","0.00","0.00","n/a","n/a","For metrics, refresh"
"net mrr churn rate calculation","=HYPERLINK(""https://smrs.toolsfrog.com/analytics/keywordoverview/?q=net%20mrr%20churn%20rate%20calculation&db=us"",""net mrr churn rate calculation​"")","n/a","n/a","0","0","","n/a","n/a","n/a","0.00","0.00","n/a","n/a","For metrics, refresh"
"net mrr churn rate formula","=HYPERLINK(""https://smrs.toolsfrog.com/analytics/keywordoverview/?q=net%20mrr%20churn%20rate%20formula&db=us"",""net mrr churn rate formula​"")","n/a","n/a","0","0","","n/a","n/a","n/a","0.00","0.00","n/a","n/a","For metrics, refresh"
"net negative churn rate","=HYPERLINK(""https://smrs.toolsfrog.com/analytics/keywordoverview/?q=net%20negative%20churn%20rate&db=us"",""net negative churn rate​"")","n/a","n/a","0","0","","n/a","n/a","n/a","0.00","0.00","n/a","n/a","For metrics, refresh"
"net promoter score churn rate","=HYPERLINK(""https://smrs.toolsfrog.com/analytics/keywordoverview/?q=net%20promoter%20score%20churn%20rate&db=us"",""net promoter score churn rate​"")","n/a","n/a","0","0","","n/a","n/a","n/a","0.00","0.00","n/a","n/a","For metrics, refresh"
"netflix 2016 churn rate","=HYPERLINK(""https://smrs.toolsfrog.com/analytics/keywordoverview/?q=netflix%202016%20churn%20rate&db=us"",""netflix 2016 churn rate​"")","n/a","n/a","0","0","","n/a","n/a","n/a","0.00","0.00","n/a","n/a","For metrics, refresh"
"netflix 2018 churn rate","=HYPERLINK(""https://smrs.toolsfrog.com/analytics/keywordoverview/?q=netflix%202018%20churn%20rate&db=us"",""netflix 2018 churn rate​"")","n/a","n/a","0","0","","n/a","n/a","n/a","0.00","0.00","n/a","n/a","For metrics, refresh"
"netflix 2018 churn rate analysis","=HYPERLINK(""https://smrs.toolsfrog.com/analytics/keywordoverview/?q=netflix%202018%20churn%20rate%20analysis&db=us"",""netflix 2018 churn rate analysis​"")","n/a","n/a","0","0","","n/a","n/a","n/a","0.00","0.00","n/a","n/a","For metrics, refresh"
"netflix ai reduction of churn rate","=HYPERLINK(""https://smrs.toolsfrog.com/analytics/keywordoverview/?q=netflix%20ai%20reduction%20of%20churn%20rate&db=us"",""netflix ai reduction of churn rate​"")","n/a","n/a","0","0","","n/a","n/a","n/a","0.00","0.00","n/a","n/a","For metrics, refresh"
"netflix annual churn rate 2023","=HYPERLINK(""https://smrs.toolsfrog.com/analytics/keywordoverview/?q=netflix%20annual%20churn%20rate%202023&db=us"",""netflix annual churn rate 2023​"")","n/a","n/a","0","0","","n/a","n/a","n/a","0.00","0.00","n/a","n/a","For metrics, refresh"
"netflix annual churn rate 2024","=HYPERLINK(""https://smrs.toolsfrog.com/analytics/keywordoverview/?q=netflix%20annual%20churn%20rate%202024&db=us"",""netflix annual churn rate 2024​"")","n/a","n/a","0","0","","n/a","n/a","n/a","0.00","0.00","n/a","n/a","For metrics, refresh"
"netflix annual churn rate estimate","=HYPERLINK(""https://smrs.toolsfrog.com/analytics/keywordoverview/?q=netflix%20annual%20churn%20rate%20estimate&db=us"",""netflix annual churn rate estimate​"")","n/a","n/a","0","0","","n/a","n/a","n/a","0.00","0.00","n/a","n/a","For metrics, refresh"
"netflix churn rate 2017","=HYPERLINK(""https://smrs.toolsfrog.com/analytics/keywordoverview/?q=netflix%20churn%20rate%202017&db=us"",""netflix churn rate 2017​"")","n/a","n/a","0","0","","n/a","n/a","n/a","0.00","0.00","n/a","n/a","For metrics, refresh"
"netflix churn rate 2018","=HYPERLINK(""https://smrs.toolsfrog.com/analytics/keywordoverview/?q=netflix%20churn%20rate%202018&db=us"",""netflix churn rate 2018​"")","n/a","n/a","0","0","","n/a","n/a","n/a","0.00","0.00","n/a","n/a","For metrics, refresh"
"netflix churn rate 2019","=HYPERLINK(""https://smrs.toolsfrog.com/analytics/keywordoverview/?q=netflix%20churn%20rate%202019&db=us"",""netflix churn rate 2019​"")","n/a","n/a","0","0","","n/a","n/a","n/a","0.00","0.00","n/a","n/a","For metrics, refresh"
"netflix churn rate 2020","=HYPERLINK(""https://smrs.toolsfrog.com/analytics/keywordoverview/?q=netflix%20churn%20rate%202020&db=us"",""netflix churn rate 2020​"")","n/a","n/a","0","0","","n/a","n/a","n/a","0.00","0.00","n/a","n/a","For metrics, refresh"
"netflix churn rate 2021","=HYPERLINK(""https://smrs.toolsfrog.com/analytics/keywordoverview/?q=netflix%20churn%20rate%202021&db=us"",""netflix churn rate 2021​"")","n/a","n/a","0","0","","n/a","n/a","n/a","0.00","0.00","n/a","n/a","For metrics, refresh"
"netflix churn rate 2023 2024","=HYPERLINK(""https://smrs.toolsfrog.com/analytics/keywordoverview/?q=netflix%20churn%20rate%202023%202024&db=us"",""netflix churn rate 2023 2024​"")","n/a","n/a","0","0","","n/a","n/a","n/a","0.00","0.00","n/a","n/a","For metrics, refresh"
"netflix churn rate 2024 monthly","=HYPERLINK(""https://smrs.toolsfrog.com/analytics/keywordoverview/?q=netflix%20churn%20rate%202024%20monthly&db=us"",""netflix churn rate 2024 monthly​"")","n/a","n/a","0","0","","n/a","n/a","n/a","0.00","0.00","n/a","n/a","For metrics, refresh"
"netflix churn rate after password sharing crackdown","=HYPERLINK(""https://smrs.toolsfrog.com/analytics/keywordoverview/?q=netflix%20churn%20rate%20after%20password%20sharing%20crackdown&db=us"",""netflix churn rate after password sharing crackdown​"")","n/a","n/a","0","0","","n/a","n/a","n/a","0.00","0.00","n/a","n/a","For metrics, refresh"
"netflix churn rate in q1 2016","=HYPERLINK(""https://smrs.toolsfrog.com/analytics/keywordoverview/?q=netflix%20churn%20rate%20in%20q1%202016&db=us"",""netflix churn rate in q1 2016​"")","n/a","n/a","0","0","","n/a","n/a","n/a","0.00","0.00","n/a","n/a","For metrics, refresh"
"netflix churn rate over time","=HYPERLINK(""https://smrs.toolsfrog.com/analytics/keywordoverview/?q=netflix%20churn%20rate%20over%20time&db=us"",""netflix churn rate over time​"")","n/a","n/a","0","0","","n/a","n/a","n/a","0.00","0.00","n/a","n/a","For metrics, refresh"
"netflix churn rate q3 2025","=HYPERLINK(""https://smrs.toolsfrog.com/analytics/keywordoverview/?q=netflix%20churn%20rate%20q3%202025&db=us"",""netflix churn rate q3 2025​"")","n/a","n/a","0","0","","n/a","n/a","n/a","0.00","0.00","n/a","n/a","For metrics, refresh"
"netflix customer churn rate","=HYPERLINK(""https://smrs.toolsfrog.com/analytics/keywordoverview/?q=netflix%20customer%20churn%20rate&db=us"",""netflix customer churn rate​"")","n/a","n/a","0","0","","n/a","n/a","n/a","0.00","0.00","n/a","n/a","For metrics, refresh"
"netflix early churn rates","=HYPERLINK(""https://smrs.toolsfrog.com/analytics/keywordoverview/?q=netflix%20early%20churn%20rates&db=us"",""netflix early churn rates​"")","n/a","n/a","0","0","","n/a","n/a","n/a","0.00","0.00","n/a","n/a","For metrics, refresh"
"netflix historical churn rate","=HYPERLINK(""https://smrs.toolsfrog.com/analytics/keywordoverview/?q=netflix%20historical%20churn%20rate&db=us"",""netflix historical churn rate​"")","n/a","n/a","0","0","","n/a","n/a","n/a","0.00","0.00","n/a","n/a","For metrics, refresh"
"netflix monthly churn rate 2024","=HYPERLINK(""https://smrs.toolsfrog.com/analytics/keywordoverview/?q=netflix%20monthly%20churn%20rate%202024&db=us"",""netflix monthly churn rate 2024​"")","n/a","n/a","0","0","","n/a","n/a","n/a","0.00","0.00","n/a","n/a","For metrics, refresh"
"netflix subscriber churn rate","=HYPERLINK(""https://smrs.toolsfrog.com/analytics/keywordoverview/?q=netflix%20subscriber%20churn%20rate&db=us"",""netflix subscriber churn rate​"")","n/a","n/a","0","0","","n/a","n/a","n/a","0.00","0.00","n/a","n/a","For metrics, refresh"
"netflix subscriber churn rate 2024","=HYPERLINK(""https://smrs.toolsfrog.com/analytics/keywordoverview/?q=netflix%20subscriber%20churn%20rate%202024&db=us"",""netflix subscriber churn rate 2024​"")","n/a","n/a","0","0","","n/a","n/a","n/a","0.00","0.00","n/a","n/a","For metrics, refresh"
"netflix subscription churn rate","=HYPERLINK(""https://smrs.toolsfrog.com/analytics/keywordoverview/?q=netflix%20subscription%20churn%20rate&db=us"",""netflix subscription churn rate​"")","n/a","n/a","0","0","","n/a","n/a","n/a","0.00","0.00","n/a","n/a","For metrics, refresh"
"network churn rate","=HYPERLINK(""https://smrs.toolsfrog.com/analytics/keywordoverview/?q=network%20churn%20rate&db=us"",""network churn rate​"")","n/a","n/a","0","0","","n/a","n/a","n/a","0.00","0.00","n/a","n/a","For metrics, refresh"
"new tork timrs financial advisors churn rate","=HYPERLINK(""https://smrs.toolsfrog.com/analytics/keywordoverview/?q=new%20tork%20timrs%20financial%20advisors%20churn%20rate&db=us"",""new tork timrs financial advisors churn rate​"")","n/a","n/a","0","0","","n/a","n/a","n/a","0.00","0.00","n/a","n/a","For metrics, refresh"
"new york times customer churn rate compared to industry 2025","=HYPERLINK(""https://smrs.toolsfrog.com/analytics/keywordoverview/?q=new%20york%20times%20customer%20churn%20rate%20compared%20to%20industry%202025&db=us"",""new york times customer churn rate compared to industry 2025​"")","n/a","n/a","0","0","","n/a","n/a","n/a","0.00","0.00","n/a","n/a","For metrics, refresh"
"no negative churn rate","=HYPERLINK(""https://smrs.toolsfrog.com/analytics/keywordoverview/?q=no%20negative%20churn%20rate&db=us"",""no negative churn rate​"")","n/a","n/a","0","0","","n/a","n/a","n/a","0.00","0.00","n/a","n/a","For metrics, refresh"
"normal churn rate for app","=HYPERLINK(""https://smrs.toolsfrog.com/analytics/keywordoverview/?q=normal%20churn%20rate%20for%20app&db=us"",""normal churn rate for app​"")","n/a","n/a","0","0","","n/a","n/a","n/a","0.00","0.00","n/a","n/a","For metrics, refresh"
"normal churn rate for saas","=HYPERLINK(""https://smrs.toolsfrog.com/analytics/keywordoverview/?q=normal%20churn%20rate%20for%20saas&db=us"",""normal churn rate for saas​"")","n/a","n/a","0","0","","n/a","n/a","n/a","0.00","0.00","n/a","n/a","For metrics, refresh"
"nu skin enterprises customer churn rate compared to industry 2025","=HYPERLINK(""https://smrs.toolsfrog.com/analytics/keywordoverview/?q=nu%20skin%20enterprises%20customer%20churn%20rate%20compared%20to%20industry%202025&db=us"",""nu skin enterprises customer churn rate compared to industry 2025​"")","n/a","n/a","0","0","","n/a","n/a","n/a","0.00","0.00","n/a","n/a","For metrics, refresh"
"number churn rate","=HYPERLINK(""https://smrs.toolsfrog.com/analytics/keywordoverview/?q=number%20churn%20rate&db=us"",""number churn rate​"")","n/a","n/a","0","0","","n/a","n/a","n/a","0.00","0.00","n/a","n/a","For metrics, refresh"
"nyt average churn rate","=HYPERLINK(""https://smrs.toolsfrog.com/analytics/keywordoverview/?q=nyt%20average%20churn%20rate&db=us"",""nyt average churn rate​"")","n/a","n/a","0","0","","n/a","n/a","n/a","0.00","0.00","n/a","n/a","For metrics, refresh"
"o que e churn rate","=HYPERLINK(""https://smrs.toolsfrog.com/analytics/keywordoverview/?q=o%20que%20e%20churn%20rate&db=us"",""o que e churn rate​"")","n/a","n/a","0","0","","n/a","n/a","n/a","0.00","0.00","n/a","n/a","For metrics, refresh"
"o reilly automotive customer churn rate compared to industry 2025","=HYPERLINK(""https://smrs.toolsfrog.com/analytics/keywordoverview/?q=o%20reilly%20automotive%20customer%20churn%20rate%20compared%20to%20industry%202025&db=us"",""o reilly automotive customer churn rate compared to industry 2025​"")","n/a","n/a","0","0","","n/a","n/a","n/a","0.00","0.00","n/a","n/a","For metrics, refresh"
"o2 churn rate","=HYPERLINK(""https://smrs.toolsfrog.com/analytics/keywordoverview/?q=o2%20churn%20rate&db=us"",""o2 churn rate​"")","n/a","n/a","0","0","","n/a","n/a","n/a","0.00","0.00","n/a","n/a","For metrics, refresh"
"office churn rate in harrisburg","=HYPERLINK(""https://smrs.toolsfrog.com/analytics/keywordoverview/?q=office%20churn%20rate%20in%20harrisburg&db=us"",""office churn rate in harrisburg​"")","n/a","n/a","0","0","","n/a","n/a","n/a","0.00","0.00","n/a","n/a","For metrics, refresh"
"office space churn rate","=HYPERLINK(""https://smrs.toolsfrog.com/analytics/keywordoverview/?q=office%20space%20churn%20rate&db=us"",""office space churn rate​"")","n/a","n/a","0","0","","n/a","n/a","n/a","0.00","0.00","n/a","n/a","For metrics, refresh"
"ollies bargain outlet hlds customer churn rate and retention 2025","=HYPERLINK(""https://smrs.toolsfrog.com/analytics/keywordoverview/?q=ollies%20bargain%20outlet%20hlds%20customer%20churn%20rate%20and%20retention%202025&db=us"",""ollies bargain outlet hlds customer churn rate and retention 2025​"")","n/a","n/a","0","0","","n/a","n/a","n/a","0.00","0.00","n/a","n/a","For metrics, refresh"
"onboarding call platforms analytics activation rate first week usage churn","=HYPERLINK(""https://smrs.toolsfrog.com/analytics/keywordoverview/?q=onboarding%20call%20platforms%20analytics%20activation%20rate%20first%20week%20usage%20churn&db=us"",""onboarding call platforms analytics activation rate first week usage churn​"")","n/a","n/a","0","0","","n/a","n/a","n/a","0.00","0.00","n/a","n/a","For metrics, refresh"
"onboarding call platforms analytics activation rate first-week usage churn","=HYPERLINK(""https://smrs.toolsfrog.com/analytics/keywordoverview/?q=onboarding%20call%20platforms%20analytics%20activation%20rate%20first-week%20usage%20churn&db=us"",""onboarding call platforms analytics activation rate first-week usage churn​"")","n/a","n/a","0","0","","n/a","n/a","n/a","0.00","0.00","n/a","n/a","For metrics, refresh"
"online dating churn rate","=HYPERLINK(""https://smrs.toolsfrog.com/analytics/keywordoverview/?q=online%20dating%20churn%20rate&db=us"",""online dating churn rate​"")","n/a","n/a","0","0","","n/a","n/a","n/a","0.00","0.00","n/a","n/a","For metrics, refresh"
"onlyfans churn rate","=HYPERLINK(""https://smrs.toolsfrog.com/analytics/keywordoverview/?q=onlyfans%20churn%20rate&db=us"",""onlyfans churn rate​"")","n/a","n/a","0","0","","n/a","n/a","n/a","0.00","0.00","n/a","n/a","For metrics, refresh"
"open source project churn rate","=HYPERLINK(""https://smrs.toolsfrog.com/analytics/keywordoverview/?q=open%20source%20project%20churn%20rate&db=us"",""open source project churn rate​"")","n/a","n/a","0","0","","n/a","n/a","n/a","0.00","0.00","n/a","n/a","For metrics, refresh"
"openai churn rate","=HYPERLINK(""https://smrs.toolsfrog.com/analytics/keywordoverview/?q=openai%20churn%20rate&db=us"",""openai churn rate​"")","n/a","n/a","0","0","","n/a","n/a","n/a","0.00","0.00","n/a","n/a","For metrics, refresh"
"openview saas benchmarks churn rate","=HYPERLINK(""https://smrs.toolsfrog.com/analytics/keywordoverview/?q=openview%20saas%20benchmarks%20churn%20rate&db=us"",""openview saas benchmarks churn rate​"")","n/a","n/a","0","0","","n/a","n/a","n/a","0.00","0.00","n/a","n/a","For metrics, refresh"
"operational and marketing strategies to reduce churn rate","=HYPERLINK(""https://smrs.toolsfrog.com/analytics/keywordoverview/?q=operational%20and%20marketing%20strategies%20to%20reduce%20churn%20rate&db=us"",""operational and marketing strategies to reduce churn rate​"")","n/a","n/a","0","0","","n/a","n/a","n/a","0.00","0.00","n/a","n/a","For metrics, refresh"
"optimal email newsletter frequency 2025 2026 churn unsubscribe rate","=HYPERLINK(""https://smrs.toolsfrog.com/analytics/keywordoverview/?q=optimal%20email%20newsletter%20frequency%202025%202026%20churn%20unsubscribe%20rate&db=us"",""optimal email newsletter frequency 2025 2026 churn unsubscribe rate​"")","n/a","n/a","0","0","","n/a","n/a","n/a","0.00","0.00","n/a","n/a","For metrics, refresh"
"optimize code churn rate","=HYPERLINK(""https://smrs.toolsfrog.com/analytics/keywordoverview/?q=optimize%20code%20churn%20rate&db=us"",""optimize code churn rate​"")","n/a","n/a","0","0","","n/a","n/a","n/a","0.00","0.00","n/a","n/a","For metrics, refresh"
"option 1 analyzing churn rates","=HYPERLINK(""https://smrs.toolsfrog.com/analytics/keywordoverview/?q=option%201%20analyzing%20churn%20rates&db=us"",""option 1 analyzing churn rates​"")","n/a","n/a","0","0","","n/a","n/a","n/a","0.00","0.00","n/a","n/a","For metrics, refresh"
"option 1 analyzing churn rates 350 points","=HYPERLINK(""https://smrs.toolsfrog.com/analytics/keywordoverview/?q=option%201%20analyzing%20churn%20rates%20350%20points&db=us"",""option 1 analyzing churn rates 350 points​"")","n/a","n/a","0","0","","n/a","n/a","n/a","0.00","0.00","n/a","n/a","For metrics, refresh"
"optionstryke churn rate","=HYPERLINK(""https://smrs.toolsfrog.com/analytics/keywordoverview/?q=optionstryke%20churn%20rate&db=us"",""optionstryke churn rate​"")","n/a","n/a","0","0","","n/a","n/a","n/a","0.00","0.00","n/a","n/a","For metrics, refresh"
"optus churn rate","=HYPERLINK(""https://smrs.toolsfrog.com/analytics/keywordoverview/?q=optus%20churn%20rate&db=us"",""optus churn rate​"")","n/a","n/a","0","0","","n/a","n/a","n/a","0.00","0.00","n/a","n/a","For metrics, refresh"
"oreilly automotive customer churn rate compared to industry 2025","=HYPERLINK(""https://smrs.toolsfrog.com/analytics/keywordoverview/?q=oreilly%20automotive%20customer%20churn%20rate%20compared%20to%20industry%202025&db=us"",""oreilly automotive customer churn rate compared to industry 2025​"")","n/a","n/a","0","0","","n/a","n/a","n/a","0.00","0.00","n/a","n/a","For metrics, refresh"
"ott churn rate 2018","=HYPERLINK(""https://smrs.toolsfrog.com/analytics/keywordoverview/?q=ott%20churn%20rate%202018&db=us"",""ott churn rate 2018​"")","n/a","n/a","0","0","","n/a","n/a","n/a","0.00","0.00","n/a","n/a","For metrics, refresh"
"ott churn rates","=HYPERLINK(""https://smrs.toolsfrog.com/analytics/keywordoverview/?q=ott%20churn%20rates&db=us"",""ott churn rates​"")","n/a","n/a","0","0","","n/a","n/a","n/a","0.00","0.00","n/a","n/a","For metrics, refresh"
"outrageously high churn rate","=HYPERLINK(""https://smrs.toolsfrog.com/analytics/keywordoverview/?q=outrageously%20high%20churn%20rate&db=us"",""outrageously high churn rate​"")","n/a","n/a","0","0","","n/a","n/a","n/a","0.00","0.00","n/a","n/a","For metrics, refresh"
"outsourced providers reduce churn rates","=HYPERLINK(""https://smrs.toolsfrog.com/analytics/keywordoverview/?q=outsourced%20providers%20reduce%20churn%20rates&db=us"",""outsourced providers reduce churn rates​"")","n/a","n/a","0","0","","n/a","n/a","n/a","0.00","0.00","n/a","n/a","For metrics, refresh"
"paid user churn rate","=HYPERLINK(""https://smrs.toolsfrog.com/analytics/keywordoverview/?q=paid%20user%20churn%20rate&db=us"",""paid user churn rate​"")","n/a","n/a","0","0","","n/a","n/a","n/a","0.00","0.00","n/a","n/a","For metrics, refresh"
"pandora churn rate","=HYPERLINK(""https://smrs.toolsfrog.com/analytics/keywordoverview/?q=pandora%20churn%20rate&db=us"",""pandora churn rate​"")","n/a","n/a","0","0","","n/a","n/a","n/a","0.00","0.00","n/a","n/a","For metrics, refresh"
"paramount+ churn rate","=HYPERLINK(""https://smrs.toolsfrog.com/analytics/keywordoverview/?q=paramount%2B%20churn%20rate&db=us"",""paramount+ churn rate​"")","n/a","n/a","0","0","","n/a","n/a","n/a","0.00","0.00","n/a","n/a","For metrics, refresh"
"park associates svod churn rates","=HYPERLINK(""https://smrs.toolsfrog.com/analytics/keywordoverview/?q=park%20associates%20svod%20churn%20rates&db=us"",""park associates svod churn rates​"")","n/a","n/a","0","0","","n/a","n/a","n/a","0.00","0.00","n/a","n/a","For metrics, refresh"
"patanjali sitopaladi churna rate","=HYPERLINK(""https://smrs.toolsfrog.com/analytics/keywordoverview/?q=patanjali%20sitopaladi%20churna%20rate&db=us"",""patanjali sitopaladi churna rate​"")","n/a","n/a","0","0","","n/a","n/a","n/a","0.00","0.00","n/a","n/a","For metrics, refresh"
"patanjali triphala churna ka rate","=HYPERLINK(""https://smrs.toolsfrog.com/analytics/keywordoverview/?q=patanjali%20triphala%20churna%20ka%20rate&db=us"",""patanjali triphala churna ka rate​"")","n/a","n/a","0","0","","n/a","n/a","n/a","0.00","0.00","n/a","n/a","For metrics, refresh"
"patanjali triphala churna rate","=HYPERLINK(""https://smrs.toolsfrog.com/analytics/keywordoverview/?q=patanjali%20triphala%20churna%20rate&db=us"",""patanjali triphala churna rate​"")","n/a","n/a","0","0","","n/a","n/a","n/a","0.00","0.00","n/a","n/a","For metrics, refresh"
"patreon churn rate average","=HYPERLINK(""https://smrs.toolsfrog.com/analytics/keywordoverview/?q=patreon%20churn%20rate%20average&db=us"",""patreon churn rate average​"")","n/a","n/a","0","0","","n/a","n/a","n/a","0.00","0.00","n/a","n/a","For metrics, refresh"
"pay tv churn rate","=HYPERLINK(""https://smrs.toolsfrog.com/analytics/keywordoverview/?q=pay%20tv%20churn%20rate&db=us"",""pay tv churn rate​"")","n/a","n/a","0","0","","n/a","n/a","n/a","0.00","0.00","n/a","n/a","For metrics, refresh"
"peloton churn rate 2022","=HYPERLINK(""https://smrs.toolsfrog.com/analytics/keywordoverview/?q=peloton%20churn%20rate%202022&db=us"",""peloton churn rate 2022​"")","n/a","n/a","0","0","","n/a","n/a","n/a","0.00","0.00","n/a","n/a","For metrics, refresh"
"pepsico customer churn rate and retention 2025","=HYPERLINK(""https://smrs.toolsfrog.com/analytics/keywordoverview/?q=pepsico%20customer%20churn%20rate%20and%20retention%202025&db=us"",""pepsico customer churn rate and retention 2025​"")","n/a","n/a","0","0","","n/a","n/a","n/a","0.00","0.00","n/a","n/a","For metrics, refresh"
"percentage churn rate","=HYPERLINK(""https://smrs.toolsfrog.com/analytics/keywordoverview/?q=percentage%20churn%20rate&db=us"",""percentage churn rate​"")","n/a","n/a","0","0","","n/a","n/a","n/a","0.00","0.00","n/a","n/a","For metrics, refresh"
"perdoceo education customer churn rate and retention 2025","=HYPERLINK(""https://smrs.toolsfrog.com/analytics/keywordoverview/?q=perdoceo%20education%20customer%20churn%20rate%20and%20retention%202025&db=us"",""perdoceo education customer churn rate and retention 2025​"")","n/a","n/a","0","0","","n/a","n/a","n/a","0.00","0.00","n/a","n/a","For metrics, refresh"
"perdoceo education customer churn rate compared to industry 2025","=HYPERLINK(""https://smrs.toolsfrog.com/analytics/keywordoverview/?q=perdoceo%20education%20customer%20churn%20rate%20compared%20to%20industry%202025&db=us"",""perdoceo education customer churn rate compared to industry 2025​"")","n/a","n/a","0","0","","n/a","n/a","n/a","0.00","0.00","n/a","n/a","For metrics, refresh"
"phone carriers customer churn rates","=HYPERLINK(""https://smrs.toolsfrog.com/analytics/keywordoverview/?q=phone%20carriers%20customer%20churn%20rates&db=us"",""phone carriers customer churn rates​"")","n/a","n/a","0","0","","n/a","n/a","n/a","0.00","0.00","n/a","n/a","For metrics, refresh"
"phone churn rate","=HYPERLINK(""https://smrs.toolsfrog.com/analytics/keywordoverview/?q=phone%20churn%20rate&db=us"",""phone churn rate​"")","n/a","n/a","0","0","","n/a","n/a","n/a","0.00","0.00","n/a","n/a","For metrics, refresh"
"piano.io churn rate","=HYPERLINK(""https://smrs.toolsfrog.com/analytics/keywordoverview/?q=piano.io%20churn%20rate&db=us"",""piano.io churn rate​"")","n/a","n/a","0","0","","n/a","n/a","n/a","0.00","0.00","n/a","n/a","For metrics, refresh"
"planet fitness churn rate","=HYPERLINK(""https://smrs.toolsfrog.com/analytics/keywordoverview/?q=planet%20fitness%20churn%20rate&db=us"",""planet fitness churn rate​"")","n/a","n/a","0","0","","n/a","n/a","n/a","0.00","0.00","n/a","n/a","For metrics, refresh"
"planilha churn rate","=HYPERLINK(""https://smrs.toolsfrog.com/analytics/keywordoverview/?q=planilha%20churn%20rate&db=us"",""planilha churn rate​"")","n/a","n/a","0","0","","n/a","n/a","n/a","0.00","0.00","n/a","n/a","For metrics, refresh"
"plg saas churn rate benchmarks","=HYPERLINK(""https://smrs.toolsfrog.com/analytics/keywordoverview/?q=plg%20saas%20churn%20rate%20benchmarks&db=us"",""plg saas churn rate benchmarks​"")","n/a","n/a","0","0","","n/a","n/a","n/a","0.00","0.00","n/a","n/a","For metrics, refresh"
"plg strategies reduce churn rates saas","=HYPERLINK(""https://smrs.toolsfrog.com/analytics/keywordoverview/?q=plg%20strategies%20reduce%20churn%20rates%20saas&db=us"",""plg strategies reduce churn rates saas​"")","n/a","n/a","0","0","","n/a","n/a","n/a","0.00","0.00","n/a","n/a","For metrics, refresh"
"plg strategies reduce churn rates saas businesses","=HYPERLINK(""https://smrs.toolsfrog.com/analytics/keywordoverview/?q=plg%20strategies%20reduce%20churn%20rates%20saas%20businesses&db=us"",""plg strategies reduce churn rates saas businesses​"")","n/a","n/a","0","0","","n/a","n/a","n/a","0.00","0.00","n/a","n/a","For metrics, refresh"
"portfolio churn rate","=HYPERLINK(""https://smrs.toolsfrog.com/analytics/keywordoverview/?q=portfolio%20churn%20rate&db=us"",""portfolio churn rate​"")","n/a","n/a","0","0","","n/a","n/a","n/a","0.00","0.00","n/a","n/a","For metrics, refresh"
"positive net churn rates","=HYPERLINK(""https://smrs.toolsfrog.com/analytics/keywordoverview/?q=positive%20net%20churn%20rates&db=us"",""positive net churn rates​"")","n/a","n/a","0","0","","n/a","n/a","n/a","0.00","0.00","n/a","n/a","For metrics, refresh"
"positiver net churn rates","=HYPERLINK(""https://smrs.toolsfrog.com/analytics/keywordoverview/?q=positiver%20net%20churn%20rates&db=us"",""positiver net churn rates​"")","n/a","n/a","0","0","","n/a","n/a","n/a","0.00","0.00","n/a","n/a","For metrics, refresh"
"postpaid churn rate","=HYPERLINK(""https://smrs.toolsfrog.com/analytics/keywordoverview/?q=postpaid%20churn%20rate&db=us"",""postpaid churn rate​"")","n/a","n/a","0","0","","n/a","n/a","n/a","0.00","0.00","n/a","n/a","For metrics, refresh"
"postpaid churn rate fell","=HYPERLINK(""https://smrs.toolsfrog.com/analytics/keywordoverview/?q=postpaid%20churn%20rate%20fell&db=us"",""postpaid churn rate fell​"")","n/a","n/a","0","0","","n/a","n/a","n/a","0.00","0.00","n/a","n/a","For metrics, refresh"
"postpaid churn rate in us","=HYPERLINK(""https://smrs.toolsfrog.com/analytics/keywordoverview/?q=postpaid%20churn%20rate%20in%20us&db=us"",""postpaid churn rate in us​"")","n/a","n/a","0","0","","n/a","n/a","n/a","0.00","0.00","n/a","n/a","For metrics, refresh"
"postpaid churn rate inched","=HYPERLINK(""https://smrs.toolsfrog.com/analytics/keywordoverview/?q=postpaid%20churn%20rate%20inched&db=us"",""postpaid churn rate inched​"")","n/a","n/a","0","0","","n/a","n/a","n/a","0.00","0.00","n/a","n/a","For metrics, refresh"
"postpaid churn rates","=HYPERLINK(""https://smrs.toolsfrog.com/analytics/keywordoverview/?q=postpaid%20churn%20rates&db=us"",""postpaid churn rates​"")","n/a","n/a","0","0","","n/a","n/a","n/a","0.00","0.00","n/a","n/a","For metrics, refresh"
"postpaid customer churn rates","=HYPERLINK(""https://smrs.toolsfrog.com/analytics/keywordoverview/?q=postpaid%20customer%20churn%20rates&db=us"",""postpaid customer churn rates​"")","n/a","n/a","0","0","","n/a","n/a","n/a","0.00","0.00","n/a","n/a","For metrics, refresh"
"postpaid mobile churn rate australia","=HYPERLINK(""https://smrs.toolsfrog.com/analytics/keywordoverview/?q=postpaid%20mobile%20churn%20rate%20australia&db=us"",""postpaid mobile churn rate australia​"")","n/a","n/a","0","0","","n/a","n/a","n/a","0.00","0.00","n/a","n/a","For metrics, refresh"
"postpaid monthly churn rate telecom australia","=HYPERLINK(""https://smrs.toolsfrog.com/analytics/keywordoverview/?q=postpaid%20monthly%20churn%20rate%20telecom%20australia&db=us"",""postpaid monthly churn rate telecom australia​"")","n/a","n/a","0","0","","n/a","n/a","n/a","0.00","0.00","n/a","n/a","For metrics, refresh"
"postpaid phone churn rate","=HYPERLINK(""https://smrs.toolsfrog.com/analytics/keywordoverview/?q=postpaid%20phone%20churn%20rate&db=us"",""postpaid phone churn rate​"")","n/a","n/a","0","0","","n/a","n/a","n/a","0.00","0.00","n/a","n/a","For metrics, refresh"
"postpaid phone churn rates","=HYPERLINK(""https://smrs.toolsfrog.com/analytics/keywordoverview/?q=postpaid%20phone%20churn%20rates&db=us"",""postpaid phone churn rates​"")","n/a","n/a","0","0","","n/a","n/a","n/a","0.00","0.00","n/a","n/a","For metrics, refresh"
"power bi churn rate","=HYPERLINK(""https://smrs.toolsfrog.com/analytics/keywordoverview/?q=power%20bi%20churn%20rate&db=us"",""power bi churn rate​"")","n/a","n/a","0","0","","n/a","n/a","n/a","0.00","0.00","n/a","n/a","For metrics, refresh"
"powerpivot to create churn rate","=HYPERLINK(""https://smrs.toolsfrog.com/analytics/keywordoverview/?q=powerpivot%20to%20create%20churn%20rate&db=us"",""powerpivot to create churn rate​"")","n/a","n/a","0","0","","n/a","n/a","n/a","0.00","0.00","n/a","n/a","For metrics, refresh"
"predict customer churn rate","=HYPERLINK(""https://smrs.toolsfrog.com/analytics/keywordoverview/?q=predict%20customer%20churn%20rate&db=us"",""predict customer churn rate​"")","n/a","n/a","0","0","","n/a","n/a","n/a","0.00","0.00","n/a","n/a","For metrics, refresh"
"predicting employees churn rate through r","=HYPERLINK(""https://smrs.toolsfrog.com/analytics/keywordoverview/?q=predicting%20employees%20churn%20rate%20through%20r&db=us"",""predicting employees churn rate through r​"")","n/a","n/a","0","0","","n/a","n/a","n/a","0.00","0.00","n/a","n/a","For metrics, refresh"
"predictive analytics churn rate","=HYPERLINK(""https://smrs.toolsfrog.com/analytics/keywordoverview/?q=predictive%20analytics%20churn%20rate&db=us"",""predictive analytics churn rate​"")","n/a","n/a","0","0","","n/a","n/a","n/a","0.00","0.00","n/a","n/a","For metrics, refresh"
"predictive churn rate","=HYPERLINK(""https://smrs.toolsfrog.com/analytics/keywordoverview/?q=predictive%20churn%20rate&db=us"",""predictive churn rate​"")","n/a","n/a","0","0","","n/a","n/a","n/a","0.00","0.00","n/a","n/a","For metrics, refresh"
"premium churn rate","=HYPERLINK(""https://smrs.toolsfrog.com/analytics/keywordoverview/?q=premium%20churn%20rate&db=us"",""premium churn rate​"")","n/a","n/a","0","0","","n/a","n/a","n/a","0.00","0.00","n/a","n/a","For metrics, refresh"
"prepaid churn rate","=HYPERLINK(""https://smrs.toolsfrog.com/analytics/keywordoverview/?q=prepaid%20churn%20rate&db=us"",""prepaid churn rate​"")","n/a","n/a","0","0","","n/a","n/a","n/a","0.00","0.00","n/a","n/a","For metrics, refresh"
"prepaid churn rates","=HYPERLINK(""https://smrs.toolsfrog.com/analytics/keywordoverview/?q=prepaid%20churn%20rates&db=us"",""prepaid churn rates​"")","n/a","n/a","0","0","","n/a","n/a","n/a","0.00","0.00","n/a","n/a","For metrics, refresh"
"prepaid mobile churn rates","=HYPERLINK(""https://smrs.toolsfrog.com/analytics/keywordoverview/?q=prepaid%20mobile%20churn%20rates&db=us"",""prepaid mobile churn rates​"")","n/a","n/a","0","0","","n/a","n/a","n/a","0.00","0.00","n/a","n/a","For metrics, refresh"
"primary care enablement company churn rate","=HYPERLINK(""https://smrs.toolsfrog.com/analytics/keywordoverview/?q=primary%20care%20enablement%20company%20churn%20rate&db=us"",""primary care enablement company churn rate​"")","n/a","n/a","0","0","","n/a","n/a","n/a","0.00","0.00","n/a","n/a","For metrics, refresh"
"print-on-demand churn rate causes","=HYPERLINK(""https://smrs.toolsfrog.com/analytics/keywordoverview/?q=print-on-demand%20churn%20rate%20causes&db=us"",""print-on-demand churn rate causes​"")","n/a","n/a","0","0","","n/a","n/a","n/a","0.00","0.00","n/a","n/a","For metrics, refresh"
"process churn rate","=HYPERLINK(""https://smrs.toolsfrog.com/analytics/keywordoverview/?q=process%20churn%20rate&db=us"",""process churn rate​"")","n/a","n/a","0","0","","n/a","n/a","n/a","0.00","0.00","n/a","n/a","For metrics, refresh"
"product-led growth plg impact on churn rates saas","=HYPERLINK(""https://smrs.toolsfrog.com/analytics/keywordoverview/?q=product-led%20growth%20plg%20impact%20on%20churn%20rates%20saas&db=us"",""product-led growth plg impact on churn rates saas​"")","n/a","n/a","0","0","","n/a","n/a","n/a","0.00","0.00","n/a","n/a","For metrics, refresh"
"project churn rate","=HYPERLINK(""https://smrs.toolsfrog.com/analytics/keywordoverview/?q=project%20churn%20rate&db=us"",""project churn rate​"")","n/a","n/a","0","0","","n/a","n/a","n/a","0.00","0.00","n/a","n/a","For metrics, refresh"
"prometheus high churn rate impact","=HYPERLINK(""https://smrs.toolsfrog.com/analytics/keywordoverview/?q=prometheus%20high%20churn%20rate%20impact&db=us"",""prometheus high churn rate impact​"")","n/a","n/a","0","0","","n/a","n/a","n/a","0.00","0.00","n/a","n/a","For metrics, refresh"
"pubic saas comany churn rates","=HYPERLINK(""https://smrs.toolsfrog.com/analytics/keywordoverview/?q=pubic%20saas%20comany%20churn%20rates&db=us"",""pubic saas comany churn rates​"")","n/a","n/a","0","0","","n/a","n/a","n/a","0.00","0.00","n/a","n/a","For metrics, refresh"
"publicly traded companies low customer churn rates","=HYPERLINK(""https://smrs.toolsfrog.com/analytics/keywordoverview/?q=publicly%20traded%20companies%20low%20customer%20churn%20rates&db=us"",""publicly traded companies low customer churn rates​"")","n/a","n/a","0","0","","n/a","n/a","n/a","0.00","0.00","n/a","n/a","For metrics, refresh"
"pump churn rate","=HYPERLINK(""https://smrs.toolsfrog.com/analytics/keywordoverview/?q=pump%20churn%20rate&db=us"",""pump churn rate​"")","n/a","n/a","0","0","","n/a","n/a","n/a","0.00","0.00","n/a","n/a","For metrics, refresh"
"pwc associate churn rate","=HYPERLINK(""https://smrs.toolsfrog.com/analytics/keywordoverview/?q=pwc%20associate%20churn%20rate&db=us"",""pwc associate churn rate​"")","n/a","n/a","0","0","","n/a","n/a","n/a","0.00","0.00","n/a","n/a","For metrics, refresh"
"pwc churn rate","=HYPERLINK(""https://smrs.toolsfrog.com/analytics/keywordoverview/?q=pwc%20churn%20rate&db=us"",""pwc churn rate​"")","n/a","n/a","0","0","","n/a","n/a","n/a","0.00","0.00","n/a","n/a","For metrics, refresh"
"python visualize churn rate against continuous variable","=HYPERLINK(""https://smrs.toolsfrog.com/analytics/keywordoverview/?q=python%20visualize%20churn%20rate%20against%20continuous%20variable&db=us"",""python visualize churn rate against continuous variable​"")","n/a","n/a","0","0","","n/a","n/a","n/a","0.00","0.00","n/a","n/a","For metrics, refresh"
"quality soft churn rate","=HYPERLINK(""https://smrs.toolsfrog.com/analytics/keywordoverview/?q=quality%20soft%20churn%20rate&db=us"",""quality soft churn rate​"")","n/a","n/a","0","0","","n/a","n/a","n/a","0.00","0.00","n/a","n/a","For metrics, refresh"
"quantitative marketing concepts including cac ltv arpu churn conversion rates","=HYPERLINK(""https://smrs.toolsfrog.com/analytics/keywordoverview/?q=quantitative%20marketing%20concepts%20including%20cac%20ltv%20arpu%20churn%20conversion%20rates&db=us"",""quantitative marketing concepts including cac ltv arpu churn conversion rates​"")","n/a","n/a","0","0","","n/a","n/a","n/a","0.00","0.00","n/a","n/a","For metrics, refresh"
"quarter customer churn rate","=HYPERLINK(""https://smrs.toolsfrog.com/analytics/keywordoverview/?q=quarter%20customer%20churn%20rate&db=us"",""quarter customer churn rate​"")","n/a","n/a","0","0","","n/a","n/a","n/a","0.00","0.00","n/a","n/a","For metrics, refresh"
"que es el churn rate en marketing","=HYPERLINK(""https://smrs.toolsfrog.com/analytics/keywordoverview/?q=que%20es%20el%20churn%20rate%20en%20marketing&db=us"",""que es el churn rate en marketing​"")","n/a","n/a","0","0","","n/a","n/a","n/a","0.00","0.00","n/a","n/a","For metrics, refresh"
"que es el churn rate marketing","=HYPERLINK(""https://smrs.toolsfrog.com/analytics/keywordoverview/?q=que%20es%20el%20churn%20rate%20marketing&db=us"",""que es el churn rate marketing​"")","n/a","n/a","0","0","","n/a","n/a","n/a","0.00","0.00","n/a","n/a","For metrics, refresh"
"que es el email churn rate","=HYPERLINK(""https://smrs.toolsfrog.com/analytics/keywordoverview/?q=que%20es%20el%20email%20churn%20rate&db=us"",""que es el email churn rate​"")","n/a","n/a","0","0","","n/a","n/a","n/a","0.00","0.00","n/a","n/a","For metrics, refresh"
"que significa churn rate","=HYPERLINK(""https://smrs.toolsfrog.com/analytics/keywordoverview/?q=que%20significa%20churn%20rate&db=us"",""que significa churn rate​"")","n/a","n/a","0","0","","n/a","n/a","n/a","0.00","0.00","n/a","n/a","For metrics, refresh"
"quickbooks churn rate","=HYPERLINK(""https://smrs.toolsfrog.com/analytics/keywordoverview/?q=quickbooks%20churn%20rate&db=us"",""quickbooks churn rate​"")","n/a","n/a","0","0","","n/a","n/a","n/a","0.00","0.00","n/a","n/a","For metrics, refresh"
"qwe customer churn rate","=HYPERLINK(""https://smrs.toolsfrog.com/analytics/keywordoverview/?q=qwe%20customer%20churn%20rate&db=us"",""qwe customer churn rate​"")","n/a","n/a","0","0","","n/a","n/a","n/a","0.00","0.00","n/a","n/a","For metrics, refresh"
"r churn rate","=HYPERLINK(""https://smrs.toolsfrog.com/analytics/keywordoverview/?q=r%20churn%20rate&db=us"",""r churn rate​"")","n/a","n/a","0","0","","n/a","n/a","n/a","0.00","0.00","n/a","n/a","For metrics, refresh"
"rat churning cream","=HYPERLINK(""https://smrs.toolsfrog.com/analytics/keywordoverview/?q=rat%20churning%20cream&db=us"",""rat churning cream​"")","n/a","n/a","0","0","","n/a","n/a","n/a","0.00","0.00","n/a","n/a","For metrics, refresh"
"rate of return churning","=HYPERLINK(""https://smrs.toolsfrog.com/analytics/keywordoverview/?q=rate%20of%20return%20churning&db=us"",""rate of return churning​"")","n/a","n/a","0","0","","n/a","n/a","n/a","0.00","0.00","n/a","n/a","For metrics, refresh"
"rates click-through conversion churn","=HYPERLINK(""https://smrs.toolsfrog.com/analytics/keywordoverview/?q=rates%20click-through%20conversion%20churn&db=us"",""rates click-through conversion churn​"")","n/a","n/a","0","0","","n/a","n/a","n/a","0.00","0.00","n/a","n/a","For metrics, refresh"
"rates click-through conversion churn definition","=HYPERLINK(""https://smrs.toolsfrog.com/analytics/keywordoverview/?q=rates%20click-through%20conversion%20churn%20definition&db=us"",""rates click-through conversion churn definition​"")","n/a","n/a","0","0","","n/a","n/a","n/a","0.00","0.00","n/a","n/a","For metrics, refresh"
"rci hospitality customer churn rate and retention 2025","=HYPERLINK(""https://smrs.toolsfrog.com/analytics/keywordoverview/?q=rci%20hospitality%20customer%20churn%20rate%20and%20retention%202025&db=us"",""rci hospitality customer churn rate and retention 2025​"")","n/a","n/a","0","0","","n/a","n/a","n/a","0.00","0.00","n/a","n/a","For metrics, refresh"
"realizing customer churn rates","=HYPERLINK(""https://smrs.toolsfrog.com/analytics/keywordoverview/?q=realizing%20customer%20churn%20rates&db=us"",""realizing customer churn rates​"")","n/a","n/a","0","0","","n/a","n/a","n/a","0.00","0.00","n/a","n/a","For metrics, refresh"
"reasonable churn rate for marketplace","=HYPERLINK(""https://smrs.toolsfrog.com/analytics/keywordoverview/?q=reasonable%20churn%20rate%20for%20marketplace&db=us"",""reasonable churn rate for marketplace​"")","n/a","n/a","0","0","","n/a","n/a","n/a","0.00","0.00","n/a","n/a","For metrics, refresh"
"reasonable churn rate saas","=HYPERLINK(""https://smrs.toolsfrog.com/analytics/keywordoverview/?q=reasonable%20churn%20rate%20saas&db=us"",""reasonable churn rate saas​"")","n/a","n/a","0","0","","n/a","n/a","n/a","0.00","0.00","n/a","n/a","For metrics, refresh"
"recency frequency monetary value time churn rate","=HYPERLINK(""https://smrs.toolsfrog.com/analytics/keywordoverview/?q=recency%20frequency%20monetary%20value%20time%20churn%20rate&db=us"",""recency frequency monetary value time churn rate​"")","n/a","n/a","0","0","","n/a","n/a","n/a","0.00","0.00","n/a","n/a","For metrics, refresh"
"recharge churn rate","=HYPERLINK(""https://smrs.toolsfrog.com/analytics/keywordoverview/?q=recharge%20churn%20rate&db=us"",""recharge churn rate​"")","n/a","n/a","0","0","","n/a","n/a","n/a","0.00","0.00","n/a","n/a","For metrics, refresh"
"record low churn rate","=HYPERLINK(""https://smrs.toolsfrog.com/analytics/keywordoverview/?q=record%20low%20churn%20rate&db=us"",""record low churn rate​"")","n/a","n/a","0","0","","n/a","n/a","n/a","0.00","0.00","n/a","n/a","For metrics, refresh"
"recurly average churn rate","=HYPERLINK(""https://smrs.toolsfrog.com/analytics/keywordoverview/?q=recurly%20average%20churn%20rate&db=us"",""recurly average churn rate​"")","n/a","n/a","0","0","","n/a","n/a","n/a","0.00","0.00","n/a","n/a","For metrics, refresh"
"recurly churn rate","=HYPERLINK(""https://smrs.toolsfrog.com/analytics/keywordoverview/?q=recurly%20churn%20rate&db=us"",""recurly churn rate​"")","n/a","n/a","0","0","","n/a","n/a","n/a","0.00","0.00","n/a","n/a","For metrics, refresh"
"recurly churn rates","=HYPERLINK(""https://smrs.toolsfrog.com/analytics/keywordoverview/?q=recurly%20churn%20rates&db=us"",""recurly churn rates​"")","n/a","n/a","0","0","","n/a","n/a","n/a","0.00","0.00","n/a","n/a","For metrics, refresh"
"recurly research churn rate","=HYPERLINK(""https://smrs.toolsfrog.com/analytics/keywordoverview/?q=recurly%20research%20churn%20rate&db=us"",""recurly research churn rate​"")","n/a","n/a","0","0","","n/a","n/a","n/a","0.00","0.00","n/a","n/a","For metrics, refresh"
"reddit churning amex giftcards.com rat team","=HYPERLINK(""https://smrs.toolsfrog.com/analytics/keywordoverview/?q=reddit%20churning%20amex%20giftcards.com%20rat%20team&db=us"",""reddit churning amex giftcards.com rat team​"")","n/a","n/a","0","0","","n/a","n/a","n/a","0.00","0.00","n/a","n/a","For metrics, refresh"
"reduce app churn rate","=HYPERLINK(""https://smrs.toolsfrog.com/analytics/keywordoverview/?q=reduce%20app%20churn%20rate&db=us"",""reduce app churn rate​"")","n/a","n/a","0","0","","n/a","n/a","n/a","0.00","0.00","n/a","n/a","For metrics, refresh"
"reduce churn rate 0 churn rate","=HYPERLINK(""https://smrs.toolsfrog.com/analytics/keywordoverview/?q=reduce%20churn%20rate%200%20churn%20rate&db=us"",""reduce churn rate 0 churn rate​"")","n/a","n/a","0","0","","n/a","n/a","n/a","0.00","0.00","n/a","n/a","For metrics, refresh"
"reduce churn rate archives","=HYPERLINK(""https://smrs.toolsfrog.com/analytics/keywordoverview/?q=reduce%20churn%20rate%20archives&db=us"",""reduce churn rate archives​"")","n/a","n/a","0","0","","n/a","n/a","n/a","0.00","0.00","n/a","n/a","For metrics, refresh"
"reduce churn rate b2c subscription","=HYPERLINK(""https://smrs.toolsfrog.com/analytics/keywordoverview/?q=reduce%20churn%20rate%20b2c%20subscription&db=us"",""reduce churn rate b2c subscription​"")","n/a","n/a","0","0","","n/a","n/a","n/a","0.00","0.00","n/a","n/a","For metrics, refresh"
"reduce churn rate blog post","=HYPERLINK(""https://smrs.toolsfrog.com/analytics/keywordoverview/?q=reduce%20churn%20rate%20blog%20post&db=us"",""reduce churn rate blog post​"")","n/a","n/a","0","0","","n/a","n/a","n/a","0.00","0.00","n/a","n/a","For metrics, refresh"
"reduce churn rate bottom line","=HYPERLINK(""https://smrs.toolsfrog.com/analytics/keywordoverview/?q=reduce%20churn%20rate%20bottom%20line&db=us"",""reduce churn rate bottom line​"")","n/a","n/a","0","0","","n/a","n/a","n/a","0.00","0.00","n/a","n/a","For metrics, refresh"
"reduce churn rate churn customers","=HYPERLINK(""https://smrs.toolsfrog.com/analytics/keywordoverview/?q=reduce%20churn%20rate%20churn%20customers&db=us"",""reduce churn rate churn customers​"")","n/a","n/a","0","0","","n/a","n/a","n/a","0.00","0.00","n/a","n/a","For metrics, refresh"
"reduce churn rate churn mitigation","=HYPERLINK(""https://smrs.toolsfrog.com/analytics/keywordoverview/?q=reduce%20churn%20rate%20churn%20mitigation&db=us"",""reduce churn rate churn mitigation​"")","n/a","n/a","0","0","","n/a","n/a","n/a","0.00","0.00","n/a","n/a","For metrics, refresh"
"reduce churn rate churn rate optimization","=HYPERLINK(""https://smrs.toolsfrog.com/analytics/keywordoverview/?q=reduce%20churn%20rate%20churn%20rate%20optimization&db=us"",""reduce churn rate churn rate optimization​"")","n/a","n/a","0","0","","n/a","n/a","n/a","0.00","0.00","n/a","n/a","For metrics, refresh"
"reduce churn rate competitive advantage","=HYPERLINK(""https://smrs.toolsfrog.com/analytics/keywordoverview/?q=reduce%20churn%20rate%20competitive%20advantage&db=us"",""reduce churn rate competitive advantage​"")","n/a","n/a","0","0","","n/a","n/a","n/a","0.00","0.00","n/a","n/a","For metrics, refresh"
"reduce churn rate customer base","=HYPERLINK(""https://smrs.toolsfrog.com/analytics/keywordoverview/?q=reduce%20churn%20rate%20customer%20base&db=us"",""reduce churn rate customer base​"")","n/a","n/a","0","0","","n/a","n/a","n/a","0.00","0.00","n/a","n/a","For metrics, refresh"
"reduce churn rate customer chur","=HYPERLINK(""https://smrs.toolsfrog.com/analytics/keywordoverview/?q=reduce%20churn%20rate%20customer%20chur&db=us"",""reduce churn rate customer chur​"")","n/a","n/a","0","0","","n/a","n/a","n/a","0.00","0.00","n/a","n/a","For metrics, refresh"
"reduce churn rate customer churn management","=HYPERLINK(""https://smrs.toolsfrog.com/analytics/keywordoverview/?q=reduce%20churn%20rate%20customer%20churn%20management&db=us"",""reduce churn rate customer churn management​"")","n/a","n/a","0","0","","n/a","n/a","n/a","0.00","0.00","n/a","n/a","For metrics, refresh"
"reduce churn rate customer engagement","=HYPERLINK(""https://smrs.toolsfrog.com/analytics/keywordoverview/?q=reduce%20churn%20rate%20customer%20engagement&db=us"",""reduce churn rate customer engagement​"")","n/a","n/a","0","0","","n/a","n/a","n/a","0.00","0.00","n/a","n/a","For metrics, refresh"
"reduce churn rate customer expectations","=HYPERLINK(""https://smrs.toolsfrog.com/analytics/keywordoverview/?q=reduce%20churn%20rate%20customer%20expectations&db=us"",""reduce churn rate customer expectations​"")","n/a","n/a","0","0","","n/a","n/a","n/a","0.00","0.00","n/a","n/a","For metrics, refresh"
"reduce churn rate customer feeling","=HYPERLINK(""https://smrs.toolsfrog.com/analytics/keywordoverview/?q=reduce%20churn%20rate%20customer%20feeling&db=us"",""reduce churn rate customer feeling​"")","n/a","n/a","0","0","","n/a","n/a","n/a","0.00","0.00","n/a","n/a","For metrics, refresh"
"reduce churn rate customer loyalty","=HYPERLINK(""https://smrs.toolsfrog.com/analytics/keywordoverview/?q=reduce%20churn%20rate%20customer%20loyalty&db=us"",""reduce churn rate customer loyalty​"")","n/a","n/a","0","0","","n/a","n/a","n/a","0.00","0.00","n/a","n/a","For metrics, refresh"
"reduce churn rate customer relationships","=HYPERLINK(""https://smrs.toolsfrog.com/analytics/keywordoverview/?q=reduce%20churn%20rate%20customer%20relationships&db=us"",""reduce churn rate customer relationships​"")","n/a","n/a","0","0","","n/a","n/a","n/a","0.00","0.00","n/a","n/a","For metrics, refresh"
"reduce churn rate customer retention","=HYPERLINK(""https://smrs.toolsfrog.com/analytics/keywordoverview/?q=reduce%20churn%20rate%20customer%20retention&db=us"",""reduce churn rate customer retention​"")","n/a","n/a","0","0","","n/a","n/a","n/a","0.00","0.00","n/a","n/a","For metrics, refresh"
"reduce churn rate customer satisfaction surveys","=HYPERLINK(""https://smrs.toolsfrog.com/analytics/keywordoverview/?q=reduce%20churn%20rate%20customer%20satisfaction%20surveys&db=us"",""reduce churn rate customer satisfaction surveys​"")","n/a","n/a","0","0","","n/a","n/a","n/a","0.00","0.00","n/a","n/a","For metrics, refresh"
"reduce churn rate customer service","=HYPERLINK(""https://smrs.toolsfrog.com/analytics/keywordoverview/?q=reduce%20churn%20rate%20customer%20service&db=us"",""reduce churn rate customer service​"")","n/a","n/a","0","0","","n/a","n/a","n/a","0.00","0.00","n/a","n/a","For metrics, refresh"
"reduce churn rate customers aren","=HYPERLINK(""https://smrs.toolsfrog.com/analytics/keywordoverview/?q=reduce%20churn%20rate%20customers%20aren&db=us"",""reduce churn rate customers aren​"")","n/a","n/a","0","0","","n/a","n/a","n/a","0.00","0.00","n/a","n/a","For metrics, refresh"
"reduce churn rate customers experience","=HYPERLINK(""https://smrs.toolsfrog.com/analytics/keywordoverview/?q=reduce%20churn%20rate%20customers%20experience&db=us"",""reduce churn rate customers experience​"")","n/a","n/a","0","0","","n/a","n/a","n/a","0.00","0.00","n/a","n/a","For metrics, refresh"
"reduce churn rate customers leave","=HYPERLINK(""https://smrs.toolsfrog.com/analytics/keywordoverview/?q=reduce%20churn%20rate%20customers%20leave&db=us"",""reduce churn rate customers leave​"")","n/a","n/a","0","0","","n/a","n/a","n/a","0.00","0.00","n/a","n/a","For metrics, refresh"
"reduce churn rate existing customers","=HYPERLINK(""https://smrs.toolsfrog.com/analytics/keywordoverview/?q=reduce%20churn%20rate%20existing%20customers&db=us"",""reduce churn rate existing customers​"")","n/a","n/a","0","0","","n/a","n/a","n/a","0.00","0.00","n/a","n/a","For metrics, refresh"
"reduce churn rate extra mile","=HYPERLINK(""https://smrs.toolsfrog.com/analytics/keywordoverview/?q=reduce%20churn%20rate%20extra%20mile&db=us"",""reduce churn rate extra mile​"")","n/a","n/a","0","0","","n/a","n/a","n/a","0.00","0.00","n/a","n/a","For metrics, refresh"
"reduce churn rate focused on reducing churn","=HYPERLINK(""https://smrs.toolsfrog.com/analytics/keywordoverview/?q=reduce%20churn%20rate%20focused%20on%20reducing%20churn&db=us"",""reduce churn rate focused on reducing churn​"")","n/a","n/a","0","0","","n/a","n/a","n/a","0.00","0.00","n/a","n/a","For metrics, refresh"
"reduce churn rate free trial","=HYPERLINK(""https://smrs.toolsfrog.com/analytics/keywordoverview/?q=reduce%20churn%20rate%20free%20trial&db=us"",""reduce churn rate free trial​"")","n/a","n/a","0","0","","n/a","n/a","n/a","0.00","0.00","n/a","n/a","For metrics, refresh"
"reduce churn rate gym","=HYPERLINK(""https://smrs.toolsfrog.com/analytics/keywordoverview/?q=reduce%20churn%20rate%20gym&db=us"",""reduce churn rate gym​"")","n/a","n/a","0","0","","n/a","n/a","n/a","0.00","0.00","n/a","n/a","For metrics, refresh"
"reduce churn rate harvard business school","=HYPERLINK(""https://smrs.toolsfrog.com/analytics/keywordoverview/?q=reduce%20churn%20rate%20harvard%20business%20school&db=us"",""reduce churn rate harvard business school​"")","n/a","n/a","0","0","","n/a","n/a","n/a","0.00","0.00","n/a","n/a","For metrics, refresh"
"reduce churn rate helps you reduce","=HYPERLINK(""https://smrs.toolsfrog.com/analytics/keywordoverview/?q=reduce%20churn%20rate%20helps%20you%20reduce&db=us"",""reduce churn rate helps you reduce​"")","n/a","n/a","0","0","","n/a","n/a","n/a","0.00","0.00","n/a","n/a","For metrics, refresh"
"reduce churn rate how to reduce churn in saas","=HYPERLINK(""https://smrs.toolsfrog.com/analytics/keywordoverview/?q=reduce%20churn%20rate%20how%20to%20reduce%20churn%20in%20saas&db=us"",""reduce churn rate how to reduce churn in saas​"")","n/a","n/a","0","0","","n/a","n/a","n/a","0.00","0.00","n/a","n/a","For metrics, refresh"
"reduce churn rate how to reduce churn in telecom industry","=HYPERLINK(""https://smrs.toolsfrog.com/analytics/keywordoverview/?q=reduce%20churn%20rate%20how%20to%20reduce%20churn%20in%20telecom%20industry&db=us"",""reduce churn rate how to reduce churn in telecom industry​"")","n/a","n/a","0","0","","n/a","n/a","n/a","0.00","0.00","n/a","n/a","For metrics, refresh"
"reduce churn rate improve your customer","=HYPERLINK(""https://smrs.toolsfrog.com/analytics/keywordoverview/?q=reduce%20churn%20rate%20improve%20your%20customer&db=us"",""reduce churn rate improve your customer​"")","n/a","n/a","0","0","","n/a","n/a","n/a","0.00","0.00","n/a","n/a","For metrics, refresh"
"reduce churn rate keeping an eye","=HYPERLINK(""https://smrs.toolsfrog.com/analytics/keywordoverview/?q=reduce%20churn%20rate%20keeping%20an%20eye&db=us"",""reduce churn rate keeping an eye​"")","n/a","n/a","0","0","","n/a","n/a","n/a","0.00","0.00","n/a","n/a","For metrics, refresh"
"reduce churn rate landing page","=HYPERLINK(""https://smrs.toolsfrog.com/analytics/keywordoverview/?q=reduce%20churn%20rate%20landing%20page&db=us"",""reduce churn rate landing page​"")","n/a","n/a","0","0","","n/a","n/a","n/a","0.00","0.00","n/a","n/a","For metrics, refresh"
"reduce churn rate leave the company","=HYPERLINK(""https://smrs.toolsfrog.com/analytics/keywordoverview/?q=reduce%20churn%20rate%20leave%20the%20company&db=us"",""reduce churn rate leave the company​"")","n/a","n/a","0","0","","n/a","n/a","n/a","0.00","0.00","n/a","n/a","For metrics, refresh"
"reduce churn rate live chat","=HYPERLINK(""https://smrs.toolsfrog.com/analytics/keywordoverview/?q=reduce%20churn%20rate%20live%20chat&db=us"",""reduce churn rate live chat​"")","n/a","n/a","0","0","","n/a","n/a","n/a","0.00","0.00","n/a","n/a","For metrics, refresh"
"reduce churn rate losing customers","=HYPERLINK(""https://smrs.toolsfrog.com/analytics/keywordoverview/?q=reduce%20churn%20rate%20losing%20customers&db=us"",""reduce churn rate losing customers​"")","n/a","n/a","0","0","","n/a","n/a","n/a","0.00","0.00","n/a","n/a","For metrics, refresh"
"reduce churn rate month of service","=HYPERLINK(""https://smrs.toolsfrog.com/analytics/keywordoverview/?q=reduce%20churn%20rate%20month%20of%20service&db=us"",""reduce churn rate month of service​"")","n/a","n/a","0","0","","n/a","n/a","n/a","0.00","0.00","n/a","n/a","For metrics, refresh"
"reduce churn rate number of customers","=HYPERLINK(""https://smrs.toolsfrog.com/analytics/keywordoverview/?q=reduce%20churn%20rate%20number%20of%20customers&db=us"",""reduce churn rate number of customers​"")","n/a","n/a","0","0","","n/a","n/a","n/a","0.00","0.00","n/a","n/a","For metrics, refresh"
"reduce churn rate offer a discount","=HYPERLINK(""https://smrs.toolsfrog.com/analytics/keywordoverview/?q=reduce%20churn%20rate%20offer%20a%20discount&db=us"",""reduce churn rate offer a discount​"")","n/a","n/a","0","0","","n/a","n/a","n/a","0.00","0.00","n/a","n/a","For metrics, refresh"
"reduce churn rate offer incentive","=HYPERLINK(""https://smrs.toolsfrog.com/analytics/keywordoverview/?q=reduce%20churn%20rate%20offer%20incentive&db=us"",""reduce churn rate offer incentive​"")","n/a","n/a","0","0","","n/a","n/a","n/a","0.00","0.00","n/a","n/a","For metrics, refresh"
"reduce churn rate onboarding process","=HYPERLINK(""https://smrs.toolsfrog.com/analytics/keywordoverview/?q=reduce%20churn%20rate%20onboarding%20process&db=us"",""reduce churn rate onboarding process​"")","n/a","n/a","0","0","","n/a","n/a","n/a","0.00","0.00","n/a","n/a","For metrics, refresh"
"reduce churn rate percentage of customers","=HYPERLINK(""https://smrs.toolsfrog.com/analytics/keywordoverview/?q=reduce%20churn%20rate%20percentage%20of%20customers&db=us"",""reduce churn rate percentage of customers​"")","n/a","n/a","0","0","","n/a","n/a","n/a","0.00","0.00","n/a","n/a","For metrics, refresh"
"reduce churn rate period of time","=HYPERLINK(""https://smrs.toolsfrog.com/analytics/keywordoverview/?q=reduce%20churn%20rate%20period%20of%20time&db=us"",""reduce churn rate period of time​"")","n/a","n/a","0","0","","n/a","n/a","n/a","0.00","0.00","n/a","n/a","For metrics, refresh"
"reduce churn rate phone call","=HYPERLINK(""https://smrs.toolsfrog.com/analytics/keywordoverview/?q=reduce%20churn%20rate%20phone%20call&db=us"",""reduce churn rate phone call​"")","n/a","n/a","0","0","","n/a","n/a","n/a","0.00","0.00","n/a","n/a","For metrics, refresh"
"reduce churn rate potential customers","=HYPERLINK(""https://smrs.toolsfrog.com/analytics/keywordoverview/?q=reduce%20churn%20rate%20potential%20customers&db=us"",""reduce churn rate potential customers​"")","n/a","n/a","0","0","","n/a","n/a","n/a","0.00","0.00","n/a","n/a","For metrics, refresh"
"reduce churn rate product and service","=HYPERLINK(""https://smrs.toolsfrog.com/analytics/keywordoverview/?q=reduce%20churn%20rate%20product%20and%20service&db=us"",""reduce churn rate product and service​"")","n/a","n/a","0","0","","n/a","n/a","n/a","0.00","0.00","n/a","n/a","For metrics, refresh"
"reduce churn rate product features","=HYPERLINK(""https://smrs.toolsfrog.com/analytics/keywordoverview/?q=reduce%20churn%20rate%20product%20features&db=us"",""reduce churn rate product features​"")","n/a","n/a","0","0","","n/a","n/a","n/a","0.00","0.00","n/a","n/a","For metrics, refresh"
"reduce churn rate product or service","=HYPERLINK(""https://smrs.toolsfrog.com/analytics/keywordoverview/?q=reduce%20churn%20rate%20product%20or%20service&db=us"",""reduce churn rate product or service​"")","n/a","n/a","0","0","","n/a","n/a","n/a","0.00","0.00","n/a","n/a","For metrics, refresh"
"reduce churn rate reduce churn drivers","=HYPERLINK(""https://smrs.toolsfrog.com/analytics/keywordoverview/?q=reduce%20churn%20rate%20reduce%20churn%20drivers&db=us"",""reduce churn rate reduce churn drivers​"")","n/a","n/a","0","0","","n/a","n/a","n/a","0.00","0.00","n/a","n/a","For metrics, refresh"
"reduce churn rate reduce customer churn meaning","=HYPERLINK(""https://smrs.toolsfrog.com/analytics/keywordoverview/?q=reduce%20churn%20rate%20reduce%20customer%20churn%20meaning&db=us"",""reduce churn rate reduce customer churn meaning​"")","n/a","n/a","0","0","","n/a","n/a","n/a","0.00","0.00","n/a","n/a","For metrics, refresh"
"reduce churn rate reducing your churn","=HYPERLINK(""https://smrs.toolsfrog.com/analytics/keywordoverview/?q=reduce%20churn%20rate%20reducing%20your%20churn&db=us"",""reduce churn rate reducing your churn​"")","n/a","n/a","0","0","","n/a","n/a","n/a","0.00","0.00","n/a","n/a","For metrics, refresh"
"reduce churn rate risk customers","=HYPERLINK(""https://smrs.toolsfrog.com/analytics/keywordoverview/?q=reduce%20churn%20rate%20risk%20customers&db=us"",""reduce churn rate risk customers​"")","n/a","n/a","0","0","","n/a","n/a","n/a","0.00","0.00","n/a","n/a","For metrics, refresh"
"reduce churn rate segmenting your customers","=HYPERLINK(""https://smrs.toolsfrog.com/analytics/keywordoverview/?q=reduce%20churn%20rate%20segmenting%20your%20customers&db=us"",""reduce churn rate segmenting your customers​"")","n/a","n/a","0","0","","n/a","n/a","n/a","0.00","0.00","n/a","n/a","For metrics, refresh"
"reduce churn rate service offerings","=HYPERLINK(""https://smrs.toolsfrog.com/analytics/keywordoverview/?q=reduce%20churn%20rate%20service%20offerings&db=us"",""reduce churn rate service offerings​"")","n/a","n/a","0","0","","n/a","n/a","n/a","0.00","0.00","n/a","n/a","For metrics, refresh"
"reduce churn rate social media","=HYPERLINK(""https://smrs.toolsfrog.com/analytics/keywordoverview/?q=reduce%20churn%20rate%20social%20media&db=us"",""reduce churn rate social media​"")","n/a","n/a","0","0","","n/a","n/a","n/a","0.00","0.00","n/a","n/a","For metrics, refresh"
"reduce churn rate surveying your customers","=HYPERLINK(""https://smrs.toolsfrog.com/analytics/keywordoverview/?q=reduce%20churn%20rate%20surveying%20your%20customers&db=us"",""reduce churn rate surveying your customers​"")","n/a","n/a","0","0","","n/a","n/a","n/a","0.00","0.00","n/a","n/a","For metrics, refresh"
"reduce churn rate time and money","=HYPERLINK(""https://smrs.toolsfrog.com/analytics/keywordoverview/?q=reduce%20churn%20rate%20time%20and%20money&db=us"",""reduce churn rate time and money​"")","n/a","n/a","0","0","","n/a","n/a","n/a","0.00","0.00","n/a","n/a","For metrics, refresh"
"reduce churn rate valuable feedback","=HYPERLINK(""https://smrs.toolsfrog.com/analytics/keywordoverview/?q=reduce%20churn%20rate%20valuable%20feedback&db=us"",""reduce churn rate valuable feedback​"")","n/a","n/a","0","0","","n/a","n/a","n/a","0.00","0.00","n/a","n/a","For metrics, refresh"
"reduce churn rate ways to reduce","=HYPERLINK(""https://smrs.toolsfrog.com/analytics/keywordoverview/?q=reduce%20churn%20rate%20ways%20to%20reduce&db=us"",""reduce churn rate ways to reduce​"")","n/a","n/a","0","0","","n/a","n/a","n/a","0.00","0.00","n/a","n/a","For metrics, refresh"
"reduce churn rate what is churn","=HYPERLINK(""https://smrs.toolsfrog.com/analytics/keywordoverview/?q=reduce%20churn%20rate%20what%20is%20churn&db=us"",""reduce churn rate what is churn​"")","n/a","n/a","0","0","","n/a","n/a","n/a","0.00","0.00","n/a","n/a","For metrics, refresh"
"reduce client churn rate","=HYPERLINK(""https://smrs.toolsfrog.com/analytics/keywordoverview/?q=reduce%20client%20churn%20rate&db=us"",""reduce client churn rate​"")","n/a","n/a","0","0","","n/a","n/a","n/a","0.00","0.00","n/a","n/a","For metrics, refresh"
"reduce customer churn rates with ai-powered customer engagement insights","=HYPERLINK(""https://smrs.toolsfrog.com/analytics/keywordoverview/?q=reduce%20customer%20churn%20rates%20with%20ai-powered%20customer%20engagement%20insights&db=us"",""reduce customer churn rates with ai-powered customer engagement insights​"")","n/a","n/a","0","0","","n/a","n/a","n/a","0.00","0.00","n/a","n/a","For metrics, refresh"
"reduce involuntary churn rates","=HYPERLINK(""https://smrs.toolsfrog.com/analytics/keywordoverview/?q=reduce%20involuntary%20churn%20rates&db=us"",""reduce involuntary churn rates​"")","n/a","n/a","0","0","","n/a","n/a","n/a","0.00","0.00","n/a","n/a","For metrics, refresh"
"reduced churn rate","=HYPERLINK(""https://smrs.toolsfrog.com/analytics/keywordoverview/?q=reduced%20churn%20rate&db=us"",""reduced churn rate​"")","n/a","n/a","0","0","","n/a","n/a","n/a","0.00","0.00","n/a","n/a","For metrics, refresh"
"reduced churn rates","=HYPERLINK(""https://smrs.toolsfrog.com/analytics/keywordoverview/?q=reduced%20churn%20rates&db=us"",""reduced churn rates​"")","n/a","n/a","0","0","","n/a","n/a","n/a","0.00","0.00","n/a","n/a","For metrics, refresh"
"reduced merchant churn rate","=HYPERLINK(""https://smrs.toolsfrog.com/analytics/keywordoverview/?q=reduced%20merchant%20churn%20rate&db=us"",""reduced merchant churn rate​"")","n/a","n/a","0","0","","n/a","n/a","n/a","0.00","0.00","n/a","n/a","For metrics, refresh"
"reduced staff churn rates","=HYPERLINK(""https://smrs.toolsfrog.com/analytics/keywordoverview/?q=reduced%20staff%20churn%20rates&db=us"",""reduced staff churn rates​"")","n/a","n/a","0","0","","n/a","n/a","n/a","0.00","0.00","n/a","n/a","For metrics, refresh"
"reducing churn rates","=HYPERLINK(""https://smrs.toolsfrog.com/analytics/keywordoverview/?q=reducing%20churn%20rates&db=us"",""reducing churn rates​"")","n/a","n/a","0","0","","n/a","n/a","n/a","0.00","0.00","n/a","n/a","For metrics, refresh"
"reducing customer churn rate","=HYPERLINK(""https://smrs.toolsfrog.com/analytics/keywordoverview/?q=reducing%20customer%20churn%20rate&db=us"",""reducing customer churn rate​"")","n/a","n/a","0","0","","n/a","n/a","n/a","0.00","0.00","n/a","n/a","For metrics, refresh"
"reducing customer churn rate in utility industry","=HYPERLINK(""https://smrs.toolsfrog.com/analytics/keywordoverview/?q=reducing%20customer%20churn%20rate%20in%20utility%20industry&db=us"",""reducing customer churn rate in utility industry​"")","n/a","n/a","0","0","","n/a","n/a","n/a","0.00","0.00","n/a","n/a","For metrics, refresh"
"reducing your churn rate","=HYPERLINK(""https://smrs.toolsfrog.com/analytics/keywordoverview/?q=reducing%20your%20churn%20rate&db=us"",""reducing your churn rate​"")","n/a","n/a","0","0","","n/a","n/a","n/a","0.00","0.00","n/a","n/a","For metrics, refresh"
"reduction in churn rates","=HYPERLINK(""https://smrs.toolsfrog.com/analytics/keywordoverview/?q=reduction%20in%20churn%20rates&db=us"",""reduction in churn rates​"")","n/a","n/a","0","0","","n/a","n/a","n/a","0.00","0.00","n/a","n/a","For metrics, refresh"
"reduktion af churn-rater","=HYPERLINK(""https://smrs.toolsfrog.com/analytics/keywordoverview/?q=reduktion%20af%20churn-rater&db=us"",""reduktion af churn-rater​"")","n/a","n/a","0","0","","n/a","n/a","n/a","0.00","0.00","n/a","n/a","For metrics, refresh"
"relation between churn rate and nps","=HYPERLINK(""https://smrs.toolsfrog.com/analytics/keywordoverview/?q=relation%20between%20churn%20rate%20and%20nps&db=us"",""relation between churn rate and nps​"")","n/a","n/a","0","0","","n/a","n/a","n/a","0.00","0.00","n/a","n/a","For metrics, refresh"
"remarkably low churn rate","=HYPERLINK(""https://smrs.toolsfrog.com/analytics/keywordoverview/?q=remarkably%20low%20churn%20rate&db=us"",""remarkably low churn rate​"")","n/a","n/a","0","0","","n/a","n/a","n/a","0.00","0.00","n/a","n/a","For metrics, refresh"
"rent churn rate","=HYPERLINK(""https://smrs.toolsfrog.com/analytics/keywordoverview/?q=rent%20churn%20rate&db=us"",""rent churn rate​"")","n/a","n/a","0","0","","n/a","n/a","n/a","0.00","0.00","n/a","n/a","For metrics, refresh"
"rent the runway early churn rates","=HYPERLINK(""https://smrs.toolsfrog.com/analytics/keywordoverview/?q=rent%20the%20runway%20early%20churn%20rates&db=us"",""rent the runway early churn rates​"")","n/a","n/a","0","0","","n/a","n/a","n/a","0.00","0.00","n/a","n/a","For metrics, refresh"
"republic services churn rate","=HYPERLINK(""https://smrs.toolsfrog.com/analytics/keywordoverview/?q=republic%20services%20churn%20rate&db=us"",""republic services churn rate​"")","n/a","n/a","0","0","","n/a","n/a","n/a","0.00","0.00","n/a","n/a","For metrics, refresh"
"residential cleaning churn rate","=HYPERLINK(""https://smrs.toolsfrog.com/analytics/keywordoverview/?q=residential%20cleaning%20churn%20rate&db=us"",""residential cleaning churn rate​"")","n/a","n/a","0","0","","n/a","n/a","n/a","0.00","0.00","n/a","n/a","For metrics, refresh"
"restaurant churn rate","=HYPERLINK(""https://smrs.toolsfrog.com/analytics/keywordoverview/?q=restaurant%20churn%20rate&db=us"",""restaurant churn rate​"")","n/a","n/a","0","0","","n/a","n/a","n/a","0.00","0.00","n/a","n/a","For metrics, refresh"
"restaurant churn rates","=HYPERLINK(""https://smrs.toolsfrog.com/analytics/keywordoverview/?q=restaurant%20churn%20rates&db=us"",""restaurant churn rates​"")","n/a","n/a","0","0","","n/a","n/a","n/a","0.00","0.00","n/a","n/a","For metrics, refresh"
"retail banking churn rate","=HYPERLINK(""https://smrs.toolsfrog.com/analytics/keywordoverview/?q=retail%20banking%20churn%20rate&db=us"",""retail banking churn rate​"")","n/a","n/a","0","0","","n/a","n/a","n/a","0.00","0.00","n/a","n/a","For metrics, refresh"
"retail churn rate","=HYPERLINK(""https://smrs.toolsfrog.com/analytics/keywordoverview/?q=retail%20churn%20rate&db=us"",""retail churn rate​"")","n/a","n/a","0","0","","n/a","n/a","n/a","0.00","0.00","n/a","n/a","For metrics, refresh"
"retail customer churn rate","=HYPERLINK(""https://smrs.toolsfrog.com/analytics/keywordoverview/?q=retail%20customer%20churn%20rate&db=us"",""retail customer churn rate​"")","n/a","n/a","0","0","","n/a","n/a","n/a","0.00","0.00","n/a","n/a","For metrics, refresh"
"retail postpaid churn rate","=HYPERLINK(""https://smrs.toolsfrog.com/analytics/keywordoverview/?q=retail%20postpaid%20churn%20rate&db=us"",""retail postpaid churn rate​"")","n/a","n/a","0","0","","n/a","n/a","n/a","0.00","0.00","n/a","n/a","For metrics, refresh"
"retail subscription churn rate","=HYPERLINK(""https://smrs.toolsfrog.com/analytics/keywordoverview/?q=retail%20subscription%20churn%20rate&db=us"",""retail subscription churn rate​"")","n/a","n/a","0","0","","n/a","n/a","n/a","0.00","0.00","n/a","n/a","For metrics, refresh"
"retail subscription churn rate benchmark","=HYPERLINK(""https://smrs.toolsfrog.com/analytics/keywordoverview/?q=retail%20subscription%20churn%20rate%20benchmark&db=us"",""retail subscription churn rate benchmark​"")","n/a","n/a","0","0","","n/a","n/a","n/a","0.00","0.00","n/a","n/a","For metrics, refresh"
"retention and churn rates","=HYPERLINK(""https://smrs.toolsfrog.com/analytics/keywordoverview/?q=retention%20and%20churn%20rates&db=us"",""retention and churn rates​"")","n/a","n/a","0","0","","n/a","n/a","n/a","0.00","0.33","n/a","n/a","For metrics, refresh"
"retention churn-rate","=HYPERLINK(""https://smrs.toolsfrog.com/analytics/keywordoverview/?q=retention%20churn-rate&db=us"",""retention churn-rate​"")","n/a","n/a","0","0","","n/a","n/a","n/a","0.00","0.17","n/a","n/a","For metrics, refresh"
"retention rate equals 1 minus churn rate","=HYPERLINK(""https://smrs.toolsfrog.com/analytics/keywordoverview/?q=retention%20rate%20equals%201%20minus%20churn%20rate&db=us"",""retention rate equals 1 minus churn rate​"")","n/a","n/a","0","0","","n/a","n/a","n/a","0.00","0.00","n/a","n/a","For metrics, refresh"
"retention rate formula in terms of churn","=HYPERLINK(""https://smrs.toolsfrog.com/analytics/keywordoverview/?q=retention%20rate%20formula%20in%20terms%20of%20churn&db=us"",""retention rate formula in terms of churn​"")","n/a","n/a","0","0","","n/a","n/a","n/a","0.00","0.00","n/a","n/a","For metrics, refresh"
"retention rate formula vs churn rate formula","=HYPERLINK(""https://smrs.toolsfrog.com/analytics/keywordoverview/?q=retention%20rate%20formula%20vs%20churn%20rate%20formula&db=us"",""retention rate formula vs churn rate formula​"")","n/a","n/a","0","0","","n/a","n/a","n/a","0.00","0.00","n/a","n/a","For metrics, refresh"
"retention rate vs churn","=HYPERLINK(""https://smrs.toolsfrog.com/analytics/keywordoverview/?q=retention%20rate%20vs%20churn&db=us"",""retention rate vs churn​"")","n/a","n/a","0","0","","n/a","n/a","n/a","0.00","0.00","n/a","n/a","For metrics, refresh"
"retention rate vs churn rate definition","=HYPERLINK(""https://smrs.toolsfrog.com/analytics/keywordoverview/?q=retention%20rate%20vs%20churn%20rate%20definition&db=us"",""retention rate vs churn rate definition​"")","n/a","n/a","0","0","","n/a","n/a","n/a","0.00","0.00","n/a","n/a","For metrics, refresh"
"rev group customer churn rate compared to industry 2025","=HYPERLINK(""https://smrs.toolsfrog.com/analytics/keywordoverview/?q=rev%20group%20customer%20churn%20rate%20compared%20to%20industry%202025&db=us"",""rev group customer churn rate compared to industry 2025​"")","n/a","n/a","0","0","","n/a","n/a","n/a","0.00","0.00","n/a","n/a","For metrics, refresh"
"revenue churn rate saas","=HYPERLINK(""https://smrs.toolsfrog.com/analytics/keywordoverview/?q=revenue%20churn%20rate%20saas&db=us"",""revenue churn rate saas​"")","n/a","n/a","0","0","","n/a","n/a","n/a","0.00","0.00","n/a","n/a","For metrics, refresh"
"rfmtc recency frequency monetary value time churn rate","=HYPERLINK(""https://smrs.toolsfrog.com/analytics/keywordoverview/?q=rfmtc%20recency%20frequency%20monetary%20value%20time%20churn%20rate&db=us"",""rfmtc recency frequency monetary value time churn rate​"")","n/a","n/a","0","0","","n/a","n/a","n/a","0.00","0.00","n/a","n/a","For metrics, refresh"
"ridurre churn rate","=HYPERLINK(""https://smrs.toolsfrog.com/analytics/keywordoverview/?q=ridurre%20churn%20rate&db=us"",""ridurre churn rate​"")","n/a","n/a","0","0","","n/a","n/a","n/a","0.00","0.00","n/a","n/a","For metrics, refresh"
"rising churn rates showed","=HYPERLINK(""https://smrs.toolsfrog.com/analytics/keywordoverview/?q=rising%20churn%20rates%20showed&db=us"",""rising churn rates showed​"")","n/a","n/a","0","0","","n/a","n/a","n/a","0.00","0.00","n/a","n/a","For metrics, refresh"
"rising prepaid churn rates","=HYPERLINK(""https://smrs.toolsfrog.com/analytics/keywordoverview/?q=rising%20prepaid%20churn%20rates&db=us"",""rising prepaid churn rates​"")","n/a","n/a","0","0","","n/a","n/a","n/a","0.00","0.00","n/a","n/a","For metrics, refresh"
"rogers churn rate","=HYPERLINK(""https://smrs.toolsfrog.com/analytics/keywordoverview/?q=rogers%20churn%20rate&db=us"",""rogers churn rate​"")","n/a","n/a","0","0","","n/a","n/a","n/a","0.00","0.00","n/a","n/a","For metrics, refresh"
"rogers communications churn rate","=HYPERLINK(""https://smrs.toolsfrog.com/analytics/keywordoverview/?q=rogers%20communications%20churn%20rate&db=us"",""rogers communications churn rate​"")","n/a","n/a","0","0","","n/a","n/a","n/a","0.00","0.00","n/a","n/a","For metrics, refresh"
"rogers wireless churn rate","=HYPERLINK(""https://smrs.toolsfrog.com/analytics/keywordoverview/?q=rogers%20wireless%20churn%20rate&db=us"",""rogers wireless churn rate​"")","n/a","n/a","0","0","","n/a","n/a","n/a","0.00","0.00","n/a","n/a","For metrics, refresh"
"roku churn rate","=HYPERLINK(""https://smrs.toolsfrog.com/analytics/keywordoverview/?q=roku%20churn%20rate&db=us"",""roku churn rate​"")","n/a","n/a","0","0","","n/a","n/a","n/a","0.00","0.00","n/a","n/a","For metrics, refresh"
"rolling churn rate","=HYPERLINK(""https://smrs.toolsfrog.com/analytics/keywordoverview/?q=rolling%20churn%20rate&db=us"",""rolling churn rate​"")","n/a","n/a","0","0","","n/a","n/a","n/a","0.00","0.00","n/a","n/a","For metrics, refresh"
"rumus churn rate","=HYPERLINK(""https://smrs.toolsfrog.com/analytics/keywordoverview/?q=rumus%20churn%20rate&db=us"",""rumus churn rate​"")","n/a","n/a","0","0","","n/a","n/a","n/a","0.00","0.00","n/a","n/a","For metrics, refresh"
"s&p 500 churn rate","=HYPERLINK(""https://smrs.toolsfrog.com/analytics/keywordoverview/?q=s%26p%20500%20churn%20rate&db=us"",""s&p 500 churn rate​"")","n/a","n/a","0","0","","n/a","n/a","n/a","0.00","0.00","n/a","n/a","For metrics, refresh"
"s-mobile churn rate course hero","=HYPERLINK(""https://smrs.toolsfrog.com/analytics/keywordoverview/?q=s-mobile%20churn%20rate%20course%20hero&db=us"",""s-mobile churn rate course hero​"")","n/a","n/a","0","0","","n/a","n/a","n/a","0.00","0.00","n/a","n/a","For metrics, refresh"
"s-mobile churn rate coursehero","=HYPERLINK(""https://smrs.toolsfrog.com/analytics/keywordoverview/?q=s-mobile%20churn%20rate%20coursehero&db=us"",""s-mobile churn rate coursehero​"")","n/a","n/a","0","0","","n/a","n/a","n/a","0.00","0.00","n/a","n/a","For metrics, refresh"
"saas apps to reduce churn rate","=HYPERLINK(""https://smrs.toolsfrog.com/analytics/keywordoverview/?q=saas%20apps%20to%20reduce%20churn%20rate&db=us"",""saas apps to reduce churn rate​"")","n/a","n/a","0","0","","n/a","n/a","n/a","0.00","0.00","n/a","n/a","For metrics, refresh"
"saas churn rate 2022 industry report","=HYPERLINK(""https://smrs.toolsfrog.com/analytics/keywordoverview/?q=saas%20churn%20rate%202022%20industry%20report&db=us"",""saas churn rate 2022 industry report​"")","n/a","n/a","0","0","","n/a","n/a","n/a","0.00","0.00","n/a","n/a","For metrics, refresh"
"saas churn rate 2024","=HYPERLINK(""https://smrs.toolsfrog.com/analytics/keywordoverview/?q=saas%20churn%20rate%202024&db=us"",""saas churn rate 2024​"")","n/a","n/a","0","0","","n/a","n/a","n/a","0.00","0.00","n/a","n/a","For metrics, refresh"
"saas churn rate average 2025","=HYPERLINK(""https://smrs.toolsfrog.com/analytics/keywordoverview/?q=saas%20churn%20rate%20average%202025&db=us"",""saas churn rate average 2025​"")","n/a","n/a","0","0","","n/a","n/a","n/a","0.00","0.00","n/a","n/a","For metrics, refresh"
"saas churn rate benchmark 2025","=HYPERLINK(""https://smrs.toolsfrog.com/analytics/keywordoverview/?q=saas%20churn%20rate%20benchmark%202025&db=us"",""saas churn rate benchmark 2025​"")","n/a","n/a","0","0","","n/a","n/a","n/a","0.00","0.00","n/a","n/a","For metrics, refresh"
"saas churn rate benchmarks 2025","=HYPERLINK(""https://smrs.toolsfrog.com/analytics/keywordoverview/?q=saas%20churn%20rate%20benchmarks%202025&db=us"",""saas churn rate benchmarks 2025​"")","n/a","n/a","0","0","","n/a","n/a","n/a","0.00","0.00","n/a","n/a","For metrics, refresh"
"saas churn rate calculation","=HYPERLINK(""https://smrs.toolsfrog.com/analytics/keywordoverview/?q=saas%20churn%20rate%20calculation&db=us"",""saas churn rate calculation​"")","n/a","n/a","0","0","","n/a","n/a","n/a","4.83","0.07","n/a","n/a","For metrics, refresh"
"saas churn rate chart","=HYPERLINK(""https://smrs.toolsfrog.com/analytics/keywordoverview/?q=saas%20churn%20rate%20chart&db=us"",""saas churn rate chart​"")","n/a","n/a","0","0","","n/a","n/a","n/a","0.00","0.00","n/a","n/a","For metrics, refresh"
"saas churn rate definition","=HYPERLINK(""https://smrs.toolsfrog.com/analytics/keywordoverview/?q=saas%20churn%20rate%20definition&db=us"",""saas churn rate definition​"")","n/a","n/a","0","0","","n/a","n/a","n/a","0.00","0.00","n/a","n/a","For metrics, refresh"
"saas churn rate for b2c","=HYPERLINK(""https://smrs.toolsfrog.com/analytics/keywordoverview/?q=saas%20churn%20rate%20for%20b2c&db=us"",""saas churn rate for b2c​"")","n/a","n/a","0","0","","n/a","n/a","n/a","0.00","0.00","n/a","n/a","For metrics, refresh"
"saas churn rate report","=HYPERLINK(""https://smrs.toolsfrog.com/analytics/keywordoverview/?q=saas%20churn%20rate%20report&db=us"",""saas churn rate report​"")","n/a","n/a","0","0","","n/a","n/a","n/a","0.00","0.00","n/a","n/a","For metrics, refresh"
"saas churn rate statistics","=HYPERLINK(""https://smrs.toolsfrog.com/analytics/keywordoverview/?q=saas%20churn%20rate%20statistics&db=us"",""saas churn rate statistics​"")","n/a","n/a","0","0","","n/a","n/a","n/a","0.00","0.00","n/a","n/a","For metrics, refresh"
"saas churn rate what's acceptable sixteen venturessixteen ventures","=HYPERLINK(""https://smrs.toolsfrog.com/analytics/keywordoverview/?q=saas%20churn%20rate%20what's%20acceptable%20sixteen%20venturessixteen%20ventures&db=us"",""saas churn rate what's acceptable sixteen venturessixteen ventures​"")","n/a","n/a","0","0","","n/a","n/a","n/a","0.00","0.00","n/a","n/a","For metrics, refresh"
"saas churn rates by industry","=HYPERLINK(""https://smrs.toolsfrog.com/analytics/keywordoverview/?q=saas%20churn%20rates%20by%20industry&db=us"",""saas churn rates by industry​"")","n/a","n/a","0","0","","n/a","n/a","n/a","0.00","0.00","n/a","n/a","For metrics, refresh"
"saas company churn rates","=HYPERLINK(""https://smrs.toolsfrog.com/analytics/keywordoverview/?q=saas%20company%20churn%20rates&db=us"",""saas company churn rates​"")","n/a","n/a","0","0","","n/a","n/a","n/a","0.00","0.00","n/a","n/a","For metrics, refresh"
"saas customer churn rate","=HYPERLINK(""https://smrs.toolsfrog.com/analytics/keywordoverview/?q=saas%20customer%20churn%20rate&db=us"",""saas customer churn rate​"")","n/a","n/a","0","0","","n/a","n/a","n/a","0.00","0.00","n/a","n/a","For metrics, refresh"
"saas customer churn rates","=HYPERLINK(""https://smrs.toolsfrog.com/analytics/keywordoverview/?q=saas%20customer%20churn%20rates&db=us"",""saas customer churn rates​"")","n/a","n/a","0","0","","n/a","n/a","n/a","0.00","0.00","n/a","n/a","For metrics, refresh"
"saas customer success churn rate","=HYPERLINK(""https://smrs.toolsfrog.com/analytics/keywordoverview/?q=saas%20customer%20success%20churn%20rate&db=us"",""saas customer success churn rate​"")","n/a","n/a","0","0","","n/a","n/a","n/a","0.00","0.00","n/a","n/a","For metrics, refresh"
"saas gross churn rate benchmark","=HYPERLINK(""https://smrs.toolsfrog.com/analytics/keywordoverview/?q=saas%20gross%20churn%20rate%20benchmark&db=us"",""saas gross churn rate benchmark​"")","n/a","n/a","0","0","","n/a","n/a","n/a","0.00","0.00","n/a","n/a","For metrics, refresh"
"saas industry churn rate","=HYPERLINK(""https://smrs.toolsfrog.com/analytics/keywordoverview/?q=saas%20industry%20churn%20rate&db=us"",""saas industry churn rate​"")","n/a","n/a","0","0","","n/a","n/a","n/a","0.00","0.00","n/a","n/a","For metrics, refresh"
"saas ltv formula arpa gross margin churn rate","=HYPERLINK(""https://smrs.toolsfrog.com/analytics/keywordoverview/?q=saas%20ltv%20formula%20arpa%20gross%20margin%20churn%20rate&db=us"",""saas ltv formula arpa gross margin churn rate​"")","n/a","n/a","0","0","","n/a","n/a","n/a","0.00","0.00","n/a","n/a","For metrics, refresh"
"saas ltv formula arpu divided by churn rate","=HYPERLINK(""https://smrs.toolsfrog.com/analytics/keywordoverview/?q=saas%20ltv%20formula%20arpu%20divided%20by%20churn%20rate&db=us"",""saas ltv formula arpu divided by churn rate​"")","n/a","n/a","0","0","","n/a","n/a","n/a","0.00","0.00","n/a","n/a","For metrics, refresh"
"saas model churn rates","=HYPERLINK(""https://smrs.toolsfrog.com/analytics/keywordoverview/?q=saas%20model%20churn%20rates&db=us"",""saas model churn rates​"")","n/a","n/a","0","0","","n/a","n/a","n/a","0.00","0.00","n/a","n/a","For metrics, refresh"
"saas monthly churn rate benchmark","=HYPERLINK(""https://smrs.toolsfrog.com/analytics/keywordoverview/?q=saas%20monthly%20churn%20rate%20benchmark&db=us"",""saas monthly churn rate benchmark​"")","n/a","n/a","0","0","","n/a","n/a","n/a","0.00","0.00","n/a","n/a","For metrics, refresh"
"saas monthly churn rate benchmark 2024","=HYPERLINK(""https://smrs.toolsfrog.com/analytics/keywordoverview/?q=saas%20monthly%20churn%20rate%20benchmark%202024&db=us"",""saas monthly churn rate benchmark 2024​"")","n/a","n/a","0","0","","n/a","n/a","n/a","0.00","0.00","n/a","n/a","For metrics, refresh"
"saas monthly churn rate benchmarks","=HYPERLINK(""https://smrs.toolsfrog.com/analytics/keywordoverview/?q=saas%20monthly%20churn%20rate%20benchmarks&db=us"",""saas monthly churn rate benchmarks​"")","n/a","n/a","0","0","","n/a","n/a","n/a","0.00","0.00","n/a","n/a","For metrics, refresh"
"saas mrr churn rate","=HYPERLINK(""https://smrs.toolsfrog.com/analytics/keywordoverview/?q=saas%20mrr%20churn%20rate&db=us"",""saas mrr churn rate​"")","n/a","n/a","0","0","","n/a","n/a","n/a","0.00","0.00","n/a","n/a","For metrics, refresh"
"saas multiyear churn rates","=HYPERLINK(""https://smrs.toolsfrog.com/analytics/keywordoverview/?q=saas%20multiyear%20churn%20rates&db=us"",""saas multiyear churn rates​"")","n/a","n/a","0","0","","n/a","n/a","n/a","0.00","0.00","n/a","n/a","For metrics, refresh"
"saas normal churn rate","=HYPERLINK(""https://smrs.toolsfrog.com/analytics/keywordoverview/?q=saas%20normal%20churn%20rate&db=us"",""saas normal churn rate​"")","n/a","n/a","0","0","","n/a","n/a","n/a","0.00","0.00","n/a","n/a","For metrics, refresh"
"saas revenue churn rate","=HYPERLINK(""https://smrs.toolsfrog.com/analytics/keywordoverview/?q=saas%20revenue%20churn%20rate&db=us"",""saas revenue churn rate​"")","n/a","n/a","0","0","","n/a","n/a","n/a","0.00","0.00","n/a","n/a","For metrics, refresh"
"saas smb churn rate average","=HYPERLINK(""https://smrs.toolsfrog.com/analytics/keywordoverview/?q=saas%20smb%20churn%20rate%20average&db=us"",""saas smb churn rate average​"")","n/a","n/a","0","0","","n/a","n/a","n/a","0.00","0.00","n/a","n/a","For metrics, refresh"
"saas software churn rates","=HYPERLINK(""https://smrs.toolsfrog.com/analytics/keywordoverview/?q=saas%20software%20churn%20rates&db=us"",""saas software churn rates​"")","n/a","n/a","0","0","","n/a","n/a","n/a","0.00","0.00","n/a","n/a","For metrics, refresh"
"saas start up churn rate average","=HYPERLINK(""https://smrs.toolsfrog.com/analytics/keywordoverview/?q=saas%20start%20up%20churn%20rate%20average&db=us"",""saas start up churn rate average​"")","n/a","n/a","0","0","","n/a","n/a","n/a","0.00","0.00","n/a","n/a","For metrics, refresh"
"saas subscription churn rate","=HYPERLINK(""https://smrs.toolsfrog.com/analytics/keywordoverview/?q=saas%20subscription%20churn%20rate&db=us"",""saas subscription churn rate​"")","n/a","n/a","0","0","","n/a","n/a","n/a","0.00","0.00","n/a","n/a","For metrics, refresh"
"sage churn rate","=HYPERLINK(""https://smrs.toolsfrog.com/analytics/keywordoverview/?q=sage%20churn%20rate&db=us"",""sage churn rate​"")","n/a","n/a","0","0","","n/a","n/a","n/a","0.00","0.00","n/a","n/a","For metrics, refresh"
"salesforce annual churn rate","=HYPERLINK(""https://smrs.toolsfrog.com/analytics/keywordoverview/?q=salesforce%20annual%20churn%20rate&db=us"",""salesforce annual churn rate​"")","n/a","n/a","0","0","","n/a","n/a","n/a","0.00","0.00","n/a","n/a","For metrics, refresh"
"salesforce customer churn rate","=HYPERLINK(""https://smrs.toolsfrog.com/analytics/keywordoverview/?q=salesforce%20customer%20churn%20rate&db=us"",""salesforce customer churn rate​"")","n/a","n/a","0","0","","n/a","n/a","n/a","0.00","0.00","n/a","n/a","For metrics, refresh"
"salesforce hubspot churn rate comparison","=HYPERLINK(""https://smrs.toolsfrog.com/analytics/keywordoverview/?q=salesforce%20hubspot%20churn%20rate%20comparison&db=us"",""salesforce hubspot churn rate comparison​"")","n/a","n/a","0","0","","n/a","n/a","n/a","0.00","0.00","n/a","n/a","For metrics, refresh"
"salesforce vs hubspot churn rate comparison","=HYPERLINK(""https://smrs.toolsfrog.com/analytics/keywordoverview/?q=salesforce%20vs%20hubspot%20churn%20rate%20comparison&db=us"",""salesforce vs hubspot churn rate comparison​"")","n/a","n/a","0","0","","n/a","n/a","n/a","0.00","0.00","n/a","n/a","For metrics, refresh"
"salesforce vs hubspot customer churn rate comparison","=HYPERLINK(""https://smrs.toolsfrog.com/analytics/keywordoverview/?q=salesforce%20vs%20hubspot%20customer%20churn%20rate%20comparison&db=us"",""salesforce vs hubspot customer churn rate comparison​"")","n/a","n/a","0","0","","n/a","n/a","n/a","0.00","0.00","n/a","n/a","For metrics, refresh"
"sally beauty hlds customer churn rate and retention 2025","=HYPERLINK(""https://smrs.toolsfrog.com/analytics/keywordoverview/?q=sally%20beauty%20hlds%20customer%20churn%20rate%20and%20retention%202025&db=us"",""sally beauty hlds customer churn rate and retention 2025​"")","n/a","n/a","0","0","","n/a","n/a","n/a","0.00","0.00","n/a","n/a","For metrics, refresh"
"sams club churn rate","=HYPERLINK(""https://smrs.toolsfrog.com/analytics/keywordoverview/?q=sams%20club%20churn%20rate&db=us"",""sams club churn rate​"")","n/a","n/a","0","0","","n/a","n/a","n/a","0.00","0.00","n/a","n/a","For metrics, refresh"
"scale venture partners churn rate","=HYPERLINK(""https://smrs.toolsfrog.com/analytics/keywordoverview/?q=scale%20venture%20partners%20churn%20rate&db=us"",""scale venture partners churn rate​"")","n/a","n/a","0","0","","n/a","n/a","n/a","0.00","0.00","n/a","n/a","For metrics, refresh"
"season ticket churn rates","=HYPERLINK(""https://smrs.toolsfrog.com/analytics/keywordoverview/?q=season%20ticket%20churn%20rates&db=us"",""season ticket churn rates​"")","n/a","n/a","0","0","","n/a","n/a","n/a","0.00","0.00","n/a","n/a","For metrics, refresh"
"seo agency churn rate","=HYPERLINK(""https://smrs.toolsfrog.com/analytics/keywordoverview/?q=seo%20agency%20churn%20rate&db=us"",""seo agency churn rate​"")","n/a","n/a","0","0","","n/a","n/a","n/a","0.00","0.00","n/a","n/a","For metrics, refresh"
"seo churn rate","=HYPERLINK(""https://smrs.toolsfrog.com/analytics/keywordoverview/?q=seo%20churn%20rate&db=us"",""seo churn rate​"")","n/a","n/a","0","0","","n/a","n/a","n/a","0.00","0.00","n/a","n/a","For metrics, refresh"
"seo industry churn rate","=HYPERLINK(""https://smrs.toolsfrog.com/analytics/keywordoverview/?q=seo%20industry%20churn%20rate&db=us"",""seo industry churn rate​"")","n/a","n/a","0","0","","n/a","n/a","n/a","0.00","0.00","n/a","n/a","For metrics, refresh"
"series a churn rate","=HYPERLINK(""https://smrs.toolsfrog.com/analytics/keywordoverview/?q=series%20a%20churn%20rate&db=us"",""series a churn rate​"")","n/a","n/a","0","0","","n/a","n/a","n/a","0.00","0.00","n/a","n/a","For metrics, refresh"
"services that reduce saas churn rates","=HYPERLINK(""https://smrs.toolsfrog.com/analytics/keywordoverview/?q=services%20that%20reduce%20saas%20churn%20rates&db=us"",""services that reduce saas churn rates​"")","n/a","n/a","0","0","","n/a","n/a","n/a","0.00","0.00","n/a","n/a","For metrics, refresh"
"servus credit union churn rate","=HYPERLINK(""https://smrs.toolsfrog.com/analytics/keywordoverview/?q=servus%20credit%20union%20churn%20rate&db=us"",""servus credit union churn rate​"")","n/a","n/a","0","0","","n/a","n/a","n/a","0.00","0.00","n/a","n/a","For metrics, refresh"
"sfr churn rate","=HYPERLINK(""https://smrs.toolsfrog.com/analytics/keywordoverview/?q=sfr%20churn%20rate&db=us"",""sfr churn rate​"")","n/a","n/a","0","0","","n/a","n/a","n/a","0.00","0.00","n/a","n/a","For metrics, refresh"
"shaw churn rate","=HYPERLINK(""https://smrs.toolsfrog.com/analytics/keywordoverview/?q=shaw%20churn%20rate&db=us"",""shaw churn rate​"")","n/a","n/a","0","0","","n/a","n/a","n/a","0.00","0.00","n/a","n/a","For metrics, refresh"
"shopify apps improve churn rate","=HYPERLINK(""https://smrs.toolsfrog.com/analytics/keywordoverview/?q=shopify%20apps%20improve%20churn%20rate&db=us"",""shopify apps improve churn rate​"")","n/a","n/a","0","0","","n/a","n/a","n/a","0.00","0.00","n/a","n/a","For metrics, refresh"
"shopify defining churn rate","=HYPERLINK(""https://smrs.toolsfrog.com/analytics/keywordoverview/?q=shopify%20defining%20churn%20rate&db=us"",""shopify defining churn rate​"")","n/a","n/a","0","0","","n/a","n/a","n/a","0.00","0.00","n/a","n/a","For metrics, refresh"
"shopify does not publish churn rate","=HYPERLINK(""https://smrs.toolsfrog.com/analytics/keywordoverview/?q=shopify%20does%20not%20publish%20churn%20rate&db=us"",""shopify does not publish churn rate​"")","n/a","n/a","0","0","","n/a","n/a","n/a","0.00","0.00","n/a","n/a","For metrics, refresh"
"shopify subscription churn rate","=HYPERLINK(""https://smrs.toolsfrog.com/analytics/keywordoverview/?q=shopify%20subscription%20churn%20rate&db=us"",""shopify subscription churn rate​"")","n/a","n/a","0","0","","n/a","n/a","n/a","0.00","0.00","n/a","n/a","For metrics, refresh"
"shopify subscription churn rate analysis tools","=HYPERLINK(""https://smrs.toolsfrog.com/analytics/keywordoverview/?q=shopify%20subscription%20churn%20rate%20analysis%20tools&db=us"",""shopify subscription churn rate analysis tools​"")","n/a","n/a","0","0","","n/a","n/a","n/a","0.00","0.00","n/a","n/a","For metrics, refresh"
"shu ying seng was a member of the churn rate","=HYPERLINK(""https://smrs.toolsfrog.com/analytics/keywordoverview/?q=shu%20ying%20seng%20was%20a%20member%20of%20the%20churn%20rate&db=us"",""shu ying seng was a member of the churn rate​"")","n/a","n/a","0","0","","n/a","n/a","n/a","0.00","0.00","n/a","n/a","For metrics, refresh"
"shuddhi churna rate","=HYPERLINK(""https://smrs.toolsfrog.com/analytics/keywordoverview/?q=shuddhi%20churna%20rate&db=us"",""shuddhi churna rate​"")","n/a","n/a","0","0","","n/a","n/a","n/a","0.00","0.00","n/a","n/a","For metrics, refresh"
"significantly lower churn rate","=HYPERLINK(""https://smrs.toolsfrog.com/analytics/keywordoverview/?q=significantly%20lower%20churn%20rate&db=us"",""significantly lower churn rate​"")","n/a","n/a","0","0","","n/a","n/a","n/a","0.00","0.00","n/a","n/a","For metrics, refresh"
"signifyd churn rate","=HYPERLINK(""https://smrs.toolsfrog.com/analytics/keywordoverview/?q=signifyd%20churn%20rate&db=us"",""signifyd churn rate​"")","n/a","n/a","0","0","","n/a","n/a","n/a","0.00","0.00","n/a","n/a","For metrics, refresh"
"simple churn rate calculation","=HYPERLINK(""https://smrs.toolsfrog.com/analytics/keywordoverview/?q=simple%20churn%20rate%20calculation&db=us"",""simple churn rate calculation​"")","n/a","n/a","0","0","","n/a","n/a","n/a","0.00","0.00","n/a","n/a","For metrics, refresh"
"simple churn rate google sheet","=HYPERLINK(""https://smrs.toolsfrog.com/analytics/keywordoverview/?q=simple%20churn%20rate%20google%20sheet&db=us"",""simple churn rate google sheet​"")","n/a","n/a","0","0","","n/a","n/a","n/a","0.00","0.00","n/a","n/a","For metrics, refresh"
"simply good foods customer churn rate and retention 2025","=HYPERLINK(""https://smrs.toolsfrog.com/analytics/keywordoverview/?q=simply%20good%20foods%20customer%20churn%20rate%20and%20retention%202025&db=us"",""simply good foods customer churn rate and retention 2025​"")","n/a","n/a","0","0","","n/a","n/a","n/a","0.00","0.00","n/a","n/a","For metrics, refresh"
"sirius xm churn rate","=HYPERLINK(""https://smrs.toolsfrog.com/analytics/keywordoverview/?q=sirius%20xm%20churn%20rate&db=us"",""sirius xm churn rate​"")","n/a","n/a","0","0","","n/a","n/a","n/a","0.00","0.00","n/a","n/a","For metrics, refresh"
"siriusxm churn rate","=HYPERLINK(""https://smrs.toolsfrog.com/analytics/keywordoverview/?q=siriusxm%20churn%20rate&db=us"",""siriusxm churn rate​"")","n/a","n/a","0","0","","n/a","n/a","n/a","0.00","0.00","n/a","n/a","For metrics, refresh"
"sitegpt bhanu teja churn rate","=HYPERLINK(""https://smrs.toolsfrog.com/analytics/keywordoverview/?q=sitegpt%20bhanu%20teja%20churn%20rate&db=us"",""sitegpt bhanu teja churn rate​"")","n/a","n/a","0","0","","n/a","n/a","n/a","0.00","0.00","n/a","n/a","For metrics, refresh"
"skyline corp customer churn rate and retention 2025","=HYPERLINK(""https://smrs.toolsfrog.com/analytics/keywordoverview/?q=skyline%20corp%20customer%20churn%20rate%20and%20retention%202025&db=us"",""skyline corp customer churn rate and retention 2025​"")","n/a","n/a","0","0","","n/a","n/a","n/a","0.00","0.00","n/a","n/a","For metrics, refresh"
"skyline corp. customer churn rate and retention 2025","=HYPERLINK(""https://smrs.toolsfrog.com/analytics/keywordoverview/?q=skyline%20corp.%20customer%20churn%20rate%20and%20retention%202025&db=us"",""skyline corp. customer churn rate and retention 2025​"")","n/a","n/a","0","0","","n/a","n/a","n/a","0.00","0.00","n/a","n/a","For metrics, refresh"
"slack churn rate","=HYPERLINK(""https://smrs.toolsfrog.com/analytics/keywordoverview/?q=slack%20churn%20rate&db=us"",""slack churn rate​"")","n/a","n/a","0","0","","n/a","n/a","n/a","0.00","0.00","n/a","n/a","For metrics, refresh"
"slack churn rate 2024","=HYPERLINK(""https://smrs.toolsfrog.com/analytics/keywordoverview/?q=slack%20churn%20rate%202024&db=us"",""slack churn rate 2024​"")","n/a","n/a","0","0","","n/a","n/a","n/a","0.00","0.00","n/a","n/a","For metrics, refresh"
"sleep number customer churn rate and retention 2025","=HYPERLINK(""https://smrs.toolsfrog.com/analytics/keywordoverview/?q=sleep%20number%20customer%20churn%20rate%20and%20retention%202025&db=us"",""sleep number customer churn rate and retention 2025​"")","n/a","n/a","0","0","","n/a","n/a","n/a","0.00","0.00","n/a","n/a","For metrics, refresh"
"slightly higher churn rate","=HYPERLINK(""https://smrs.toolsfrog.com/analytics/keywordoverview/?q=slightly%20higher%20churn%20rate&db=us"",""slightly higher churn rate​"")","n/a","n/a","0","0","","n/a","n/a","n/a","0.00","0.00","n/a","n/a","For metrics, refresh"
"smb churn rate","=HYPERLINK(""https://smrs.toolsfrog.com/analytics/keywordoverview/?q=smb%20churn%20rate&db=us"",""smb churn rate​"")","n/a","n/a","0","0","","n/a","n/a","n/a","0.00","0.00","n/a","n/a","For metrics, refresh"
"smb churn rates","=HYPERLINK(""https://smrs.toolsfrog.com/analytics/keywordoverview/?q=smb%20churn%20rates&db=us"",""smb churn rates​"")","n/a","n/a","0","0","","n/a","n/a","n/a","0.00","0.00","n/a","n/a","For metrics, refresh"
"smb saas churn rate average","=HYPERLINK(""https://smrs.toolsfrog.com/analytics/keywordoverview/?q=smb%20saas%20churn%20rate%20average&db=us"",""smb saas churn rate average​"")","n/a","n/a","0","0","","n/a","n/a","n/a","0.00","0.00","n/a","n/a","For metrics, refresh"
"smb saas monthly churn rate benchmark 2024 2025","=HYPERLINK(""https://smrs.toolsfrog.com/analytics/keywordoverview/?q=smb%20saas%20monthly%20churn%20rate%20benchmark%202024%202025&db=us"",""smb saas monthly churn rate benchmark 2024 2025​"")","n/a","n/a","0","0","","n/a","n/a","n/a","0.00","0.00","n/a","n/a","For metrics, refresh"
"smb saas monthly churn rate benchmarks 2024 2025","=HYPERLINK(""https://smrs.toolsfrog.com/analytics/keywordoverview/?q=smb%20saas%20monthly%20churn%20rate%20benchmarks%202024%202025&db=us"",""smb saas monthly churn rate benchmarks 2024 2025​"")","n/a","n/a","0","0","","n/a","n/a","n/a","0.00","0.00","n/a","n/a","For metrics, refresh"
"snap churn rate annual","=HYPERLINK(""https://smrs.toolsfrog.com/analytics/keywordoverview/?q=snap%20churn%20rate%20annual&db=us"",""snap churn rate annual​"")","n/a","n/a","0","0","","n/a","n/a","n/a","0.00","0.00","n/a","n/a","For metrics, refresh"
"snap churn rates","=HYPERLINK(""https://smrs.toolsfrog.com/analytics/keywordoverview/?q=snap%20churn%20rates&db=us"",""snap churn rates​"")","n/a","n/a","0","0","","n/a","n/a","n/a","0.00","0.00","n/a","n/a","For metrics, refresh"
"snap on customer churn rate and retention 2025","=HYPERLINK(""https://smrs.toolsfrog.com/analytics/keywordoverview/?q=snap%20on%20customer%20churn%20rate%20and%20retention%202025&db=us"",""snap on customer churn rate and retention 2025​"")","n/a","n/a","0","0","","n/a","n/a","n/a","0.00","0.00","n/a","n/a","For metrics, refresh"
"snap-on customer churn rate and retention 2025","=HYPERLINK(""https://smrs.toolsfrog.com/analytics/keywordoverview/?q=snap-on%20customer%20churn%20rate%20and%20retention%202025&db=us"",""snap-on customer churn rate and retention 2025​"")","n/a","n/a","0","0","","n/a","n/a","n/a","0.00","0.00","n/a","n/a","For metrics, refresh"
"snapchat churn rate","=HYPERLINK(""https://smrs.toolsfrog.com/analytics/keywordoverview/?q=snapchat%20churn%20rate&db=us"",""snapchat churn rate​"")","n/a","n/a","0","0","","n/a","n/a","n/a","0.00","0.00","n/a","n/a","For metrics, refresh"
"snapon customer churn rate and retention 2025","=HYPERLINK(""https://smrs.toolsfrog.com/analytics/keywordoverview/?q=snapon%20customer%20churn%20rate%20and%20retention%202025&db=us"",""snapon customer churn rate and retention 2025​"")","n/a","n/a","0","0","","n/a","n/a","n/a","0.00","0.00","n/a","n/a","For metrics, refresh"
"snowflake churn rate","=HYPERLINK(""https://smrs.toolsfrog.com/analytics/keywordoverview/?q=snowflake%20churn%20rate&db=us"",""snowflake churn rate​"")","n/a","n/a","0","0","","n/a","n/a","n/a","0.00","0.00","n/a","n/a","For metrics, refresh"
"social games churn rate","=HYPERLINK(""https://smrs.toolsfrog.com/analytics/keywordoverview/?q=social%20games%20churn%20rate&db=us"",""social games churn rate​"")","n/a","n/a","0","0","","n/a","n/a","n/a","0.00","0.00","n/a","n/a","For metrics, refresh"
"social media churn rate","=HYPERLINK(""https://smrs.toolsfrog.com/analytics/keywordoverview/?q=social%20media%20churn%20rate&db=us"",""social media churn rate​"")","n/a","n/a","0","0","","n/a","n/a","n/a","0.00","0.00","n/a","n/a","For metrics, refresh"
"social media churn rates","=HYPERLINK(""https://smrs.toolsfrog.com/analytics/keywordoverview/?q=social%20media%20churn%20rates&db=us"",""social media churn rates​"")","n/a","n/a","0","0","","n/a","n/a","n/a","0.00","0.00","n/a","n/a","For metrics, refresh"
"social network churn rate","=HYPERLINK(""https://smrs.toolsfrog.com/analytics/keywordoverview/?q=social%20network%20churn%20rate&db=us"",""social network churn rate​"")","n/a","n/a","0","0","","n/a","n/a","n/a","0.00","0.00","n/a","n/a","For metrics, refresh"
"software subscription churn rate","=HYPERLINK(""https://smrs.toolsfrog.com/analytics/keywordoverview/?q=software%20subscription%20churn%20rate&db=us"",""software subscription churn rate​"")","n/a","n/a","0","0","","n/a","n/a","n/a","0.00","0.00","n/a","n/a","For metrics, refresh"
"software subscription churn rates","=HYPERLINK(""https://smrs.toolsfrog.com/analytics/keywordoverview/?q=software%20subscription%20churn%20rates&db=us"",""software subscription churn rates​"")","n/a","n/a","0","0","","n/a","n/a","n/a","0.00","0.00","n/a","n/a","For metrics, refresh"
"solar appointment setter churn rate","=HYPERLINK(""https://smrs.toolsfrog.com/analytics/keywordoverview/?q=solar%20appointment%20setter%20churn%20rate&db=us"",""solar appointment setter churn rate​"")","n/a","n/a","0","0","","n/a","n/a","n/a","0.00","0.00","n/a","n/a","For metrics, refresh"
"solarwinds why are msp churn rates increasing","=HYPERLINK(""https://smrs.toolsfrog.com/analytics/keywordoverview/?q=solarwinds%20why%20are%20msp%20churn%20rates%20increasing&db=us"",""solarwinds why are msp churn rates increasing​"")","n/a","n/a","0","0","","n/a","n/a","n/a","0.00","0.00","n/a","n/a","For metrics, refresh"
"solutions for high customer churn rate","=HYPERLINK(""https://smrs.toolsfrog.com/analytics/keywordoverview/?q=solutions%20for%20high%20customer%20churn%20rate&db=us"",""solutions for high customer churn rate​"")","n/a","n/a","0","0","","n/a","n/a","n/a","0.00","0.00","n/a","n/a","For metrics, refresh"
"sports churn rates","=HYPERLINK(""https://smrs.toolsfrog.com/analytics/keywordoverview/?q=sports%20churn%20rates&db=us"",""sports churn rates​"")","n/a","n/a","0","0","","n/a","n/a","n/a","0.00","0.00","n/a","n/a","For metrics, refresh"
"spotify annual churn rate","=HYPERLINK(""https://smrs.toolsfrog.com/analytics/keywordoverview/?q=spotify%20annual%20churn%20rate&db=us"",""spotify annual churn rate​"")","n/a","n/a","0","0","","n/a","n/a","n/a","0.00","0.00","n/a","n/a","For metrics, refresh"
"spotify annual churn rate 2023","=HYPERLINK(""https://smrs.toolsfrog.com/analytics/keywordoverview/?q=spotify%20annual%20churn%20rate%202023&db=us"",""spotify annual churn rate 2023​"")","n/a","n/a","0","0","","n/a","n/a","n/a","0.00","0.00","n/a","n/a","For metrics, refresh"
"spotify churn rate 2018","=HYPERLINK(""https://smrs.toolsfrog.com/analytics/keywordoverview/?q=spotify%20churn%20rate%202018&db=us"",""spotify churn rate 2018​"")","n/a","n/a","0","0","","n/a","n/a","n/a","0.00","0.00","n/a","n/a","For metrics, refresh"
"spotify churn rate 2019","=HYPERLINK(""https://smrs.toolsfrog.com/analytics/keywordoverview/?q=spotify%20churn%20rate%202019&db=us"",""spotify churn rate 2019​"")","n/a","n/a","0","0","","n/a","n/a","n/a","0.00","0.00","n/a","n/a","For metrics, refresh"
"spotify churn rate 2020","=HYPERLINK(""https://smrs.toolsfrog.com/analytics/keywordoverview/?q=spotify%20churn%20rate%202020&db=us"",""spotify churn rate 2020​"")","n/a","n/a","0","0","","n/a","n/a","n/a","0.00","0.00","n/a","n/a","For metrics, refresh"
"spotify churn rate 2021","=HYPERLINK(""https://smrs.toolsfrog.com/analytics/keywordoverview/?q=spotify%20churn%20rate%202021&db=us"",""spotify churn rate 2021​"")","n/a","n/a","0","0","","n/a","n/a","n/a","0.00","0.00","n/a","n/a","For metrics, refresh"
"spotify churn rate 2022","=HYPERLINK(""https://smrs.toolsfrog.com/analytics/keywordoverview/?q=spotify%20churn%20rate%202022&db=us"",""spotify churn rate 2022​"")","n/a","n/a","0","0","","n/a","n/a","n/a","0.00","0.00","n/a","n/a","For metrics, refresh"
"spotify churn rate 2025","=HYPERLINK(""https://smrs.toolsfrog.com/analytics/keywordoverview/?q=spotify%20churn%20rate%202025&db=us"",""spotify churn rate 2025​"")","n/a","n/a","0","0","","n/a","n/a","n/a","0.00","0.00","n/a","n/a","For metrics, refresh"
"spotify monthly churn rate","=HYPERLINK(""https://smrs.toolsfrog.com/analytics/keywordoverview/?q=spotify%20monthly%20churn%20rate&db=us"",""spotify monthly churn rate​"")","n/a","n/a","0","0","","n/a","n/a","n/a","0.00","0.00","n/a","n/a","For metrics, refresh"
"spotify monthly churn rate 2023","=HYPERLINK(""https://smrs.toolsfrog.com/analytics/keywordoverview/?q=spotify%20monthly%20churn%20rate%202023&db=us"",""spotify monthly churn rate 2023​"")","n/a","n/a","0","0","","n/a","n/a","n/a","0.00","0.00","n/a","n/a","For metrics, refresh"
"sprint churn rate 2017","=HYPERLINK(""https://smrs.toolsfrog.com/analytics/keywordoverview/?q=sprint%20churn%20rate%202017&db=us"",""sprint churn rate 2017​"")","n/a","n/a","0","0","","n/a","n/a","n/a","0.00","0.00","n/a","n/a","For metrics, refresh"
"sprint churn rate 2018","=HYPERLINK(""https://smrs.toolsfrog.com/analytics/keywordoverview/?q=sprint%20churn%20rate%202018&db=us"",""sprint churn rate 2018​"")","n/a","n/a","0","0","","n/a","n/a","n/a","0.00","0.00","n/a","n/a","For metrics, refresh"
"sprint customer churn rate","=HYPERLINK(""https://smrs.toolsfrog.com/analytics/keywordoverview/?q=sprint%20customer%20churn%20rate&db=us"",""sprint customer churn rate​"")","n/a","n/a","0","0","","n/a","n/a","n/a","0.00","0.00","n/a","n/a","For metrics, refresh"
"sql calculate churn rate","=HYPERLINK(""https://smrs.toolsfrog.com/analytics/keywordoverview/?q=sql%20calculate%20churn%20rate&db=us"",""sql calculate churn rate​"")","n/a","n/a","0","0","","n/a","n/a","n/a","0.00","0.00","n/a","n/a","For metrics, refresh"
"square churn rate","=HYPERLINK(""https://smrs.toolsfrog.com/analytics/keywordoverview/?q=square%20churn%20rate&db=us"",""square churn rate​"")","n/a","n/a","0","0","","n/a","n/a","n/a","0.00","0.00","n/a","n/a","For metrics, refresh"
"square space churn rate","=HYPERLINK(""https://smrs.toolsfrog.com/analytics/keywordoverview/?q=square%20space%20churn%20rate&db=us"",""square space churn rate​"")","n/a","n/a","0","0","","n/a","n/a","n/a","0.00","0.00","n/a","n/a","For metrics, refresh"
"staff churn rate calculation","=HYPERLINK(""https://smrs.toolsfrog.com/analytics/keywordoverview/?q=staff%20churn%20rate%20calculation&db=us"",""staff churn rate calculation​"")","n/a","n/a","0","0","","n/a","n/a","n/a","0.00","0.00","n/a","n/a","For metrics, refresh"
"staff churn rate formula","=HYPERLINK(""https://smrs.toolsfrog.com/analytics/keywordoverview/?q=staff%20churn%20rate%20formula&db=us"",""staff churn rate formula​"")","n/a","n/a","0","0","","n/a","n/a","n/a","0.00","0.00","n/a","n/a","For metrics, refresh"
"standard churn rate","=HYPERLINK(""https://smrs.toolsfrog.com/analytics/keywordoverview/?q=standard%20churn%20rate&db=us"",""standard churn rate​"")","n/a","n/a","0","0","","n/a","n/a","n/a","0.00","0.00","n/a","n/a","For metrics, refresh"
"standard churn rate for saas","=HYPERLINK(""https://smrs.toolsfrog.com/analytics/keywordoverview/?q=standard%20churn%20rate%20for%20saas&db=us"",""standard churn rate for saas​"")","n/a","n/a","0","0","","n/a","n/a","n/a","0.00","0.00","n/a","n/a","For metrics, refresh"
"starbucks churn rate","=HYPERLINK(""https://smrs.toolsfrog.com/analytics/keywordoverview/?q=starbucks%20churn%20rate&db=us"",""starbucks churn rate​"")","n/a","n/a","0","0","","n/a","n/a","n/a","0.00","0.00","n/a","n/a","For metrics, refresh"
"starbucks customer churn rate compared to industry 2025","=HYPERLINK(""https://smrs.toolsfrog.com/analytics/keywordoverview/?q=starbucks%20customer%20churn%20rate%20compared%20to%20industry%202025&db=us"",""starbucks customer churn rate compared to industry 2025​"")","n/a","n/a","0","0","","n/a","n/a","n/a","0.00","0.00","n/a","n/a","For metrics, refresh"
"startup customer churn rate","=HYPERLINK(""https://smrs.toolsfrog.com/analytics/keywordoverview/?q=startup%20customer%20churn%20rate&db=us"",""startup customer churn rate​"")","n/a","n/a","0","0","","n/a","n/a","n/a","0.00","0.00","n/a","n/a","For metrics, refresh"
"statista churn rates","=HYPERLINK(""https://smrs.toolsfrog.com/analytics/keywordoverview/?q=statista%20churn%20rates&db=us"",""statista churn rates​"")","n/a","n/a","0","0","","n/a","n/a","n/a","0.00","0.00","n/a","n/a","For metrics, refresh"
"statista churn rates sprint","=HYPERLINK(""https://smrs.toolsfrog.com/analytics/keywordoverview/?q=statista%20churn%20rates%20sprint&db=us"",""statista churn rates sprint​"")","n/a","n/a","0","0","","n/a","n/a","n/a","0.00","0.00","n/a","n/a","For metrics, refresh"
"statista churn rates sprint by eyar","=HYPERLINK(""https://smrs.toolsfrog.com/analytics/keywordoverview/?q=statista%20churn%20rates%20sprint%20by%20eyar&db=us"",""statista churn rates sprint by eyar​"")","n/a","n/a","0","0","","n/a","n/a","n/a","0.00","0.00","n/a","n/a","For metrics, refresh"
"statista churn rates t mobile","=HYPERLINK(""https://smrs.toolsfrog.com/analytics/keywordoverview/?q=statista%20churn%20rates%20t%20mobile&db=us"",""statista churn rates t mobile​"")","n/a","n/a","0","0","","n/a","n/a","n/a","0.00","0.00","n/a","n/a","For metrics, refresh"
"step by step how to calculate churn rate","=HYPERLINK(""https://smrs.toolsfrog.com/analytics/keywordoverview/?q=step%20by%20step%20how%20to%20calculate%20churn%20rate&db=us"",""step by step how to calculate churn rate​"")","n/a","n/a","0","0","","n/a","n/a","n/a","0.00","0.00","n/a","n/a","For metrics, refresh"
"storage churn rate","=HYPERLINK(""https://smrs.toolsfrog.com/analytics/keywordoverview/?q=storage%20churn%20rate&db=us"",""storage churn rate​"")","n/a","n/a","0","0","","n/a","n/a","n/a","0.00","0.00","n/a","n/a","For metrics, refresh"
"strategies to reduce churn rate for digital products","=HYPERLINK(""https://smrs.toolsfrog.com/analytics/keywordoverview/?q=strategies%20to%20reduce%20churn%20rate%20for%20digital%20products&db=us"",""strategies to reduce churn rate for digital products​"")","n/a","n/a","0","0","","n/a","n/a","n/a","0.00","0.00","n/a","n/a","For metrics, refresh"
"strategy to reduce churn rate","=HYPERLINK(""https://smrs.toolsfrog.com/analytics/keywordoverview/?q=strategy%20to%20reduce%20churn%20rate&db=us"",""strategy to reduce churn rate​"")","n/a","n/a","0","0","","n/a","n/a","n/a","0.00","0.00","n/a","n/a","For metrics, refresh"
"strayer education customer churn rate compared to industry 2025","=HYPERLINK(""https://smrs.toolsfrog.com/analytics/keywordoverview/?q=strayer%20education%20customer%20churn%20rate%20compared%20to%20industry%202025&db=us"",""strayer education customer churn rate compared to industry 2025​"")","n/a","n/a","0","0","","n/a","n/a","n/a","0.00","0.00","n/a","n/a","For metrics, refresh"
"streaming churn rate","=HYPERLINK(""https://smrs.toolsfrog.com/analytics/keywordoverview/?q=streaming%20churn%20rate&db=us"",""streaming churn rate​"")","n/a","n/a","0","0","","n/a","n/a","n/a","0.00","0.00","n/a","n/a","For metrics, refresh"
"streaming churn rates","=HYPERLINK(""https://smrs.toolsfrog.com/analytics/keywordoverview/?q=streaming%20churn%20rates&db=us"",""streaming churn rates​"")","n/a","n/a","0","0","","n/a","n/a","n/a","0.00","0.00","n/a","n/a","For metrics, refresh"
"streaming has higher churn rate in netlfix than others","=HYPERLINK(""https://smrs.toolsfrog.com/analytics/keywordoverview/?q=streaming%20has%20higher%20churn%20rate%20in%20netlfix%20than%20others&db=us"",""streaming has higher churn rate in netlfix than others​"")","n/a","n/a","0","0","","n/a","n/a","n/a","0.00","0.00","n/a","n/a","For metrics, refresh"
"streaming industry average churn rate 2024","=HYPERLINK(""https://smrs.toolsfrog.com/analytics/keywordoverview/?q=streaming%20industry%20average%20churn%20rate%202024&db=us"",""streaming industry average churn rate 2024​"")","n/a","n/a","0","0","","n/a","n/a","n/a","0.00","0.00","n/a","n/a","For metrics, refresh"
"streaming industry average monthly churn rate","=HYPERLINK(""https://smrs.toolsfrog.com/analytics/keywordoverview/?q=streaming%20industry%20average%20monthly%20churn%20rate&db=us"",""streaming industry average monthly churn rate​"")","n/a","n/a","0","0","","n/a","n/a","n/a","0.00","0.00","n/a","n/a","For metrics, refresh"
"streaming industry churn rate 2024","=HYPERLINK(""https://smrs.toolsfrog.com/analytics/keywordoverview/?q=streaming%20industry%20churn%20rate%202024&db=us"",""streaming industry churn rate 2024​"")","n/a","n/a","0","0","","n/a","n/a","n/a","0.00","0.00","n/a","n/a","For metrics, refresh"
"streaming industry monthly churn rate","=HYPERLINK(""https://smrs.toolsfrog.com/analytics/keywordoverview/?q=streaming%20industry%20monthly%20churn%20rate&db=us"",""streaming industry monthly churn rate​"")","n/a","n/a","0","0","","n/a","n/a","n/a","0.00","0.00","n/a","n/a","For metrics, refresh"
"streaming services churn rate","=HYPERLINK(""https://smrs.toolsfrog.com/analytics/keywordoverview/?q=streaming%20services%20churn%20rate&db=us"",""streaming services churn rate​"")","n/a","n/a","0","0","","n/a","n/a","n/a","0.00","0.00","n/a","n/a","For metrics, refresh"
"stride customer churn rate and retention 2025","=HYPERLINK(""https://smrs.toolsfrog.com/analytics/keywordoverview/?q=stride%20customer%20churn%20rate%20and%20retention%202025&db=us"",""stride customer churn rate and retention 2025​"")","n/a","n/a","0","0","","n/a","n/a","n/a","0.00","0.00","n/a","n/a","For metrics, refresh"
"stripe subscriber churn rate","=HYPERLINK(""https://smrs.toolsfrog.com/analytics/keywordoverview/?q=stripe%20subscriber%20churn%20rate&db=us"",""stripe subscriber churn rate​"")","n/a","n/a","0","0","","n/a","n/a","n/a","0.00","0.00","n/a","n/a","For metrics, refresh"
"subscribers churn rate","=HYPERLINK(""https://smrs.toolsfrog.com/analytics/keywordoverview/?q=subscribers%20churn%20rate&db=us"",""subscribers churn rate​"")","n/a","n/a","0","0","","n/a","n/a","n/a","0.00","0.00","n/a","n/a","For metrics, refresh"
"subscription app churn rate","=HYPERLINK(""https://smrs.toolsfrog.com/analytics/keywordoverview/?q=subscription%20app%20churn%20rate&db=us"",""subscription app churn rate​"")","n/a","n/a","0","0","","n/a","n/a","n/a","0.00","0.00","n/a","n/a","For metrics, refresh"
"subscription based business churn rate","=HYPERLINK(""https://smrs.toolsfrog.com/analytics/keywordoverview/?q=subscription%20based%20business%20churn%20rate&db=us"",""subscription based business churn rate​"")","n/a","n/a","0","0","","n/a","n/a","n/a","0.00","0.00","n/a","n/a","For metrics, refresh"
"subscription box churn rate average","=HYPERLINK(""https://smrs.toolsfrog.com/analytics/keywordoverview/?q=subscription%20box%20churn%20rate%20average&db=us"",""subscription box churn rate average​"")","n/a","n/a","0","0","","n/a","n/a","n/a","0.00","0.00","n/a","n/a","For metrics, refresh"
"subscription box churn rate average 2024","=HYPERLINK(""https://smrs.toolsfrog.com/analytics/keywordoverview/?q=subscription%20box%20churn%20rate%20average%202024&db=us"",""subscription box churn rate average 2024​"")","n/a","n/a","0","0","","n/a","n/a","n/a","0.00","0.00","n/a","n/a","For metrics, refresh"
"subscription box churn rate benchmark","=HYPERLINK(""https://smrs.toolsfrog.com/analytics/keywordoverview/?q=subscription%20box%20churn%20rate%20benchmark&db=us"",""subscription box churn rate benchmark​"")","n/a","n/a","0","0","","n/a","n/a","n/a","0.00","0.00","n/a","n/a","For metrics, refresh"
"subscription box churn rate explanation","=HYPERLINK(""https://smrs.toolsfrog.com/analytics/keywordoverview/?q=subscription%20box%20churn%20rate%20explanation&db=us"",""subscription box churn rate explanation​"")","n/a","n/a","0","0","","n/a","n/a","n/a","0.00","0.00","n/a","n/a","For metrics, refresh"
"subscription box churn rate industry","=HYPERLINK(""https://smrs.toolsfrog.com/analytics/keywordoverview/?q=subscription%20box%20churn%20rate%20industry&db=us"",""subscription box churn rate industry​"")","n/a","n/a","0","0","","n/a","n/a","n/a","0.00","0.00","n/a","n/a","For metrics, refresh"
"subscription box churn rate industry average","=HYPERLINK(""https://smrs.toolsfrog.com/analytics/keywordoverview/?q=subscription%20box%20churn%20rate%20industry%20average&db=us"",""subscription box churn rate industry average​"")","n/a","n/a","0","0","","n/a","n/a","n/a","0.00","0.00","n/a","n/a","For metrics, refresh"
"subscription box churn rate research surbey","=HYPERLINK(""https://smrs.toolsfrog.com/analytics/keywordoverview/?q=subscription%20box%20churn%20rate%20research%20surbey&db=us"",""subscription box churn rate research surbey​"")","n/a","n/a","0","0","","n/a","n/a","n/a","0.00","0.00","n/a","n/a","For metrics, refresh"
"subscription box industry average churn rate","=HYPERLINK(""https://smrs.toolsfrog.com/analytics/keywordoverview/?q=subscription%20box%20industry%20average%20churn%20rate&db=us"",""subscription box industry average churn rate​"")","n/a","n/a","0","0","","n/a","n/a","n/a","0.00","0.00","n/a","n/a","For metrics, refresh"
"subscription box industry monthly churn rate","=HYPERLINK(""https://smrs.toolsfrog.com/analytics/keywordoverview/?q=subscription%20box%20industry%20monthly%20churn%20rate&db=us"",""subscription box industry monthly churn rate​"")","n/a","n/a","0","0","","n/a","n/a","n/a","0.00","0.00","n/a","n/a","For metrics, refresh"
"subscription business churn rate","=HYPERLINK(""https://smrs.toolsfrog.com/analytics/keywordoverview/?q=subscription%20business%20churn%20rate&db=us"",""subscription business churn rate​"")","n/a","n/a","0","0","","n/a","n/a","n/a","0.00","0.00","n/a","n/a","For metrics, refresh"
"subscription churn rate dtc","=HYPERLINK(""https://smrs.toolsfrog.com/analytics/keywordoverview/?q=subscription%20churn%20rate%20dtc&db=us"",""subscription churn rate dtc​"")","n/a","n/a","0","0","","n/a","n/a","n/a","0.00","0.00","n/a","n/a","For metrics, refresh"
"subscription churn rates","=HYPERLINK(""https://smrs.toolsfrog.com/analytics/keywordoverview/?q=subscription%20churn%20rates&db=us"",""subscription churn rates​"")","n/a","n/a","0","0","","n/a","n/a","n/a","0.00","0.00","n/a","n/a","For metrics, refresh"
"subscription commerce churn rates","=HYPERLINK(""https://smrs.toolsfrog.com/analytics/keywordoverview/?q=subscription%20commerce%20churn%20rates&db=us"",""subscription commerce churn rates​"")","n/a","n/a","0","0","","n/a","n/a","n/a","0.00","0.00","n/a","n/a","For metrics, refresh"
"subscription model churn rates","=HYPERLINK(""https://smrs.toolsfrog.com/analytics/keywordoverview/?q=subscription%20model%20churn%20rates&db=us"",""subscription model churn rates​"")","n/a","n/a","0","0","","n/a","n/a","n/a","0.00","0.00","n/a","n/a","For metrics, refresh"
"subscription monthly churn rate","=HYPERLINK(""https://smrs.toolsfrog.com/analytics/keywordoverview/?q=subscription%20monthly%20churn%20rate&db=us"",""subscription monthly churn rate​"")","n/a","n/a","0","0","","n/a","n/a","n/a","0.00","0.00","n/a","n/a","For metrics, refresh"
"subscription product churn rate","=HYPERLINK(""https://smrs.toolsfrog.com/analytics/keywordoverview/?q=subscription%20product%20churn%20rate&db=us"",""subscription product churn rate​"")","n/a","n/a","0","0","","n/a","n/a","n/a","0.00","0.00","n/a","n/a","For metrics, refresh"
"subscription service churn rate","=HYPERLINK(""https://smrs.toolsfrog.com/analytics/keywordoverview/?q=subscription%20service%20churn%20rate&db=us"",""subscription service churn rate​"")","n/a","n/a","0","0","","n/a","n/a","n/a","0.00","0.00","n/a","n/a","For metrics, refresh"
"substack average churn rate","=HYPERLINK(""https://smrs.toolsfrog.com/analytics/keywordoverview/?q=substack%20average%20churn%20rate&db=us"",""substack average churn rate​"")","n/a","n/a","0","0","","n/a","n/a","n/a","0.00","0.00","n/a","n/a","For metrics, refresh"
"substack average churn rate paid subscribers","=HYPERLINK(""https://smrs.toolsfrog.com/analytics/keywordoverview/?q=substack%20average%20churn%20rate%20paid%20subscribers&db=us"",""substack average churn rate paid subscribers​"")","n/a","n/a","0","0","","n/a","n/a","n/a","0.00","0.00","n/a","n/a","For metrics, refresh"
"substantially lower churn rates","=HYPERLINK(""https://smrs.toolsfrog.com/analytics/keywordoverview/?q=substantially%20lower%20churn%20rates&db=us"",""substantially lower churn rates​"")","n/a","n/a","0","0","","n/a","n/a","n/a","0.00","0.00","n/a","n/a","For metrics, refresh"
"sunday busness churn rate","=HYPERLINK(""https://smrs.toolsfrog.com/analytics/keywordoverview/?q=sunday%20busness%20churn%20rate&db=us"",""sunday busness churn rate​"")","n/a","n/a","0","0","","n/a","n/a","n/a","0.00","0.00","n/a","n/a","For metrics, refresh"
"surf airs churn rate","=HYPERLINK(""https://smrs.toolsfrog.com/analytics/keywordoverview/?q=surf%20airs%20churn%20rate&db=us"",""surf airs churn rate​"")","n/a","n/a","0","0","","n/a","n/a","n/a","0.00","0.00","n/a","n/a","For metrics, refresh"
"surprisingly high churn rate","=HYPERLINK(""https://smrs.toolsfrog.com/analytics/keywordoverview/?q=surprisingly%20high%20churn%20rate&db=us"",""surprisingly high churn rate​"")","n/a","n/a","0","0","","n/a","n/a","n/a","0.00","0.00","n/a","n/a","For metrics, refresh"
"surprisingly lower churn rates","=HYPERLINK(""https://smrs.toolsfrog.com/analytics/keywordoverview/?q=surprisingly%20lower%20churn%20rates&db=us"",""surprisingly lower churn rates​"")","n/a","n/a","0","0","","n/a","n/a","n/a","0.00","0.00","n/a","n/a","For metrics, refresh"
"survival analysis for churn rate","=HYPERLINK(""https://smrs.toolsfrog.com/analytics/keywordoverview/?q=survival%20analysis%20for%20churn%20rate&db=us"",""survival analysis for churn rate​"")","n/a","n/a","0","0","","n/a","n/a","n/a","0.00","0.00","n/a","n/a","For metrics, refresh"
"svod churn rate","=HYPERLINK(""https://smrs.toolsfrog.com/analytics/keywordoverview/?q=svod%20churn%20rate&db=us"",""svod churn rate​"")","n/a","n/a","0","0","","n/a","n/a","n/a","0.00","0.00","n/a","n/a","For metrics, refresh"
"svod churn rates","=HYPERLINK(""https://smrs.toolsfrog.com/analytics/keywordoverview/?q=svod%20churn%20rates&db=us"",""svod churn rates​"")","n/a","n/a","0","0","","n/a","n/a","n/a","0.00","0.00","n/a","n/a","For metrics, refresh"
"sweetgreen customer churn rate compared to industry 2025","=HYPERLINK(""https://smrs.toolsfrog.com/analytics/keywordoverview/?q=sweetgreen%20customer%20churn%20rate%20compared%20to%20industry%202025&db=us"",""sweetgreen customer churn rate compared to industry 2025​"")","n/a","n/a","0","0","","n/a","n/a","n/a","0.00","0.00","n/a","n/a","For metrics, refresh"
"synonym churn rate","=HYPERLINK(""https://smrs.toolsfrog.com/analytics/keywordoverview/?q=synonym%20churn%20rate&db=us"",""synonym churn rate​"")","n/a","n/a","0","0","","n/a","n/a","n/a","0.00","0.00","n/a","n/a","For metrics, refresh"
"synonym for churn rate","=HYPERLINK(""https://smrs.toolsfrog.com/analytics/keywordoverview/?q=synonym%20for%20churn%20rate&db=us"",""synonym for churn rate​"")","n/a","n/a","0","0","","n/a","n/a","n/a","0.00","0.00","n/a","n/a","For metrics, refresh"
"system dynamics churn rate","=HYPERLINK(""https://smrs.toolsfrog.com/analytics/keywordoverview/?q=system%20dynamics%20churn%20rate&db=us"",""system dynamics churn rate​"")","n/a","n/a","0","0","","n/a","n/a","n/a","0.00","0.00","n/a","n/a","For metrics, refresh"
"t mobile 2023 postpaid phone churn rate","=HYPERLINK(""https://smrs.toolsfrog.com/analytics/keywordoverview/?q=t%20mobile%202023%20postpaid%20phone%20churn%20rate&db=us"",""t mobile 2023 postpaid phone churn rate​"")","n/a","n/a","0","0","","n/a","n/a","n/a","0.00","0.00","n/a","n/a","For metrics, refresh"
"t mobile churn rate 2014","=HYPERLINK(""https://smrs.toolsfrog.com/analytics/keywordoverview/?q=t%20mobile%20churn%20rate%202014&db=us"",""t mobile churn rate 2014​"")","n/a","n/a","0","0","","n/a","n/a","n/a","0.00","0.00","n/a","n/a","For metrics, refresh"
"t mobile churn rates","=HYPERLINK(""https://smrs.toolsfrog.com/analytics/keywordoverview/?q=t%20mobile%20churn%20rates&db=us"",""t mobile churn rates​"")","n/a","n/a","0","0","","n/a","n/a","n/a","0.00","0.00","n/a","n/a","For metrics, refresh"
"t mobile postpaid phone churn rate 2023","=HYPERLINK(""https://smrs.toolsfrog.com/analytics/keywordoverview/?q=t%20mobile%20postpaid%20phone%20churn%20rate%202023&db=us"",""t mobile postpaid phone churn rate 2023​"")","n/a","n/a","0","0","","n/a","n/a","n/a","0.00","0.00","n/a","n/a","For metrics, refresh"
"t mobile prepaid churn rate","=HYPERLINK(""https://smrs.toolsfrog.com/analytics/keywordoverview/?q=t%20mobile%20prepaid%20churn%20rate&db=us"",""t mobile prepaid churn rate​"")","n/a","n/a","0","0","","n/a","n/a","n/a","0.00","0.00","n/a","n/a","For metrics, refresh"
"t-mobile churn rate 2015","=HYPERLINK(""https://smrs.toolsfrog.com/analytics/keywordoverview/?q=t-mobile%20churn%20rate%202015&db=us"",""t-mobile churn rate 2015​"")","n/a","n/a","0","0","","n/a","n/a","n/a","0.00","0.00","n/a","n/a","For metrics, refresh"
"t-mobile postpaid churn rate 2020 2021 2022 2023 t-mobile churn","=HYPERLINK(""https://smrs.toolsfrog.com/analytics/keywordoverview/?q=t-mobile%20postpaid%20churn%20rate%202020%202021%202022%202023%20t-mobile%20churn&db=us"",""t-mobile postpaid churn rate 2020 2021 2022 2023 t-mobile churn​"")","n/a","n/a","0","0","","n/a","n/a","n/a","0.00","0.00","n/a","n/a","For metrics, refresh"
"t-mobile postpaid churn rate 2020 annual","=HYPERLINK(""https://smrs.toolsfrog.com/analytics/keywordoverview/?q=t-mobile%20postpaid%20churn%20rate%202020%20annual&db=us"",""t-mobile postpaid churn rate 2020 annual​"")","n/a","n/a","0","0","","n/a","n/a","n/a","0.00","0.00","n/a","n/a","For metrics, refresh"
"t-mobile postpaid churn rate 2021 annual","=HYPERLINK(""https://smrs.toolsfrog.com/analytics/keywordoverview/?q=t-mobile%20postpaid%20churn%20rate%202021%20annual&db=us"",""t-mobile postpaid churn rate 2021 annual​"")","n/a","n/a","0","0","","n/a","n/a","n/a","0.00","0.00","n/a","n/a","For metrics, refresh"
"t-mobile postpaid churn rate 2022 annual","=HYPERLINK(""https://smrs.toolsfrog.com/analytics/keywordoverview/?q=t-mobile%20postpaid%20churn%20rate%202022%20annual&db=us"",""t-mobile postpaid churn rate 2022 annual​"")","n/a","n/a","0","0","","n/a","n/a","n/a","0.00","0.00","n/a","n/a","For metrics, refresh"
"t-mobile postpaid churn rate t-mobile 2020 2021 2022 2023 churn","=HYPERLINK(""https://smrs.toolsfrog.com/analytics/keywordoverview/?q=t-mobile%20postpaid%20churn%20rate%20t-mobile%202020%202021%202022%202023%20churn&db=us"",""t-mobile postpaid churn rate t-mobile 2020 2021 2022 2023 churn​"")","n/a","n/a","0","0","","n/a","n/a","n/a","0.00","0.00","n/a","n/a","For metrics, refresh"
"tableau customer churn rate","=HYPERLINK(""https://smrs.toolsfrog.com/analytics/keywordoverview/?q=tableau%20customer%20churn%20rate&db=us"",""tableau customer churn rate​"")","n/a","n/a","0","0","","n/a","n/a","n/a","0.00","0.00","n/a","n/a","For metrics, refresh"
"target customer churn rate and retention 2025","=HYPERLINK(""https://smrs.toolsfrog.com/analytics/keywordoverview/?q=target%20customer%20churn%20rate%20and%20retention%202025&db=us"",""target customer churn rate and retention 2025​"")","n/a","n/a","0","0","","n/a","n/a","n/a","0.00","0.00","n/a","n/a","For metrics, refresh"
"taskworld churn rate","=HYPERLINK(""https://smrs.toolsfrog.com/analytics/keywordoverview/?q=taskworld%20churn%20rate&db=us"",""taskworld churn rate​"")","n/a","n/a","0","0","","n/a","n/a","n/a","0.00","0.00","n/a","n/a","For metrics, refresh"
"tcf bank customer churn rate","=HYPERLINK(""https://smrs.toolsfrog.com/analytics/keywordoverview/?q=tcf%20bank%20customer%20churn%20rate&db=us"",""tcf bank customer churn rate​"")","n/a","n/a","0","0","","n/a","n/a","n/a","0.00","0.00","n/a","n/a","For metrics, refresh"
"teacher churn rate","=HYPERLINK(""https://smrs.toolsfrog.com/analytics/keywordoverview/?q=teacher%20churn%20rate&db=us"",""teacher churn rate​"")","n/a","n/a","0","0","","n/a","n/a","n/a","0.00","0.00","n/a","n/a","For metrics, refresh"
"telco churn rates","=HYPERLINK(""https://smrs.toolsfrog.com/analytics/keywordoverview/?q=telco%20churn%20rates&db=us"",""telco churn rates​"")","n/a","n/a","0","0","","n/a","n/a","n/a","0.00","0.00","n/a","n/a","For metrics, refresh"
"telco customer churn multiple lines churn rate","=HYPERLINK(""https://smrs.toolsfrog.com/analytics/keywordoverview/?q=telco%20customer%20churn%20multiple%20lines%20churn%20rate&db=us"",""telco customer churn multiple lines churn rate​"")","n/a","n/a","0","0","","n/a","n/a","n/a","0.00","0.00","n/a","n/a","For metrics, refresh"
"telecom churn rate definition","=HYPERLINK(""https://smrs.toolsfrog.com/analytics/keywordoverview/?q=telecom%20churn%20rate%20definition&db=us"",""telecom churn rate definition​"")","n/a","n/a","0","0","","n/a","n/a","n/a","0.00","0.00","n/a","n/a","For metrics, refresh"
"telecom industry churn rate","=HYPERLINK(""https://smrs.toolsfrog.com/analytics/keywordoverview/?q=telecom%20industry%20churn%20rate&db=us"",""telecom industry churn rate​"")","n/a","n/a","0","0","","n/a","n/a","n/a","0.00","0.00","n/a","n/a","For metrics, refresh"
"telecom mobile churn rates","=HYPERLINK(""https://smrs.toolsfrog.com/analytics/keywordoverview/?q=telecom%20mobile%20churn%20rates&db=us"",""telecom mobile churn rates​"")","n/a","n/a","0","0","","n/a","n/a","n/a","0.00","0.00","n/a","n/a","For metrics, refresh"
"telecom postpaid plan price increase churn rate typical","=HYPERLINK(""https://smrs.toolsfrog.com/analytics/keywordoverview/?q=telecom%20postpaid%20plan%20price%20increase%20churn%20rate%20typical&db=us"",""telecom postpaid plan price increase churn rate typical​"")","n/a","n/a","0","0","","n/a","n/a","n/a","0.00","0.00","n/a","n/a","For metrics, refresh"
"telecommunications company churn rate","=HYPERLINK(""https://smrs.toolsfrog.com/analytics/keywordoverview/?q=telecommunications%20company%20churn%20rate&db=us"",""telecommunications company churn rate​"")","n/a","n/a","0","0","","n/a","n/a","n/a","0.00","0.00","n/a","n/a","For metrics, refresh"
"telefonica churn rate","=HYPERLINK(""https://smrs.toolsfrog.com/analytics/keywordoverview/?q=telefonica%20churn%20rate&db=us"",""telefonica churn rate​"")","n/a","n/a","0","0","","n/a","n/a","n/a","0.00","0.00","n/a","n/a","For metrics, refresh"
"telegram bought subscribers churn rate","=HYPERLINK(""https://smrs.toolsfrog.com/analytics/keywordoverview/?q=telegram%20bought%20subscribers%20churn%20rate&db=us"",""telegram bought subscribers churn rate​"")","n/a","n/a","0","0","","n/a","n/a","n/a","0.00","0.00","n/a","n/a","For metrics, refresh"
"telstra churn rate","=HYPERLINK(""https://smrs.toolsfrog.com/analytics/keywordoverview/?q=telstra%20churn%20rate&db=us"",""telstra churn rate​"")","n/a","n/a","0","0","","n/a","n/a","n/a","0.00","0.00","n/a","n/a","For metrics, refresh"
"tenant churn rate","=HYPERLINK(""https://smrs.toolsfrog.com/analytics/keywordoverview/?q=tenant%20churn%20rate&db=us"",""tenant churn rate​"")","n/a","n/a","0","0","","n/a","n/a","n/a","0.00","0.00","n/a","n/a","For metrics, refresh"
"textbook license churn rate","=HYPERLINK(""https://smrs.toolsfrog.com/analytics/keywordoverview/?q=textbook%20license%20churn%20rate&db=us"",""textbook license churn rate​"")","n/a","n/a","0","0","","n/a","n/a","n/a","0.00","0.00","n/a","n/a","For metrics, refresh"
"the average revenue per user/churn rate is the equation for","=HYPERLINK(""https://smrs.toolsfrog.com/analytics/keywordoverview/?q=the%20average%20revenue%20per%20user%2Fchurn%20rate%20is%20the%20equation%20for&db=us"",""the average revenue per user/churn rate is the equation for​"")","n/a","n/a","0","0","","n/a","n/a","n/a","0.00","0.00","n/a","n/a","For metrics, refresh"
"the imprtnace of churn rate","=HYPERLINK(""https://smrs.toolsfrog.com/analytics/keywordoverview/?q=the%20imprtnace%20of%20churn%20rate&db=us"",""the imprtnace of churn rate​"")","n/a","n/a","0","0","","n/a","n/a","n/a","0.00","0.00","n/a","n/a","For metrics, refresh"
"the meaning of churn rate","=HYPERLINK(""https://smrs.toolsfrog.com/analytics/keywordoverview/?q=the%20meaning%20of%20churn%20rate&db=us"",""the meaning of churn rate​"")","n/a","n/a","0","0","","n/a","n/a","n/a","0.00","0.00","n/a","n/a","For metrics, refresh"
"three uk churn rate","=HYPERLINK(""https://smrs.toolsfrog.com/analytics/keywordoverview/?q=three%20uk%20churn%20rate&db=us"",""three uk churn rate​"")","n/a","n/a","0","0","","n/a","n/a","n/a","0.00","0.00","n/a","n/a","For metrics, refresh"
"thrive market churn rate","=HYPERLINK(""https://smrs.toolsfrog.com/analytics/keywordoverview/?q=thrive%20market%20churn%20rate&db=us"",""thrive market churn rate​"")","n/a","n/a","0","0","","n/a","n/a","n/a","0.00","0.00","n/a","n/a","For metrics, refresh"
"tmobile churn rate","=HYPERLINK(""https://smrs.toolsfrog.com/analytics/keywordoverview/?q=tmobile%20churn%20rate&db=us"",""tmobile churn rate​"")","n/a","n/a","0","0","","n/a","n/a","n/a","0.00","0.00","n/a","n/a","For metrics, refresh"
"tonal arr 2023 churn rate","=HYPERLINK(""https://smrs.toolsfrog.com/analytics/keywordoverview/?q=tonal%20arr%202023%20churn%20rate&db=us"",""tonal arr 2023 churn rate​"")","n/a","n/a","0","0","","n/a","n/a","n/a","0.00","0.00","n/a","n/a","For metrics, refresh"
"tools for saas companies to reduce churn rates behavioral insights","=HYPERLINK(""https://smrs.toolsfrog.com/analytics/keywordoverview/?q=tools%20for%20saas%20companies%20to%20reduce%20churn%20rates%20behavioral%20insights&db=us"",""tools for saas companies to reduce churn rates behavioral insights​"")","n/a","n/a","0","0","","n/a","n/a","n/a","0.00","0.00","n/a","n/a","For metrics, refresh"
"top companies with highest churn rates","=HYPERLINK(""https://smrs.toolsfrog.com/analytics/keywordoverview/?q=top%20companies%20with%20highest%20churn%20rates&db=us"",""top companies with highest churn rates​"")","n/a","n/a","0","0","","n/a","n/a","n/a","0.00","0.00","n/a","n/a","For metrics, refresh"
"top rated employee engagement platforms to reduce staff churn","=HYPERLINK(""https://smrs.toolsfrog.com/analytics/keywordoverview/?q=top%20rated%20employee%20engagement%20platforms%20to%20reduce%20staff%20churn&db=us"",""top rated employee engagement platforms to reduce staff churn​"")","n/a","n/a","0","0","","n/a","n/a","n/a","0.00","0.00","n/a","n/a","For metrics, refresh"
"top rated solutions to reduce customer churn in retail usa","=HYPERLINK(""https://smrs.toolsfrog.com/analytics/keywordoverview/?q=top%20rated%20solutions%20to%20reduce%20customer%20churn%20in%20retail%20usa&db=us"",""top rated solutions to reduce customer churn in retail usa​"")","n/a","n/a","0","0","","n/a","n/a","n/a","0.00","0.00","n/a","n/a","For metrics, refresh"
"top tools for reducing saas churn rates","=HYPERLINK(""https://smrs.toolsfrog.com/analytics/keywordoverview/?q=top%20tools%20for%20reducing%20saas%20churn%20rates&db=us"",""top tools for reducing saas churn rates​"")","n/a","n/a","0","0","","n/a","n/a","n/a","0.00","0.00","n/a","n/a","For metrics, refresh"
"top-rated ai solutions for churn prediction in saas customer bases","=HYPERLINK(""https://smrs.toolsfrog.com/analytics/keywordoverview/?q=top-rated%20ai%20solutions%20for%20churn%20prediction%20in%20saas%20customer%20bases&db=us"",""top-rated ai solutions for churn prediction in saas customer bases​"")","n/a","n/a","0","0","","n/a","n/a","n/a","0.00","0.00","n/a","n/a","For metrics, refresh"
"top-rated employee engagement platforms to reduce staff churn","=HYPERLINK(""https://smrs.toolsfrog.com/analytics/keywordoverview/?q=top-rated%20employee%20engagement%20platforms%20to%20reduce%20staff%20churn&db=us"",""top-rated employee engagement platforms to reduce staff churn​"")","n/a","n/a","0","0","","n/a","n/a","n/a","0.00","0.00","n/a","n/a","For metrics, refresh"
"top-rated solutions combining product analytics with churn risk scoring.","=HYPERLINK(""https://smrs.toolsfrog.com/analytics/keywordoverview/?q=top-rated%20solutions%20combining%20product%20analytics%20with%20churn%20risk%20scoring.&db=us"",""top-rated solutions combining product analytics with churn risk scoring.​"")","n/a","n/a","0","0","","n/a","n/a","n/a","0.00","0.00","n/a","n/a","For metrics, refresh"
"top-rated solutions to reduce customer churn in retail usa","=HYPERLINK(""https://smrs.toolsfrog.com/analytics/keywordoverview/?q=top-rated%20solutions%20to%20reduce%20customer%20churn%20in%20retail%20usa&db=us"",""top-rated solutions to reduce customer churn in retail usa​"")","n/a","n/a","0","0","","n/a","n/a","n/a","0.00","0.00","n/a","n/a","For metrics, refresh"
"top-rated tools for reducing customer churn through predictive segmentation.","=HYPERLINK(""https://smrs.toolsfrog.com/analytics/keywordoverview/?q=top-rated%20tools%20for%20reducing%20customer%20churn%20through%20predictive%20segmentation.&db=us"",""top-rated tools for reducing customer churn through predictive segmentation.​"")","n/a","n/a","0","0","","n/a","n/a","n/a","0.00","0.00","n/a","n/a","For metrics, refresh"
"track code churn rate","=HYPERLINK(""https://smrs.toolsfrog.com/analytics/keywordoverview/?q=track%20code%20churn%20rate&db=us"",""track code churn rate​"")","n/a","n/a","0","0","","n/a","n/a","n/a","0.00","0.00","n/a","n/a","For metrics, refresh"
"tractor supply customer churn rate and retention 2025","=HYPERLINK(""https://smrs.toolsfrog.com/analytics/keywordoverview/?q=tractor%20supply%20customer%20churn%20rate%20and%20retention%202025&db=us"",""tractor supply customer churn rate and retention 2025​"")","n/a","n/a","0","0","","n/a","n/a","n/a","0.00","0.00","n/a","n/a","For metrics, refresh"
"traditional software churn rate","=HYPERLINK(""https://smrs.toolsfrog.com/analytics/keywordoverview/?q=traditional%20software%20churn%20rate&db=us"",""traditional software churn rate​"")","n/a","n/a","0","0","","n/a","n/a","n/a","0.00","0.00","n/a","n/a","For metrics, refresh"
"traduccion churn rate","=HYPERLINK(""https://smrs.toolsfrog.com/analytics/keywordoverview/?q=traduccion%20churn%20rate&db=us"",""traduccion churn rate​"")","n/a","n/a","0","0","","n/a","n/a","n/a","0.00","0.00","n/a","n/a","For metrics, refresh"
"translate churn rate","=HYPERLINK(""https://smrs.toolsfrog.com/analytics/keywordoverview/?q=translate%20churn%20rate&db=us"",""translate churn rate​"")","n/a","n/a","0","0","","n/a","n/a","n/a","0.00","0.00","n/a","n/a","For metrics, refresh"
"travel industry churn rate","=HYPERLINK(""https://smrs.toolsfrog.com/analytics/keywordoverview/?q=travel%20industry%20churn%20rate&db=us"",""travel industry churn rate​"")","n/a","n/a","0","0","","n/a","n/a","n/a","0.00","0.00","n/a","n/a","For metrics, refresh"
"tripadvisor customer churn rate and retention 2025","=HYPERLINK(""https://smrs.toolsfrog.com/analytics/keywordoverview/?q=tripadvisor%20customer%20churn%20rate%20and%20retention%202025&db=us"",""tripadvisor customer churn rate and retention 2025​"")","n/a","n/a","0","0","","n/a","n/a","n/a","0.00","0.00","n/a","n/a","For metrics, refresh"
"troubling churn rates","=HYPERLINK(""https://smrs.toolsfrog.com/analytics/keywordoverview/?q=troubling%20churn%20rates&db=us"",""troubling churn rates​"")","n/a","n/a","0","0","","n/a","n/a","n/a","0.00","0.00","n/a","n/a","For metrics, refresh"
"truck driver churn rate","=HYPERLINK(""https://smrs.toolsfrog.com/analytics/keywordoverview/?q=truck%20driver%20churn%20rate&db=us"",""truck driver churn rate​"")","n/a","n/a","0","0","","n/a","n/a","n/a","0.00","0.00","n/a","n/a","For metrics, refresh"
"turbotax churn rate","=HYPERLINK(""https://smrs.toolsfrog.com/analytics/keywordoverview/?q=turbotax%20churn%20rate&db=us"",""turbotax churn rate​"")","n/a","n/a","0","0","","n/a","n/a","n/a","0.00","0.00","n/a","n/a","For metrics, refresh"
"turo churn rate","=HYPERLINK(""https://smrs.toolsfrog.com/analytics/keywordoverview/?q=turo%20churn%20rate&db=us"",""turo churn rate​"")","n/a","n/a","0","0","","n/a","n/a","n/a","0.00","0.00","n/a","n/a","For metrics, refresh"
"turo host churn rate","=HYPERLINK(""https://smrs.toolsfrog.com/analytics/keywordoverview/?q=turo%20host%20churn%20rate&db=us"",""turo host churn rate​"")","n/a","n/a","0","0","","n/a","n/a","n/a","0.00","0.00","n/a","n/a","For metrics, refresh"
"tv subscribers churn rate","=HYPERLINK(""https://smrs.toolsfrog.com/analytics/keywordoverview/?q=tv%20subscribers%20churn%20rate&db=us"",""tv subscribers churn rate​"")","n/a","n/a","0","0","","n/a","n/a","n/a","0.00","0.00","n/a","n/a","For metrics, refresh"
"twenty first century fox customer churn rate and retention 2025","=HYPERLINK(""https://smrs.toolsfrog.com/analytics/keywordoverview/?q=twenty%20first%20century%20fox%20customer%20churn%20rate%20and%20retention%202025&db=us"",""twenty first century fox customer churn rate and retention 2025​"")","n/a","n/a","0","0","","n/a","n/a","n/a","0.00","0.00","n/a","n/a","For metrics, refresh"
"twenty-first century fox customer churn rate and retention 2025","=HYPERLINK(""https://smrs.toolsfrog.com/analytics/keywordoverview/?q=twenty-first%20century%20fox%20customer%20churn%20rate%20and%20retention%202025&db=us"",""twenty-first century fox customer churn rate and retention 2025​"")","n/a","n/a","0","0","","n/a","n/a","n/a","0.00","0.00","n/a","n/a","For metrics, refresh"
"twilio churn rate","=HYPERLINK(""https://smrs.toolsfrog.com/analytics/keywordoverview/?q=twilio%20churn%20rate&db=us"",""twilio churn rate​"")","n/a","n/a","0","0","","n/a","n/a","n/a","0.00","0.00","n/a","n/a","For metrics, refresh"
"twitter churn rate","=HYPERLINK(""https://smrs.toolsfrog.com/analytics/keywordoverview/?q=twitter%20churn%20rate&db=us"",""twitter churn rate​"")","n/a","n/a","0","0","","n/a","n/a","n/a","0.00","0.00","n/a","n/a","For metrics, refresh"
"tyoical smb churn rate","=HYPERLINK(""https://smrs.toolsfrog.com/analytics/keywordoverview/?q=tyoical%20smb%20churn%20rate&db=us"",""tyoical smb churn rate​"")","n/a","n/a","0","0","","n/a","n/a","n/a","0.00","0.00","n/a","n/a","For metrics, refresh"
"typical annual churn rate enterprise saas","=HYPERLINK(""https://smrs.toolsfrog.com/analytics/keywordoverview/?q=typical%20annual%20churn%20rate%20enterprise%20saas&db=us"",""typical annual churn rate enterprise saas​"")","n/a","n/a","0","0","","n/a","n/a","n/a","0.00","0.00","n/a","n/a","For metrics, refresh"
"typical b2b saas churn rate","=HYPERLINK(""https://smrs.toolsfrog.com/analytics/keywordoverview/?q=typical%20b2b%20saas%20churn%20rate&db=us"",""typical b2b saas churn rate​"")","n/a","n/a","0","0","","n/a","n/a","n/a","0.00","0.00","n/a","n/a","For metrics, refresh"
"typical b2b saas monthly churn rate","=HYPERLINK(""https://smrs.toolsfrog.com/analytics/keywordoverview/?q=typical%20b2b%20saas%20monthly%20churn%20rate&db=us"",""typical b2b saas monthly churn rate​"")","n/a","n/a","0","0","","n/a","n/a","n/a","0.00","0.00","n/a","n/a","For metrics, refresh"
"typical churn rate after mobile plan price increase telecom","=HYPERLINK(""https://smrs.toolsfrog.com/analytics/keywordoverview/?q=typical%20churn%20rate%20after%20mobile%20plan%20price%20increase%20telecom&db=us"",""typical churn rate after mobile plan price increase telecom​"")","n/a","n/a","0","0","","n/a","n/a","n/a","0.00","0.00","n/a","n/a","For metrics, refresh"
"typical churn rate for marketing agencies","=HYPERLINK(""https://smrs.toolsfrog.com/analytics/keywordoverview/?q=typical%20churn%20rate%20for%20marketing%20agencies&db=us"",""typical churn rate for marketing agencies​"")","n/a","n/a","0","0","","n/a","n/a","n/a","0.00","0.00","n/a","n/a","For metrics, refresh"
"typical churn rate for mobile apps","=HYPERLINK(""https://smrs.toolsfrog.com/analytics/keywordoverview/?q=typical%20churn%20rate%20for%20mobile%20apps&db=us"",""typical churn rate for mobile apps​"")","n/a","n/a","0","0","","n/a","n/a","n/a","0.00","0.00","n/a","n/a","For metrics, refresh"
"typical churn rate for nonprofit membership programs","=HYPERLINK(""https://smrs.toolsfrog.com/analytics/keywordoverview/?q=typical%20churn%20rate%20for%20nonprofit%20membership%20programs&db=us"",""typical churn rate for nonprofit membership programs​"")","n/a","n/a","0","0","","n/a","n/a","n/a","0.00","0.00","n/a","n/a","For metrics, refresh"
"typical churn rate for nonprofit memberships","=HYPERLINK(""https://smrs.toolsfrog.com/analytics/keywordoverview/?q=typical%20churn%20rate%20for%20nonprofit%20memberships&db=us"",""typical churn rate for nonprofit memberships​"")","n/a","n/a","0","0","","n/a","n/a","n/a","0.00","0.00","n/a","n/a","For metrics, refresh"
"typical churn rate for subscription","=HYPERLINK(""https://smrs.toolsfrog.com/analytics/keywordoverview/?q=typical%20churn%20rate%20for%20subscription&db=us"",""typical churn rate for subscription​"")","n/a","n/a","0","0","","n/a","n/a","n/a","0.00","0.00","n/a","n/a","For metrics, refresh"
"typical churn rate for subscription site","=HYPERLINK(""https://smrs.toolsfrog.com/analytics/keywordoverview/?q=typical%20churn%20rate%20for%20subscription%20site&db=us"",""typical churn rate for subscription site​"")","n/a","n/a","0","0","","n/a","n/a","n/a","0.00","0.00","n/a","n/a","For metrics, refresh"
"typical churn rate hr saas or talent management software","=HYPERLINK(""https://smrs.toolsfrog.com/analytics/keywordoverview/?q=typical%20churn%20rate%20hr%20saas%20or%20talent%20management%20software&db=us"",""typical churn rate hr saas or talent management software​"")","n/a","n/a","0","0","","n/a","n/a","n/a","0.00","0.00","n/a","n/a","For metrics, refresh"
"typical client churn rate for marketing agencies","=HYPERLINK(""https://smrs.toolsfrog.com/analytics/keywordoverview/?q=typical%20client%20churn%20rate%20for%20marketing%20agencies&db=us"",""typical client churn rate for marketing agencies​"")","n/a","n/a","0","0","","n/a","n/a","n/a","0.00","0.00","n/a","n/a","For metrics, refresh"
"typical enterprise saas churn rates","=HYPERLINK(""https://smrs.toolsfrog.com/analytics/keywordoverview/?q=typical%20enterprise%20saas%20churn%20rates&db=us"",""typical enterprise saas churn rates​"")","n/a","n/a","0","0","","n/a","n/a","n/a","0.00","0.00","n/a","n/a","For metrics, refresh"
"typical monthly churn rate","=HYPERLINK(""https://smrs.toolsfrog.com/analytics/keywordoverview/?q=typical%20monthly%20churn%20rate&db=us"",""typical monthly churn rate​"")","n/a","n/a","0","0","","n/a","n/a","n/a","0.00","0.00","n/a","n/a","For metrics, refresh"
"typical monthly churn rate b2b enterprise saas","=HYPERLINK(""https://smrs.toolsfrog.com/analytics/keywordoverview/?q=typical%20monthly%20churn%20rate%20b2b%20enterprise%20saas&db=us"",""typical monthly churn rate b2b enterprise saas​"")","n/a","n/a","0","0","","n/a","n/a","n/a","0.00","0.00","n/a","n/a","For metrics, refresh"
"typical monthly churn rate b2b saas","=HYPERLINK(""https://smrs.toolsfrog.com/analytics/keywordoverview/?q=typical%20monthly%20churn%20rate%20b2b%20saas&db=us"",""typical monthly churn rate b2b saas​"")","n/a","n/a","0","0","","n/a","n/a","n/a","0.00","0.00","n/a","n/a","For metrics, refresh"
"typical monthly churn rate enterprise saas","=HYPERLINK(""https://smrs.toolsfrog.com/analytics/keywordoverview/?q=typical%20monthly%20churn%20rate%20enterprise%20saas&db=us"",""typical monthly churn rate enterprise saas​"")","n/a","n/a","0","0","","n/a","n/a","n/a","0.00","0.00","n/a","n/a","For metrics, refresh"
"typical monthly churn rate netflix or streaming services","=HYPERLINK(""https://smrs.toolsfrog.com/analytics/keywordoverview/?q=typical%20monthly%20churn%20rate%20netflix%20or%20streaming%20services&db=us"",""typical monthly churn rate netflix or streaming services​"")","n/a","n/a","0","0","","n/a","n/a","n/a","0.00","0.00","n/a","n/a","For metrics, refresh"
"typical postpaid monthly churn rate telecom","=HYPERLINK(""https://smrs.toolsfrog.com/analytics/keywordoverview/?q=typical%20postpaid%20monthly%20churn%20rate%20telecom&db=us"",""typical postpaid monthly churn rate telecom​"")","n/a","n/a","0","0","","n/a","n/a","n/a","0.00","0.00","n/a","n/a","For metrics, refresh"
"typical saas monthly churn rate","=HYPERLINK(""https://smrs.toolsfrog.com/analytics/keywordoverview/?q=typical%20saas%20monthly%20churn%20rate&db=us"",""typical saas monthly churn rate​"")","n/a","n/a","0","0","","n/a","n/a","n/a","0.00","0.00","n/a","n/a","For metrics, refresh"
"typical software company churn rates","=HYPERLINK(""https://smrs.toolsfrog.com/analytics/keywordoverview/?q=typical%20software%20company%20churn%20rates&db=us"",""typical software company churn rates​"")","n/a","n/a","0","0","","n/a","n/a","n/a","0.00","0.00","n/a","n/a","For metrics, refresh"
"tyson foods customer churn rate and retention 2025","=HYPERLINK(""https://smrs.toolsfrog.com/analytics/keywordoverview/?q=tyson%20foods%20customer%20churn%20rate%20and%20retention%202025&db=us"",""tyson foods customer churn rate and retention 2025​"")","n/a","n/a","0","0","","n/a","n/a","n/a","0.00","0.00","n/a","n/a","For metrics, refresh"
"uber and lyft churn rate","=HYPERLINK(""https://smrs.toolsfrog.com/analytics/keywordoverview/?q=uber%20and%20lyft%20churn%20rate&db=us"",""uber and lyft churn rate​"")","n/a","n/a","0","0","","n/a","n/a","n/a","0.00","0.00","n/a","n/a","For metrics, refresh"
"uber and lyft driver churn rate","=HYPERLINK(""https://smrs.toolsfrog.com/analytics/keywordoverview/?q=uber%20and%20lyft%20driver%20churn%20rate&db=us"",""uber and lyft driver churn rate​"")","n/a","n/a","0","0","","n/a","n/a","n/a","0.00","0.00","n/a","n/a","For metrics, refresh"
"uk broadband churn rate 2024","=HYPERLINK(""https://smrs.toolsfrog.com/analytics/keywordoverview/?q=uk%20broadband%20churn%20rate%202024&db=us"",""uk broadband churn rate 2024​"")","n/a","n/a","0","0","","n/a","n/a","n/a","0.00","0.00","n/a","n/a","For metrics, refresh"
"uk mobile churn rate","=HYPERLINK(""https://smrs.toolsfrog.com/analytics/keywordoverview/?q=uk%20mobile%20churn%20rate&db=us"",""uk mobile churn rate​"")","n/a","n/a","0","0","","n/a","n/a","n/a","0.00","0.00","n/a","n/a","For metrics, refresh"
"unsubscribe churn rate","=HYPERLINK(""https://smrs.toolsfrog.com/analytics/keywordoverview/?q=unsubscribe%20churn%20rate&db=us"",""unsubscribe churn rate​"")","n/a","n/a","0","0","","n/a","n/a","n/a","0.00","0.00","n/a","n/a","For metrics, refresh"
"unsubscribe churn rate defintion","=HYPERLINK(""https://smrs.toolsfrog.com/analytics/keywordoverview/?q=unsubscribe%20churn%20rate%20defintion&db=us"",""unsubscribe churn rate defintion​"")","n/a","n/a","0","0","","n/a","n/a","n/a","0.00","0.00","n/a","n/a","For metrics, refresh"
"us job churn rate annual","=HYPERLINK(""https://smrs.toolsfrog.com/analytics/keywordoverview/?q=us%20job%20churn%20rate%20annual&db=us"",""us job churn rate annual​"")","n/a","n/a","0","0","","n/a","n/a","n/a","0.00","0.00","n/a","n/a","For metrics, refresh"
"us telecom churn rates","=HYPERLINK(""https://smrs.toolsfrog.com/analytics/keywordoverview/?q=us%20telecom%20churn%20rates&db=us"",""us telecom churn rates​"")","n/a","n/a","0","0","","n/a","n/a","n/a","0.00","0.00","n/a","n/a","For metrics, refresh"
"us telecom post paid churn rates","=HYPERLINK(""https://smrs.toolsfrog.com/analytics/keywordoverview/?q=us%20telecom%20post%20paid%20churn%20rates&db=us"",""us telecom post paid churn rates​"")","n/a","n/a","0","0","","n/a","n/a","n/a","0.00","0.00","n/a","n/a","For metrics, refresh"
"us telecom postpaid churn rates","=HYPERLINK(""https://smrs.toolsfrog.com/analytics/keywordoverview/?q=us%20telecom%20postpaid%20churn%20rates&db=us"",""us telecom postpaid churn rates​"")","n/a","n/a","0","0","","n/a","n/a","n/a","0.00","0.00","n/a","n/a","For metrics, refresh"
"us telecom postpaid churn rates 2017","=HYPERLINK(""https://smrs.toolsfrog.com/analytics/keywordoverview/?q=us%20telecom%20postpaid%20churn%20rates%202017&db=us"",""us telecom postpaid churn rates 2017​"")","n/a","n/a","0","0","","n/a","n/a","n/a","0.00","0.00","n/a","n/a","For metrics, refresh"
"us wireless carrier churn rate","=HYPERLINK(""https://smrs.toolsfrog.com/analytics/keywordoverview/?q=us%20wireless%20carrier%20churn%20rate&db=us"",""us wireless carrier churn rate​"")","n/a","n/a","0","0","","n/a","n/a","n/a","0.00","0.00","n/a","n/a","For metrics, refresh"
"usa today co inc customer churn rate and retention 2025","=HYPERLINK(""https://smrs.toolsfrog.com/analytics/keywordoverview/?q=usa%20today%20co%20inc%20customer%20churn%20rate%20and%20retention%202025&db=us"",""usa today co inc customer churn rate and retention 2025​"")","n/a","n/a","0","0","","n/a","n/a","n/a","0.00","0.00","n/a","n/a","For metrics, refresh"
"usability testing reduce churn rates","=HYPERLINK(""https://smrs.toolsfrog.com/analytics/keywordoverview/?q=usability%20testing%20reduce%20churn%20rates&db=us"",""usability testing reduce churn rates​"")","n/a","n/a","0","0","","n/a","n/a","n/a","0.00","0.00","n/a","n/a","For metrics, refresh"
"user churn rate definition","=HYPERLINK(""https://smrs.toolsfrog.com/analytics/keywordoverview/?q=user%20churn%20rate%20definition&db=us"",""user churn rate definition​"")","n/a","n/a","0","0","","n/a","n/a","n/a","0.00","0.00","n/a","n/a","For metrics, refresh"
"using churn rate metrics to improve sportsbook retention","=HYPERLINK(""https://smrs.toolsfrog.com/analytics/keywordoverview/?q=using%20churn%20rate%20metrics%20to%20improve%20sportsbook%20retention&db=us"",""using churn rate metrics to improve sportsbook retention​"")","n/a","n/a","0","0","","n/a","n/a","n/a","0.00","0.00","n/a","n/a","For metrics, refresh"
"usual staff churn rate","=HYPERLINK(""https://smrs.toolsfrog.com/analytics/keywordoverview/?q=usual%20staff%20churn%20rate&db=us"",""usual staff churn rate​"")","n/a","n/a","0","0","","n/a","n/a","n/a","0.00","0.00","n/a","n/a","For metrics, refresh"
"vegan cuts box churn rate","=HYPERLINK(""https://smrs.toolsfrog.com/analytics/keywordoverview/?q=vegan%20cuts%20box%20churn%20rate&db=us"",""vegan cuts box churn rate​"")","n/a","n/a","0","0","","n/a","n/a","n/a","0.00","0.00","n/a","n/a","For metrics, refresh"
"vegan cuts box subscription churn rate","=HYPERLINK(""https://smrs.toolsfrog.com/analytics/keywordoverview/?q=vegan%20cuts%20box%20subscription%20churn%20rate&db=us"",""vegan cuts box subscription churn rate​"")","n/a","n/a","0","0","","n/a","n/a","n/a","0.00","0.00","n/a","n/a","For metrics, refresh"
"vegan cuts churn rate","=HYPERLINK(""https://smrs.toolsfrog.com/analytics/keywordoverview/?q=vegan%20cuts%20churn%20rate&db=us"",""vegan cuts churn rate​"")","n/a","n/a","0","0","","n/a","n/a","n/a","0.00","0.00","n/a","n/a","For metrics, refresh"
"verbs for churn rate","=HYPERLINK(""https://smrs.toolsfrog.com/analytics/keywordoverview/?q=verbs%20for%20churn%20rate&db=us"",""verbs for churn rate​"")","n/a","n/a","0","0","","n/a","n/a","n/a","0.00","0.00","n/a","n/a","For metrics, refresh"
"verizon 2023 postpaid churn rate","=HYPERLINK(""https://smrs.toolsfrog.com/analytics/keywordoverview/?q=verizon%202023%20postpaid%20churn%20rate&db=us"",""verizon 2023 postpaid churn rate​"")","n/a","n/a","0","0","","n/a","n/a","n/a","0.00","0.00","n/a","n/a","For metrics, refresh"
"verizon 2023 postpaid phone churn rate","=HYPERLINK(""https://smrs.toolsfrog.com/analytics/keywordoverview/?q=verizon%202023%20postpaid%20phone%20churn%20rate&db=us"",""verizon 2023 postpaid phone churn rate​"")","n/a","n/a","0","0","","n/a","n/a","n/a","0.00","0.00","n/a","n/a","For metrics, refresh"
"verizon 2023 postpaid phone churn rate 2023","=HYPERLINK(""https://smrs.toolsfrog.com/analytics/keywordoverview/?q=verizon%202023%20postpaid%20phone%20churn%20rate%202023&db=us"",""verizon 2023 postpaid phone churn rate 2023​"")","n/a","n/a","0","0","","n/a","n/a","n/a","0.00","0.00","n/a","n/a","For metrics, refresh"
"verizon 2023 postpaid phone churn rate 2023 annual report","=HYPERLINK(""https://smrs.toolsfrog.com/analytics/keywordoverview/?q=verizon%202023%20postpaid%20phone%20churn%20rate%202023%20annual%20report&db=us"",""verizon 2023 postpaid phone churn rate 2023 annual report​"")","n/a","n/a","0","0","","n/a","n/a","n/a","0.00","0.00","n/a","n/a","For metrics, refresh"
"verizon 2023 postpaid phone churn rate annual","=HYPERLINK(""https://smrs.toolsfrog.com/analytics/keywordoverview/?q=verizon%202023%20postpaid%20phone%20churn%20rate%20annual&db=us"",""verizon 2023 postpaid phone churn rate annual​"")","n/a","n/a","0","0","","n/a","n/a","n/a","0.00","0.00","n/a","n/a","For metrics, refresh"
"verizon 2023 postpaid phone churn rate full year","=HYPERLINK(""https://smrs.toolsfrog.com/analytics/keywordoverview/?q=verizon%202023%20postpaid%20phone%20churn%20rate%20full%20year&db=us"",""verizon 2023 postpaid phone churn rate full year​"")","n/a","n/a","0","0","","n/a","n/a","n/a","0.00","0.00","n/a","n/a","For metrics, refresh"
"verizon 2023 postpaid phone churn rate full year 2023","=HYPERLINK(""https://smrs.toolsfrog.com/analytics/keywordoverview/?q=verizon%202023%20postpaid%20phone%20churn%20rate%20full%20year%202023&db=us"",""verizon 2023 postpaid phone churn rate full year 2023​"")","n/a","n/a","0","0","","n/a","n/a","n/a","0.00","0.00","n/a","n/a","For metrics, refresh"
"verizon annual churn rate","=HYPERLINK(""https://smrs.toolsfrog.com/analytics/keywordoverview/?q=verizon%20annual%20churn%20rate&db=us"",""verizon annual churn rate​"")","n/a","n/a","0","0","","n/a","n/a","n/a","0.00","0.00","n/a","n/a","For metrics, refresh"
"verizon at&t sprint t mobile churn rate","=HYPERLINK(""https://smrs.toolsfrog.com/analytics/keywordoverview/?q=verizon%20at%26t%20sprint%20t%20mobile%20churn%20rate&db=us"",""verizon at&t sprint t mobile churn rate​"")","n/a","n/a","0","0","","n/a","n/a","n/a","0.00","0.00","n/a","n/a","For metrics, refresh"
"verizon churn rate 2013","=HYPERLINK(""https://smrs.toolsfrog.com/analytics/keywordoverview/?q=verizon%20churn%20rate%202013&db=us"",""verizon churn rate 2013​"")","n/a","n/a","0","0","","n/a","n/a","n/a","0.00","0.00","n/a","n/a","For metrics, refresh"
"verizon churn rate 2014","=HYPERLINK(""https://smrs.toolsfrog.com/analytics/keywordoverview/?q=verizon%20churn%20rate%202014&db=us"",""verizon churn rate 2014​"")","n/a","n/a","0","0","","n/a","n/a","n/a","0.00","0.00","n/a","n/a","For metrics, refresh"
"verizon churn rate 2015","=HYPERLINK(""https://smrs.toolsfrog.com/analytics/keywordoverview/?q=verizon%20churn%20rate%202015&db=us"",""verizon churn rate 2015​"")","n/a","n/a","0","0","","n/a","n/a","n/a","0.00","0.00","n/a","n/a","For metrics, refresh"
"verizon churn rate 2016","=HYPERLINK(""https://smrs.toolsfrog.com/analytics/keywordoverview/?q=verizon%20churn%20rate%202016&db=us"",""verizon churn rate 2016​"")","n/a","n/a","0","0","","n/a","n/a","n/a","0.00","0.00","n/a","n/a","For metrics, refresh"
"verizon churn rate 2017","=HYPERLINK(""https://smrs.toolsfrog.com/analytics/keywordoverview/?q=verizon%20churn%20rate%202017&db=us"",""verizon churn rate 2017​"")","n/a","n/a","0","0","","n/a","n/a","n/a","0.00","0.00","n/a","n/a","For metrics, refresh"
"verizon churn rate 2018","=HYPERLINK(""https://smrs.toolsfrog.com/analytics/keywordoverview/?q=verizon%20churn%20rate%202018&db=us"",""verizon churn rate 2018​"")","n/a","n/a","0","0","","n/a","n/a","n/a","0.00","0.00","n/a","n/a","For metrics, refresh"
"verizon churn rate 2019","=HYPERLINK(""https://smrs.toolsfrog.com/analytics/keywordoverview/?q=verizon%20churn%20rate%202019&db=us"",""verizon churn rate 2019​"")","n/a","n/a","0","0","","n/a","n/a","n/a","0.00","0.00","n/a","n/a","For metrics, refresh"
"verizon churn rate 2020","=HYPERLINK(""https://smrs.toolsfrog.com/analytics/keywordoverview/?q=verizon%20churn%20rate%202020&db=us"",""verizon churn rate 2020​"")","n/a","n/a","0","0","","n/a","n/a","n/a","0.00","0.00","n/a","n/a","For metrics, refresh"
"verizon churn rate 2021","=HYPERLINK(""https://smrs.toolsfrog.com/analytics/keywordoverview/?q=verizon%20churn%20rate%202021&db=us"",""verizon churn rate 2021​"")","n/a","n/a","0","0","","n/a","n/a","n/a","0.00","0.00","n/a","n/a","For metrics, refresh"
"verizon churn rate 2022","=HYPERLINK(""https://smrs.toolsfrog.com/analytics/keywordoverview/?q=verizon%20churn%20rate%202022&db=us"",""verizon churn rate 2022​"")","n/a","n/a","0","0","","n/a","n/a","n/a","0.00","0.00","n/a","n/a","For metrics, refresh"
"verizon churn rate 2023","=HYPERLINK(""https://smrs.toolsfrog.com/analytics/keywordoverview/?q=verizon%20churn%20rate%202023&db=us"",""verizon churn rate 2023​"")","n/a","n/a","0","0","","n/a","n/a","n/a","0.00","0.00","n/a","n/a","For metrics, refresh"
"verizon churn rate 2025","=HYPERLINK(""https://smrs.toolsfrog.com/analytics/keywordoverview/?q=verizon%20churn%20rate%202025&db=us"",""verizon churn rate 2025​"")","n/a","n/a","0","0","","n/a","n/a","n/a","0.00","0.00","n/a","n/a","For metrics, refresh"
"verizon churn rates","=HYPERLINK(""https://smrs.toolsfrog.com/analytics/keywordoverview/?q=verizon%20churn%20rates&db=us"",""verizon churn rates​"")","n/a","n/a","0","0","","n/a","n/a","n/a","0.00","0.00","n/a","n/a","For metrics, refresh"
"verizon fios churn rate","=HYPERLINK(""https://smrs.toolsfrog.com/analytics/keywordoverview/?q=verizon%20fios%20churn%20rate&db=us"",""verizon fios churn rate​"")","n/a","n/a","0","0","","n/a","n/a","n/a","0.00","0.00","n/a","n/a","For metrics, refresh"
"verizon full year 2023 postpaid phone churn rate","=HYPERLINK(""https://smrs.toolsfrog.com/analytics/keywordoverview/?q=verizon%20full%20year%202023%20postpaid%20phone%20churn%20rate&db=us"",""verizon full year 2023 postpaid phone churn rate​"")","n/a","n/a","0","0","","n/a","n/a","n/a","0.00","0.00","n/a","n/a","For metrics, refresh"
"verizon low churn rate","=HYPERLINK(""https://smrs.toolsfrog.com/analytics/keywordoverview/?q=verizon%20low%20churn%20rate&db=us"",""verizon low churn rate​"")","n/a","n/a","0","0","","n/a","n/a","n/a","0.00","0.00","n/a","n/a","For metrics, refresh"
"verizon low churn rate than at&t","=HYPERLINK(""https://smrs.toolsfrog.com/analytics/keywordoverview/?q=verizon%20low%20churn%20rate%20than%20at%26t&db=us"",""verizon low churn rate than at&t​"")","n/a","n/a","0","0","","n/a","n/a","n/a","0.00","0.00","n/a","n/a","For metrics, refresh"
"verizon postpaid phone churn rate 2023","=HYPERLINK(""https://smrs.toolsfrog.com/analytics/keywordoverview/?q=verizon%20postpaid%20phone%20churn%20rate%202023&db=us"",""verizon postpaid phone churn rate 2023​"")","n/a","n/a","0","0","","n/a","n/a","n/a","0.00","0.00","n/a","n/a","For metrics, refresh"
"verizon wireless churn rate 2017","=HYPERLINK(""https://smrs.toolsfrog.com/analytics/keywordoverview/?q=verizon%20wireless%20churn%20rate%202017&db=us"",""verizon wireless churn rate 2017​"")","n/a","n/a","0","0","","n/a","n/a","n/a","0.00","0.00","n/a","n/a","For metrics, refresh"
"victoriametrics high churn rate","=HYPERLINK(""https://smrs.toolsfrog.com/analytics/keywordoverview/?q=victoriametrics%20high%20churn%20rate&db=us"",""victoriametrics high churn rate​"")","n/a","n/a","0","0","","n/a","n/a","n/a","0.00","0.00","n/a","n/a","For metrics, refresh"
"victoriametrics vs prometheus high churn rate performance benchmark","=HYPERLINK(""https://smrs.toolsfrog.com/analytics/keywordoverview/?q=victoriametrics%20vs%20prometheus%20high%20churn%20rate%20performance%20benchmark&db=us"",""victoriametrics vs prometheus high churn rate performance benchmark​"")","n/a","n/a","0","0","","n/a","n/a","n/a","0.00","0.00","n/a","n/a","For metrics, refresh"
"video conferencing churn rate","=HYPERLINK(""https://smrs.toolsfrog.com/analytics/keywordoverview/?q=video%20conferencing%20churn%20rate&db=us"",""video conferencing churn rate​"")","n/a","n/a","0","0","","n/a","n/a","n/a","0.00","0.00","n/a","n/a","For metrics, refresh"
"video game churn rate","=HYPERLINK(""https://smrs.toolsfrog.com/analytics/keywordoverview/?q=video%20game%20churn%20rate&db=us"",""video game churn rate​"")","n/a","n/a","0","0","","n/a","n/a","n/a","0.00","0.00","n/a","n/a","For metrics, refresh"
"video pixel churn rate","=HYPERLINK(""https://smrs.toolsfrog.com/analytics/keywordoverview/?q=video%20pixel%20churn%20rate&db=us"",""video pixel churn rate​"")","n/a","n/a","0","0","","n/a","n/a","n/a","0.00","0.00","n/a","n/a","For metrics, refresh"
"virgin media churn rate","=HYPERLINK(""https://smrs.toolsfrog.com/analytics/keywordoverview/?q=virgin%20media%20churn%20rate&db=us"",""virgin media churn rate​"")","n/a","n/a","0","0","","n/a","n/a","n/a","0.00","0.00","n/a","n/a","For metrics, refresh"
"virgin mobile churn rate","=HYPERLINK(""https://smrs.toolsfrog.com/analytics/keywordoverview/?q=virgin%20mobile%20churn%20rate&db=us"",""virgin mobile churn rate​"")","n/a","n/a","0","0","","n/a","n/a","n/a","0.00","0.00","n/a","n/a","For metrics, refresh"
"vodafone churn rate","=HYPERLINK(""https://smrs.toolsfrog.com/analytics/keywordoverview/?q=vodafone%20churn%20rate&db=us"",""vodafone churn rate​"")","n/a","n/a","0","0","","n/a","n/a","n/a","0.00","0.00","n/a","n/a","For metrics, refresh"
"vodafone churn rate 2017","=HYPERLINK(""https://smrs.toolsfrog.com/analytics/keywordoverview/?q=vodafone%20churn%20rate%202017&db=us"",""vodafone churn rate 2017​"")","n/a","n/a","0","0","","n/a","n/a","n/a","0.00","0.00","n/a","n/a","For metrics, refresh"
"vodafone churn rate 2018","=HYPERLINK(""https://smrs.toolsfrog.com/analytics/keywordoverview/?q=vodafone%20churn%20rate%202018&db=us"",""vodafone churn rate 2018​"")","n/a","n/a","0","0","","n/a","n/a","n/a","0.00","0.00","n/a","n/a","For metrics, refresh"
"vodafone germany churn rate","=HYPERLINK(""https://smrs.toolsfrog.com/analytics/keywordoverview/?q=vodafone%20germany%20churn%20rate&db=us"",""vodafone germany churn rate​"")","n/a","n/a","0","0","","n/a","n/a","n/a","0.00","0.00","n/a","n/a","For metrics, refresh"
"vodafone uk churn rate","=HYPERLINK(""https://smrs.toolsfrog.com/analytics/keywordoverview/?q=vodafone%20uk%20churn%20rate&db=us"",""vodafone uk churn rate​"")","n/a","n/a","0","0","","n/a","n/a","n/a","0.00","0.00","n/a","n/a","For metrics, refresh"
"walmart customer churn rate compared to industry 2025","=HYPERLINK(""https://smrs.toolsfrog.com/analytics/keywordoverview/?q=walmart%20customer%20churn%20rate%20compared%20to%20industry%202025&db=us"",""walmart customer churn rate compared to industry 2025​"")","n/a","n/a","0","0","","n/a","n/a","n/a","0.00","0.00","n/a","n/a","For metrics, refresh"
"warby parker customer churn rate and retention 2025","=HYPERLINK(""https://smrs.toolsfrog.com/analytics/keywordoverview/?q=warby%20parker%20customer%20churn%20rate%20and%20retention%202025&db=us"",""warby parker customer churn rate and retention 2025​"")","n/a","n/a","0","0","","n/a","n/a","n/a","0.00","0.00","n/a","n/a","For metrics, refresh"
"wat is churn rate","=HYPERLINK(""https://smrs.toolsfrog.com/analytics/keywordoverview/?q=wat%20is%20churn%20rate&db=us"",""wat is churn rate​"")","n/a","n/a","0","0","","n/a","n/a","n/a","0.00","0.00","n/a","n/a","For metrics, refresh"
"ways to reduce churn rate","=HYPERLINK(""https://smrs.toolsfrog.com/analytics/keywordoverview/?q=ways%20to%20reduce%20churn%20rate&db=us"",""ways to reduce churn rate​"")","n/a","n/a","0","0","","n/a","n/a","n/a","0.00","0.00","n/a","n/a","For metrics, refresh"
"wearable churn rate","=HYPERLINK(""https://smrs.toolsfrog.com/analytics/keywordoverview/?q=wearable%20churn%20rate&db=us"",""wearable churn rate​"")","n/a","n/a","0","0","","n/a","n/a","n/a","0.00","0.00","n/a","n/a","For metrics, refresh"
"website churn rate","=HYPERLINK(""https://smrs.toolsfrog.com/analytics/keywordoverview/?q=website%20churn%20rate&db=us"",""website churn rate​"")","n/a","n/a","0","0","","n/a","n/a","n/a","0.00","0.00","n/a","n/a","For metrics, refresh"
"websurance churn rate","=HYPERLINK(""https://smrs.toolsfrog.com/analytics/keywordoverview/?q=websurance%20churn%20rate&db=us"",""websurance churn rate​"")","n/a","n/a","0","0","","n/a","n/a","n/a","0.00","0.00","n/a","n/a","For metrics, refresh"
"weekly churn rate","=HYPERLINK(""https://smrs.toolsfrog.com/analytics/keywordoverview/?q=weekly%20churn%20rate&db=us"",""weekly churn rate​"")","n/a","n/a","0","0","","n/a","n/a","n/a","0.00","0.00","n/a","n/a","For metrics, refresh"
"weight watchers churn rate","=HYPERLINK(""https://smrs.toolsfrog.com/analytics/keywordoverview/?q=weight%20watchers%20churn%20rate&db=us"",""weight watchers churn rate​"")","n/a","n/a","0","0","","n/a","n/a","n/a","0.00","0.00","n/a","n/a","For metrics, refresh"
"wework churn rate","=HYPERLINK(""https://smrs.toolsfrog.com/analytics/keywordoverview/?q=wework%20churn%20rate&db=us"",""wework churn rate​"")","n/a","n/a","0","0","","n/a","n/a","n/a","0.00","0.00","n/a","n/a","For metrics, refresh"
"what affects churn rate","=HYPERLINK(""https://smrs.toolsfrog.com/analytics/keywordoverview/?q=what%20affects%20churn%20rate&db=us"",""what affects churn rate​"")","n/a","n/a","0","0","","n/a","n/a","n/a","0.00","0.00","n/a","n/a","For metrics, refresh"
"what are good churn rates in sass","=HYPERLINK(""https://smrs.toolsfrog.com/analytics/keywordoverview/?q=what%20are%20good%20churn%20rates%20in%20sass&db=us"",""what are good churn rates in sass​"")","n/a","n/a","0","0","","n/a","n/a","n/a","0.00","0.00","n/a","n/a","For metrics, refresh"
"what churn rate how calculate","=HYPERLINK(""https://smrs.toolsfrog.com/analytics/keywordoverview/?q=what%20churn%20rate%20how%20calculate&db=us"",""what churn rate how calculate​"")","n/a","n/a","0","0","","n/a","n/a","n/a","0.00","0.00","n/a","n/a","For metrics, refresh"
"what churn rate mean","=HYPERLINK(""https://smrs.toolsfrog.com/analytics/keywordoverview/?q=what%20churn%20rate%20mean&db=us"",""what churn rate mean​"")","n/a","n/a","0","0","","n/a","n/a","n/a","0.00","0.00","n/a","n/a","For metrics, refresh"
"what churn rate means","=HYPERLINK(""https://smrs.toolsfrog.com/analytics/keywordoverview/?q=what%20churn%20rate%20means&db=us"",""what churn rate means​"")","n/a","n/a","0","0","","n/a","n/a","n/a","0.00","0.00","n/a","n/a","For metrics, refresh"
"what do i put for churn rate","=HYPERLINK(""https://smrs.toolsfrog.com/analytics/keywordoverview/?q=what%20do%20i%20put%20for%20churn%20rate&db=us"",""what do i put for churn rate​"")","n/a","n/a","0","0","","n/a","n/a","n/a","0.00","0.00","n/a","n/a","For metrics, refresh"
"what do you want your goal churn rate to be","=HYPERLINK(""https://smrs.toolsfrog.com/analytics/keywordoverview/?q=what%20do%20you%20want%20your%20goal%20churn%20rate%20to%20be&db=us"",""what do you want your goal churn rate to be​"")","n/a","n/a","0","0","","n/a","n/a","n/a","0.00","0.00","n/a","n/a","For metrics, refresh"
"what does a negative churn rate mean","=HYPERLINK(""https://smrs.toolsfrog.com/analytics/keywordoverview/?q=what%20does%20a%20negative%20churn%20rate%20mean&db=us"",""what does a negative churn rate mean​"")","n/a","n/a","0","0","","n/a","n/a","n/a","0.00","0.00","n/a","n/a","For metrics, refresh"
"what does customer churn rate mean","=HYPERLINK(""https://smrs.toolsfrog.com/analytics/keywordoverview/?q=what%20does%20customer%20churn%20rate%20mean&db=us"",""what does customer churn rate mean​"")","n/a","n/a","0","0","","n/a","n/a","n/a","0.00","0.00","n/a","n/a","For metrics, refresh"
"what if my customer churn rate is negative","=HYPERLINK(""https://smrs.toolsfrog.com/analytics/keywordoverview/?q=what%20if%20my%20customer%20churn%20rate%20is%20negative&db=us"",""what if my customer churn rate is negative​"")","n/a","n/a","0","0","","n/a","n/a","n/a","0.00","0.00","n/a","n/a","For metrics, refresh"
"what is a cell phone churn rate","=HYPERLINK(""https://smrs.toolsfrog.com/analytics/keywordoverview/?q=what%20is%20a%20cell%20phone%20churn%20rate&db=us"",""what is a cell phone churn rate​"")","n/a","n/a","0","0","","n/a","n/a","n/a","0.00","0.00","n/a","n/a","For metrics, refresh"
"what is a churn rate business","=HYPERLINK(""https://smrs.toolsfrog.com/analytics/keywordoverview/?q=what%20is%20a%20churn%20rate%20business&db=us"",""what is a churn rate business​"")","n/a","n/a","0","0","","n/a","n/a","n/a","0.00","0.00","n/a","n/a","For metrics, refresh"
"what is a churn rate in sales","=HYPERLINK(""https://smrs.toolsfrog.com/analytics/keywordoverview/?q=what%20is%20a%20churn%20rate%20in%20sales&db=us"",""what is a churn rate in sales​"")","n/a","n/a","0","0","","n/a","n/a","n/a","0.00","0.00","n/a","n/a","For metrics, refresh"
"what is a churn rate tech","=HYPERLINK(""https://smrs.toolsfrog.com/analytics/keywordoverview/?q=what%20is%20a%20churn%20rate%20tech&db=us"",""what is a churn rate tech​"")","n/a","n/a","0","0","","n/a","n/a","n/a","0.00","0.00","n/a","n/a","For metrics, refresh"
"what is a fiscal year churn rate","=HYPERLINK(""https://smrs.toolsfrog.com/analytics/keywordoverview/?q=what%20is%20a%20fiscal%20year%20churn%20rate&db=us"",""what is a fiscal year churn rate​"")","n/a","n/a","0","0","","n/a","n/a","n/a","0.00","0.00","n/a","n/a","For metrics, refresh"
"what is a good annual churn rate for saas","=HYPERLINK(""https://smrs.toolsfrog.com/analytics/keywordoverview/?q=what%20is%20a%20good%20annual%20churn%20rate%20for%20saas&db=us"",""what is a good annual churn rate for saas​"")","n/a","n/a","0","0","","n/a","n/a","n/a","0.00","0.00","n/a","n/a","For metrics, refresh"
"what is a good annual churn rate saas","=HYPERLINK(""https://smrs.toolsfrog.com/analytics/keywordoverview/?q=what%20is%20a%20good%20annual%20churn%20rate%20saas&db=us"",""what is a good annual churn rate saas​"")","n/a","n/a","0","0","","n/a","n/a","n/a","0.00","0.00","n/a","n/a","For metrics, refresh"
"what is a good churn rate benchmark","=HYPERLINK(""https://smrs.toolsfrog.com/analytics/keywordoverview/?q=what%20is%20a%20good%20churn%20rate%20benchmark&db=us"",""what is a good churn rate benchmark​"")","n/a","n/a","0","0","","n/a","n/a","n/a","0.00","0.00","n/a","n/a","For metrics, refresh"
"what is a good churn rate consumer","=HYPERLINK(""https://smrs.toolsfrog.com/analytics/keywordoverview/?q=what%20is%20a%20good%20churn%20rate%20consumer&db=us"",""what is a good churn rate consumer​"")","n/a","n/a","0","0","","n/a","n/a","n/a","0.00","0.00","n/a","n/a","For metrics, refresh"
"what is a good churn rate definition business","=HYPERLINK(""https://smrs.toolsfrog.com/analytics/keywordoverview/?q=what%20is%20a%20good%20churn%20rate%20definition%20business&db=us"",""what is a good churn rate definition business​"")","n/a","n/a","0","0","","n/a","n/a","n/a","0.00","0.00","n/a","n/a","For metrics, refresh"
"what is a good churn rate for a software company","=HYPERLINK(""https://smrs.toolsfrog.com/analytics/keywordoverview/?q=what%20is%20a%20good%20churn%20rate%20for%20a%20software%20company&db=us"",""what is a good churn rate for a software company​"")","n/a","n/a","0","0","","n/a","n/a","n/a","0.00","0.00","n/a","n/a","For metrics, refresh"
"what is a good churn rate in saas","=HYPERLINK(""https://smrs.toolsfrog.com/analytics/keywordoverview/?q=what%20is%20a%20good%20churn%20rate%20in%20saas&db=us"",""what is a good churn rate in saas​"")","n/a","n/a","0","0","","n/a","n/a","n/a","0.00","0.00","n/a","n/a","For metrics, refresh"
"what is a good churn rate in software","=HYPERLINK(""https://smrs.toolsfrog.com/analytics/keywordoverview/?q=what%20is%20a%20good%20churn%20rate%20in%20software&db=us"",""what is a good churn rate in software​"")","n/a","n/a","0","0","","n/a","n/a","n/a","0.00","0.00","n/a","n/a","For metrics, refresh"
"what is a good churn rate percentage","=HYPERLINK(""https://smrs.toolsfrog.com/analytics/keywordoverview/?q=what%20is%20a%20good%20churn%20rate%20percentage&db=us"",""what is a good churn rate percentage​"")","n/a","n/a","0","0","","n/a","n/a","n/a","0.00","0.00","n/a","n/a","For metrics, refresh"