"Select all keywords","Keyword","Intent","Relevance","Related %","Volume","Trend","Pot. Traffic","PKD %","KD %","CPC (USD)","Com.","SF","Results","Updated"
"customer retention","=HYPERLINK(""https://smrs.toolsfrog.com/analytics/keywordoverview/?q=customer%20retention&db=us"",""customer retention​"")","I","n/a","0","6.6K","","n/a","n/a","49","5.87","0.05","=HYPERLINK(""https://smrs.toolsfrog.com/analytics/serp/?phrase=customer%20retention&db=us&serpId=b-f-97-0601-13842006467532097730"",""6"")","138","3 weeks"
"customer retention strategies","=HYPERLINK(""https://smrs.toolsfrog.com/analytics/keywordoverview/?q=customer%20retention%20strategies&db=us"",""customer retention strategies​"")","I","n/a","0","4.4K","","n/a","n/a","46","5.31","0.04","=HYPERLINK(""https://smrs.toolsfrog.com/analytics/serp/?phrase=customer%20retention%20strategies&db=us&serpId=b-g-97-0530-2129375470587982780"",""7"")","138","3 weeks"
"customer retention and","=HYPERLINK(""https://smrs.toolsfrog.com/analytics/keywordoverview/?q=customer%20retention%20and&db=us"",""customer retention and​"")","I","n/a","0","2.4K","","n/a","n/a","45","5.87","0.05","=HYPERLINK(""https://smrs.toolsfrog.com/analytics/serp/?phrase=customer%20retention%20and&db=us&serpId=b-f-97-0602-2370015534602153904"",""5"")","138","3 weeks"
"how to improve customer retention","=HYPERLINK(""https://smrs.toolsfrog.com/analytics/keywordoverview/?q=how%20to%20improve%20customer%20retention&db=us"",""how to improve customer retention​"")","I","n/a","0","1.9K","","n/a","n/a","49","3.39","0.03","=HYPERLINK(""https://smrs.toolsfrog.com/analytics/serp/?phrase=how%20to%20improve%20customer%20retention&db=us&serpId=b-e-97-0604-1474906357951727314"",""6"")","38.7K","3 weeks"
"customer retention rate","=HYPERLINK(""https://smrs.toolsfrog.com/analytics/keywordoverview/?q=customer%20retention%20rate&db=us"",""customer retention rate​"")","I","n/a","0","1.6K","","n/a","n/a","53","3.75","0.07","=HYPERLINK(""https://smrs.toolsfrog.com/analytics/serp/?phrase=customer%20retention%20rate&db=us&serpId=b-h-97-0415-17199161694450269886"",""6"")","123M","1 month"
"what is customer retention","=HYPERLINK(""https://smrs.toolsfrog.com/analytics/keywordoverview/?q=what%20is%20customer%20retention&db=us"",""what is customer retention​"")","I","n/a","0","1.6K","","n/a","n/a","44","1.28","0.01","=HYPERLINK(""https://smrs.toolsfrog.com/analytics/serp/?phrase=what%20is%20customer%20retention&db=us&serpId=b-h-97-0605-4937886371455838800"",""5"")","134","3 weeks"
"customer retention software","=HYPERLINK(""https://smrs.toolsfrog.com/analytics/keywordoverview/?q=customer%20retention%20software&db=us"",""customer retention software​"")","I - C","n/a","0","1.3K","","n/a","n/a","13","30.55","0.02","=HYPERLINK(""https://smrs.toolsfrog.com/analytics/serp/?phrase=customer%20retention%20software&db=us&serpId=b-g-97-0602-16287259303425790754"",""6"")","136","3 weeks"
"customer retention definition","=HYPERLINK(""https://smrs.toolsfrog.com/analytics/keywordoverview/?q=customer%20retention%20definition&db=us"",""customer retention definition​"")","I","n/a","0","1.0K","","n/a","n/a","49","1.29","0.02","=HYPERLINK(""https://smrs.toolsfrog.com/analytics/serp/?phrase=customer%20retention%20definition&db=us&serpId=b-g-97-0531-3821674472608133051"",""5"")","136","3 weeks"
"customer retention management","=HYPERLINK(""https://smrs.toolsfrog.com/analytics/keywordoverview/?q=customer%20retention%20management&db=us"",""customer retention management​"")","I","n/a","0","880","","n/a","n/a","31","13.73","0.47","=HYPERLINK(""https://smrs.toolsfrog.com/analytics/serp/?phrase=customer%20retention%20management&db=us&serpId=b-g-97-0519-2223916876067250851"",""7"")","139","1 month"
"customer retention meaning","=HYPERLINK(""https://smrs.toolsfrog.com/analytics/keywordoverview/?q=customer%20retention%20meaning&db=us"",""customer retention meaning​"")","I","n/a","0","880","","n/a","n/a","52","1.29","0.02","=HYPERLINK(""https://smrs.toolsfrog.com/analytics/serp/?phrase=customer%20retention%20meaning&db=us&serpId=b-h-97-0531-9234680723803866933"",""6"")","133","3 weeks"
"customer retention strategy","=HYPERLINK(""https://smrs.toolsfrog.com/analytics/keywordoverview/?q=customer%20retention%20strategy&db=us"",""customer retention strategy​"")","I","n/a","0","880","","n/a","n/a","50","5.54","0.08","=HYPERLINK(""https://smrs.toolsfrog.com/analytics/serp/?phrase=customer%20retention%20strategy&db=us&serpId=b-g-97-0506-10584765077153325176"",""7"")","91.9M","1 month"
"customer retention examples","=HYPERLINK(""https://smrs.toolsfrog.com/analytics/keywordoverview/?q=customer%20retention%20examples&db=us"",""customer retention examples​"")","I","n/a","0","720","","n/a","n/a","24","3.55","0.11","=HYPERLINK(""https://smrs.toolsfrog.com/analytics/serp/?phrase=customer%20retention%20examples&db=us&serpId=b-f-97-0531-8472945739936743780"",""5"")","135","3 weeks"
"customer retention metrics","=HYPERLINK(""https://smrs.toolsfrog.com/analytics/keywordoverview/?q=customer%20retention%20metrics&db=us"",""customer retention metrics​"")","I","n/a","0","720","","n/a","n/a","32","6.59","0.26","=HYPERLINK(""https://smrs.toolsfrog.com/analytics/serp/?phrase=customer%20retention%20metrics&db=us&serpId=b-g-97-0505-3236607943908980086"",""7"")","119M","1 month"
"customer retention rate formula","=HYPERLINK(""https://smrs.toolsfrog.com/analytics/keywordoverview/?q=customer%20retention%20rate%20formula&db=us"",""customer retention rate formula​"")","I","n/a","0","720","","n/a","n/a","39","1.63","0.05","=HYPERLINK(""https://smrs.toolsfrog.com/analytics/serp/?phrase=customer%20retention%20rate%20formula&db=us&serpId=b-g-97-0528-10401231321438080489"",""6"")","129","4 weeks"
"how to increase customer retention in marketplaces","=HYPERLINK(""https://smrs.toolsfrog.com/analytics/keywordoverview/?q=how%20to%20increase%20customer%20retention%20in%20marketplaces&db=us"",""how to increase customer retention in marketplaces​"")","I","n/a","0","720","","n/a","n/a","4","0.00","0.00","=HYPERLINK(""https://smrs.toolsfrog.com/analytics/serp/?phrase=how%20to%20increase%20customer%20retention%20in%20marketplaces&db=us&serpId=b-g-97-0524-10426661076575945303"",""4"")","190","1 month"
"customer loyalty and retention","=HYPERLINK(""https://smrs.toolsfrog.com/analytics/keywordoverview/?q=customer%20loyalty%20and%20retention&db=us"",""customer loyalty and retention​"")","I","n/a","0","590","","n/a","n/a","29","5.72","0.05","=HYPERLINK(""https://smrs.toolsfrog.com/analytics/serp/?phrase=customer%20loyalty%20and%20retention&db=us&serpId=b-g-97-0508-5866402486814213353"",""5"")","63.2M","1 month"
"customer retention management system","=HYPERLINK(""https://smrs.toolsfrog.com/analytics/keywordoverview/?q=customer%20retention%20management%20system&db=us"",""customer retention management system​"")","I - C","n/a","0","590","","n/a","n/a","16","10.48","0.53","=HYPERLINK(""https://smrs.toolsfrog.com/analytics/serp/?phrase=customer%20retention%20management%20system&db=us&serpId=b-d-97-0424-16584317916002837281"",""6"")","282M","1 month"
"customer retention management software","=HYPERLINK(""https://smrs.toolsfrog.com/analytics/keywordoverview/?q=customer%20retention%20management%20software&db=us"",""customer retention management software​"")","I - C","n/a","0","480","","n/a","n/a","17","12.93","0.19","=HYPERLINK(""https://smrs.toolsfrog.com/analytics/serp/?phrase=customer%20retention%20management%20software&db=us&serpId=b-g-97-0427-1167516072287487799"",""6"")","152M","1 month"
"how to calculate customer retention rate","=HYPERLINK(""https://smrs.toolsfrog.com/analytics/keywordoverview/?q=how%20to%20calculate%20customer%20retention%20rate&db=us"",""how to calculate customer retention rate​"")","I","n/a","0","480","","n/a","n/a","36","2.29","0.22","=HYPERLINK(""https://smrs.toolsfrog.com/analytics/serp/?phrase=how%20to%20calculate%20customer%20retention%20rate&db=us&serpId=b-e-97-0508-3122848768709985929"",""8"")","135M","1 month"
"improve customer retention","=HYPERLINK(""https://smrs.toolsfrog.com/analytics/keywordoverview/?q=improve%20customer%20retention&db=us"",""improve customer retention​"")","I","n/a","0","480","","n/a","n/a","45","4.77","0.11","=HYPERLINK(""https://smrs.toolsfrog.com/analytics/serp/?phrase=improve%20customer%20retention&db=us&serpId=b-g-97-0423-5364062572505933849"",""6"")","151M","1 month"
"spectrum customer retention phone number","=HYPERLINK(""https://smrs.toolsfrog.com/analytics/keywordoverview/?q=spectrum%20customer%20retention%20phone%20number&db=us"",""spectrum customer retention phone number​"")","I","n/a","0","480","","n/a","n/a","30","3.00","0.06","=HYPERLINK(""https://smrs.toolsfrog.com/analytics/serp/?phrase=spectrum%20customer%20retention%20phone%20number&db=us&serpId=b-g-97-0522-1432883313167728577"",""4"")","99","1 month"
"customer retention marketing","=HYPERLINK(""https://smrs.toolsfrog.com/analytics/keywordoverview/?q=customer%20retention%20marketing&db=us"",""customer retention marketing​"")","I","n/a","0","390","","n/a","n/a","37","13.01","0.05","=HYPERLINK(""https://smrs.toolsfrog.com/analytics/serp/?phrase=customer%20retention%20marketing&db=us&serpId=b-d-97-0430-17176797146843867495"",""6"")","139M","1 month"
"customer retention services","=HYPERLINK(""https://smrs.toolsfrog.com/analytics/keywordoverview/?q=customer%20retention%20services&db=us"",""customer retention services​"")","I","n/a","0","390","","n/a","n/a","31","13.26","0.05","=HYPERLINK(""https://smrs.toolsfrog.com/analytics/serp/?phrase=customer%20retention%20services&db=us&serpId=b-f-97-0601-4880918649712829759"",""6"")","136","3 weeks"
"customer retention statistics","=HYPERLINK(""https://smrs.toolsfrog.com/analytics/keywordoverview/?q=customer%20retention%20statistics&db=us"",""customer retention statistics​"")","I","n/a","0","390","","n/a","n/a","33","5.36","0.45","=HYPERLINK(""https://smrs.toolsfrog.com/analytics/serp/?phrase=customer%20retention%20statistics&db=us&serpId=b-h-97-0508-192729582639152016"",""6"")","95.2M","1 month"
"increase customer retention","=HYPERLINK(""https://smrs.toolsfrog.com/analytics/keywordoverview/?q=increase%20customer%20retention&db=us"",""increase customer retention​"")","I","n/a","0","390","","n/a","n/a","38","4.77","0.11","=HYPERLINK(""https://smrs.toolsfrog.com/analytics/serp/?phrase=increase%20customer%20retention&db=us&serpId=b-e-97-0429-10588207221927131406"",""7"")","120M","1 month"
"sales and customer retention","=HYPERLINK(""https://smrs.toolsfrog.com/analytics/keywordoverview/?q=sales%20and%20customer%20retention&db=us"",""sales and customer retention​"")","I","n/a","0","390","","n/a","n/a","30","0.00","0.00","=HYPERLINK(""https://smrs.toolsfrog.com/analytics/serp/?phrase=sales%20and%20customer%20retention&db=us&serpId=b-g-97-0525-4534013154228971183"",""6"")","136","1 month"
"average customer retention rate by industry","=HYPERLINK(""https://smrs.toolsfrog.com/analytics/keywordoverview/?q=average%20customer%20retention%20rate%20by%20industry&db=us"",""average customer retention rate by industry​"")","I","n/a","0","320","","n/a","n/a","47","4.51","0.05","=HYPERLINK(""https://smrs.toolsfrog.com/analytics/serp/?phrase=average%20customer%20retention%20rate%20by%20industry&db=us&serpId=b-h-97-0601-13749991836119401624"",""5"")","145","3 weeks"
"crm customer retention","=HYPERLINK(""https://smrs.toolsfrog.com/analytics/keywordoverview/?q=crm%20customer%20retention&db=us"",""crm customer retention​"")","I","n/a","0","320","","n/a","n/a","21","11.56","0.07","=HYPERLINK(""https://smrs.toolsfrog.com/analytics/serp/?phrase=crm%20customer%20retention&db=us&serpId=b-h-97-0508-15017019773217229731"",""7"")","45M","1 month"
"customer acquisition and retention","=HYPERLINK(""https://smrs.toolsfrog.com/analytics/keywordoverview/?q=customer%20acquisition%20and%20retention&db=us"",""customer acquisition and retention​"")","I - C","n/a","0","320","","n/a","n/a","23","4.16","0.03","=HYPERLINK(""https://smrs.toolsfrog.com/analytics/serp/?phrase=customer%20acquisition%20and%20retention&db=us&serpId=b-h-97-0528-17913298319554258687"",""6"")","132","4 weeks"
"customer loyalty retention","=HYPERLINK(""https://smrs.toolsfrog.com/analytics/keywordoverview/?q=customer%20loyalty%20retention&db=us"",""customer loyalty retention​"")","I","n/a","0","320","","n/a","n/a","41","5.72","0.05","=HYPERLINK(""https://smrs.toolsfrog.com/analytics/serp/?phrase=customer%20loyalty%20retention&db=us&serpId=b-g-97-0509-570130195479186860"",""7"")","63.6M","1 month"
"customer retention analytics","=HYPERLINK(""https://smrs.toolsfrog.com/analytics/keywordoverview/?q=customer%20retention%20analytics&db=us"",""customer retention analytics​"")","I","n/a","0","320","","n/a","n/a","24","0.00","0.01","=HYPERLINK(""https://smrs.toolsfrog.com/analytics/serp/?phrase=customer%20retention%20analytics&db=us&serpId=b-d-97-0418-13566242461433299588"",""6"")","110M","1 month"
"customer retention in insurance","=HYPERLINK(""https://smrs.toolsfrog.com/analytics/keywordoverview/?q=customer%20retention%20in%20insurance&db=us"",""customer retention in insurance​"")","I","n/a","0","320","","n/a","n/a","11","0.00","0.05","=HYPERLINK(""https://smrs.toolsfrog.com/analytics/serp/?phrase=customer%20retention%20in%20insurance&db=us&serpId=b-h-97-0508-3448074256784206377"",""5"")","38.5M","1 month"
"customer retention platform","=HYPERLINK(""https://smrs.toolsfrog.com/analytics/keywordoverview/?q=customer%20retention%20platform&db=us"",""customer retention platform​"")","I - C","n/a","0","320","","n/a","n/a","17","24.59","0.13","=HYPERLINK(""https://smrs.toolsfrog.com/analytics/serp/?phrase=customer%20retention%20platform&db=us&serpId=b-f-97-0513-17265952608372245925"",""6"")","163M","1 month"
"customer retention program","=HYPERLINK(""https://smrs.toolsfrog.com/analytics/keywordoverview/?q=customer%20retention%20program&db=us"",""customer retention program​"")","I","n/a","0","320","","n/a","n/a","27","14.79","0.06","=HYPERLINK(""https://smrs.toolsfrog.com/analytics/serp/?phrase=customer%20retention%20program&db=us&serpId=b-f-97-0518-17424246476255045679"",""6"")","138","1 month"
"customer retention strategies for banks","=HYPERLINK(""https://smrs.toolsfrog.com/analytics/keywordoverview/?q=customer%20retention%20strategies%20for%20banks&db=us"",""customer retention strategies for banks​"")","I","n/a","0","320","","n/a","n/a","8","0.00","0.01","=HYPERLINK(""https://smrs.toolsfrog.com/analytics/serp/?phrase=customer%20retention%20strategies%20for%20banks&db=us&serpId=b-h-97-0420-17371937857460443589"",""3"")","31.8M","1 month"
"customer retention strategies in banking industry","=HYPERLINK(""https://smrs.toolsfrog.com/analytics/keywordoverview/?q=customer%20retention%20strategies%20in%20banking%20industry&db=us"",""customer retention strategies in banking industry​"")","I","n/a","0","320","","n/a","n/a","12","0.00","0.01","=HYPERLINK(""https://smrs.toolsfrog.com/analytics/serp/?phrase=customer%20retention%20strategies%20in%20banking%20industry&db=us&serpId=b-g-97-0430-5369086672382280338"",""4"")","35.1M","1 month"
"customer service retention strategies","=HYPERLINK(""https://smrs.toolsfrog.com/analytics/keywordoverview/?q=customer%20service%20retention%20strategies&db=us"",""customer service retention strategies​"")","I","n/a","0","320","","n/a","n/a","38","5.54","0.08","=HYPERLINK(""https://smrs.toolsfrog.com/analytics/serp/?phrase=customer%20service%20retention%20strategies&db=us&serpId=b-h-97-0509-3295173645076617109"",""6"")","143M","1 month"
"guest retention strategies customer loyalty programs","=HYPERLINK(""https://smrs.toolsfrog.com/analytics/keywordoverview/?q=guest%20retention%20strategies%20customer%20loyalty%20programs&db=us"",""guest retention strategies customer loyalty programs​"")","I","n/a","0","320","","n/a","n/a","13","0.00","0.00","=HYPERLINK(""https://smrs.toolsfrog.com/analytics/serp/?phrase=guest%20retention%20strategies%20customer%20loyalty%20programs&db=us&serpId=b-f-97-0517-2536312439013094894"",""4"")","138","1 month"
"bank customer retention","=HYPERLINK(""https://smrs.toolsfrog.com/analytics/keywordoverview/?q=bank%20customer%20retention&db=us"",""bank customer retention​"")","I","n/a","0","260","","n/a","n/a","5","0.00","0.07","=HYPERLINK(""https://smrs.toolsfrog.com/analytics/serp/?phrase=bank%20customer%20retention&db=us&serpId=b-e-97-0508-11872816009538964227"",""5"")","108","1 month"
"customer retention and loyalty","=HYPERLINK(""https://smrs.toolsfrog.com/analytics/keywordoverview/?q=customer%20retention%20and%20loyalty&db=us"",""customer retention and loyalty​"")","I","n/a","0","260","","n/a","n/a","28","5.72","0.05","=HYPERLINK(""https://smrs.toolsfrog.com/analytics/serp/?phrase=customer%20retention%20and%20loyalty&db=us&serpId=b-g-97-0428-9574837016815570412"",""6"")","61.3M","1 month"
"customer retention cost","=HYPERLINK(""https://smrs.toolsfrog.com/analytics/keywordoverview/?q=customer%20retention%20cost&db=us"",""customer retention cost​"")","I","n/a","0","260","","n/a","n/a","27","4.38","0.02","=HYPERLINK(""https://smrs.toolsfrog.com/analytics/serp/?phrase=customer%20retention%20cost&db=us&serpId=b-e-97-0508-13868221253931215495"",""6"")","175M","1 month"
"customer retention loyalty programs","=HYPERLINK(""https://smrs.toolsfrog.com/analytics/keywordoverview/?q=customer%20retention%20loyalty%20programs&db=us"",""customer retention loyalty programs​"")","I","n/a","0","260","","n/a","n/a","32","0.00","0.01","=HYPERLINK(""https://smrs.toolsfrog.com/analytics/serp/?phrase=customer%20retention%20loyalty%20programs&db=us&serpId=b-f-97-0414-2634659485817959260"",""5"")","39.6M","1 month"
"customer retention programs","=HYPERLINK(""https://smrs.toolsfrog.com/analytics/keywordoverview/?q=customer%20retention%20programs&db=us"",""customer retention programs​"")","I","n/a","0","260","","n/a","n/a","35","14.79","0.06","=HYPERLINK(""https://smrs.toolsfrog.com/analytics/serp/?phrase=customer%20retention%20programs&db=us&serpId=b-f-97-0527-774963170012749381"",""6"")","140","4 weeks"
"customer retention strategies research 2023-2025","=HYPERLINK(""https://smrs.toolsfrog.com/analytics/keywordoverview/?q=customer%20retention%20strategies%20research%202023-2025&db=us"",""customer retention strategies research 2023-2025​"")","I","n/a","0","260","","n/a","n/a","27","0.00","0.00","=HYPERLINK(""https://smrs.toolsfrog.com/analytics/serp/?phrase=customer%20retention%20strategies%20research%202023-2025&db=us&serpId=b-f-97-0524-7068457212312042531"",""3"")","267K","1 month"
"customer retention system","=HYPERLINK(""https://smrs.toolsfrog.com/analytics/keywordoverview/?q=customer%20retention%20system&db=us"",""customer retention system​"")","I","n/a","0","260","","n/a","n/a","26","14.39","0.15","=HYPERLINK(""https://smrs.toolsfrog.com/analytics/serp/?phrase=customer%20retention%20system&db=us&serpId=b-g-97-0516-10159418748624834786"",""5"")","139","1 month"
"customer satisfaction and retention","=HYPERLINK(""https://smrs.toolsfrog.com/analytics/keywordoverview/?q=customer%20satisfaction%20and%20retention&db=us"",""customer satisfaction and retention​"")","I","n/a","0","260","","n/a","n/a","17","0.00","0.01","=HYPERLINK(""https://smrs.toolsfrog.com/analytics/serp/?phrase=customer%20satisfaction%20and%20retention&db=us&serpId=b-h-97-0508-4204892875986574269"",""5"")","135","1 month"
"enhance customer retention","=HYPERLINK(""https://smrs.toolsfrog.com/analytics/keywordoverview/?q=enhance%20customer%20retention&db=us"",""enhance customer retention​"")","I","n/a","0","260","","n/a","n/a","35","4.77","0.11","=HYPERLINK(""https://smrs.toolsfrog.com/analytics/serp/?phrase=enhance%20customer%20retention&db=us&serpId=b-e-97-0520-14680210428828167655"",""5"")","132","1 month"
"how to increase customer retention","=HYPERLINK(""https://smrs.toolsfrog.com/analytics/keywordoverview/?q=how%20to%20increase%20customer%20retention&db=us"",""how to increase customer retention​"")","I","n/a","0","260","","n/a","n/a","41","3.41","0.54","=HYPERLINK(""https://smrs.toolsfrog.com/analytics/serp/?phrase=how%20to%20increase%20customer%20retention&db=us&serpId=b-g-97-0521-14156942969119733227"",""6"")","161","1 month"
"importance of customer retention","=HYPERLINK(""https://smrs.toolsfrog.com/analytics/keywordoverview/?q=importance%20of%20customer%20retention&db=us"",""importance of customer retention​"")","I","n/a","0","260","","n/a","n/a","49","2.86","0.16","=HYPERLINK(""https://smrs.toolsfrog.com/analytics/serp/?phrase=importance%20of%20customer%20retention&db=us&serpId=b-g-97-0501-10034811964081584440"",""5"")","132","1 month"
"optimum customer retention phone number","=HYPERLINK(""https://smrs.toolsfrog.com/analytics/keywordoverview/?q=optimum%20customer%20retention%20phone%20number&db=us"",""optimum customer retention phone number​"")","I","n/a","0","260","","n/a","n/a","51","0.92","0.37","=HYPERLINK(""https://smrs.toolsfrog.com/analytics/serp/?phrase=optimum%20customer%20retention%20phone%20number&db=us&serpId=b-e-97-0509-15231872106883190520"",""3"")","70","1 month"
"software customer retention","=HYPERLINK(""https://smrs.toolsfrog.com/analytics/keywordoverview/?q=software%20customer%20retention&db=us"",""software customer retention​"")","I - C","n/a","0","260","","n/a","n/a","9","25.46","0.13","=HYPERLINK(""https://smrs.toolsfrog.com/analytics/serp/?phrase=software%20customer%20retention&db=us&serpId=b-f-97-0421-5362554209667513975"",""4"")","138","1 month"
"xfinity customer retention phone number","=HYPERLINK(""https://smrs.toolsfrog.com/analytics/keywordoverview/?q=xfinity%20customer%20retention%20phone%20number&db=us"",""xfinity customer retention phone number​"")","T - N","n/a","0","260","","n/a","n/a","34","1.56","0.05","=HYPERLINK(""https://smrs.toolsfrog.com/analytics/serp/?phrase=xfinity%20customer%20retention%20phone%20number&db=us&serpId=b-h-97-0524-4574639865651257604"",""2"")","61","1 month"
"at&t customer retention","=HYPERLINK(""https://smrs.toolsfrog.com/analytics/keywordoverview/?q=at%26t%20customer%20retention&db=us"",""at&t customer retention​"")","I","n/a","0","210","","n/a","n/a","23","4.55","0.06","=HYPERLINK(""https://smrs.toolsfrog.com/analytics/serp/?phrase=at%26t%20customer%20retention&db=us&serpId=b-h-97-0518-10565553901397190277"",""4"")","104","1 month"
"at&t customer retention phone number","=HYPERLINK(""https://smrs.toolsfrog.com/analytics/keywordoverview/?q=at%26t%20customer%20retention%20phone%20number&db=us"",""at&t customer retention phone number​"")","I","n/a","0","210","","n/a","n/a","54","3.03","0.04","=HYPERLINK(""https://smrs.toolsfrog.com/analytics/serp/?phrase=at%26t%20customer%20retention%20phone%20number&db=us&serpId=b-h-97-0415-11307722793357849434"",""4"")","1.9M","1 month"
"crm and customer retention","=HYPERLINK(""https://smrs.toolsfrog.com/analytics/keywordoverview/?q=crm%20and%20customer%20retention&db=us"",""crm and customer retention​"")","I","n/a","0","210","","n/a","n/a","9","11.56","0.07","=HYPERLINK(""https://smrs.toolsfrog.com/analytics/serp/?phrase=crm%20and%20customer%20retention&db=us&serpId=b-e-97-0425-12829151548997854624"",""6"")","122","1 month"
"customer retention cost formula","=HYPERLINK(""https://smrs.toolsfrog.com/analytics/keywordoverview/?q=customer%20retention%20cost%20formula&db=us"",""customer retention cost formula​"")","I","n/a","0","210","","n/a","n/a","33","3.77","0.03","=HYPERLINK(""https://smrs.toolsfrog.com/analytics/serp/?phrase=customer%20retention%20cost%20formula&db=us&serpId=b-e-97-0428-3045226222185353538"",""7"")","176","1 month"
"customer retention loyalty","=HYPERLINK(""https://smrs.toolsfrog.com/analytics/keywordoverview/?q=customer%20retention%20loyalty&db=us"",""customer retention loyalty​"")","I","n/a","0","210","","n/a","n/a","32","5.72","0.05","=HYPERLINK(""https://smrs.toolsfrog.com/analytics/serp/?phrase=customer%20retention%20loyalty&db=us&serpId=b-h-97-0521-7639691467239228681"",""5"")","149","1 month"
"customer retention solutions","=HYPERLINK(""https://smrs.toolsfrog.com/analytics/keywordoverview/?q=customer%20retention%20solutions&db=us"",""customer retention solutions​"")","I","n/a","0","210","","n/a","n/a","44","14.11","0.10","=HYPERLINK(""https://smrs.toolsfrog.com/analytics/serp/?phrase=customer%20retention%20solutions&db=us&serpId=b-e-97-0423-2160337441863230184"",""4"")","137M","1 month"
"customer satisfaction retention","=HYPERLINK(""https://smrs.toolsfrog.com/analytics/keywordoverview/?q=customer%20satisfaction%20retention&db=us"",""customer satisfaction retention​"")","I","n/a","0","210","","n/a","n/a","42","0.00","0.33","=HYPERLINK(""https://smrs.toolsfrog.com/analytics/serp/?phrase=customer%20satisfaction%20retention&db=us&serpId=b-h-97-0604-7703262611555309213"",""5"")","135","3 weeks"
"define customer retention","=HYPERLINK(""https://smrs.toolsfrog.com/analytics/keywordoverview/?q=define%20customer%20retention&db=us"",""define customer retention​"")","I","n/a","0","210","","n/a","n/a","49","2.04","0.03","=HYPERLINK(""https://smrs.toolsfrog.com/analytics/serp/?phrase=define%20customer%20retention&db=us&serpId=b-f-97-0508-13321397732203661390"",""5"")","219M","1 month"
"ecommerce customer retention","=HYPERLINK(""https://smrs.toolsfrog.com/analytics/keywordoverview/?q=ecommerce%20customer%20retention&db=us"",""ecommerce customer retention​"")","I","n/a","0","210","","n/a","n/a","24","12.46","0.01","=HYPERLINK(""https://smrs.toolsfrog.com/analytics/serp/?phrase=ecommerce%20customer%20retention&db=us&serpId=b-f-97-0601-12492177483061090264"",""7"")","134","3 weeks"
"ecommerce website design solutions customer acquisition retention optimization","=HYPERLINK(""https://smrs.toolsfrog.com/analytics/keywordoverview/?q=ecommerce%20website%20design%20solutions%20customer%20acquisition%20retention%20optimization&db=us"",""ecommerce website design solutions customer acquisition retention optimization​"")","I","n/a","0","210","","n/a","n/a","11","0.00","0.00","=HYPERLINK(""https://smrs.toolsfrog.com/analytics/serp/?phrase=ecommerce%20website%20design%20solutions%20customer%20acquisition%20retention%20optimization&db=us&serpId=b-g-97-0519-17483777401832265900"",""4"")","24.3M","1 month"
"manash pratim kashyap ps fader customer retention model 2018 2019","=HYPERLINK(""https://smrs.toolsfrog.com/analytics/keywordoverview/?q=manash%20pratim%20kashyap%20ps%20fader%20customer%20retention%20model%202018%202019&db=us"",""manash pratim kashyap ps fader customer retention model 2018 2019​"")","I","n/a","0","210","","n/a","n/a","13","0.00","0.33","=HYPERLINK(""https://smrs.toolsfrog.com/analytics/serp/?phrase=manash%20pratim%20kashyap%20ps%20fader%20customer%20retention%20model%202018%202019&db=us&serpId=b-h-97-0505-14269300775363131287"",""2"")","274","1 month"
"nintendo explains free switch game updates are for customer retention","=HYPERLINK(""https://smrs.toolsfrog.com/analytics/keywordoverview/?q=nintendo%20explains%20free%20switch%20game%20updates%20are%20for%20customer%20retention&db=us"",""nintendo explains free switch game updates are for customer retention​"")","n/a","n/a","0","210","","n/a","n/a","n/a","0.00","0.33","n/a","n/a","For metrics, refresh"
"spectrum customer retention","=HYPERLINK(""https://smrs.toolsfrog.com/analytics/keywordoverview/?q=spectrum%20customer%20retention&db=us"",""spectrum customer retention​"")","I","n/a","0","210","","n/a","n/a","25","2.82","0.04","=HYPERLINK(""https://smrs.toolsfrog.com/analytics/serp/?phrase=spectrum%20customer%20retention&db=us&serpId=b-f-97-0422-17284740745063927661"",""5"")","87.5M","1 month"
"spectrum customer retention number","=HYPERLINK(""https://smrs.toolsfrog.com/analytics/keywordoverview/?q=spectrum%20customer%20retention%20number&db=us"",""spectrum customer retention number​"")","I","n/a","0","210","","n/a","n/a","42","3.12","0.03","=HYPERLINK(""https://smrs.toolsfrog.com/analytics/serp/?phrase=spectrum%20customer%20retention%20number&db=us&serpId=b-e-97-0512-2415093628656112535"",""3"")","81","1 month"
"accordshort trust essential customer retention enhances","=HYPERLINK(""https://smrs.toolsfrog.com/analytics/keywordoverview/?q=accordshort%20trust%20essential%20customer%20retention%20enhances&db=us"",""accordshort trust essential customer retention enhances​"")","I","n/a","0","170","","n/a","n/a","4","0.00","0.00","=HYPERLINK(""https://smrs.toolsfrog.com/analytics/serp/?phrase=accordshort%20trust%20essential%20customer%20retention%20enhances&db=us&serpId=b-h-97-0504-2189672619815206600"",""3"")","9","1 month"
"b2b customer retention","=HYPERLINK(""https://smrs.toolsfrog.com/analytics/keywordoverview/?q=b2b%20customer%20retention&db=us"",""b2b customer retention​"")","I","n/a","0","170","","n/a","n/a","9","6.44","0.68","=HYPERLINK(""https://smrs.toolsfrog.com/analytics/serp/?phrase=b2b%20customer%20retention&db=us&serpId=b-e-97-0523-14738370558320420911"",""4"")","128","1 month"
"calculate customer retention rate","=HYPERLINK(""https://smrs.toolsfrog.com/analytics/keywordoverview/?q=calculate%20customer%20retention%20rate&db=us"",""calculate customer retention rate​"")","I","n/a","0","170","","n/a","n/a","35","2.17","0.05","=HYPERLINK(""https://smrs.toolsfrog.com/analytics/serp/?phrase=calculate%20customer%20retention%20rate&db=us&serpId=b-g-97-0529-1077285851602156301"",""5"")","131","4 weeks"
"customer acquisition and customer retention","=HYPERLINK(""https://smrs.toolsfrog.com/analytics/keywordoverview/?q=customer%20acquisition%20and%20customer%20retention&db=us"",""customer acquisition and customer retention​"")","I - C","n/a","0","170","","n/a","n/a","34","3.97","0.11","=HYPERLINK(""https://smrs.toolsfrog.com/analytics/serp/?phrase=customer%20acquisition%20and%20customer%20retention&db=us&serpId=b-e-97-0521-12882216765670402289"",""5"")","152","1 month"
"customer retention department","=HYPERLINK(""https://smrs.toolsfrog.com/analytics/keywordoverview/?q=customer%20retention%20department&db=us"",""customer retention department​"")","I","n/a","0","170","","n/a","n/a","20","4.15","0.02","=HYPERLINK(""https://smrs.toolsfrog.com/analytics/serp/?phrase=customer%20retention%20department&db=us&serpId=b-d-97-0428-1513070239009082009"",""6"")","110M","1 month"
"customer retention formula","=HYPERLINK(""https://smrs.toolsfrog.com/analytics/keywordoverview/?q=customer%20retention%20formula&db=us"",""customer retention formula​"")","I","n/a","0","170","","n/a","n/a","33","2.86","0.12","=HYPERLINK(""https://smrs.toolsfrog.com/analytics/serp/?phrase=customer%20retention%20formula&db=us&serpId=b-e-97-0524-12272396041191098227"",""8"")","124","1 month"
"customer retention specialist","=HYPERLINK(""https://smrs.toolsfrog.com/analytics/keywordoverview/?q=customer%20retention%20specialist&db=us"",""customer retention specialist​"")","I - C","n/a","0","170","","n/a","n/a","15","2.47","0.11","=HYPERLINK(""https://smrs.toolsfrog.com/analytics/serp/?phrase=customer%20retention%20specialist&db=us&serpId=b-f-97-0416-2032743646522654288"",""5"")","130","1 month"
"customer retention tactics","=HYPERLINK(""https://smrs.toolsfrog.com/analytics/keywordoverview/?q=customer%20retention%20tactics&db=us"",""customer retention tactics​"")","I","n/a","0","170","","n/a","n/a","33","0.00","0.05","=HYPERLINK(""https://smrs.toolsfrog.com/analytics/serp/?phrase=customer%20retention%20tactics&db=us&serpId=b-h-97-0417-10019498353245204044"",""4"")","133","1 month"
"customer retention tools","=HYPERLINK(""https://smrs.toolsfrog.com/analytics/keywordoverview/?q=customer%20retention%20tools&db=us"",""customer retention tools​"")","I","n/a","0","170","","n/a","n/a","18","20.28","0.27","=HYPERLINK(""https://smrs.toolsfrog.com/analytics/serp/?phrase=customer%20retention%20tools&db=us&serpId=b-h-97-0521-5297337928733034046"",""7"")","132","1 month"
"customer retention vs acquisition","=HYPERLINK(""https://smrs.toolsfrog.com/analytics/keywordoverview/?q=customer%20retention%20vs%20acquisition&db=us"",""customer retention vs acquisition​"")","I - C","n/a","0","170","","n/a","n/a","29","1.63","0.04","=HYPERLINK(""https://smrs.toolsfrog.com/analytics/serp/?phrase=customer%20retention%20vs%20acquisition&db=us&serpId=b-f-97-0517-5233022710073136371"",""3"")","130","1 month"
"ecommerce website design solutions improve customer acquisition retention","=HYPERLINK(""https://smrs.toolsfrog.com/analytics/keywordoverview/?q=ecommerce%20website%20design%20solutions%20improve%20customer%20acquisition%20retention&db=us"",""ecommerce website design solutions improve customer acquisition retention​"")","I","n/a","0","170","","n/a","n/a","6","0.00","0.00","=HYPERLINK(""https://smrs.toolsfrog.com/analytics/serp/?phrase=ecommerce%20website%20design%20solutions%20improve%20customer%20acquisition%20retention&db=us&serpId=b-g-97-0520-17451872308358215469"",""3"")","33.2M","1 month"
"ford customer retention discounts","=HYPERLINK(""https://smrs.toolsfrog.com/analytics/keywordoverview/?q=ford%20customer%20retention%20discounts&db=us"",""ford customer retention discounts​"")","I","n/a","0","170","","n/a","n/a","19","2.35","0.21","=HYPERLINK(""https://smrs.toolsfrog.com/analytics/serp/?phrase=ford%20customer%20retention%20discounts&db=us&serpId=b-g-97-0519-3174338665640341095"",""6"")","96","1 month"
"help me understand comcast's customer retention issues","=HYPERLINK(""https://smrs.toolsfrog.com/analytics/keywordoverview/?q=help%20me%20understand%20comcast's%20customer%20retention%20issues&db=us"",""help me understand comcast's customer retention issues​"")","I","n/a","0","170","","n/a","n/a","26","0.00","0.00","=HYPERLINK(""https://smrs.toolsfrog.com/analytics/serp/?phrase=help%20me%20understand%20comcast's%20customer%20retention%20issues&db=us&serpId=b-g-97-0522-14272272864099321555"",""5"")","146","1 month"
"how to measure customer retention","=HYPERLINK(""https://smrs.toolsfrog.com/analytics/keywordoverview/?q=how%20to%20measure%20customer%20retention&db=us"",""how to measure customer retention​"")","I","n/a","0","170","","n/a","n/a","30","4.05","0.29","=HYPERLINK(""https://smrs.toolsfrog.com/analytics/serp/?phrase=how%20to%20measure%20customer%20retention&db=us&serpId=b-e-97-0426-15585311573140362546"",""8"")","88.5M","1 month"
"insurance customer retention","=HYPERLINK(""https://smrs.toolsfrog.com/analytics/keywordoverview/?q=insurance%20customer%20retention&db=us"",""insurance customer retention​"")","I","n/a","0","170","","n/a","n/a","7","0.00","0.05","=HYPERLINK(""https://smrs.toolsfrog.com/analytics/serp/?phrase=insurance%20customer%20retention&db=us&serpId=b-h-97-0524-11294589931334847529"",""4"")","127","1 month"
"loyalty programs for customer retention","=HYPERLINK(""https://smrs.toolsfrog.com/analytics/keywordoverview/?q=loyalty%20programs%20for%20customer%20retention&db=us"",""loyalty programs for customer retention​"")","I - C","n/a","0","170","","n/a","n/a","27","7.76","0.02","=HYPERLINK(""https://smrs.toolsfrog.com/analytics/serp/?phrase=loyalty%20programs%20for%20customer%20retention&db=us&serpId=b-f-97-0531-16377473923647578032"",""5"")","161","3 weeks"
"phone number for comcast customer retention","=HYPERLINK(""https://smrs.toolsfrog.com/analytics/keywordoverview/?q=phone%20number%20for%20comcast%20customer%20retention&db=us"",""phone number for comcast customer retention​"")","n/a","n/a","0","170","","n/a","n/a","n/a","1.15","0.09","n/a","n/a","For metrics, refresh"
"saas customer retention","=HYPERLINK(""https://smrs.toolsfrog.com/analytics/keywordoverview/?q=saas%20customer%20retention&db=us"",""saas customer retention​"")","I","n/a","0","170","","n/a","n/a","19","9.83","0.11","=HYPERLINK(""https://smrs.toolsfrog.com/analytics/serp/?phrase=saas%20customer%20retention&db=us&serpId=b-f-97-0428-14935841500423543717"",""5"")","132","1 month"
"shopify customer retention","=HYPERLINK(""https://smrs.toolsfrog.com/analytics/keywordoverview/?q=shopify%20customer%20retention&db=us"",""shopify customer retention​"")","I","n/a","0","170","","n/a","n/a","21","0.00","0.01","=HYPERLINK(""https://smrs.toolsfrog.com/analytics/serp/?phrase=shopify%20customer%20retention&db=us&serpId=b-g-97-0601-6371459597075219828"",""7"")","106","3 weeks"
"why is customer retention important","=HYPERLINK(""https://smrs.toolsfrog.com/analytics/keywordoverview/?q=why%20is%20customer%20retention%20important&db=us"",""why is customer retention important​"")","I","n/a","0","170","","n/a","n/a","41","2.64","0.29","=HYPERLINK(""https://smrs.toolsfrog.com/analytics/serp/?phrase=why%20is%20customer%20retention%20important&db=us&serpId=b-g-97-0423-6343043594503552990"",""5"")","160","1 month"
"xfinity customer retention","=HYPERLINK(""https://smrs.toolsfrog.com/analytics/keywordoverview/?q=xfinity%20customer%20retention&db=us"",""xfinity customer retention​"")","I - T","n/a","0","170","","n/a","n/a","31","1.70","0.03","=HYPERLINK(""https://smrs.toolsfrog.com/analytics/serp/?phrase=xfinity%20customer%20retention&db=us&serpId=b-h-97-0523-5881270210511212109"",""4"")","102","1 month"
"att customer retention","=HYPERLINK(""https://smrs.toolsfrog.com/analytics/keywordoverview/?q=att%20customer%20retention&db=us"",""att customer retention​"")","I","n/a","0","140","","n/a","n/a","27","4.55","0.06","=HYPERLINK(""https://smrs.toolsfrog.com/analytics/serp/?phrase=att%20customer%20retention&db=us&serpId=b-g-97-0527-16475586356375535327"",""4"")","103","4 weeks"
"att customer retention phone number","=HYPERLINK(""https://smrs.toolsfrog.com/analytics/keywordoverview/?q=att%20customer%20retention%20phone%20number&db=us"",""att customer retention phone number​"")","I","n/a","0","140","","n/a","n/a","65","3.03","0.04","=HYPERLINK(""https://smrs.toolsfrog.com/analytics/serp/?phrase=att%20customer%20retention%20phone%20number&db=us&serpId=b-d-97-0422-9805170843524673562"",""3"")","10.9M","1 month"
"automated customer retention","=HYPERLINK(""https://smrs.toolsfrog.com/analytics/keywordoverview/?q=automated%20customer%20retention&db=us"",""automated customer retention​"")","I","n/a","0","140","","n/a","n/a","21","7.29","0.03","=HYPERLINK(""https://smrs.toolsfrog.com/analytics/serp/?phrase=automated%20customer%20retention&db=us&serpId=b-e-97-0603-6932233487536254315"",""6"")","127","3 weeks"
"automotive customer retention","=HYPERLINK(""https://smrs.toolsfrog.com/analytics/keywordoverview/?q=automotive%20customer%20retention&db=us"",""automotive customer retention​"")","I","n/a","0","140","","n/a","n/a","16","0.00","0.03","=HYPERLINK(""https://smrs.toolsfrog.com/analytics/serp/?phrase=automotive%20customer%20retention&db=us&serpId=b-h-97-0505-11534403355987788004"",""6"")","27.2M","1 month"
"b2b customer retention strategies","=HYPERLINK(""https://smrs.toolsfrog.com/analytics/keywordoverview/?q=b2b%20customer%20retention%20strategies&db=us"",""b2b customer retention strategies​"")","I","n/a","0","140","","n/a","n/a","15","0.00","0.33","=HYPERLINK(""https://smrs.toolsfrog.com/analytics/serp/?phrase=b2b%20customer%20retention%20strategies&db=us&serpId=b-h-97-0525-14455081283968830410"",""4"")","126","1 month"
"best customer retention strategies","=HYPERLINK(""https://smrs.toolsfrog.com/analytics/keywordoverview/?q=best%20customer%20retention%20strategies&db=us"",""best customer retention strategies​"")","C","n/a","0","140","","n/a","n/a","37","5.83","0.19","=HYPERLINK(""https://smrs.toolsfrog.com/analytics/serp/?phrase=best%20customer%20retention%20strategies&db=us&serpId=b-f-97-0523-10975466256049372722"",""7"")","131","1 month"
"brooklyn sushi restaurant marketing strategies customer retention","=HYPERLINK(""https://smrs.toolsfrog.com/analytics/keywordoverview/?q=brooklyn%20sushi%20restaurant%20marketing%20strategies%20customer%20retention&db=us"",""brooklyn sushi restaurant marketing strategies customer retention​"")","n/a","n/a","0","140","","n/a","n/a","n/a","0.00","0.00","n/a","n/a","For metrics, refresh"
"comcast customer retention","=HYPERLINK(""https://smrs.toolsfrog.com/analytics/keywordoverview/?q=comcast%20customer%20retention&db=us"",""comcast customer retention​"")","I","n/a","0","140","","n/a","n/a","27","1.70","0.03","=HYPERLINK(""https://smrs.toolsfrog.com/analytics/serp/?phrase=comcast%20customer%20retention&db=us&serpId=b-g-97-0519-6058957515751046519"",""4"")","1.3M","1 month"
"comcast customer retention phone number","=HYPERLINK(""https://smrs.toolsfrog.com/analytics/keywordoverview/?q=comcast%20customer%20retention%20phone%20number&db=us"",""comcast customer retention phone number​"")","I","n/a","0","140","","n/a","n/a","33","1.71","0.02","=HYPERLINK(""https://smrs.toolsfrog.com/analytics/serp/?phrase=comcast%20customer%20retention%20phone%20number&db=us&serpId=b-e-97-0415-3252932031960599882"",""3"")","74","1 month"
"comcast xfinity customer retention phone number","=HYPERLINK(""https://smrs.toolsfrog.com/analytics/keywordoverview/?q=comcast%20xfinity%20customer%20retention%20phone%20number&db=us"",""comcast xfinity customer retention phone number​"")","I","n/a","0","140","","n/a","n/a","52","1.56","0.05","=HYPERLINK(""https://smrs.toolsfrog.com/analytics/serp/?phrase=comcast%20xfinity%20customer%20retention%20phone%20number&db=us&serpId=b-h-97-0524-10703859994612545405"",""2"")","70","1 month"
"customer loyalty and retention software","=HYPERLINK(""https://smrs.toolsfrog.com/analytics/keywordoverview/?q=customer%20loyalty%20and%20retention%20software&db=us"",""customer loyalty and retention software​"")","C","n/a","0","140","","n/a","n/a","28","0.00","0.33","=HYPERLINK(""https://smrs.toolsfrog.com/analytics/serp/?phrase=customer%20loyalty%20and%20retention%20software&db=us&serpId=b-g-97-0517-9841506447788390053"",""5"")","150","1 month"
"customer retention kpis","=HYPERLINK(""https://smrs.toolsfrog.com/analytics/keywordoverview/?q=customer%20retention%20kpis&db=us"",""customer retention kpis​"")","I","n/a","0","140","","n/a","n/a","17","4.70","0.30","=HYPERLINK(""https://smrs.toolsfrog.com/analytics/serp/?phrase=customer%20retention%20kpis&db=us&serpId=b-d-97-0501-10871989745106067662"",""7"")","16.4M","1 month"
"customer retention marketing strategies","=HYPERLINK(""https://smrs.toolsfrog.com/analytics/keywordoverview/?q=customer%20retention%20marketing%20strategies&db=us"",""customer retention marketing strategies​"")","I","n/a","0","140","","n/a","n/a","40","6.61","0.24","=HYPERLINK(""https://smrs.toolsfrog.com/analytics/serp/?phrase=customer%20retention%20marketing%20strategies&db=us&serpId=b-f-97-0525-1412234955530517527"",""6"")","134","1 month"
"customer retention rate calculation formula","=HYPERLINK(""https://smrs.toolsfrog.com/analytics/keywordoverview/?q=customer%20retention%20rate%20calculation%20formula&db=us"",""customer retention rate calculation formula​"")","I","n/a","0","140","","n/a","n/a","33","2.69","0.07","=HYPERLINK(""https://smrs.toolsfrog.com/analytics/serp/?phrase=customer%20retention%20rate%20calculation%20formula&db=us&serpId=b-e-97-0424-585181552400774241"",""5"")","27.3M","1 month"
"customer retention rate vs churn rate","=HYPERLINK(""https://smrs.toolsfrog.com/analytics/keywordoverview/?q=customer%20retention%20rate%20vs%20churn%20rate&db=us"",""customer retention rate vs churn rate​"")","I - C","n/a","0","140","","n/a","n/a","17","0.00","0.33","=HYPERLINK(""https://smrs.toolsfrog.com/analytics/serp/?phrase=customer%20retention%20rate%20vs%20churn%20rate&db=us&serpId=b-g-97-0504-3213027931842429027"",""5"")","7M","1 month"
"customer retention service","=HYPERLINK(""https://smrs.toolsfrog.com/analytics/keywordoverview/?q=customer%20retention%20service&db=us"",""customer retention service​"")","I","n/a","0","140","","n/a","n/a","28","8.29","0.13","=HYPERLINK(""https://smrs.toolsfrog.com/analytics/serp/?phrase=customer%20retention%20service&db=us&serpId=b-e-97-0521-1439231491060460893"",""6"")","135","1 month"
"customer retention strategies for small business","=HYPERLINK(""https://smrs.toolsfrog.com/analytics/keywordoverview/?q=customer%20retention%20strategies%20for%20small%20business&db=us"",""customer retention strategies for small business​"")","I","n/a","0","140","","n/a","n/a","17","0.00","0.33","=HYPERLINK(""https://smrs.toolsfrog.com/analytics/serp/?phrase=customer%20retention%20strategies%20for%20small%20business&db=us&serpId=b-g-97-0531-5228362900110842127"",""6"")","148","3 weeks"
"directv customer retention phone number","=HYPERLINK(""https://smrs.toolsfrog.com/analytics/keywordoverview/?q=directv%20customer%20retention%20phone%20number&db=us"",""directv customer retention phone number​"")","I","n/a","0","140","","n/a","n/a","26","0.00","0.01","=HYPERLINK(""https://smrs.toolsfrog.com/analytics/serp/?phrase=directv%20customer%20retention%20phone%20number&db=us&serpId=b-g-97-0417-16488421709359903748"",""4"")","74","1 month"
"embedded finance customer retention saas","=HYPERLINK(""https://smrs.toolsfrog.com/analytics/keywordoverview/?q=embedded%20finance%20customer%20retention%20saas&db=us"",""embedded finance customer retention saas​"")","I","n/a","0","140","","n/a","n/a","4","0.00","0.00","=HYPERLINK(""https://smrs.toolsfrog.com/analytics/serp/?phrase=embedded%20finance%20customer%20retention%20saas&db=us&serpId=b-f-97-0511-12875762118812245369"",""4"")","3.5M","1 month"
"increasing customer retention","=HYPERLINK(""https://smrs.toolsfrog.com/analytics/keywordoverview/?q=increasing%20customer%20retention&db=us"",""increasing customer retention​"")","I","n/a","0","140","","n/a","n/a","37","4.77","0.11","=HYPERLINK(""https://smrs.toolsfrog.com/analytics/serp/?phrase=increasing%20customer%20retention&db=us&serpId=b-g-97-0504-12441250673948286747"",""6"")","87.9M","1 month"
"measuring customer retention","=HYPERLINK(""https://smrs.toolsfrog.com/analytics/keywordoverview/?q=measuring%20customer%20retention&db=us"",""measuring customer retention​"")","I","n/a","0","140","","n/a","n/a","29","0.00","0.04","=HYPERLINK(""https://smrs.toolsfrog.com/analytics/serp/?phrase=measuring%20customer%20retention&db=us&serpId=b-g-97-0423-4599490041779731088"",""6"")","60.3M","1 month"
"ps fader customer retention studies 2018-2019","=HYPERLINK(""https://smrs.toolsfrog.com/analytics/keywordoverview/?q=ps%20fader%20customer%20retention%20studies%202018-2019&db=us"",""ps fader customer retention studies 2018-2019​"")","I","n/a","0","140","","n/a","n/a","25","0.00","0.00","=HYPERLINK(""https://smrs.toolsfrog.com/analytics/serp/?phrase=ps%20fader%20customer%20retention%20studies%202018-2019&db=us&serpId=b-g-97-0509-10888713895477505469"",""3"")","472","1 month"
"retention customer loyalty","=HYPERLINK(""https://smrs.toolsfrog.com/analytics/keywordoverview/?q=retention%20customer%20loyalty&db=us"",""retention customer loyalty​"")","I","n/a","0","140","","n/a","n/a","32","5.72","0.05","=HYPERLINK(""https://smrs.toolsfrog.com/analytics/serp/?phrase=retention%20customer%20loyalty&db=us&serpId=b-e-97-0521-17314574485605899659"",""5"")","137","1 month"
"strategies for customer retention","=HYPERLINK(""https://smrs.toolsfrog.com/analytics/keywordoverview/?q=strategies%20for%20customer%20retention&db=us"",""strategies for customer retention​"")","I","n/a","0","140","","n/a","n/a","44","5.54","0.08","=HYPERLINK(""https://smrs.toolsfrog.com/analytics/serp/?phrase=strategies%20for%20customer%20retention&db=us&serpId=b-g-97-0420-2306486581888140053"",""8"")","81.2M","1 month"
"t-mobile customer retention offers","=HYPERLINK(""https://smrs.toolsfrog.com/analytics/keywordoverview/?q=t-mobile%20customer%20retention%20offers&db=us"",""t-mobile customer retention offers​"")","n/a","n/a","0","140","","n/a","n/a","n/a","0.00","0.08","n/a","n/a","For metrics, refresh"
"what is customer retention rate","=HYPERLINK(""https://smrs.toolsfrog.com/analytics/keywordoverview/?q=what%20is%20customer%20retention%20rate&db=us"",""what is customer retention rate​"")","I","n/a","0","140","","n/a","n/a","35","0.00","0.02","=HYPERLINK(""https://smrs.toolsfrog.com/analytics/serp/?phrase=what%20is%20customer%20retention%20rate&db=us&serpId=b-e-97-0523-10863695835254492680"",""6"")","177","1 month"
"whats customer retention","=HYPERLINK(""https://smrs.toolsfrog.com/analytics/keywordoverview/?q=whats%20customer%20retention&db=us"",""whats customer retention​"")","n/a","n/a","0","140","","n/a","n/a","n/a","1.28","0.01","n/a","n/a","For metrics, refresh"
"xfinity customer retention number","=HYPERLINK(""https://smrs.toolsfrog.com/analytics/keywordoverview/?q=xfinity%20customer%20retention%20number&db=us"",""xfinity customer retention number​"")","T - N","n/a","0","140","","n/a","n/a","23","2.59","0.10","=HYPERLINK(""https://smrs.toolsfrog.com/analytics/serp/?phrase=xfinity%20customer%20retention%20number&db=us&serpId=b-e-97-0605-1601446364352973218"",""3"")","95","3 weeks"
"ai for customer retention","=HYPERLINK(""https://smrs.toolsfrog.com/analytics/keywordoverview/?q=ai%20for%20customer%20retention&db=us"",""ai for customer retention​"")","I - C","n/a","0","110","","n/a","n/a","27","0.00","0.03","=HYPERLINK(""https://smrs.toolsfrog.com/analytics/serp/?phrase=ai%20for%20customer%20retention&db=us&serpId=b-d-97-0501-1711522988573437020"",""6"")","141M","1 month"
"b2b customer retention tactics through loyalty rewards","=HYPERLINK(""https://smrs.toolsfrog.com/analytics/keywordoverview/?q=b2b%20customer%20retention%20tactics%20through%20loyalty%20rewards&db=us"",""b2b customer retention tactics through loyalty rewards​"")","I","n/a","0","110","","n/a","n/a","12","0.00","0.00","=HYPERLINK(""https://smrs.toolsfrog.com/analytics/serp/?phrase=b2b%20customer%20retention%20tactics%20through%20loyalty%20rewards&db=us&serpId=b-e-97-0518-10187519310842706778"",""4"")","170","1 month"
"benefits oil change business strategy customer retention","=HYPERLINK(""https://smrs.toolsfrog.com/analytics/keywordoverview/?q=benefits%20oil%20change%20business%20strategy%20customer%20retention&db=us"",""benefits oil change business strategy customer retention​"")","I","n/a","0","110","","n/a","n/a","0","0.00","0.00","=HYPERLINK(""https://smrs.toolsfrog.com/analytics/serp/?phrase=benefits%20oil%20change%20business%20strategy%20customer%20retention&db=us&serpId=b-e-97-0527-3263016051767684719"",""5"")","76.6M","4 weeks"
"best customer retention software","=HYPERLINK(""https://smrs.toolsfrog.com/analytics/keywordoverview/?q=best%20customer%20retention%20software&db=us"",""best customer retention software​"")","C","n/a","0","110","","n/a","n/a","12","0.00","0.04","=HYPERLINK(""https://smrs.toolsfrog.com/analytics/serp/?phrase=best%20customer%20retention%20software&db=us&serpId=b-h-97-0603-8552107603974234149"",""5"")","130","3 weeks"
"calculate customer retention costs","=HYPERLINK(""https://smrs.toolsfrog.com/analytics/keywordoverview/?q=calculate%20customer%20retention%20costs&db=us"",""calculate customer retention costs​"")","I","n/a","0","110","","n/a","n/a","30","0.00","0.33","=HYPERLINK(""https://smrs.toolsfrog.com/analytics/serp/?phrase=calculate%20customer%20retention%20costs&db=us&serpId=b-g-97-0417-17156130646007445208"",""7"")","166M","1 month"
"call center customer retention","=HYPERLINK(""https://smrs.toolsfrog.com/analytics/keywordoverview/?q=call%20center%20customer%20retention&db=us"",""call center customer retention​"")","I","n/a","0","110","","n/a","n/a","8","0.00","0.33","=HYPERLINK(""https://smrs.toolsfrog.com/analytics/serp/?phrase=call%20center%20customer%20retention&db=us&serpId=b-d-97-0502-18221156966740505059"",""6"")","262M","1 month"
"comcast customer retention department phone number","=HYPERLINK(""https://smrs.toolsfrog.com/analytics/keywordoverview/?q=comcast%20customer%20retention%20department%20phone%20number&db=us"",""comcast customer retention department phone number​"")","N","n/a","0","110","","n/a","n/a","24","0.95","0.03","=HYPERLINK(""https://smrs.toolsfrog.com/analytics/serp/?phrase=comcast%20customer%20retention%20department%20phone%20number&db=us&serpId=b-e-97-0530-6729653024411512857"",""3"")","79","3 weeks"
"comcast customer retention number","=HYPERLINK(""https://smrs.toolsfrog.com/analytics/keywordoverview/?q=comcast%20customer%20retention%20number&db=us"",""comcast customer retention number​"")","I","n/a","0","110","","n/a","n/a","16","1.71","0.02","=HYPERLINK(""https://smrs.toolsfrog.com/analytics/serp/?phrase=comcast%20customer%20retention%20number&db=us&serpId=b-g-97-0525-11971546886027072573"",""2"")","64","1 month"
"comcast xfinity customer retention","=HYPERLINK(""https://smrs.toolsfrog.com/analytics/keywordoverview/?q=comcast%20xfinity%20customer%20retention&db=us"",""comcast xfinity customer retention​"")","I","n/a","0","110","","n/a","n/a","36","1.70","0.03","=HYPERLINK(""https://smrs.toolsfrog.com/analytics/serp/?phrase=comcast%20xfinity%20customer%20retention&db=us&serpId=b-h-97-0512-805577097961666453"",""4"")","169K","1 month"
"companies with strong customer loyalty and high retention rates","=HYPERLINK(""https://smrs.toolsfrog.com/analytics/keywordoverview/?q=companies%20with%20strong%20customer%20loyalty%20and%20high%20retention%20rates&db=us"",""companies with strong customer loyalty and high retention rates​"")","I","n/a","0","110","","n/a","n/a","19","0.00","0.00","=HYPERLINK(""https://smrs.toolsfrog.com/analytics/serp/?phrase=companies%20with%20strong%20customer%20loyalty%20and%20high%20retention%20rates&db=us&serpId=b-g-97-0502-7923549680373070814"",""5"")","50.1M","1 month"
"crm for customer retention","=HYPERLINK(""https://smrs.toolsfrog.com/analytics/keywordoverview/?q=crm%20for%20customer%20retention&db=us"",""crm for customer retention​"")","I","n/a","0","110","","n/a","n/a","14","0.00","0.05","=HYPERLINK(""https://smrs.toolsfrog.com/analytics/serp/?phrase=crm%20for%20customer%20retention&db=us&serpId=b-f-97-0503-13328167888180186677"",""4"")","120","1 month"
"customer acquisition and retention strategy","=HYPERLINK(""https://smrs.toolsfrog.com/analytics/keywordoverview/?q=customer%20acquisition%20and%20retention%20strategy&db=us"",""customer acquisition and retention strategy​"")","I - C","n/a","0","110","","n/a","n/a","20","0.00","0.01","=HYPERLINK(""https://smrs.toolsfrog.com/analytics/serp/?phrase=customer%20acquisition%20and%20retention%20strategy&db=us&serpId=b-h-97-0603-13883036084045817693"",""5"")","164","3 weeks"
"customer acquisition retention","=HYPERLINK(""https://smrs.toolsfrog.com/analytics/keywordoverview/?q=customer%20acquisition%20retention&db=us"",""customer acquisition retention​"")","I","n/a","0","110","","n/a","n/a","31","3.97","0.11","=HYPERLINK(""https://smrs.toolsfrog.com/analytics/serp/?phrase=customer%20acquisition%20retention&db=us&serpId=b-h-97-0521-14153747978077120427"",""6"")","138","1 month"
"customer acquisitions costs vs retention costs","=HYPERLINK(""https://smrs.toolsfrog.com/analytics/keywordoverview/?q=customer%20acquisitions%20costs%20vs%20retention%20costs&db=us"",""customer acquisitions costs vs retention costs​"")","C","n/a","0","110","","n/a","n/a","36","0.00","0.00","=HYPERLINK(""https://smrs.toolsfrog.com/analytics/serp/?phrase=customer%20acquisitions%20costs%20vs%20retention%20costs&db=us&serpId=b-d-97-0427-15912911254269678082"",""6"")","52.1M","1 month"
"customer relationship management and customer retention","=HYPERLINK(""https://smrs.toolsfrog.com/analytics/keywordoverview/?q=customer%20relationship%20management%20and%20customer%20retention&db=us"",""customer relationship management and customer retention​"")","I","n/a","0","110","","n/a","n/a","6","11.56","0.07","=HYPERLINK(""https://smrs.toolsfrog.com/analytics/serp/?phrase=customer%20relationship%20management%20and%20customer%20retention&db=us&serpId=b-g-97-0423-9545803221536519790"",""4"")","169","1 month"
"customer retention analysis","=HYPERLINK(""https://smrs.toolsfrog.com/analytics/keywordoverview/?q=customer%20retention%20analysis&db=us"",""customer retention analysis​"")","I","n/a","0","110","","n/a","n/a","20","7.30","0.18","=HYPERLINK(""https://smrs.toolsfrog.com/analytics/serp/?phrase=customer%20retention%20analysis&db=us&serpId=b-h-97-0521-13990867052608557541"",""6"")","133","1 month"
"customer retention and satisfaction","=HYPERLINK(""https://smrs.toolsfrog.com/analytics/keywordoverview/?q=customer%20retention%20and%20satisfaction&db=us"",""customer retention and satisfaction​"")","I","n/a","0","110","","n/a","n/a","16","0.00","0.01","=HYPERLINK(""https://smrs.toolsfrog.com/analytics/serp/?phrase=customer%20retention%20and%20satisfaction&db=us&serpId=b-e-97-0504-1531752784956288592"",""5"")","53.9M","1 month"
"customer retention automation","=HYPERLINK(""https://smrs.toolsfrog.com/analytics/keywordoverview/?q=customer%20retention%20automation&db=us"",""customer retention automation​"")","I","n/a","0","110","","n/a","n/a","18","0.00","0.03","=HYPERLINK(""https://smrs.toolsfrog.com/analytics/serp/?phrase=customer%20retention%20automation&db=us&serpId=b-h-97-0415-2883955656385108500"",""7"")","82.4M","1 month"
"customer retention best practices","=HYPERLINK(""https://smrs.toolsfrog.com/analytics/keywordoverview/?q=customer%20retention%20best%20practices&db=us"",""customer retention best practices​"")","I - C","n/a","0","110","","n/a","n/a","46","0.00","0.02","=HYPERLINK(""https://smrs.toolsfrog.com/analytics/serp/?phrase=customer%20retention%20best%20practices&db=us&serpId=b-g-97-0605-2426211478943393200"",""6"")","132","3 weeks"
"customer retention crm","=HYPERLINK(""https://smrs.toolsfrog.com/analytics/keywordoverview/?q=customer%20retention%20crm&db=us"",""customer retention crm​"")","I","n/a","0","110","","n/a","n/a","19","20.56","0.01","=HYPERLINK(""https://smrs.toolsfrog.com/analytics/serp/?phrase=customer%20retention%20crm&db=us&serpId=b-e-97-0603-14758254042218060134"",""6"")","120","3 weeks"
"customer retention customer acquisition","=HYPERLINK(""https://smrs.toolsfrog.com/analytics/keywordoverview/?q=customer%20retention%20customer%20acquisition&db=us"",""customer retention customer acquisition​"")","I - C","n/a","0","110","","n/a","n/a","29","3.97","0.11","=HYPERLINK(""https://smrs.toolsfrog.com/analytics/serp/?phrase=customer%20retention%20customer%20acquisition&db=us&serpId=b-e-97-0423-11511816583248046076"",""6"")","64.6M","1 month"
"customer retention ecommerce","=HYPERLINK(""https://smrs.toolsfrog.com/analytics/keywordoverview/?q=customer%20retention%20ecommerce&db=us"",""customer retention ecommerce​"")","I","n/a","0","110","","n/a","n/a","26","12.46","0.01","=HYPERLINK(""https://smrs.toolsfrog.com/analytics/serp/?phrase=customer%20retention%20ecommerce&db=us&serpId=b-g-97-0529-192898799071293541"",""5"")","131","4 weeks"
"customer retention in banking","=HYPERLINK(""https://smrs.toolsfrog.com/analytics/keywordoverview/?q=customer%20retention%20in%20banking&db=us"",""customer retention in banking​"")","I","n/a","0","110","","n/a","n/a","8","0.00","0.07","=HYPERLINK(""https://smrs.toolsfrog.com/analytics/serp/?phrase=customer%20retention%20in%20banking&db=us&serpId=b-g-97-0517-2643364583282084433"",""5"")","134","1 month"
"customer retention in insurance industry","=HYPERLINK(""https://smrs.toolsfrog.com/analytics/keywordoverview/?q=customer%20retention%20in%20insurance%20industry&db=us"",""customer retention in insurance industry​"")","I","n/a","0","110","","n/a","n/a","14","0.00","0.05","=HYPERLINK(""https://smrs.toolsfrog.com/analytics/serp/?phrase=customer%20retention%20in%20insurance%20industry&db=us&serpId=b-f-97-0429-2678488451873891092"",""4"")","147","1 month"
"customer retention kpi","=HYPERLINK(""https://smrs.toolsfrog.com/analytics/keywordoverview/?q=customer%20retention%20kpi&db=us"",""customer retention kpi​"")","I","n/a","0","110","","n/a","n/a","25","4.70","0.30","=HYPERLINK(""https://smrs.toolsfrog.com/analytics/serp/?phrase=customer%20retention%20kpi&db=us&serpId=b-e-97-0504-799845831460472153"",""6"")","137","1 month"
"customer retention model","=HYPERLINK(""https://smrs.toolsfrog.com/analytics/keywordoverview/?q=customer%20retention%20model&db=us"",""customer retention model​"")","I","n/a","0","110","","n/a","n/a","26","6.71","0.16","=HYPERLINK(""https://smrs.toolsfrog.com/analytics/serp/?phrase=customer%20retention%20model&db=us&serpId=b-g-97-0517-11746369815407729570"",""7"")","161","1 month"
"customer retention rate calculation","=HYPERLINK(""https://smrs.toolsfrog.com/analytics/keywordoverview/?q=customer%20retention%20rate%20calculation&db=us"",""customer retention rate calculation​"")","I","n/a","0","110","","n/a","n/a","33","2.80","0.18","=HYPERLINK(""https://smrs.toolsfrog.com/analytics/serp/?phrase=customer%20retention%20rate%20calculation&db=us&serpId=b-f-97-0428-639427563557885157"",""7"")","66.7M","1 month"
"customer retention strategies for restaurants","=HYPERLINK(""https://smrs.toolsfrog.com/analytics/keywordoverview/?q=customer%20retention%20strategies%20for%20restaurants&db=us"",""customer retention strategies for restaurants​"")","I","n/a","0","110","","n/a","n/a","10","0.00","0.33","=HYPERLINK(""https://smrs.toolsfrog.com/analytics/serp/?phrase=customer%20retention%20strategies%20for%20restaurants&db=us&serpId=b-e-97-0603-10486974214594045163"",""5"")","156","3 weeks"
"customer retention strategies in crm","=HYPERLINK(""https://smrs.toolsfrog.com/analytics/keywordoverview/?q=customer%20retention%20strategies%20in%20crm&db=us"",""customer retention strategies in crm​"")","I","n/a","0","110","","n/a","n/a","19","0.00","0.14","=HYPERLINK(""https://smrs.toolsfrog.com/analytics/serp/?phrase=customer%20retention%20strategies%20in%20crm&db=us&serpId=b-f-97-0510-8761585761259277552"",""7"")","19.7M","1 month"
"customer retention techniques","=HYPERLINK(""https://smrs.toolsfrog.com/analytics/keywordoverview/?q=customer%20retention%20techniques&db=us"",""customer retention techniques​"")","I","n/a","0","110","","n/a","n/a","44","7.12","0.24","=HYPERLINK(""https://smrs.toolsfrog.com/analytics/serp/?phrase=customer%20retention%20techniques&db=us&serpId=b-g-97-0428-9963343735564127754"",""6"")","52.3M","1 month"
"customer retention technology","=HYPERLINK(""https://smrs.toolsfrog.com/analytics/keywordoverview/?q=customer%20retention%20technology&db=us"",""customer retention technology​"")","I","n/a","0","110","","n/a","n/a","19","0.00","0.02","=HYPERLINK(""https://smrs.toolsfrog.com/analytics/serp/?phrase=customer%20retention%20technology&db=us&serpId=b-h-97-0414-6729532611689581042"",""6"")","149M","1 month"
"customer retention tips","=HYPERLINK(""https://smrs.toolsfrog.com/analytics/keywordoverview/?q=customer%20retention%20tips&db=us"",""customer retention tips​"")","I","n/a","0","110","","n/a","n/a","45","2.76","0.28","=HYPERLINK(""https://smrs.toolsfrog.com/analytics/serp/?phrase=customer%20retention%20tips&db=us&serpId=b-e-97-0603-17308128845476003654"",""5"")","136","3 weeks"
"customer satisfaction and customer retention","=HYPERLINK(""https://smrs.toolsfrog.com/analytics/keywordoverview/?q=customer%20satisfaction%20and%20customer%20retention&db=us"",""customer satisfaction and customer retention​"")","I","n/a","0","110","","n/a","n/a","24","0.00","0.01","=HYPERLINK(""https://smrs.toolsfrog.com/analytics/serp/?phrase=customer%20satisfaction%20and%20customer%20retention&db=us&serpId=b-g-97-0516-1677643436420079917"",""6"")","174","1 month"
"customer service and customer retention","=HYPERLINK(""https://smrs.toolsfrog.com/analytics/keywordoverview/?q=customer%20service%20and%20customer%20retention&db=us"",""customer service and customer retention​"")","I","n/a","0","110","","n/a","n/a","23","8.29","0.13","=HYPERLINK(""https://smrs.toolsfrog.com/analytics/serp/?phrase=customer%20service%20and%20customer%20retention&db=us&serpId=b-e-97-0422-3248644525619941396"",""5"")","203M","1 month"
"customer service customer retention","=HYPERLINK(""https://smrs.toolsfrog.com/analytics/keywordoverview/?q=customer%20service%20customer%20retention&db=us"",""customer service customer retention​"")","I","n/a","0","110","","n/a","n/a","27","8.29","0.13","=HYPERLINK(""https://smrs.toolsfrog.com/analytics/serp/?phrase=customer%20service%20customer%20retention&db=us&serpId=b-h-97-0521-11412888705033395991"",""5"")","151","1 month"
"customer service retention","=HYPERLINK(""https://smrs.toolsfrog.com/analytics/keywordoverview/?q=customer%20service%20retention&db=us"",""customer service retention​"")","I","n/a","0","110","","n/a","n/a","32","8.29","0.13","=HYPERLINK(""https://smrs.toolsfrog.com/analytics/serp/?phrase=customer%20service%20retention&db=us&serpId=b-f-97-0423-17641098279127326366"",""5"")","135","1 month"
"directv customer retention department","=HYPERLINK(""https://smrs.toolsfrog.com/analytics/keywordoverview/?q=directv%20customer%20retention%20department&db=us"",""directv customer retention department​"")","I","n/a","0","110","","n/a","n/a","14","0.00","0.00","=HYPERLINK(""https://smrs.toolsfrog.com/analytics/serp/?phrase=directv%20customer%20retention%20department&db=us&serpId=b-h-97-0503-17494014414821474128"",""3"")","67.1K","1 month"
"directv customer retention dept","=HYPERLINK(""https://smrs.toolsfrog.com/analytics/keywordoverview/?q=directv%20customer%20retention%20dept&db=us"",""directv customer retention dept​"")","I","n/a","0","110","","n/a","n/a","17","0.00","0.00","=HYPERLINK(""https://smrs.toolsfrog.com/analytics/serp/?phrase=directv%20customer%20retention%20dept&db=us&serpId=b-g-97-0503-15754837585224486465"",""3"")","62.8K","1 month"
"ecommerce website design solutions customer acquisition retention barriers","=HYPERLINK(""https://smrs.toolsfrog.com/analytics/keywordoverview/?q=ecommerce%20website%20design%20solutions%20customer%20acquisition%20retention%20barriers&db=us"",""ecommerce website design solutions customer acquisition retention barriers​"")","n/a","n/a","0","110","","n/a","n/a","n/a","0.00","0.00","n/a","n/a","For metrics, refresh"
"etsy customer retention repeat buyers email marketing strategy","=HYPERLINK(""https://smrs.toolsfrog.com/analytics/keywordoverview/?q=etsy%20customer%20retention%20repeat%20buyers%20email%20marketing%20strategy&db=us"",""etsy customer retention repeat buyers email marketing strategy​"")","n/a","n/a","0","110","","n/a","n/a","n/a","0.00","0.00","n/a","n/a","For metrics, refresh"
"how do you calculate customer retention rate","=HYPERLINK(""https://smrs.toolsfrog.com/analytics/keywordoverview/?q=how%20do%20you%20calculate%20customer%20retention%20rate&db=us"",""how do you calculate customer retention rate​"")","I","n/a","0","110","","n/a","n/a","34","2.29","0.22","=HYPERLINK(""https://smrs.toolsfrog.com/analytics/serp/?phrase=how%20do%20you%20calculate%20customer%20retention%20rate&db=us&serpId=b-g-97-0521-17189726481459496589"",""6"")","149","1 month"
"how to improve customer retention using wallet-based loyalty programs","=HYPERLINK(""https://smrs.toolsfrog.com/analytics/keywordoverview/?q=how%20to%20improve%20customer%20retention%20using%20wallet-based%20loyalty%20programs&db=us"",""how to improve customer retention using wallet-based loyalty programs​"")","I","n/a","0","110","","n/a","n/a","8","0.00","0.00","=HYPERLINK(""https://smrs.toolsfrog.com/analytics/serp/?phrase=how%20to%20improve%20customer%20retention%20using%20wallet-based%20loyalty%20programs&db=us&serpId=b-g-97-0509-17690816569257705983"",""3"")","2.8M","1 month"
"manash pratim kashyap ps fader customer retention 2018 2019","=HYPERLINK(""https://smrs.toolsfrog.com/analytics/keywordoverview/?q=manash%20pratim%20kashyap%20ps%20fader%20customer%20retention%202018%202019&db=us"",""manash pratim kashyap ps fader customer retention 2018 2019​"")","I","n/a","0","110","","n/a","n/a","12","0.00","0.00","=HYPERLINK(""https://smrs.toolsfrog.com/analytics/serp/?phrase=manash%20pratim%20kashyap%20ps%20fader%20customer%20retention%202018%202019&db=us&serpId=b-f-97-0502-14065156445420894117"",""2"")","296","1 month"
"ps fader customer retention model 2018 2019","=HYPERLINK(""https://smrs.toolsfrog.com/analytics/keywordoverview/?q=ps%20fader%20customer%20retention%20model%202018%202019&db=us"",""ps fader customer retention model 2018 2019​"")","I","n/a","0","110","","n/a","n/a","16","0.00","0.00","=HYPERLINK(""https://smrs.toolsfrog.com/analytics/serp/?phrase=ps%20fader%20customer%20retention%20model%202018%202019&db=us&serpId=b-h-97-0508-8194178146346034141"",""3"")","31.2K","1 month"
"spectrum customer retention department","=HYPERLINK(""https://smrs.toolsfrog.com/analytics/keywordoverview/?q=spectrum%20customer%20retention%20department&db=us"",""spectrum customer retention department​"")","I","n/a","0","110","","n/a","n/a","17","2.40","0.02","=HYPERLINK(""https://smrs.toolsfrog.com/analytics/serp/?phrase=spectrum%20customer%20retention%20department&db=us&serpId=b-h-97-0601-7559490988072667368"",""5"")","108","3 weeks"
"t mobile customer retention offers","=HYPERLINK(""https://smrs.toolsfrog.com/analytics/keywordoverview/?q=t%20mobile%20customer%20retention%20offers&db=us"",""t mobile customer retention offers​"")","n/a","n/a","0","110","","n/a","n/a","n/a","0.00","0.08","n/a","n/a","For metrics, refresh"
"what does customer retention mean","=HYPERLINK(""https://smrs.toolsfrog.com/analytics/keywordoverview/?q=what%20does%20customer%20retention%20mean&db=us"",""what does customer retention mean​"")","I","n/a","0","110","","n/a","n/a","45","0.47","0.04","=HYPERLINK(""https://smrs.toolsfrog.com/analytics/serp/?phrase=what%20does%20customer%20retention%20mean&db=us&serpId=b-h-97-0421-18376962660027267353"",""5"")","124M","1 month"
"what is a good customer retention rate","=HYPERLINK(""https://smrs.toolsfrog.com/analytics/keywordoverview/?q=what%20is%20a%20good%20customer%20retention%20rate&db=us"",""what is a good customer retention rate​"")","I","n/a","0","110","","n/a","n/a","30","1.70","0.04","=HYPERLINK(""https://smrs.toolsfrog.com/analytics/serp/?phrase=what%20is%20a%20good%20customer%20retention%20rate&db=us&serpId=b-e-97-0605-10374495138202225405"",""6"")","165","3 weeks"
"why customer retention is important","=HYPERLINK(""https://smrs.toolsfrog.com/analytics/keywordoverview/?q=why%20customer%20retention%20is%20important&db=us"",""why customer retention is important​"")","I","n/a","0","110","","n/a","n/a","40","2.64","0.29","=HYPERLINK(""https://smrs.toolsfrog.com/analytics/serp/?phrase=why%20customer%20retention%20is%20important&db=us&serpId=b-d-97-0416-10182086357491208563"",""6"")","162","1 month"
"ai customer retention","=HYPERLINK(""https://smrs.toolsfrog.com/analytics/keywordoverview/?q=ai%20customer%20retention&db=us"",""ai customer retention​"")","I","n/a","0","90","","n/a","n/a","18","0.00","0.11","=HYPERLINK(""https://smrs.toolsfrog.com/analytics/serp/?phrase=ai%20customer%20retention&db=us&serpId=b-f-97-0505-9883944614581399004"",""6"")","128","1 month"
"b2b saas customer retention strategies","=HYPERLINK(""https://smrs.toolsfrog.com/analytics/keywordoverview/?q=b2b%20saas%20customer%20retention%20strategies&db=us"",""b2b saas customer retention strategies​"")","I","n/a","0","90","","n/a","n/a","34","0.00","0.33","=HYPERLINK(""https://smrs.toolsfrog.com/analytics/serp/?phrase=b2b%20saas%20customer%20retention%20strategies&db=us&serpId=b-h-97-0522-17332805635540392914"",""4"")","165","1 month"
"boutique customer retention","=HYPERLINK(""https://smrs.toolsfrog.com/analytics/keywordoverview/?q=boutique%20customer%20retention&db=us"",""boutique customer retention​"")","I","n/a","0","90","","n/a","n/a","1","0.00","0.00","=HYPERLINK(""https://smrs.toolsfrog.com/analytics/serp/?phrase=boutique%20customer%20retention&db=us&serpId=b-g-97-0512-9500466638170704636"",""6"")","11.8M","1 month"
"creating customer loyalty and retention","=HYPERLINK(""https://smrs.toolsfrog.com/analytics/keywordoverview/?q=creating%20customer%20loyalty%20and%20retention&db=us"",""creating customer loyalty and retention​"")","I","n/a","0","90","","n/a","n/a","26","0.00","0.33","=HYPERLINK(""https://smrs.toolsfrog.com/analytics/serp/?phrase=creating%20customer%20loyalty%20and%20retention&db=us&serpId=b-h-97-0526-7469711759304122850"",""8"")","181","1 month"
"customer acquisition retention and expansion","=HYPERLINK(""https://smrs.toolsfrog.com/analytics/keywordoverview/?q=customer%20acquisition%20retention%20and%20expansion&db=us"",""customer acquisition retention and expansion​"")","I","n/a","0","90","","n/a","n/a","23","0.00","0.33","=HYPERLINK(""https://smrs.toolsfrog.com/analytics/serp/?phrase=customer%20acquisition%20retention%20and%20expansion&db=us&serpId=b-f-97-0427-387315356588248966"",""5"")","21.4M","1 month"
"customer journey retention","=HYPERLINK(""https://smrs.toolsfrog.com/analytics/keywordoverview/?q=customer%20journey%20retention&db=us"",""customer journey retention​"")","I","n/a","0","90","","n/a","n/a","24","0.00","0.01","=HYPERLINK(""https://smrs.toolsfrog.com/analytics/serp/?phrase=customer%20journey%20retention&db=us&serpId=b-g-97-0603-15746445010001433273"",""6"")","135","3 weeks"
"customer retention acquisition","=HYPERLINK(""https://smrs.toolsfrog.com/analytics/keywordoverview/?q=customer%20retention%20acquisition&db=us"",""customer retention acquisition​"")","I","n/a","0","90","","n/a","n/a","22","3.97","0.11","=HYPERLINK(""https://smrs.toolsfrog.com/analytics/serp/?phrase=customer%20retention%20acquisition&db=us&serpId=b-e-97-0516-8565314473883064608"",""6"")","139","1 month"
"customer retention and growth","=HYPERLINK(""https://smrs.toolsfrog.com/analytics/keywordoverview/?q=customer%20retention%20and%20growth&db=us"",""customer retention and growth​"")","I","n/a","0","90","","n/a","n/a","39","0.00","0.33","=HYPERLINK(""https://smrs.toolsfrog.com/analytics/serp/?phrase=customer%20retention%20and%20growth&db=us&serpId=b-h-97-0427-9505441203920665860"",""5"")","105M","1 month"
"customer retention campaigns","=HYPERLINK(""https://smrs.toolsfrog.com/analytics/keywordoverview/?q=customer%20retention%20campaigns&db=us"",""customer retention campaigns​"")","I","n/a","0","90","","n/a","n/a","34","5.85","0.14","=HYPERLINK(""https://smrs.toolsfrog.com/analytics/serp/?phrase=customer%20retention%20campaigns&db=us&serpId=b-e-97-0603-4679789269323942133"",""6"")","136","3 weeks"
"customer retention marketing tactics","=HYPERLINK(""https://smrs.toolsfrog.com/analytics/keywordoverview/?q=customer%20retention%20marketing%20tactics&db=us"",""customer retention marketing tactics​"")","I","n/a","0","90","","n/a","n/a","40","4.37","0.04","=HYPERLINK(""https://smrs.toolsfrog.com/analytics/serp/?phrase=customer%20retention%20marketing%20tactics&db=us&serpId=b-h-97-0605-3955620481372412553"",""5"")","128","3 weeks"
"customer retention outsourcing","=HYPERLINK(""https://smrs.toolsfrog.com/analytics/keywordoverview/?q=customer%20retention%20outsourcing&db=us"",""customer retention outsourcing​"")","I","n/a","0","90","","n/a","n/a","0","0.00","0.33","=HYPERLINK(""https://smrs.toolsfrog.com/analytics/serp/?phrase=customer%20retention%20outsourcing&db=us&serpId=b-e-97-0503-9948524152723996233"",""6"")","18.1M","1 month"
"customer retention plan","=HYPERLINK(""https://smrs.toolsfrog.com/analytics/keywordoverview/?q=customer%20retention%20plan&db=us"",""customer retention plan​"")","I","n/a","0","90","","n/a","n/a","36","6.50","0.07","=HYPERLINK(""https://smrs.toolsfrog.com/analytics/serp/?phrase=customer%20retention%20plan&db=us&serpId=b-e-97-0413-11872832734384555193"",""7"")","147M","1 month"
"customer retention rate calculator","=HYPERLINK(""https://smrs.toolsfrog.com/analytics/keywordoverview/?q=customer%20retention%20rate%20calculator&db=us"",""customer retention rate calculator​"")","I","n/a","0","90","","n/a","n/a","30","2.80","0.18","=HYPERLINK(""https://smrs.toolsfrog.com/analytics/serp/?phrase=customer%20retention%20rate%20calculator&db=us&serpId=b-g-97-0527-15318790152580677090"",""5"")","111","4 weeks"
"customer retention specialist job description","=HYPERLINK(""https://smrs.toolsfrog.com/analytics/keywordoverview/?q=customer%20retention%20specialist%20job%20description&db=us"",""customer retention specialist job description​"")","I - C","n/a","0","90","","n/a","n/a","9","0.00","0.01","=HYPERLINK(""https://smrs.toolsfrog.com/analytics/serp/?phrase=customer%20retention%20specialist%20job%20description&db=us&serpId=b-e-97-0523-4730535123082832114"",""4"")","104","1 month"
"customer retention stats","=HYPERLINK(""https://smrs.toolsfrog.com/analytics/keywordoverview/?q=customer%20retention%20stats&db=us"",""customer retention stats​"")","I","n/a","0","90","","n/a","n/a","37","5.36","0.45","=HYPERLINK(""https://smrs.toolsfrog.com/analytics/serp/?phrase=customer%20retention%20stats&db=us&serpId=b-h-97-0517-352422223129570521"",""5"")","129","1 month"
"customer retention vs churn","=HYPERLINK(""https://smrs.toolsfrog.com/analytics/keywordoverview/?q=customer%20retention%20vs%20churn&db=us"",""customer retention vs churn​"")","I - C","n/a","0","90","","n/a","n/a","17","1.22","0.50","=HYPERLINK(""https://smrs.toolsfrog.com/analytics/serp/?phrase=customer%20retention%20vs%20churn&db=us&serpId=b-f-97-0503-14312543402049616914"",""5"")","12.1M","1 month"
"customer retention xfinity","=HYPERLINK(""https://smrs.toolsfrog.com/analytics/keywordoverview/?q=customer%20retention%20xfinity&db=us"",""customer retention xfinity​"")","I","n/a","0","90","","n/a","n/a","23","1.70","0.03","=HYPERLINK(""https://smrs.toolsfrog.com/analytics/serp/?phrase=customer%20retention%20xfinity&db=us&serpId=b-f-97-0522-15920338477277582755"",""4"")","99","1 month"
"customer satisfaction customer retention","=HYPERLINK(""https://smrs.toolsfrog.com/analytics/keywordoverview/?q=customer%20satisfaction%20customer%20retention&db=us"",""customer satisfaction customer retention​"")","I","n/a","0","90","","n/a","n/a","23","0.00","0.01","=HYPERLINK(""https://smrs.toolsfrog.com/analytics/serp/?phrase=customer%20satisfaction%20customer%20retention&db=us&serpId=b-f-97-0518-4616942969711756856"",""6"")","137","1 month"
"customer satisfaction retention and loyalty","=HYPERLINK(""https://smrs.toolsfrog.com/analytics/keywordoverview/?q=customer%20satisfaction%20retention%20and%20loyalty&db=us"",""customer satisfaction retention and loyalty​"")","I","n/a","0","90","","n/a","n/a","11","0.00","0.33","=HYPERLINK(""https://smrs.toolsfrog.com/analytics/serp/?phrase=customer%20satisfaction%20retention%20and%20loyalty&db=us&serpId=b-h-97-0414-7794684354498714023"",""4"")","173","1 month"
"customer service and retention","=HYPERLINK(""https://smrs.toolsfrog.com/analytics/keywordoverview/?q=customer%20service%20and%20retention&db=us"",""customer service and retention​"")","I","n/a","0","90","","n/a","n/a","27","8.29","0.13","=HYPERLINK(""https://smrs.toolsfrog.com/analytics/serp/?phrase=customer%20service%20and%20retention&db=us&serpId=b-g-97-0514-11509661135314470039"",""5"")","85.8K","1 month"
"customs retention or investigation","=HYPERLINK(""https://smrs.toolsfrog.com/analytics/keywordoverview/?q=customs%20retention%20or%20investigation&db=us"",""customs retention or investigation​"")","I","n/a","0","90","","n/a","n/a","8","0.00","0.00","=HYPERLINK(""https://smrs.toolsfrog.com/analytics/serp/?phrase=customs%20retention%20or%20investigation&db=us&serpId=b-f-97-0414-9573699836350886130"",""5"")","7.7M","1 month"
"dealership customer retention","=HYPERLINK(""https://smrs.toolsfrog.com/analytics/keywordoverview/?q=dealership%20customer%20retention&db=us"",""dealership customer retention​"")","I","n/a","0","90","","n/a","n/a","7","0.00","0.10","=HYPERLINK(""https://smrs.toolsfrog.com/analytics/serp/?phrase=dealership%20customer%20retention&db=us&serpId=b-f-97-0503-8394277697301661575"",""3"")","134","1 month"
"how to improve customer retention in cleaning business","=HYPERLINK(""https://smrs.toolsfrog.com/analytics/keywordoverview/?q=how%20to%20improve%20customer%20retention%20in%20cleaning%20business&db=us"",""how to improve customer retention in cleaning business​"")","I","n/a","0","90","","n/a","n/a","8","0.00","0.00","=HYPERLINK(""https://smrs.toolsfrog.com/analytics/serp/?phrase=how%20to%20improve%20customer%20retention%20in%20cleaning%20business&db=us&serpId=b-e-97-0428-1862159870284003822"",""5"")","178M","1 month"
"implementing loyalty program customer retention strategy","=HYPERLINK(""https://smrs.toolsfrog.com/analytics/keywordoverview/?q=implementing%20loyalty%20program%20customer%20retention%20strategy&db=us"",""implementing loyalty program customer retention strategy​"")","n/a","n/a","0","90","","n/a","n/a","n/a","0.00","0.00","n/a","n/a","For metrics, refresh"
"improving customer retention","=HYPERLINK(""https://smrs.toolsfrog.com/analytics/keywordoverview/?q=improving%20customer%20retention&db=us"",""improving customer retention​"")","I","n/a","0","90","","n/a","n/a","32","4.77","0.11","=HYPERLINK(""https://smrs.toolsfrog.com/analytics/serp/?phrase=improving%20customer%20retention&db=us&serpId=b-f-97-0526-6728435618854406901"",""7"")","134","1 month"
"landscaping customer retention","=HYPERLINK(""https://smrs.toolsfrog.com/analytics/keywordoverview/?q=landscaping%20customer%20retention&db=us"",""landscaping customer retention​"")","I","n/a","0","90","","n/a","n/a","7","0.00","0.00","=HYPERLINK(""https://smrs.toolsfrog.com/analytics/serp/?phrase=landscaping%20customer%20retention&db=us&serpId=b-e-97-0502-9117032953649249099"",""6"")","182","1 month"
"loyalty programs and customer retention","=HYPERLINK(""https://smrs.toolsfrog.com/analytics/keywordoverview/?q=loyalty%20programs%20and%20customer%20retention&db=us"",""loyalty programs and customer retention​"")","I - C","n/a","0","90","","n/a","n/a","21","0.00","0.66","=HYPERLINK(""https://smrs.toolsfrog.com/analytics/serp/?phrase=loyalty%20programs%20and%20customer%20retention&db=us&serpId=b-e-97-0527-1287426586518722315"",""8"")","162","4 weeks"
"manash pratim kashyap customer retention model 2018 2019","=HYPERLINK(""https://smrs.toolsfrog.com/analytics/keywordoverview/?q=manash%20pratim%20kashyap%20customer%20retention%20model%202018%202019&db=us"",""manash pratim kashyap customer retention model 2018 2019​"")","I","n/a","0","90","","n/a","n/a","9","0.00","0.00","=HYPERLINK(""https://smrs.toolsfrog.com/analytics/serp/?phrase=manash%20pratim%20kashyap%20customer%20retention%20model%202018%202019&db=us&serpId=b-g-97-0519-15555851193825326446"",""0"")","5.2K","1 month"
"manash pratim kashyap ps fader customer retention 2018 2019 model","=HYPERLINK(""https://smrs.toolsfrog.com/analytics/keywordoverview/?q=manash%20pratim%20kashyap%20ps%20fader%20customer%20retention%202018%202019%20model&db=us"",""manash pratim kashyap ps fader customer retention 2018 2019 model​"")","I","n/a","0","90","","n/a","n/a","10","0.00","0.00","=HYPERLINK(""https://smrs.toolsfrog.com/analytics/serp/?phrase=manash%20pratim%20kashyap%20ps%20fader%20customer%20retention%202018%202019%20model&db=us&serpId=b-d-97-0502-3123925987150455952"",""2"")","296","1 month"
"marketing customer retention","=HYPERLINK(""https://smrs.toolsfrog.com/analytics/keywordoverview/?q=marketing%20customer%20retention&db=us"",""marketing customer retention​"")","I","n/a","0","90","","n/a","n/a","45","13.01","0.05","=HYPERLINK(""https://smrs.toolsfrog.com/analytics/serp/?phrase=marketing%20customer%20retention&db=us&serpId=b-h-97-0423-1919349452408105544"",""5"")","192","1 month"
"net promoter score correlation with customer retention","=HYPERLINK(""https://smrs.toolsfrog.com/analytics/keywordoverview/?q=net%20promoter%20score%20correlation%20with%20customer%20retention&db=us"",""net promoter score correlation with customer retention​"")","n/a","n/a","0","90","","n/a","n/a","n/a","0.00","0.00","n/a","n/a","For metrics, refresh"
"predictive analytics for customer retention","=HYPERLINK(""https://smrs.toolsfrog.com/analytics/keywordoverview/?q=predictive%20analytics%20for%20customer%20retention&db=us"",""predictive analytics for customer retention​"")","I","n/a","0","90","","n/a","n/a","7","0.00","0.01","=HYPERLINK(""https://smrs.toolsfrog.com/analytics/serp/?phrase=predictive%20analytics%20for%20customer%20retention&db=us&serpId=b-g-97-0531-3938167970574859017"",""4"")","159","3 weeks"
"ps fader customer retention study 2018-2019","=HYPERLINK(""https://smrs.toolsfrog.com/analytics/keywordoverview/?q=ps%20fader%20customer%20retention%20study%202018-2019&db=us"",""ps fader customer retention study 2018-2019​"")","I","n/a","0","90","","n/a","n/a","15","0.00","0.00","=HYPERLINK(""https://smrs.toolsfrog.com/analytics/serp/?phrase=ps%20fader%20customer%20retention%20study%202018-2019&db=us&serpId=b-h-97-0520-1427153866101175174"",""2"")","1.8K","1 month"
"ps fader studies customer retention 2018 2019","=HYPERLINK(""https://smrs.toolsfrog.com/analytics/keywordoverview/?q=ps%20fader%20studies%20customer%20retention%202018%202019&db=us"",""ps fader studies customer retention 2018 2019​"")","n/a","n/a","0","90","","n/a","n/a","n/a","0.00","0.00","n/a","n/a","For metrics, refresh"
"retail customer retention","=HYPERLINK(""https://smrs.toolsfrog.com/analytics/keywordoverview/?q=retail%20customer%20retention&db=us"",""retail customer retention​"")","I","n/a","0","90","","n/a","n/a","3","0.00","0.09","=HYPERLINK(""https://smrs.toolsfrog.com/analytics/serp/?phrase=retail%20customer%20retention&db=us&serpId=b-g-97-0523-6302096399373592307"",""6"")","141","1 month"
"retention customer journey","=HYPERLINK(""https://smrs.toolsfrog.com/analytics/keywordoverview/?q=retention%20customer%20journey&db=us"",""retention customer journey​"")","I","n/a","0","90","","n/a","n/a","25","0.00","0.04","=HYPERLINK(""https://smrs.toolsfrog.com/analytics/serp/?phrase=retention%20customer%20journey&db=us&serpId=b-h-97-0425-2143164543908714993"",""8"")","68.2M","1 month"
"saas customer retention strategies","=HYPERLINK(""https://smrs.toolsfrog.com/analytics/keywordoverview/?q=saas%20customer%20retention%20strategies&db=us"",""saas customer retention strategies​"")","I","n/a","0","90","","n/a","n/a","23","8.72","0.12","=HYPERLINK(""https://smrs.toolsfrog.com/analytics/serp/?phrase=saas%20customer%20retention%20strategies&db=us&serpId=b-h-97-0525-13518655506454142817"",""7"")","128","1 month"
"top lending integrations for smb customer retention programs","=HYPERLINK(""https://smrs.toolsfrog.com/analytics/keywordoverview/?q=top%20lending%20integrations%20for%20smb%20customer%20retention%20programs&db=us"",""top lending integrations for smb customer retention programs​"")","I","n/a","0","90","","n/a","n/a","0","0.00","0.00","=HYPERLINK(""https://smrs.toolsfrog.com/analytics/serp/?phrase=top%20lending%20integrations%20for%20smb%20customer%20retention%20programs&db=us&serpId=b-f-97-0518-15146068530291884647"",""3"")","35.1M","1 month"
"verizon customer retention","=HYPERLINK(""https://smrs.toolsfrog.com/analytics/keywordoverview/?q=verizon%20customer%20retention&db=us"",""verizon customer retention​"")","I","n/a","0","90","","n/a","n/a","17","6.04","0.23","=HYPERLINK(""https://smrs.toolsfrog.com/analytics/serp/?phrase=verizon%20customer%20retention&db=us&serpId=b-h-97-0417-9061799474860311896"",""5"")","2.6M","1 month"
"verizon customer retention phone number","=HYPERLINK(""https://smrs.toolsfrog.com/analytics/keywordoverview/?q=verizon%20customer%20retention%20phone%20number&db=us"",""verizon customer retention phone number​"")","T - N","n/a","0","90","","n/a","n/a","34","0.00","0.00","=HYPERLINK(""https://smrs.toolsfrog.com/analytics/serp/?phrase=verizon%20customer%20retention%20phone%20number&db=us&serpId=b-g-97-0510-10739551663400443945"",""2"")","41","1 month"
"verizon wireless customer retention phone number","=HYPERLINK(""https://smrs.toolsfrog.com/analytics/keywordoverview/?q=verizon%20wireless%20customer%20retention%20phone%20number&db=us"",""verizon wireless customer retention phone number​"")","I - N","n/a","0","90","","n/a","n/a","28","0.05","0.05","=HYPERLINK(""https://smrs.toolsfrog.com/analytics/serp/?phrase=verizon%20wireless%20customer%20retention%20phone%20number&db=us&serpId=b-g-97-0601-126735622576106623"",""2"")","73","3 weeks"
"amazon customer retention","=HYPERLINK(""https://smrs.toolsfrog.com/analytics/keywordoverview/?q=amazon%20customer%20retention&db=us"",""amazon customer retention​"")","I","n/a","0","70","","n/a","n/a","34","0.00","0.01","=HYPERLINK(""https://smrs.toolsfrog.com/analytics/serp/?phrase=amazon%20customer%20retention&db=us&serpId=b-f-97-0601-15349796536042140731"",""7"")","107","3 weeks"
"amazon customer retention strategy","=HYPERLINK(""https://smrs.toolsfrog.com/analytics/keywordoverview/?q=amazon%20customer%20retention%20strategy&db=us"",""amazon customer retention strategy​"")","I","n/a","0","70","","n/a","n/a","22","0.00","0.33","=HYPERLINK(""https://smrs.toolsfrog.com/analytics/serp/?phrase=amazon%20customer%20retention%20strategy&db=us&serpId=b-d-97-0501-5440469426251886335"",""5"")","35.7M","1 month"
"at&t customer retention number","=HYPERLINK(""https://smrs.toolsfrog.com/analytics/keywordoverview/?q=at%26t%20customer%20retention%20number&db=us"",""at&t customer retention number​"")","I","n/a","0","70","","n/a","n/a","50","2.79","0.06","=HYPERLINK(""https://smrs.toolsfrog.com/analytics/serp/?phrase=at%26t%20customer%20retention%20number&db=us&serpId=b-f-97-0530-11747666191774888798"",""4"")","83","3 weeks"
"automotive dealership customer retention statistics","=HYPERLINK(""https://smrs.toolsfrog.com/analytics/keywordoverview/?q=automotive%20dealership%20customer%20retention%20statistics&db=us"",""automotive dealership customer retention statistics​"")","I","n/a","0","70","","n/a","n/a","16","0.00","0.14","=HYPERLINK(""https://smrs.toolsfrog.com/analytics/serp/?phrase=automotive%20dealership%20customer%20retention%20statistics&db=us&serpId=b-d-97-0424-7662812464586767046"",""3"")","3.9M","1 month"
"banking client retention strategies customer loyalty","=HYPERLINK(""https://smrs.toolsfrog.com/analytics/keywordoverview/?q=banking%20client%20retention%20strategies%20customer%20loyalty&db=us"",""banking client retention strategies customer loyalty​"")","n/a","n/a","0","70","","n/a","n/a","n/a","0.00","0.00","n/a","n/a","For metrics, refresh"
"benefits of customer retention","=HYPERLINK(""https://smrs.toolsfrog.com/analytics/keywordoverview/?q=benefits%20of%20customer%20retention&db=us"",""benefits of customer retention​"")","I","n/a","0","70","","n/a","n/a","24","0.00","0.08","=HYPERLINK(""https://smrs.toolsfrog.com/analytics/serp/?phrase=benefits%20of%20customer%20retention&db=us&serpId=b-g-97-0423-744452083901474134"",""6"")","141M","1 month"
"calculating customer retention rate","=HYPERLINK(""https://smrs.toolsfrog.com/analytics/keywordoverview/?q=calculating%20customer%20retention%20rate&db=us"",""calculating customer retention rate​"")","I","n/a","0","70","","n/a","n/a","35","2.17","0.05","=HYPERLINK(""https://smrs.toolsfrog.com/analytics/serp/?phrase=calculating%20customer%20retention%20rate&db=us&serpId=b-f-97-0604-13311520155206303409"",""4"")","130","3 weeks"
"customer acquisition and retention strategies","=HYPERLINK(""https://smrs.toolsfrog.com/analytics/keywordoverview/?q=customer%20acquisition%20and%20retention%20strategies&db=us"",""customer acquisition and retention strategies​"")","I","n/a","0","70","","n/a","n/a","22","5.82","0.18","=HYPERLINK(""https://smrs.toolsfrog.com/analytics/serp/?phrase=customer%20acquisition%20and%20retention%20strategies&db=us&serpId=b-g-97-0415-4862481068902576938"",""5"")","153","1 month"
"customer acquisition vs retention","=HYPERLINK(""https://smrs.toolsfrog.com/analytics/keywordoverview/?q=customer%20acquisition%20vs%20retention&db=us"",""customer acquisition vs retention​"")","I - C","n/a","0","70","","n/a","n/a","31","1.63","0.04","=HYPERLINK(""https://smrs.toolsfrog.com/analytics/serp/?phrase=customer%20acquisition%20vs%20retention&db=us&serpId=b-g-97-0501-15777045998593516001"",""5"")","127","1 month"
"customer churn and retention","=HYPERLINK(""https://smrs.toolsfrog.com/analytics/keywordoverview/?q=customer%20churn%20and%20retention&db=us"",""customer churn and retention​"")","I","n/a","0","70","","n/a","n/a","14","0.00","0.09","=HYPERLINK(""https://smrs.toolsfrog.com/analytics/serp/?phrase=customer%20churn%20and%20retention&db=us&serpId=b-d-97-0414-9647518830979895466"",""4"")","138","1 month"
"customer loyalty and customer retention","=HYPERLINK(""https://smrs.toolsfrog.com/analytics/keywordoverview/?q=customer%20loyalty%20and%20customer%20retention&db=us"",""customer loyalty and customer retention​"")","I","n/a","0","70","","n/a","n/a","25","5.72","0.05","=HYPERLINK(""https://smrs.toolsfrog.com/analytics/serp/?phrase=customer%20loyalty%20and%20customer%20retention&db=us&serpId=b-g-97-0510-16617008172503241414"",""5"")","63.5M","1 month"
"customer retention ai","=HYPERLINK(""https://smrs.toolsfrog.com/analytics/keywordoverview/?q=customer%20retention%20ai&db=us"",""customer retention ai​"")","I","n/a","0","70","","n/a","n/a","27","0.00","0.10","=HYPERLINK(""https://smrs.toolsfrog.com/analytics/serp/?phrase=customer%20retention%20ai&db=us&serpId=b-e-97-0604-13661090836409273418"",""6"")","120","3 weeks"
"customer retention and marketing analytics","=HYPERLINK(""https://smrs.toolsfrog.com/analytics/keywordoverview/?q=customer%20retention%20and%20marketing%20analytics&db=us"",""customer retention and marketing analytics​"")","I","n/a","0","70","","n/a","n/a","16","0.00","0.33","=HYPERLINK(""https://smrs.toolsfrog.com/analytics/serp/?phrase=customer%20retention%20and%20marketing%20analytics&db=us&serpId=b-e-97-0520-2978887767572449453"",""3"")","175","1 month"
"customer retention benefits","=HYPERLINK(""https://smrs.toolsfrog.com/analytics/keywordoverview/?q=customer%20retention%20benefits&db=us"",""customer retention benefits​"")","I","n/a","0","70","","n/a","n/a","28","0.00","0.08","=HYPERLINK(""https://smrs.toolsfrog.com/analytics/serp/?phrase=customer%20retention%20benefits&db=us&serpId=b-h-97-0429-8957237080495988628"",""7"")","139M","1 month"
"customer retention calculation","=HYPERLINK(""https://smrs.toolsfrog.com/analytics/keywordoverview/?q=customer%20retention%20calculation&db=us"",""customer retention calculation​"")","I","n/a","0","70","","n/a","n/a","33","1.70","0.30","=HYPERLINK(""https://smrs.toolsfrog.com/analytics/serp/?phrase=customer%20retention%20calculation&db=us&serpId=b-h-97-0428-18442031957279056732"",""6"")","79.8M","1 month"
"customer retention costs","=HYPERLINK(""https://smrs.toolsfrog.com/analytics/keywordoverview/?q=customer%20retention%20costs&db=us"",""customer retention costs​"")","I","n/a","0","70","","n/a","n/a","16","4.38","0.02","=HYPERLINK(""https://smrs.toolsfrog.com/analytics/serp/?phrase=customer%20retention%20costs&db=us&serpId=b-h-97-0504-197948857361748201"",""5"")","151M","1 month"
"customer retention for retail","=HYPERLINK(""https://smrs.toolsfrog.com/analytics/keywordoverview/?q=customer%20retention%20for%20retail&db=us"",""customer retention for retail​"")","I","n/a","0","70","","n/a","n/a","14","0.00","0.00","=HYPERLINK(""https://smrs.toolsfrog.com/analytics/serp/?phrase=customer%20retention%20for%20retail&db=us&serpId=b-d-97-0415-9414828368962223256"",""4"")","189M","1 month"
"customer retention in financial services","=HYPERLINK(""https://smrs.toolsfrog.com/analytics/keywordoverview/?q=customer%20retention%20in%20financial%20services&db=us"",""customer retention in financial services​"")","n/a","n/a","0","70","","n/a","n/a","n/a","0.00","0.33","n/a","n/a","For metrics, refresh"
"customer retention management meaning","=HYPERLINK(""https://smrs.toolsfrog.com/analytics/keywordoverview/?q=customer%20retention%20management%20meaning&db=us"",""customer retention management meaning​"")","n/a","n/a","0","70","","n/a","n/a","n/a","3.29","0.04","n/a","n/a","For metrics, refresh"
"customer retention means","=HYPERLINK(""https://smrs.toolsfrog.com/analytics/keywordoverview/?q=customer%20retention%20means&db=us"",""customer retention means​"")","I","n/a","0","70","","n/a","n/a","46","1.29","0.02","=HYPERLINK(""https://smrs.toolsfrog.com/analytics/serp/?phrase=customer%20retention%20means&db=us&serpId=b-e-97-0604-11974130391073246284"",""5"")","133","3 weeks"
"customer retention measurement","=HYPERLINK(""https://smrs.toolsfrog.com/analytics/keywordoverview/?q=customer%20retention%20measurement&db=us"",""customer retention measurement​"")","I","n/a","0","70","","n/a","n/a","27","0.00","0.04","=HYPERLINK(""https://smrs.toolsfrog.com/analytics/serp/?phrase=customer%20retention%20measurement&db=us&serpId=b-h-97-0424-16313606495977611384"",""5"")","103M","1 month"
"customer retention optimization","=HYPERLINK(""https://smrs.toolsfrog.com/analytics/keywordoverview/?q=customer%20retention%20optimization&db=us"",""customer retention optimization​"")","I","n/a","0","70","","n/a","n/a","35","0.00","0.05","=HYPERLINK(""https://smrs.toolsfrog.com/analytics/serp/?phrase=customer%20retention%20optimization&db=us&serpId=b-h-97-0414-11906917647918344065"",""5"")","91.9M","1 month"
"customer retention programs are based on what concept","=HYPERLINK(""https://smrs.toolsfrog.com/analytics/keywordoverview/?q=customer%20retention%20programs%20are%20based%20on%20what%20concept&db=us"",""customer retention programs are based on what concept​"")","I","n/a","0","70","","n/a","n/a","13","0.00","0.01","=HYPERLINK(""https://smrs.toolsfrog.com/analytics/serp/?phrase=customer%20retention%20programs%20are%20based%20on%20what%20concept&db=us&serpId=b-g-97-0516-7550248660746756871"",""4"")","175","1 month"
"customer retention representative","=HYPERLINK(""https://smrs.toolsfrog.com/analytics/keywordoverview/?q=customer%20retention%20representative&db=us"",""customer retention representative​"")","I","n/a","0","70","","n/a","n/a","14","0.00","0.02","=HYPERLINK(""https://smrs.toolsfrog.com/analytics/serp/?phrase=customer%20retention%20representative&db=us&serpId=b-h-97-0420-5828020813835374273"",""4"")","75M","1 month"
"customer retention solution","=HYPERLINK(""https://smrs.toolsfrog.com/analytics/keywordoverview/?q=customer%20retention%20solution&db=us"",""customer retention solution​"")","I - C","n/a","0","70","","n/a","n/a","37","0.00","0.01","=HYPERLINK(""https://smrs.toolsfrog.com/analytics/serp/?phrase=customer%20retention%20solution&db=us&serpId=b-e-97-0603-11161715851310818790"",""6"")","134","3 weeks"
"customer retention strategies ecommerce","=HYPERLINK(""https://smrs.toolsfrog.com/analytics/keywordoverview/?q=customer%20retention%20strategies%20ecommerce&db=us"",""customer retention strategies ecommerce​"")","n/a","n/a","0","70","","n/a","n/a","n/a","8.67","0.06","n/a","n/a","For metrics, refresh"
"customer retention strategies examples","=HYPERLINK(""https://smrs.toolsfrog.com/analytics/keywordoverview/?q=customer%20retention%20strategies%20examples&db=us"",""customer retention strategies examples​"")","I","n/a","0","70","","n/a","n/a","28","4.12","0.14","=HYPERLINK(""https://smrs.toolsfrog.com/analytics/serp/?phrase=customer%20retention%20strategies%20examples&db=us&serpId=b-f-97-0510-18110645225256445403"",""6"")","103M","1 month"
"customer retention strategies in banking","=HYPERLINK(""https://smrs.toolsfrog.com/analytics/keywordoverview/?q=customer%20retention%20strategies%20in%20banking&db=us"",""customer retention strategies in banking​"")","I","n/a","0","70","","n/a","n/a","7","0.00","0.01","=HYPERLINK(""https://smrs.toolsfrog.com/analytics/serp/?phrase=customer%20retention%20strategies%20in%20banking&db=us&serpId=b-h-97-0427-4597729195736714032"",""4"")","37M","1 month"
"customer retention strategies in insurance industry","=HYPERLINK(""https://smrs.toolsfrog.com/analytics/keywordoverview/?q=customer%20retention%20strategies%20in%20insurance%20industry&db=us"",""customer retention strategies in insurance industry​"")","I","n/a","0","70","","n/a","n/a","6","0.00","0.50","=HYPERLINK(""https://smrs.toolsfrog.com/analytics/serp/?phrase=customer%20retention%20strategies%20in%20insurance%20industry&db=us&serpId=b-h-97-0504-7935247598525383249"",""5"")","49.1M","1 month"
"customer retention subscription business","=HYPERLINK(""https://smrs.toolsfrog.com/analytics/keywordoverview/?q=customer%20retention%20subscription%20business&db=us"",""customer retention subscription business​"")","I","n/a","0","70","","n/a","n/a","5","0.00","0.33","=HYPERLINK(""https://smrs.toolsfrog.com/analytics/serp/?phrase=customer%20retention%20subscription%20business&db=us&serpId=b-f-97-0503-12893771878802493166"",""4"")","91.4M","1 month"
"customer retention survey","=HYPERLINK(""https://smrs.toolsfrog.com/analytics/keywordoverview/?q=customer%20retention%20survey&db=us"",""customer retention survey​"")","I","n/a","0","70","","n/a","n/a","4","0.00","0.01","=HYPERLINK(""https://smrs.toolsfrog.com/analytics/serp/?phrase=customer%20retention%20survey&db=us&serpId=b-e-97-0529-546644568337249588"",""4"")","135","4 weeks"
"customer retention survey questions","=HYPERLINK(""https://smrs.toolsfrog.com/analytics/keywordoverview/?q=customer%20retention%20survey%20questions&db=us"",""customer retention survey questions​"")","I","n/a","0","70","","n/a","n/a","14","0.00","0.33","=HYPERLINK(""https://smrs.toolsfrog.com/analytics/serp/?phrase=customer%20retention%20survey%20questions&db=us&serpId=b-f-97-0526-11326986752656489432"",""7"")","136","1 month"
"customer retention training","=HYPERLINK(""https://smrs.toolsfrog.com/analytics/keywordoverview/?q=customer%20retention%20training&db=us"",""customer retention training​"")","I","n/a","0","70","","n/a","n/a","19","10.80","0.86","=HYPERLINK(""https://smrs.toolsfrog.com/analytics/serp/?phrase=customer%20retention%20training&db=us&serpId=b-h-97-0504-11701214700322036693"",""5"")","147","1 month"
"definition of customer retention","=HYPERLINK(""https://smrs.toolsfrog.com/analytics/keywordoverview/?q=definition%20of%20customer%20retention&db=us"",""definition of customer retention​"")","I","n/a","0","70","","n/a","n/a","48","1.29","0.02","=HYPERLINK(""https://smrs.toolsfrog.com/analytics/serp/?phrase=definition%20of%20customer%20retention&db=us&serpId=b-e-97-0605-6172853091428979456"",""5"")","132","3 weeks"
"directv customer retention","=HYPERLINK(""https://smrs.toolsfrog.com/analytics/keywordoverview/?q=directv%20customer%20retention&db=us"",""directv customer retention​"")","I","n/a","0","70","","n/a","n/a","14","0.00","0.00","=HYPERLINK(""https://smrs.toolsfrog.com/analytics/serp/?phrase=directv%20customer%20retention&db=us&serpId=b-f-97-0429-18099392055685151650"",""4"")","239K","1 month"
"ecommerce web design solutions customer acquisition retention optimization","=HYPERLINK(""https://smrs.toolsfrog.com/analytics/keywordoverview/?q=ecommerce%20web%20design%20solutions%20customer%20acquisition%20retention%20optimization&db=us"",""ecommerce web design solutions customer acquisition retention optimization​"")","I","n/a","0","70","","n/a","n/a","7","0.00","0.00","=HYPERLINK(""https://smrs.toolsfrog.com/analytics/serp/?phrase=ecommerce%20web%20design%20solutions%20customer%20acquisition%20retention%20optimization&db=us&serpId=b-e-97-0601-16742693703278082466"",""5"")","12.1M","3 weeks"
"grocery customer retention","=HYPERLINK(""https://smrs.toolsfrog.com/analytics/keywordoverview/?q=grocery%20customer%20retention&db=us"",""grocery customer retention​"")","I","n/a","0","70","","n/a","n/a","2","0.00","0.00","=HYPERLINK(""https://smrs.toolsfrog.com/analytics/serp/?phrase=grocery%20customer%20retention&db=us&serpId=b-f-97-0517-7264070338988780774"",""3"")","121","1 month"
"how do rewards programs enhance customer retention in credit cards","=HYPERLINK(""https://smrs.toolsfrog.com/analytics/keywordoverview/?q=how%20do%20rewards%20programs%20enhance%20customer%20retention%20in%20credit%20cards&db=us"",""how do rewards programs enhance customer retention in credit cards​"")","n/a","n/a","0","70","","n/a","n/a","n/a","0.00","0.00","n/a","n/a","For metrics, refresh"
"how to calculate customer retention cost","=HYPERLINK(""https://smrs.toolsfrog.com/analytics/keywordoverview/?q=how%20to%20calculate%20customer%20retention%20cost&db=us"",""how to calculate customer retention cost​"")","I","n/a","0","70","","n/a","n/a","26","0.00","0.03","=HYPERLINK(""https://smrs.toolsfrog.com/analytics/serp/?phrase=how%20to%20calculate%20customer%20retention%20cost&db=us&serpId=b-d-97-0501-12801959907776537650"",""8"")","104M","1 month"
"how to measure customer retention rate","=HYPERLINK(""https://smrs.toolsfrog.com/analytics/keywordoverview/?q=how%20to%20measure%20customer%20retention%20rate&db=us"",""how to measure customer retention rate​"")","I","n/a","0","70","","n/a","n/a","33","1.43","0.20","=HYPERLINK(""https://smrs.toolsfrog.com/analytics/serp/?phrase=how%20to%20measure%20customer%20retention%20rate&db=us&serpId=b-h-97-0526-297176599230081334"",""7"")","129","1 month"
"hvac customer retention","=HYPERLINK(""https://smrs.toolsfrog.com/analytics/keywordoverview/?q=hvac%20customer%20retention&db=us"",""hvac customer retention​"")","I","n/a","0","70","","n/a","n/a","8","0.00","0.03","=HYPERLINK(""https://smrs.toolsfrog.com/analytics/serp/?phrase=hvac%20customer%20retention&db=us&serpId=b-g-97-0428-5944416604409711140"",""4"")","130","1 month"
"impact of rewards on credit card customer retention statistics","=HYPERLINK(""https://smrs.toolsfrog.com/analytics/keywordoverview/?q=impact%20of%20rewards%20on%20credit%20card%20customer%20retention%20statistics&db=us"",""impact of rewards on credit card customer retention statistics​"")","n/a","n/a","0","70","","n/a","n/a","n/a","0.00","0.00","n/a","n/a","For metrics, refresh"
"impact of unified commerce on customer retention","=HYPERLINK(""https://smrs.toolsfrog.com/analytics/keywordoverview/?q=impact%20of%20unified%20commerce%20on%20customer%20retention&db=us"",""impact of unified commerce on customer retention​"")","I","n/a","0","70","","n/a","n/a","2","0.00","0.00","=HYPERLINK(""https://smrs.toolsfrog.com/analytics/serp/?phrase=impact%20of%20unified%20commerce%20on%20customer%20retention&db=us&serpId=b-f-97-0503-16803366611285843755"",""3"")","11.4M","1 month"
"is seo marketing a customer retention cost","=HYPERLINK(""https://smrs.toolsfrog.com/analytics/keywordoverview/?q=is%20seo%20marketing%20a%20customer%20retention%20cost&db=us"",""is seo marketing a customer retention cost​"")","I","n/a","0","70","","n/a","n/a","25","0.00","0.33","=HYPERLINK(""https://smrs.toolsfrog.com/analytics/serp/?phrase=is%20seo%20marketing%20a%20customer%20retention%20cost&db=us&serpId=b-e-97-0520-6281058724892028087"",""6"")","30.4M","1 month"
"manash pratim kashyap customer retention 2018 2019","=HYPERLINK(""https://smrs.toolsfrog.com/analytics/keywordoverview/?q=manash%20pratim%20kashyap%20customer%20retention%202018%202019&db=us"",""manash pratim kashyap customer retention 2018 2019​"")","I","n/a","0","70","","n/a","n/a","13","0.00","0.00","=HYPERLINK(""https://smrs.toolsfrog.com/analytics/serp/?phrase=manash%20pratim%20kashyap%20customer%20retention%202018%202019&db=us&serpId=b-e-97-0519-2867723387389219064"",""2"")","5.4K","1 month"
"mortgage customer retention","=HYPERLINK(""https://smrs.toolsfrog.com/analytics/keywordoverview/?q=mortgage%20customer%20retention&db=us"",""mortgage customer retention​"")","I","n/a","0","70","","n/a","n/a","9","0.00","0.33","=HYPERLINK(""https://smrs.toolsfrog.com/analytics/serp/?phrase=mortgage%20customer%20retention&db=us&serpId=b-g-97-0530-12962302459705928048"",""3"")","115","3 weeks"
"native integrations saas customer retention strategies","=HYPERLINK(""https://smrs.toolsfrog.com/analytics/keywordoverview/?q=native%20integrations%20saas%20customer%20retention%20strategies&db=us"",""native integrations saas customer retention strategies​"")","n/a","n/a","0","70","","n/a","n/a","n/a","0.00","0.00","n/a","n/a","For metrics, refresh"
"pet grooming business customer retention strategies","=HYPERLINK(""https://smrs.toolsfrog.com/analytics/keywordoverview/?q=pet%20grooming%20business%20customer%20retention%20strategies&db=us"",""pet grooming business customer retention strategies​"")","n/a","n/a","0","70","","n/a","n/a","n/a","0.00","0.00","n/a","n/a","For metrics, refresh"
"platforms for early warning signals customer retention","=HYPERLINK(""https://smrs.toolsfrog.com/analytics/keywordoverview/?q=platforms%20for%20early%20warning%20signals%20customer%20retention&db=us"",""platforms for early warning signals customer retention​"")","I","n/a","0","70","","n/a","n/a","1","0.00","0.00","=HYPERLINK(""https://smrs.toolsfrog.com/analytics/serp/?phrase=platforms%20for%20early%20warning%20signals%20customer%20retention&db=us&serpId=b-e-97-0506-15788216040672670285"",""5"")","53.5M","1 month"
"predictive analytics customer retention","=HYPERLINK(""https://smrs.toolsfrog.com/analytics/keywordoverview/?q=predictive%20analytics%20customer%20retention&db=us"",""predictive analytics customer retention​"")","I","n/a","0","70","","n/a","n/a","26","0.00","0.01","=HYPERLINK(""https://smrs.toolsfrog.com/analytics/serp/?phrase=predictive%20analytics%20customer%20retention&db=us&serpId=b-g-97-0603-17737341788987259849"",""4"")","136","3 weeks"
"ps fader customer retention studies 2018-2019 model type","=HYPERLINK(""https://smrs.toolsfrog.com/analytics/keywordoverview/?q=ps%20fader%20customer%20retention%20studies%202018-2019%20model%20type&db=us"",""ps fader customer retention studies 2018-2019 model type​"")","I","n/a","0","70","","n/a","n/a","11","0.00","0.00","=HYPERLINK(""https://smrs.toolsfrog.com/analytics/serp/?phrase=ps%20fader%20customer%20retention%20studies%202018-2019%20model%20type&db=us&serpId=b-g-97-0519-11615174721443925037"",""3"")","1K","1 month"
"ps fader customer retention study 2018 2019","=HYPERLINK(""https://smrs.toolsfrog.com/analytics/keywordoverview/?q=ps%20fader%20customer%20retention%20study%202018%202019&db=us"",""ps fader customer retention study 2018 2019​"")","I","n/a","0","70","","n/a","n/a","12","0.00","0.00","=HYPERLINK(""https://smrs.toolsfrog.com/analytics/serp/?phrase=ps%20fader%20customer%20retention%20study%202018%202019&db=us&serpId=b-g-97-0506-901934882927761992"",""2"")","14.7K","1 month"
"retention customer","=HYPERLINK(""https://smrs.toolsfrog.com/analytics/keywordoverview/?q=retention%20customer&db=us"",""retention customer​"")","I","n/a","0","70","","n/a","n/a","46","5.50","0.08","=HYPERLINK(""https://smrs.toolsfrog.com/analytics/serp/?phrase=retention%20customer&db=us&serpId=b-g-97-0504-9823872526305322591"",""8"")","229M","1 month"
"retention of customers","=HYPERLINK(""https://smrs.toolsfrog.com/analytics/keywordoverview/?q=retention%20of%20customers&db=us"",""retention of customers​"")","I","n/a","0","70","","n/a","n/a","46","5.50","0.08","=HYPERLINK(""https://smrs.toolsfrog.com/analytics/serp/?phrase=retention%20of%20customers&db=us&serpId=b-g-97-0501-6708267713778133658"",""8"")","243M","1 month"
"spectrum retention customer service number","=HYPERLINK(""https://smrs.toolsfrog.com/analytics/keywordoverview/?q=spectrum%20retention%20customer%20service%20number&db=us"",""spectrum retention customer service number​"")","I","n/a","0","70","","n/a","n/a","25","0.00","0.33","=HYPERLINK(""https://smrs.toolsfrog.com/analytics/serp/?phrase=spectrum%20retention%20customer%20service%20number&db=us&serpId=b-f-97-0503-2898865269108603633"",""4"")","66.6M","1 month"
"verizon wireless customer retention","=HYPERLINK(""https://smrs.toolsfrog.com/analytics/keywordoverview/?q=verizon%20wireless%20customer%20retention&db=us"",""verizon wireless customer retention​"")","I","n/a","0","70","","n/a","n/a","18","6.04","0.23","=HYPERLINK(""https://smrs.toolsfrog.com/analytics/serp/?phrase=verizon%20wireless%20customer%20retention&db=us&serpId=b-f-97-0521-11528012283987867511"",""4"")","104","1 month"
"advantages of customer retention","=HYPERLINK(""https://smrs.toolsfrog.com/analytics/keywordoverview/?q=advantages%20of%20customer%20retention&db=us"",""advantages of customer retention​"")","I","n/a","0","50","","n/a","n/a","27","0.00","0.08","=HYPERLINK(""https://smrs.toolsfrog.com/analytics/serp/?phrase=advantages%20of%20customer%20retention&db=us&serpId=b-h-97-0517-9693634923862040671"",""6"")","127","1 month"
"approaches to enhance customer loyalty and retention","=HYPERLINK(""https://smrs.toolsfrog.com/analytics/keywordoverview/?q=approaches%20to%20enhance%20customer%20loyalty%20and%20retention&db=us"",""approaches to enhance customer loyalty and retention​"")","I","n/a","0","50","","n/a","n/a","28","0.00","0.00","=HYPERLINK(""https://smrs.toolsfrog.com/analytics/serp/?phrase=approaches%20to%20enhance%20customer%20loyalty%20and%20retention&db=us&serpId=b-h-97-0518-14921221856336062171"",""5"")","170","1 month"
"automotive customer retention strategies","=HYPERLINK(""https://smrs.toolsfrog.com/analytics/keywordoverview/?q=automotive%20customer%20retention%20strategies&db=us"",""automotive customer retention strategies​"")","I","n/a","0","50","","n/a","n/a","5","0.00","0.00","=HYPERLINK(""https://smrs.toolsfrog.com/analytics/serp/?phrase=automotive%20customer%20retention%20strategies&db=us&serpId=b-e-97-0413-7971227927663873349"",""4"")","57.4M","1 month"
"automotive dealership customer retention","=HYPERLINK(""https://smrs.toolsfrog.com/analytics/keywordoverview/?q=automotive%20dealership%20customer%20retention&db=us"",""automotive dealership customer retention​"")","I","n/a","0","50","","n/a","n/a","9","0.00","0.10","=HYPERLINK(""https://smrs.toolsfrog.com/analytics/serp/?phrase=automotive%20dealership%20customer%20retention&db=us&serpId=b-e-97-0414-16082586883168853993"",""3"")","5.5M","1 month"
"b2b customer retention statistics","=HYPERLINK(""https://smrs.toolsfrog.com/analytics/keywordoverview/?q=b2b%20customer%20retention%20statistics&db=us"",""b2b customer retention statistics​"")","I","n/a","0","50","","n/a","n/a","20","0.00","0.23","=HYPERLINK(""https://smrs.toolsfrog.com/analytics/serp/?phrase=b2b%20customer%20retention%20statistics&db=us&serpId=b-h-97-0501-16674731988820978982"",""4"")","6.6M","1 month"
"benefits of marketing automation for customer retention","=HYPERLINK(""https://smrs.toolsfrog.com/analytics/keywordoverview/?q=benefits%20of%20marketing%20automation%20for%20customer%20retention&db=us"",""benefits of marketing automation for customer retention​"")","I","n/a","0","50","","n/a","n/a","14","0.00","0.00","=HYPERLINK(""https://smrs.toolsfrog.com/analytics/serp/?phrase=benefits%20of%20marketing%20automation%20for%20customer%20retention&db=us&serpId=b-h-97-0507-2750357566951425823"",""3"")","9.6M","1 month"
"best customer retention strategies for local seo","=HYPERLINK(""https://smrs.toolsfrog.com/analytics/keywordoverview/?q=best%20customer%20retention%20strategies%20for%20local%20seo&db=us"",""best customer retention strategies for local seo​"")","I - C","n/a","0","50","","n/a","n/a","9","0.00","0.00","=HYPERLINK(""https://smrs.toolsfrog.com/analytics/serp/?phrase=best%20customer%20retention%20strategies%20for%20local%20seo&db=us&serpId=b-e-97-0519-9435947817202861143"",""5"")","23.2M","1 month"
"best ways small businesses can improve customer retention","=HYPERLINK(""https://smrs.toolsfrog.com/analytics/keywordoverview/?q=best%20ways%20small%20businesses%20can%20improve%20customer%20retention&db=us"",""best ways small businesses can improve customer retention​"")","I","n/a","0","50","","n/a","n/a","28","0.00","0.00","=HYPERLINK(""https://smrs.toolsfrog.com/analytics/serp/?phrase=best%20ways%20small%20businesses%20can%20improve%20customer%20retention&db=us&serpId=b-f-97-0519-9229621721611900283"",""6"")","148","1 month"
"best ways to increase customer retention","=HYPERLINK(""https://smrs.toolsfrog.com/analytics/keywordoverview/?q=best%20ways%20to%20increase%20customer%20retention&db=us"",""best ways to increase customer retention​"")","n/a","n/a","0","50","","n/a","n/a","n/a","0.00","0.21","n/a","n/a","For metrics, refresh"
"better customer retention","=HYPERLINK(""https://smrs.toolsfrog.com/analytics/keywordoverview/?q=better%20customer%20retention&db=us"",""better customer retention​"")","n/a","n/a","0","50","","n/a","n/a","n/a","0.00","0.05","n/a","n/a","For metrics, refresh"
"boost customer retention","=HYPERLINK(""https://smrs.toolsfrog.com/analytics/keywordoverview/?q=boost%20customer%20retention&db=us"",""boost customer retention​"")","I","n/a","0","50","","n/a","n/a","26","11.40","0.01","=HYPERLINK(""https://smrs.toolsfrog.com/analytics/serp/?phrase=boost%20customer%20retention&db=us&serpId=b-g-97-0507-11139221191093723856"",""6"")","29.3M","1 month"
"can 3pl freight management improve customer satisfaction and retention","=HYPERLINK(""https://smrs.toolsfrog.com/analytics/keywordoverview/?q=can%203pl%20freight%20management%20improve%20customer%20satisfaction%20and%20retention&db=us"",""can 3pl freight management improve customer satisfaction and retention​"")","n/a","n/a","0","50","","n/a","n/a","n/a","0.00","0.00","n/a","n/a","For metrics, refresh"
"cleaning service customer retention strategies","=HYPERLINK(""https://smrs.toolsfrog.com/analytics/keywordoverview/?q=cleaning%20service%20customer%20retention%20strategies&db=us"",""cleaning service customer retention strategies​"")","n/a","n/a","0","50","","n/a","n/a","n/a","0.00","0.00","n/a","n/a","For metrics, refresh"
"comcast customer retention department","=HYPERLINK(""https://smrs.toolsfrog.com/analytics/keywordoverview/?q=comcast%20customer%20retention%20department&db=us"",""comcast customer retention department​"")","n/a","n/a","0","50","","n/a","n/a","n/a","0.00","0.02","n/a","n/a","For metrics, refresh"
"comcast customer retention dept","=HYPERLINK(""https://smrs.toolsfrog.com/analytics/keywordoverview/?q=comcast%20customer%20retention%20dept&db=us"",""comcast customer retention dept​"")","n/a","n/a","0","50","","n/a","n/a","n/a","0.00","0.02","n/a","n/a","For metrics, refresh"
"common mistakes measuring customer retention rate","=HYPERLINK(""https://smrs.toolsfrog.com/analytics/keywordoverview/?q=common%20mistakes%20measuring%20customer%20retention%20rate&db=us"",""common mistakes measuring customer retention rate​"")","n/a","n/a","0","50","","n/a","n/a","n/a","0.00","0.00","n/a","n/a","For metrics, refresh"
"cost of customer acquisition vs retention","=HYPERLINK(""https://smrs.toolsfrog.com/analytics/keywordoverview/?q=cost%20of%20customer%20acquisition%20vs%20retention&db=us"",""cost of customer acquisition vs retention​"")","I - C","n/a","0","50","","n/a","n/a","42","4.46","0.09","=HYPERLINK(""https://smrs.toolsfrog.com/analytics/serp/?phrase=cost%20of%20customer%20acquisition%20vs%20retention&db=us&serpId=b-f-97-0603-5924949112800342078"",""5"")","150","3 weeks"
"cost of customer retention vs acquisition","=HYPERLINK(""https://smrs.toolsfrog.com/analytics/keywordoverview/?q=cost%20of%20customer%20retention%20vs%20acquisition&db=us"",""cost of customer retention vs acquisition​"")","n/a","n/a","0","50","","n/a","n/a","n/a","0.00","0.00","n/a","n/a","For metrics, refresh"
"cox customer retention phone number","=HYPERLINK(""https://smrs.toolsfrog.com/analytics/keywordoverview/?q=cox%20customer%20retention%20phone%20number&db=us"",""cox customer retention phone number​"")","I","n/a","0","50","","n/a","n/a","43","0.00","0.08","=HYPERLINK(""https://smrs.toolsfrog.com/analytics/serp/?phrase=cox%20customer%20retention%20phone%20number&db=us&serpId=b-h-97-0430-11196061086182287036"",""5"")","25.5M","1 month"
"create customer loyalty and retention","=HYPERLINK(""https://smrs.toolsfrog.com/analytics/keywordoverview/?q=create%20customer%20loyalty%20and%20retention&db=us"",""create customer loyalty and retention​"")","I","n/a","0","50","","n/a","n/a","21","0.00","0.00","=HYPERLINK(""https://smrs.toolsfrog.com/analytics/serp/?phrase=create%20customer%20loyalty%20and%20retention&db=us&serpId=b-g-97-0520-9359214295960037368"",""5"")","190","1 month"
"custom retention holsters for sale","=HYPERLINK(""https://smrs.toolsfrog.com/analytics/keywordoverview/?q=custom%20retention%20holsters%20for%20sale&db=us"",""custom retention holsters for sale​"")","T","n/a","0","50","","n/a","n/a","63","0.00","0.00","=HYPERLINK(""https://smrs.toolsfrog.com/analytics/serp/?phrase=custom%20retention%20holsters%20for%20sale&db=us&serpId=b-h-97-0420-10026200491002736725"",""4"")","213K","1 month"
"customer acquisition vs customer retention","=HYPERLINK(""https://smrs.toolsfrog.com/analytics/keywordoverview/?q=customer%20acquisition%20vs%20customer%20retention&db=us"",""customer acquisition vs customer retention​"")","I - C","n/a","0","50","","n/a","n/a","23","0.00","0.01","=HYPERLINK(""https://smrs.toolsfrog.com/analytics/serp/?phrase=customer%20acquisition%20vs%20customer%20retention&db=us&serpId=b-h-97-0604-11113682338690877170"",""5"")","125","3 weeks"
"customer engagement and retention","=HYPERLINK(""https://smrs.toolsfrog.com/analytics/keywordoverview/?q=customer%20engagement%20and%20retention&db=us"",""customer engagement and retention​"")","I","n/a","0","50","","n/a","n/a","34","0.00","0.00","=HYPERLINK(""https://smrs.toolsfrog.com/analytics/serp/?phrase=customer%20engagement%20and%20retention&db=us&serpId=b-e-97-0522-9794398640137088865"",""6"")","135","1 month"
"customer loyalty and retention definition","=HYPERLINK(""https://smrs.toolsfrog.com/analytics/keywordoverview/?q=customer%20loyalty%20and%20retention%20definition&db=us"",""customer loyalty and retention definition​"")","I","n/a","0","50","","n/a","n/a","25","0.00","0.33","=HYPERLINK(""https://smrs.toolsfrog.com/analytics/serp/?phrase=customer%20loyalty%20and%20retention%20definition&db=us&serpId=b-e-97-0427-14997037156616401796"",""5"")","169","1 month"
"customer loyalty and retention strategy","=HYPERLINK(""https://smrs.toolsfrog.com/analytics/keywordoverview/?q=customer%20loyalty%20and%20retention%20strategy&db=us"",""customer loyalty and retention strategy​"")","I","n/a","0","50","","n/a","n/a","30","0.00","0.04","=HYPERLINK(""https://smrs.toolsfrog.com/analytics/serp/?phrase=customer%20loyalty%20and%20retention%20strategy&db=us&serpId=b-e-97-0427-16410152158259213609"",""5"")","34.8M","1 month"
"customer retention and customer loyalty","=HYPERLINK(""https://smrs.toolsfrog.com/analytics/keywordoverview/?q=customer%20retention%20and%20customer%20loyalty&db=us"",""customer retention and customer loyalty​"")","I","n/a","0","50","","n/a","n/a","20","5.72","0.05","=HYPERLINK(""https://smrs.toolsfrog.com/analytics/serp/?phrase=customer%20retention%20and%20customer%20loyalty&db=us&serpId=b-h-97-0517-6935621977632081167"",""6"")","171","1 month"
"customer retention and loyalty program services market","=HYPERLINK(""https://smrs.toolsfrog.com/analytics/keywordoverview/?q=customer%20retention%20and%20loyalty%20program%20services%20market&db=us"",""customer retention and loyalty program services market​"")","n/a","n/a","0","50","","n/a","n/a","n/a","0.00","0.00","n/a","n/a","For metrics, refresh"
"customer retention campaign examples","=HYPERLINK(""https://smrs.toolsfrog.com/analytics/keywordoverview/?q=customer%20retention%20campaign%20examples&db=us"",""customer retention campaign examples​"")","I","n/a","0","50","","n/a","n/a","23","0.00","0.33","=HYPERLINK(""https://smrs.toolsfrog.com/analytics/serp/?phrase=customer%20retention%20campaign%20examples&db=us&serpId=b-h-97-0520-5304466771500331886"",""5"")","141","1 month"
"customer retention direct mail maryland","=HYPERLINK(""https://smrs.toolsfrog.com/analytics/keywordoverview/?q=customer%20retention%20direct%20mail%20maryland&db=us"",""customer retention direct mail maryland​"")","n/a","n/a","0","50","","n/a","n/a","n/a","0.00","0.00","n/a","n/a","For metrics, refresh"
"customer retention emails","=HYPERLINK(""https://smrs.toolsfrog.com/analytics/keywordoverview/?q=customer%20retention%20emails&db=us"",""customer retention emails​"")","I","n/a","0","50","","n/a","n/a","16","7.63","0.15","=HYPERLINK(""https://smrs.toolsfrog.com/analytics/serp/?phrase=customer%20retention%20emails&db=us&serpId=b-e-97-0507-16543689700657993215"",""5"")","224M","1 month"
"customer retention for small business","=HYPERLINK(""https://smrs.toolsfrog.com/analytics/keywordoverview/?q=customer%20retention%20for%20small%20business&db=us"",""customer retention for small business​"")","I","n/a","0","50","","n/a","n/a","15","0.00","0.33","=HYPERLINK(""https://smrs.toolsfrog.com/analytics/serp/?phrase=customer%20retention%20for%20small%20business&db=us&serpId=b-e-97-0520-3655997475733788581"",""4"")","80","1 month"
"customer retention for small businesses","=HYPERLINK(""https://smrs.toolsfrog.com/analytics/keywordoverview/?q=customer%20retention%20for%20small%20businesses&db=us"",""customer retention for small businesses​"")","I","n/a","0","50","","n/a","n/a","21","0.00","0.43","=HYPERLINK(""https://smrs.toolsfrog.com/analytics/serp/?phrase=customer%20retention%20for%20small%20businesses&db=us&serpId=b-g-97-0520-4887867278825444726"",""6"")","154","1 month"
"customer retention gifts","=HYPERLINK(""https://smrs.toolsfrog.com/analytics/keywordoverview/?q=customer%20retention%20gifts&db=us"",""customer retention gifts​"")","C","n/a","0","50","","n/a","n/a","0","0.00","0.33","=HYPERLINK(""https://smrs.toolsfrog.com/analytics/serp/?phrase=customer%20retention%20gifts&db=us&serpId=b-g-97-0507-16310970937795059774"",""5"")","41M","1 month"
"customer retention goals examples","=HYPERLINK(""https://smrs.toolsfrog.com/analytics/keywordoverview/?q=customer%20retention%20goals%20examples&db=us"",""customer retention goals examples​"")","I","n/a","0","50","","n/a","n/a","15","0.00","0.33","=HYPERLINK(""https://smrs.toolsfrog.com/analytics/serp/?phrase=customer%20retention%20goals%20examples&db=us&serpId=b-h-97-0421-17426676833114980032"",""4"")","130M","1 month"
"customer retention ideas","=HYPERLINK(""https://smrs.toolsfrog.com/analytics/keywordoverview/?q=customer%20retention%20ideas&db=us"",""customer retention ideas​"")","I","n/a","0","50","","n/a","n/a","34","4.35","0.66","=HYPERLINK(""https://smrs.toolsfrog.com/analytics/serp/?phrase=customer%20retention%20ideas&db=us&serpId=b-f-97-0527-15646509364401392464"",""8"")","136","4 weeks"
"customer retention in auto dealerships","=HYPERLINK(""https://smrs.toolsfrog.com/analytics/keywordoverview/?q=customer%20retention%20in%20auto%20dealerships&db=us"",""customer retention in auto dealerships​"")","I","n/a","0","50","","n/a","n/a","12","0.00","0.00","=HYPERLINK(""https://smrs.toolsfrog.com/analytics/serp/?phrase=customer%20retention%20in%20auto%20dealerships&db=us&serpId=b-g-97-0520-8296147118151877235"",""5"")","163","1 month"
"customer retention in crm","=HYPERLINK(""https://smrs.toolsfrog.com/analytics/keywordoverview/?q=customer%20retention%20in%20crm&db=us"",""customer retention in crm​"")","I","n/a","0","50","","n/a","n/a","29","11.56","0.07","=HYPERLINK(""https://smrs.toolsfrog.com/analytics/serp/?phrase=customer%20retention%20in%20crm&db=us&serpId=b-h-97-0512-14181106577137242922"",""5"")","91","1 month"
"customer retention in healthcare","=HYPERLINK(""https://smrs.toolsfrog.com/analytics/keywordoverview/?q=customer%20retention%20in%20healthcare&db=us"",""customer retention in healthcare​"")","I","n/a","0","50","","n/a","n/a","13","0.00","0.33","=HYPERLINK(""https://smrs.toolsfrog.com/analytics/serp/?phrase=customer%20retention%20in%20healthcare&db=us&serpId=b-d-97-0420-11688019890439103782"",""5"")","103M","1 month"
"customer retention in marketing","=HYPERLINK(""https://smrs.toolsfrog.com/analytics/keywordoverview/?q=customer%20retention%20in%20marketing&db=us"",""customer retention in marketing​"")","I","n/a","0","50","","n/a","n/a","42","12.37","0.02","=HYPERLINK(""https://smrs.toolsfrog.com/analytics/serp/?phrase=customer%20retention%20in%20marketing&db=us&serpId=b-h-97-0530-5548900487439838743"",""5"")","134","3 weeks"
"customer retention in retail","=HYPERLINK(""https://smrs.toolsfrog.com/analytics/keywordoverview/?q=customer%20retention%20in%20retail&db=us"",""customer retention in retail​"")","I","n/a","0","50","","n/a","n/a","8","0.00","0.09","=HYPERLINK(""https://smrs.toolsfrog.com/analytics/serp/?phrase=customer%20retention%20in%20retail&db=us&serpId=b-h-97-0507-5087104122101225014"",""4"")","136","1 month"
"customer retention in telecom industry","=HYPERLINK(""https://smrs.toolsfrog.com/analytics/keywordoverview/?q=customer%20retention%20in%20telecom%20industry&db=us"",""customer retention in telecom industry​"")","I","n/a","0","50","","n/a","n/a","16","0.00","0.43","=HYPERLINK(""https://smrs.toolsfrog.com/analytics/serp/?phrase=customer%20retention%20in%20telecom%20industry&db=us&serpId=b-f-97-0522-13803167617764747274"",""4"")","152","1 month"
"customer retention incentives","=HYPERLINK(""https://smrs.toolsfrog.com/analytics/keywordoverview/?q=customer%20retention%20incentives&db=us"",""customer retention incentives​"")","n/a","n/a","0","50","","n/a","n/a","n/a","0.00","0.33","n/a","n/a","For metrics, refresh"
"customer retention jobs","=HYPERLINK(""https://smrs.toolsfrog.com/analytics/keywordoverview/?q=customer%20retention%20jobs&db=us"",""customer retention jobs​"")","C","n/a","0","50","","n/a","n/a","28","0.31","0.13","=HYPERLINK(""https://smrs.toolsfrog.com/analytics/serp/?phrase=customer%20retention%20jobs&db=us&serpId=b-h-97-0504-12096065844811838013"",""4"")","124","1 month"
"customer retention journey","=HYPERLINK(""https://smrs.toolsfrog.com/analytics/keywordoverview/?q=customer%20retention%20journey&db=us"",""customer retention journey​"")","I","n/a","0","50","","n/a","n/a","32","0.00","0.00","=HYPERLINK(""https://smrs.toolsfrog.com/analytics/serp/?phrase=customer%20retention%20journey&db=us&serpId=b-g-97-0507-1434169928836972607"",""6"")","134","1 month"
"customer retention loyalty and retention","=HYPERLINK(""https://smrs.toolsfrog.com/analytics/keywordoverview/?q=customer%20retention%20loyalty%20and%20retention&db=us"",""customer retention loyalty and retention​"")","I","n/a","0","50","","n/a","n/a","29","0.00","0.00","=HYPERLINK(""https://smrs.toolsfrog.com/analytics/serp/?phrase=customer%20retention%20loyalty%20and%20retention&db=us&serpId=b-h-97-0520-12121373140350479911"",""5"")","165","1 month"
"customer retention management adalah","=HYPERLINK(""https://smrs.toolsfrog.com/analytics/keywordoverview/?q=customer%20retention%20management%20adalah&db=us"",""customer retention management adalah​"")","I","n/a","0","50","","n/a","n/a","10","0.00","0.11","=HYPERLINK(""https://smrs.toolsfrog.com/analytics/serp/?phrase=customer%20retention%20management%20adalah&db=us&serpId=b-f-97-0503-12803461609959827850"",""5"")","142M","1 month"
"customer retention manager","=HYPERLINK(""https://smrs.toolsfrog.com/analytics/keywordoverview/?q=customer%20retention%20manager&db=us"",""customer retention manager​"")","I","n/a","0","50","","n/a","n/a","7","6.37","0.10","=HYPERLINK(""https://smrs.toolsfrog.com/analytics/serp/?phrase=customer%20retention%20manager&db=us&serpId=b-h-97-0523-17039045853621962198"",""7"")","155","1 month"
"customer retention metric","=HYPERLINK(""https://smrs.toolsfrog.com/analytics/keywordoverview/?q=customer%20retention%20metric&db=us"",""customer retention metric​"")","I","n/a","0","50","","n/a","n/a","28","6.59","0.26","=HYPERLINK(""https://smrs.toolsfrog.com/analytics/serp/?phrase=customer%20retention%20metric&db=us&serpId=b-f-97-0507-10425777609317534459"",""4"")","132","1 month"
"customer retention objectives","=HYPERLINK(""https://smrs.toolsfrog.com/analytics/keywordoverview/?q=customer%20retention%20objectives&db=us"",""customer retention objectives​"")","I","n/a","0","50","","n/a","n/a","38","0.00","0.36","=HYPERLINK(""https://smrs.toolsfrog.com/analytics/serp/?phrase=customer%20retention%20objectives&db=us&serpId=b-h-97-0513-5454253743833505327"",""6"")","136","1 month"
"customer retention objectives examples","=HYPERLINK(""https://smrs.toolsfrog.com/analytics/keywordoverview/?q=customer%20retention%20objectives%20examples&db=us"",""customer retention objectives examples​"")","I","n/a","0","50","","n/a","n/a","16","0.00","0.33","=HYPERLINK(""https://smrs.toolsfrog.com/analytics/serp/?phrase=customer%20retention%20objectives%20examples&db=us&serpId=b-e-97-0507-17814230633540144453"",""4"")","95.7M","1 month"
"customer retention process","=HYPERLINK(""https://smrs.toolsfrog.com/analytics/keywordoverview/?q=customer%20retention%20process&db=us"",""customer retention process​"")","n/a","n/a","0","50","","n/a","n/a","n/a","5.46","0.09","n/a","n/a","For metrics, refresh"
"customer retention program ideas","=HYPERLINK(""https://smrs.toolsfrog.com/analytics/keywordoverview/?q=customer%20retention%20program%20ideas&db=us"",""customer retention program ideas​"")","n/a","n/a","0","50","","n/a","n/a","n/a","0.00","0.33","n/a","n/a","For metrics, refresh"
"customer retention rate by industry","=HYPERLINK(""https://smrs.toolsfrog.com/analytics/keywordoverview/?q=customer%20retention%20rate%20by%20industry&db=us"",""customer retention rate by industry​"")","I","n/a","0","50","","n/a","n/a","44","0.00","0.06","=HYPERLINK(""https://smrs.toolsfrog.com/analytics/serp/?phrase=customer%20retention%20rate%20by%20industry&db=us&serpId=b-h-97-0601-14180775486056839056"",""3"")","129","3 weeks"
"customer retention strategies beyond first purchase","=HYPERLINK(""https://smrs.toolsfrog.com/analytics/keywordoverview/?q=customer%20retention%20strategies%20beyond%20first%20purchase&db=us"",""customer retention strategies beyond first purchase​"")","I","n/a","0","50","","n/a","n/a","17","0.00","0.00","=HYPERLINK(""https://smrs.toolsfrog.com/analytics/serp/?phrase=customer%20retention%20strategies%20beyond%20first%20purchase&db=us&serpId=b-h-97-0527-11850908048548302763"",""6"")","137","4 weeks"
"customer retention strategies for dealerships","=HYPERLINK(""https://smrs.toolsfrog.com/analytics/keywordoverview/?q=customer%20retention%20strategies%20for%20dealerships&db=us"",""customer retention strategies for dealerships​"")","I","n/a","0","50","","n/a","n/a","2","0.00","0.00","=HYPERLINK(""https://smrs.toolsfrog.com/analytics/serp/?phrase=customer%20retention%20strategies%20for%20dealerships&db=us&serpId=b-e-97-0427-15316294010041499906"",""3"")","17.5M","1 month"
"customer retention strategies for saas","=HYPERLINK(""https://smrs.toolsfrog.com/analytics/keywordoverview/?q=customer%20retention%20strategies%20for%20saas&db=us"",""customer retention strategies for saas​"")","n/a","n/a","0","50","","n/a","n/a","n/a","0.00","0.33","n/a","n/a","For metrics, refresh"
"customer retention strategies in insurance sector","=HYPERLINK(""https://smrs.toolsfrog.com/analytics/keywordoverview/?q=customer%20retention%20strategies%20in%20insurance%20sector&db=us"",""customer retention strategies in insurance sector​"")","I","n/a","0","50","","n/a","n/a","0","0.00","0.50","=HYPERLINK(""https://smrs.toolsfrog.com/analytics/serp/?phrase=customer%20retention%20strategies%20in%20insurance%20sector&db=us&serpId=b-d-97-0427-5637145941586705670"",""3"")","89.7M","1 month"
"customer retention strategies in retail","=HYPERLINK(""https://smrs.toolsfrog.com/analytics/keywordoverview/?q=customer%20retention%20strategies%20in%20retail&db=us"",""customer retention strategies in retail​"")","n/a","n/a","0","50","","n/a","n/a","n/a","0.00","0.33","n/a","n/a","For metrics, refresh"
"customer retention strategies in retail industry","=HYPERLINK(""https://smrs.toolsfrog.com/analytics/keywordoverview/?q=customer%20retention%20strategies%20in%20retail%20industry&db=us"",""customer retention strategies in retail industry​"")","n/a","n/a","0","50","","n/a","n/a","n/a","0.00","0.33","n/a","n/a","For metrics, refresh"
"customer retention strategies pdf","=HYPERLINK(""https://smrs.toolsfrog.com/analytics/keywordoverview/?q=customer%20retention%20strategies%20pdf&db=us"",""customer retention strategies pdf​"")","I","n/a","0","50","","n/a","n/a","15","4.53","0.23","=HYPERLINK(""https://smrs.toolsfrog.com/analytics/serp/?phrase=customer%20retention%20strategies%20pdf&db=us&serpId=b-g-97-0604-356283569904649187"",""5"")","107","3 weeks"
"customer retention strategies repeat purchases","=HYPERLINK(""https://smrs.toolsfrog.com/analytics/keywordoverview/?q=customer%20retention%20strategies%20repeat%20purchases&db=us"",""customer retention strategies repeat purchases​"")","n/a","n/a","0","50","","n/a","n/a","n/a","0.00","0.00","n/a","n/a","For metrics, refresh"
"customer retention surveys","=HYPERLINK(""https://smrs.toolsfrog.com/analytics/keywordoverview/?q=customer%20retention%20surveys&db=us"",""customer retention surveys​"")","I","n/a","0","50","","n/a","n/a","9","0.00","0.01","=HYPERLINK(""https://smrs.toolsfrog.com/analytics/serp/?phrase=customer%20retention%20surveys&db=us&serpId=b-e-97-0603-10585148209226296563"",""5"")","136","3 weeks"
"customer retention t mobile","=HYPERLINK(""https://smrs.toolsfrog.com/analytics/keywordoverview/?q=customer%20retention%20t%20mobile&db=us"",""customer retention t mobile​"")","I","n/a","0","50","","n/a","n/a","30","5.66","0.11","=HYPERLINK(""https://smrs.toolsfrog.com/analytics/serp/?phrase=customer%20retention%20t%20mobile&db=us&serpId=b-e-97-0526-13324267959171449157"",""6"")","104","1 month"
"customer retention tools for dealership","=HYPERLINK(""https://smrs.toolsfrog.com/analytics/keywordoverview/?q=customer%20retention%20tools%20for%20dealership&db=us"",""customer retention tools for dealership​"")","I","n/a","0","50","","n/a","n/a","1","20.28","0.27","=HYPERLINK(""https://smrs.toolsfrog.com/analytics/serp/?phrase=customer%20retention%20tools%20for%20dealership&db=us&serpId=b-h-97-0507-9890338747274794803"",""5"")","172","1 month"
"customer retention vs customer acquisition","=HYPERLINK(""https://smrs.toolsfrog.com/analytics/keywordoverview/?q=customer%20retention%20vs%20customer%20acquisition&db=us"",""customer retention vs customer acquisition​"")","I - C","n/a","0","50","","n/a","n/a","24","0.00","0.01","=HYPERLINK(""https://smrs.toolsfrog.com/analytics/serp/?phrase=customer%20retention%20vs%20customer%20acquisition&db=us&serpId=b-h-97-0530-1748507793137489153"",""7"")","128","3 weeks"
"does customer retention and loyalty mean the same thing","=HYPERLINK(""https://smrs.toolsfrog.com/analytics/keywordoverview/?q=does%20customer%20retention%20and%20loyalty%20mean%20the%20same%20thing&db=us"",""does customer retention and loyalty mean the same thing​"")","I - C","n/a","0","50","","n/a","n/a","15","0.00","0.00","=HYPERLINK(""https://smrs.toolsfrog.com/analytics/serp/?phrase=does%20customer%20retention%20and%20loyalty%20mean%20the%20same%20thing&db=us&serpId=b-f-97-0520-16079363543167508363"",""6"")","174","1 month"
"electrician business customer retention strategies","=HYPERLINK(""https://smrs.toolsfrog.com/analytics/keywordoverview/?q=electrician%20business%20customer%20retention%20strategies&db=us"",""electrician business customer retention strategies​"")","n/a","n/a","0","50","","n/a","n/a","n/a","0.00","0.00","n/a","n/a","For metrics, refresh"
"evaluate bettermode on customer retention","=HYPERLINK(""https://smrs.toolsfrog.com/analytics/keywordoverview/?q=evaluate%20bettermode%20on%20customer%20retention&db=us"",""evaluate bettermode on customer retention​"")","I - N","n/a","0","50","","n/a","n/a","15","0.00","0.00","=HYPERLINK(""https://smrs.toolsfrog.com/analytics/serp/?phrase=evaluate%20bettermode%20on%20customer%20retention&db=us&serpId=b-e-97-0506-387357336986270574"",""5"")","1.5M","1 month"
"frontier customer retention","=HYPERLINK(""https://smrs.toolsfrog.com/analytics/keywordoverview/?q=frontier%20customer%20retention&db=us"",""frontier customer retention​"")","I","n/a","0","50","","n/a","n/a","12","0.00","0.01","=HYPERLINK(""https://smrs.toolsfrog.com/analytics/serp/?phrase=frontier%20customer%20retention&db=us&serpId=b-e-97-0529-9237149612010808556"",""3"")","105","4 weeks"
"gondola ai customer acquisition retention strategies existing capabilities","=HYPERLINK(""https://smrs.toolsfrog.com/analytics/keywordoverview/?q=gondola%20ai%20customer%20acquisition%20retention%20strategies%20existing%20capabilities&db=us"",""gondola ai customer acquisition retention strategies existing capabilities​"")","I","n/a","0","50","","n/a","n/a","33","0.00","0.00","=HYPERLINK(""https://smrs.toolsfrog.com/analytics/serp/?phrase=gondola%20ai%20customer%20acquisition%20retention%20strategies%20existing%20capabilities&db=us&serpId=b-g-97-0602-2969029549437887224"",""5"")","21.7K","3 weeks"
"gondola ai customer acquisition strategies retention growth opportunities","=HYPERLINK(""https://smrs.toolsfrog.com/analytics/keywordoverview/?q=gondola%20ai%20customer%20acquisition%20strategies%20retention%20growth%20opportunities&db=us"",""gondola ai customer acquisition strategies retention growth opportunities​"")","n/a","n/a","0","50","","n/a","n/a","n/a","0.00","0.00","n/a","n/a","For metrics, refresh"
"how direct mail improves customer retention rates","=HYPERLINK(""https://smrs.toolsfrog.com/analytics/keywordoverview/?q=how%20direct%20mail%20improves%20customer%20retention%20rates&db=us"",""how direct mail improves customer retention rates​"")","I","n/a","0","50","","n/a","n/a","0","0.00","0.00","=HYPERLINK(""https://smrs.toolsfrog.com/analytics/serp/?phrase=how%20direct%20mail%20improves%20customer%20retention%20rates&db=us&serpId=b-h-97-0519-14558600091630389738"",""4"")","219","1 month"
"how do you measure customer retention","=HYPERLINK(""https://smrs.toolsfrog.com/analytics/keywordoverview/?q=how%20do%20you%20measure%20customer%20retention&db=us"",""how do you measure customer retention​"")","I","n/a","0","50","","n/a","n/a","30","4.05","0.29","=HYPERLINK(""https://smrs.toolsfrog.com/analytics/serp/?phrase=how%20do%20you%20measure%20customer%20retention&db=us&serpId=b-h-97-0423-9672787762792740193"",""6"")","93.3M","1 month"
"how does embedded finance improve customer retention for saas","=HYPERLINK(""https://smrs.toolsfrog.com/analytics/keywordoverview/?q=how%20does%20embedded%20finance%20improve%20customer%20retention%20for%20saas&db=us"",""how does embedded finance improve customer retention for saas​"")","I","n/a","0","50","","n/a","n/a","10","0.00","0.33","=HYPERLINK(""https://smrs.toolsfrog.com/analytics/serp/?phrase=how%20does%20embedded%20finance%20improve%20customer%20retention%20for%20saas&db=us&serpId=b-g-97-0605-16583637232690512329"",""2"")","158","3 weeks"
"how financing improves customer retention for platforms","=HYPERLINK(""https://smrs.toolsfrog.com/analytics/keywordoverview/?q=how%20financing%20improves%20customer%20retention%20for%20platforms&db=us"",""how financing improves customer retention for platforms​"")","n/a","n/a","0","50","","n/a","n/a","n/a","0.00","0.00","n/a","n/a","For metrics, refresh"
"how reward features enhance customer retention credit products","=HYPERLINK(""https://smrs.toolsfrog.com/analytics/keywordoverview/?q=how%20reward%20features%20enhance%20customer%20retention%20credit%20products&db=us"",""how reward features enhance customer retention credit products​"")","I","n/a","0","50","","n/a","n/a","19","0.00","0.00","=HYPERLINK(""https://smrs.toolsfrog.com/analytics/serp/?phrase=how%20reward%20features%20enhance%20customer%20retention%20credit%20products&db=us&serpId=b-f-97-0506-15788441984159581140"",""4"")","16.4M","1 month"
"how to create customer loyalty and retention","=HYPERLINK(""https://smrs.toolsfrog.com/analytics/keywordoverview/?q=how%20to%20create%20customer%20loyalty%20and%20retention&db=us"",""how to create customer loyalty and retention​"")","I","n/a","0","50","","n/a","n/a","27","0.00","0.33","=HYPERLINK(""https://smrs.toolsfrog.com/analytics/serp/?phrase=how%20to%20create%20customer%20loyalty%20and%20retention&db=us&serpId=b-d-97-0428-9410608846274434175"",""6"")","200","1 month"
"how to improve customer retention rates","=HYPERLINK(""https://smrs.toolsfrog.com/analytics/keywordoverview/?q=how%20to%20improve%20customer%20retention%20rates&db=us"",""how to improve customer retention rates​"")","I","n/a","0","50","","n/a","n/a","25","0.00","0.25","=HYPERLINK(""https://smrs.toolsfrog.com/analytics/serp/?phrase=how%20to%20improve%20customer%20retention%20rates&db=us&serpId=b-g-97-0421-4768293746236817075"",""5"")","287M","1 month"
"impact of loyalty programs on customer retention","=HYPERLINK(""https://smrs.toolsfrog.com/analytics/keywordoverview/?q=impact%20of%20loyalty%20programs%20on%20customer%20retention&db=us"",""impact of loyalty programs on customer retention​"")","I","n/a","0","50","","n/a","n/a","32","0.00","1.00","=HYPERLINK(""https://smrs.toolsfrog.com/analytics/serp/?phrase=impact%20of%20loyalty%20programs%20on%20customer%20retention&db=us&serpId=b-f-97-0519-6222461951902196373"",""4"")","175","1 month"
"improve customer retention with subscription bundles","=HYPERLINK(""https://smrs.toolsfrog.com/analytics/keywordoverview/?q=improve%20customer%20retention%20with%20subscription%20bundles&db=us"",""improve customer retention with subscription bundles​"")","n/a","n/a","0","50","","n/a","n/a","n/a","0.00","0.00","n/a","n/a","For metrics, refresh"
"interior architectural signage industry customer retention rates","=HYPERLINK(""https://smrs.toolsfrog.com/analytics/keywordoverview/?q=interior%20architectural%20signage%20industry%20customer%20retention%20rates&db=us"",""interior architectural signage industry customer retention rates​"")","n/a","n/a","0","50","","n/a","n/a","n/a","0.00","0.00","n/a","n/a","For metrics, refresh"
"is seo marketing customer retention cost","=HYPERLINK(""https://smrs.toolsfrog.com/analytics/keywordoverview/?q=is%20seo%20marketing%20customer%20retention%20cost&db=us"",""is seo marketing customer retention cost​"")","I","n/a","0","50","","n/a","n/a","11","0.00","0.00","=HYPERLINK(""https://smrs.toolsfrog.com/analytics/serp/?phrase=is%20seo%20marketing%20customer%20retention%20cost&db=us&serpId=b-d-97-0501-9613816625619581889"",""6"")","8.4M","1 month"
"key retention metrics to track after launching customer loyalty program","=HYPERLINK(""https://smrs.toolsfrog.com/analytics/keywordoverview/?q=key%20retention%20metrics%20to%20track%20after%20launching%20customer%20loyalty%20program&db=us"",""key retention metrics to track after launching customer loyalty program​"")","n/a","n/a","0","50","","n/a","n/a","n/a","0.00","0.00","n/a","n/a","For metrics, refresh"
"loyalty programs and customer retention examples","=HYPERLINK(""https://smrs.toolsfrog.com/analytics/keywordoverview/?q=loyalty%20programs%20and%20customer%20retention%20examples&db=us"",""loyalty programs and customer retention examples​"")","I","n/a","0","50","","n/a","n/a","20","0.00","0.00","=HYPERLINK(""https://smrs.toolsfrog.com/analytics/serp/?phrase=loyalty%20programs%20and%20customer%20retention%20examples&db=us&serpId=b-f-97-0507-14946464579496361526"",""5"")","116M","1 month"
"manash pratim kashyap customer retention 2018-2019","=HYPERLINK(""https://smrs.toolsfrog.com/analytics/keywordoverview/?q=manash%20pratim%20kashyap%20customer%20retention%202018-2019&db=us"",""manash pratim kashyap customer retention 2018-2019​"")","I","n/a","0","50","","n/a","n/a","13","0.00","0.00","=HYPERLINK(""https://smrs.toolsfrog.com/analytics/serp/?phrase=manash%20pratim%20kashyap%20customer%20retention%202018-2019&db=us&serpId=b-h-97-0519-10450926451256305364"",""1"")","496","1 month"
"manash pratim kashyap ps fader customer retention model 2018","=HYPERLINK(""https://smrs.toolsfrog.com/analytics/keywordoverview/?q=manash%20pratim%20kashyap%20ps%20fader%20customer%20retention%20model%202018&db=us"",""manash pratim kashyap ps fader customer retention model 2018​"")","I","n/a","0","50","","n/a","n/a","9","0.00","0.00","=HYPERLINK(""https://smrs.toolsfrog.com/analytics/serp/?phrase=manash%20pratim%20kashyap%20ps%20fader%20customer%20retention%20model%202018&db=us&serpId=b-e-97-0522-4577952779390743313"",""1"")","10","1 month"
"manash pratim kashyap ps fader customer retention model 2018-2019","=HYPERLINK(""https://smrs.toolsfrog.com/analytics/keywordoverview/?q=manash%20pratim%20kashyap%20ps%20fader%20customer%20retention%20model%202018-2019&db=us"",""manash pratim kashyap ps fader customer retention model 2018-2019​"")","I","n/a","0","50","","n/a","n/a","12","0.00","0.33","=HYPERLINK(""https://smrs.toolsfrog.com/analytics/serp/?phrase=manash%20pratim%20kashyap%20ps%20fader%20customer%20retention%20model%202018-2019&db=us&serpId=b-g-97-0519-16242475328009612168"",""1"")","10","1 month"
"manash pratim kashyap studies customer retention 2018 2019","=HYPERLINK(""https://smrs.toolsfrog.com/analytics/keywordoverview/?q=manash%20pratim%20kashyap%20studies%20customer%20retention%202018%202019&db=us"",""manash pratim kashyap studies customer retention 2018 2019​"")","n/a","n/a","0","50","","n/a","n/a","n/a","0.00","0.00","n/a","n/a","For metrics, refresh"
"measure customer retention","=HYPERLINK(""https://smrs.toolsfrog.com/analytics/keywordoverview/?q=measure%20customer%20retention&db=us"",""measure customer retention​"")","I","n/a","0","50","","n/a","n/a","30","0.00","0.01","=HYPERLINK(""https://smrs.toolsfrog.com/analytics/serp/?phrase=measure%20customer%20retention&db=us&serpId=b-g-97-0603-14227282486406979980"",""5"")","136","3 weeks"
"methods to increase customer retention using call analytics","=HYPERLINK(""https://smrs.toolsfrog.com/analytics/keywordoverview/?q=methods%20to%20increase%20customer%20retention%20using%20call%20analytics&db=us"",""methods to increase customer retention using call analytics​"")","I","n/a","0","50","","n/a","n/a","10","0.00","0.00","=HYPERLINK(""https://smrs.toolsfrog.com/analytics/serp/?phrase=methods%20to%20increase%20customer%20retention%20using%20call%20analytics&db=us&serpId=b-h-97-0506-7150748170174673984"",""2"")","183","1 month"
"most innovative loyalty strategies customer retention 2025 2026","=HYPERLINK(""https://smrs.toolsfrog.com/analytics/keywordoverview/?q=most%20innovative%20loyalty%20strategies%20customer%20retention%202025%202026&db=us"",""most innovative loyalty strategies customer retention 2025 2026​"")","n/a","n/a","0","50","","n/a","n/a","n/a","0.00","0.00","n/a","n/a","For metrics, refresh"
"new customer acquisition and retention strategy","=HYPERLINK(""https://smrs.toolsfrog.com/analytics/keywordoverview/?q=new%20customer%20acquisition%20and%20retention%20strategy&db=us"",""new customer acquisition and retention strategy​"")","I","n/a","0","50","","n/a","n/a","12","0.00","0.33","=HYPERLINK(""https://smrs.toolsfrog.com/analytics/serp/?phrase=new%20customer%20acquisition%20and%20retention%20strategy&db=us&serpId=b-g-97-0507-72037389836263554"",""6"")","80.4M","1 month"
"nrr vs customer retention","=HYPERLINK(""https://smrs.toolsfrog.com/analytics/keywordoverview/?q=nrr%20vs%20customer%20retention&db=us"",""nrr vs customer retention​"")","I - C","n/a","0","50","","n/a","n/a","22","0.00","0.00","=HYPERLINK(""https://smrs.toolsfrog.com/analytics/serp/?phrase=nrr%20vs%20customer%20retention&db=us&serpId=b-e-97-0417-10042312461109131751"",""5"")","689K","1 month"
"online customer retention","=HYPERLINK(""https://smrs.toolsfrog.com/analytics/keywordoverview/?q=online%20customer%20retention&db=us"",""online customer retention​"")","I","n/a","0","50","","n/a","n/a","23","0.00","0.00","=HYPERLINK(""https://smrs.toolsfrog.com/analytics/serp/?phrase=online%20customer%20retention&db=us&serpId=b-d-97-0430-12261051342879085548"",""6"")","133","1 month"
"online gaming customer retention","=HYPERLINK(""https://smrs.toolsfrog.com/analytics/keywordoverview/?q=online%20gaming%20customer%20retention&db=us"",""online gaming customer retention​"")","I","n/a","0","50","","n/a","n/a","15","0.00","0.33","=HYPERLINK(""https://smrs.toolsfrog.com/analytics/serp/?phrase=online%20gaming%20customer%20retention&db=us&serpId=b-h-97-0531-17789109412537382884"",""4"")","94","3 weeks"
"optimum customer retention","=HYPERLINK(""https://smrs.toolsfrog.com/analytics/keywordoverview/?q=optimum%20customer%20retention&db=us"",""optimum customer retention​"")","I","n/a","0","50","","n/a","n/a","22","2.70","0.35","=HYPERLINK(""https://smrs.toolsfrog.com/analytics/serp/?phrase=optimum%20customer%20retention&db=us&serpId=b-h-97-0423-419341449949097022"",""5"")","35.5M","1 month"
"personalized push notifications customer retention retail apps","=HYPERLINK(""https://smrs.toolsfrog.com/analytics/keywordoverview/?q=personalized%20push%20notifications%20customer%20retention%20retail%20apps&db=us"",""personalized push notifications customer retention retail apps​"")","I","n/a","0","50","","n/a","n/a","17","0.00","0.00","=HYPERLINK(""https://smrs.toolsfrog.com/analytics/serp/?phrase=personalized%20push%20notifications%20customer%20retention%20retail%20apps&db=us&serpId=b-e-97-0506-7623913462806625938"",""4"")","154","1 month"
"ps fader customer retention model 2018-2019","=HYPERLINK(""https://smrs.toolsfrog.com/analytics/keywordoverview/?q=ps%20fader%20customer%20retention%20model%202018-2019&db=us"",""ps fader customer retention model 2018-2019​"")","I","n/a","0","50","","n/a","n/a","n/a","0.00","0.00","=HYPERLINK(""https://smrs.toolsfrog.com/analytics/serp/?phrase=ps%20fader%20customer%20retention%20model%202018-2019&db=us&serpId=b-g-97-0422-12879454089534524768"",""3"")","279","1 month"
"restaurant consultant customer retention strategies","=HYPERLINK(""https://smrs.toolsfrog.com/analytics/keywordoverview/?q=restaurant%20consultant%20customer%20retention%20strategies&db=us"",""restaurant consultant customer retention strategies​"")","n/a","n/a","0","50","","n/a","n/a","n/a","0.00","0.00","n/a","n/a","For metrics, refresh"
"retail customer loyalty and retention","=HYPERLINK(""https://smrs.toolsfrog.com/analytics/keywordoverview/?q=retail%20customer%20loyalty%20and%20retention&db=us"",""retail customer loyalty and retention​"")","I - C","n/a","0","50","","n/a","n/a","2","0.00","0.00","=HYPERLINK(""https://smrs.toolsfrog.com/analytics/serp/?phrase=retail%20customer%20loyalty%20and%20retention&db=us&serpId=b-h-97-0604-6527921082886797312"",""3"")","185","3 weeks"
"retention efforts primary kpis measurement customer success","=HYPERLINK(""https://smrs.toolsfrog.com/analytics/keywordoverview/?q=retention%20efforts%20primary%20kpis%20measurement%20customer%20success&db=us"",""retention efforts primary kpis measurement customer success​"")","I","n/a","0","50","","n/a","n/a","14","0.00","0.00","=HYPERLINK(""https://smrs.toolsfrog.com/analytics/serp/?phrase=retention%20efforts%20primary%20kpis%20measurement%20customer%20success&db=us&serpId=b-g-97-0422-12491551607274274125"",""4"")","4.3M","1 month"
"retention in customer journey","=HYPERLINK(""https://smrs.toolsfrog.com/analytics/keywordoverview/?q=retention%20in%20customer%20journey&db=us"",""retention in customer journey​"")","I","n/a","0","50","","n/a","n/a","21","0.00","0.33","=HYPERLINK(""https://smrs.toolsfrog.com/analytics/serp/?phrase=retention%20in%20customer%20journey&db=us&serpId=b-e-97-0531-15257665269780396023"",""7"")","130","3 weeks"
"retention strategies for customers","=HYPERLINK(""https://smrs.toolsfrog.com/analytics/keywordoverview/?q=retention%20strategies%20for%20customers&db=us"",""retention strategies for customers​"")","I","n/a","0","50","","n/a","n/a","38","0.00","0.21","=HYPERLINK(""https://smrs.toolsfrog.com/analytics/serp/?phrase=retention%20strategies%20for%20customers&db=us&serpId=b-f-97-0420-2740401654058179778"",""4"")","190M","1 month"
"roas and customer retention","=HYPERLINK(""https://smrs.toolsfrog.com/analytics/keywordoverview/?q=roas%20and%20customer%20retention&db=us"",""roas and customer retention​"")","I","n/a","0","50","","n/a","n/a","13","0.00","0.00","=HYPERLINK(""https://smrs.toolsfrog.com/analytics/serp/?phrase=roas%20and%20customer%20retention&db=us&serpId=b-e-97-0504-8343940717649306418"",""5"")","1.5M","1 month"
"saas customer retention metrics","=HYPERLINK(""https://smrs.toolsfrog.com/analytics/keywordoverview/?q=saas%20customer%20retention%20metrics&db=us"",""saas customer retention metrics​"")","I","n/a","0","50","","n/a","n/a","23","0.00","0.10","=HYPERLINK(""https://smrs.toolsfrog.com/analytics/serp/?phrase=saas%20customer%20retention%20metrics&db=us&serpId=b-g-97-0507-2497102651695014511"",""5"")","137","1 month"
"saas customer retention rates","=HYPERLINK(""https://smrs.toolsfrog.com/analytics/keywordoverview/?q=saas%20customer%20retention%20rates&db=us"",""saas customer retention rates​"")","I","n/a","0","50","","n/a","n/a","30","0.00","0.03","=HYPERLINK(""https://smrs.toolsfrog.com/analytics/serp/?phrase=saas%20customer%20retention%20rates&db=us&serpId=b-e-97-0531-12509363962230408662"",""4"")","141","3 weeks"
"seo marketing customer retention cost","=HYPERLINK(""https://smrs.toolsfrog.com/analytics/keywordoverview/?q=seo%20marketing%20customer%20retention%20cost&db=us"",""seo marketing customer retention cost​"")","I","n/a","0","50","","n/a","n/a","13","0.00","0.00","=HYPERLINK(""https://smrs.toolsfrog.com/analytics/serp/?phrase=seo%20marketing%20customer%20retention%20cost&db=us&serpId=b-h-97-0525-7133296244493246361"",""4"")","31.8M","1 month"
"shopify customer retention strategies 2025","=HYPERLINK(""https://smrs.toolsfrog.com/analytics/keywordoverview/?q=shopify%20customer%20retention%20strategies%202025&db=us"",""shopify customer retention strategies 2025​"")","I","n/a","0","50","","n/a","n/a","n/a","0.00","0.00","=HYPERLINK(""https://smrs.toolsfrog.com/analytics/serp/?phrase=shopify%20customer%20retention%20strategies%202025&db=us&serpId=b-g-97-0423-17289389888448833927"",""5"")","8.5M","1 month"
"sms marketing customer retention loyalty benefits","=HYPERLINK(""https://smrs.toolsfrog.com/analytics/keywordoverview/?q=sms%20marketing%20customer%20retention%20loyalty%20benefits&db=us"",""sms marketing customer retention loyalty benefits​"")","I","n/a","0","50","","n/a","n/a","1","0.00","0.00","=HYPERLINK(""https://smrs.toolsfrog.com/analytics/serp/?phrase=sms%20marketing%20customer%20retention%20loyalty%20benefits&db=us&serpId=b-f-97-0506-16662686991148011705"",""4"")","2.1M","1 month"
"spectrum customer retention deals","=HYPERLINK(""https://smrs.toolsfrog.com/analytics/keywordoverview/?q=spectrum%20customer%20retention%20deals&db=us"",""spectrum customer retention deals​"")","I","n/a","0","50","","n/a","n/a","24","0.00","0.33","=HYPERLINK(""https://smrs.toolsfrog.com/analytics/serp/?phrase=spectrum%20customer%20retention%20deals&db=us&serpId=b-h-97-0515-638781257463133176"",""4"")","107","1 month"
"strategies to improve customer retention in financial services","=HYPERLINK(""https://smrs.toolsfrog.com/analytics/keywordoverview/?q=strategies%20to%20improve%20customer%20retention%20in%20financial%20services&db=us"",""strategies to improve customer retention in financial services​"")","I","n/a","0","50","","n/a","n/a","10","0.00","0.00","=HYPERLINK(""https://smrs.toolsfrog.com/analytics/serp/?phrase=strategies%20to%20improve%20customer%20retention%20in%20financial%20services&db=us&serpId=b-g-97-0519-16745833390451327399"",""5"")","170","1 month"
"the value of customer loyalty and retention","=HYPERLINK(""https://smrs.toolsfrog.com/analytics/keywordoverview/?q=the%20value%20of%20customer%20loyalty%20and%20retention&db=us"",""the value of customer loyalty and retention​"")","I","n/a","0","50","","n/a","n/a","33","0.00","0.00","=HYPERLINK(""https://smrs.toolsfrog.com/analytics/serp/?phrase=the%20value%20of%20customer%20loyalty%20and%20retention&db=us&serpId=b-f-97-0511-5537771150900868475"",""4"")","49.7M","1 month"
"top customer retention strategies","=HYPERLINK(""https://smrs.toolsfrog.com/analytics/keywordoverview/?q=top%20customer%20retention%20strategies&db=us"",""top customer retention strategies​"")","n/a","n/a","0","50","","n/a","n/a","n/a","0.00","0.33","n/a","n/a","For metrics, refresh"
"verizon retention customer service","=HYPERLINK(""https://smrs.toolsfrog.com/analytics/keywordoverview/?q=verizon%20retention%20customer%20service&db=us"",""verizon retention customer service​"")","I","n/a","0","50","","n/a","n/a","15","0.00","0.01","=HYPERLINK(""https://smrs.toolsfrog.com/analytics/serp/?phrase=verizon%20retention%20customer%20service&db=us&serpId=b-f-97-0520-10975362523107050842"",""2"")","59","1 month"
"ways to increase customer retention","=HYPERLINK(""https://smrs.toolsfrog.com/analytics/keywordoverview/?q=ways%20to%20increase%20customer%20retention&db=us"",""ways to increase customer retention​"")","n/a","n/a","0","50","","n/a","n/a","n/a","4.75","0.29","n/a","n/a","For metrics, refresh"
"what is customer loyalty and retention","=HYPERLINK(""https://smrs.toolsfrog.com/analytics/keywordoverview/?q=what%20is%20customer%20loyalty%20and%20retention&db=us"",""what is customer loyalty and retention​"")","I","n/a","0","50","","n/a","n/a","27","0.00","0.02","=HYPERLINK(""https://smrs.toolsfrog.com/analytics/serp/?phrase=what%20is%20customer%20loyalty%20and%20retention&db=us&serpId=b-g-97-0502-16164302180447240484"",""5"")","64.8M","1 month"
"what is customer retention cost","=HYPERLINK(""https://smrs.toolsfrog.com/analytics/keywordoverview/?q=what%20is%20customer%20retention%20cost&db=us"",""what is customer retention cost​"")","I","n/a","0","50","","n/a","n/a","31","0.00","0.33","=HYPERLINK(""https://smrs.toolsfrog.com/analytics/serp/?phrase=what%20is%20customer%20retention%20cost&db=us&serpId=b-f-97-0520-216897481378367056"",""5"")","155","1 month"
"xfinity customer retention department","=HYPERLINK(""https://smrs.toolsfrog.com/analytics/keywordoverview/?q=xfinity%20customer%20retention%20department&db=us"",""xfinity customer retention department​"")","n/a","n/a","0","50","","n/a","n/a","n/a","0.00","0.02","n/a","n/a","For metrics, refresh"
"accenture customer retention rate","=HYPERLINK(""https://smrs.toolsfrog.com/analytics/keywordoverview/?q=accenture%20customer%20retention%20rate&db=us"",""accenture customer retention rate​"")","n/a","n/a","0","40","","n/a","n/a","n/a","0.00","0.00","n/a","n/a","For metrics, refresh"
"ai customer retention solutions that integrate with crm","=HYPERLINK(""https://smrs.toolsfrog.com/analytics/keywordoverview/?q=ai%20customer%20retention%20solutions%20that%20integrate%20with%20crm&db=us"",""ai customer retention solutions that integrate with crm​"")","n/a","n/a","0","40","","n/a","n/a","n/a","0.00","0.00","n/a","n/a","For metrics, refresh"
"ai in customer retention","=HYPERLINK(""https://smrs.toolsfrog.com/analytics/keywordoverview/?q=ai%20in%20customer%20retention&db=us"",""ai in customer retention​"")","I","n/a","0","40","","n/a","n/a","26","0.00","0.00","=HYPERLINK(""https://smrs.toolsfrog.com/analytics/serp/?phrase=ai%20in%20customer%20retention&db=us&serpId=b-f-97-0411-14692186740285689775"",""5"")","151M","1 month"
"ai-powered customer retention solutions","=HYPERLINK(""https://smrs.toolsfrog.com/analytics/keywordoverview/?q=ai-powered%20customer%20retention%20solutions&db=us"",""ai-powered customer retention solutions​"")","I","n/a","0","40","","n/a","n/a","23","0.00","0.00","=HYPERLINK(""https://smrs.toolsfrog.com/analytics/serp/?phrase=ai-powered%20customer%20retention%20solutions&db=us&serpId=b-f-97-0427-5531706915387193642"",""5"")","180M","1 month"
"auto dealer customer retention","=HYPERLINK(""https://smrs.toolsfrog.com/analytics/keywordoverview/?q=auto%20dealer%20customer%20retention&db=us"",""auto dealer customer retention​"")","I","n/a","0","40","","n/a","n/a","10","0.00","0.10","=HYPERLINK(""https://smrs.toolsfrog.com/analytics/serp/?phrase=auto%20dealer%20customer%20retention&db=us&serpId=b-f-97-0427-5796711516952475121"",""6"")","16.4M","1 month"
"automotive customer retention software","=HYPERLINK(""https://smrs.toolsfrog.com/analytics/keywordoverview/?q=automotive%20customer%20retention%20software&db=us"",""automotive customer retention software​"")","C","n/a","0","40","","n/a","n/a","n/a","0.00","0.17","=HYPERLINK(""https://smrs.toolsfrog.com/analytics/serp/?phrase=automotive%20customer%20retention%20software&db=us&serpId=b-f-97-0427-7358188894715251097"",""3"")","90.3M","1 month"
"average customer retention rate","=HYPERLINK(""https://smrs.toolsfrog.com/analytics/keywordoverview/?q=average%20customer%20retention%20rate&db=us"",""average customer retention rate​"")","I","n/a","0","40","","n/a","n/a","47","2.53","0.16","=HYPERLINK(""https://smrs.toolsfrog.com/analytics/serp/?phrase=average%20customer%20retention%20rate&db=us&serpId=b-g-97-0413-15495431095916134901"",""5"")","203M","1 month"
"average customer retention rate restaurants","=HYPERLINK(""https://smrs.toolsfrog.com/analytics/keywordoverview/?q=average%20customer%20retention%20rate%20restaurants&db=us"",""average customer retention rate restaurants​"")","I","n/a","0","40","","n/a","n/a","15","0.00","0.33","=HYPERLINK(""https://smrs.toolsfrog.com/analytics/serp/?phrase=average%20customer%20retention%20rate%20restaurants&db=us&serpId=b-f-97-0519-11895291529028508318"",""4"")","137","1 month"
"b2b saas customer retention during economic downturn 2025","=HYPERLINK(""https://smrs.toolsfrog.com/analytics/keywordoverview/?q=b2b%20saas%20customer%20retention%20during%20economic%20downturn%202025&db=us"",""b2b saas customer retention during economic downturn 2025​"")","I","n/a","0","40","","n/a","n/a","19","0.00","0.00","=HYPERLINK(""https://smrs.toolsfrog.com/analytics/serp/?phrase=b2b%20saas%20customer%20retention%20during%20economic%20downturn%202025&db=us&serpId=b-e-97-0427-10962817598250248318"",""3"")","65.5K","1 month"
"b2b saas customer retention during economic downturn 2026","=HYPERLINK(""https://smrs.toolsfrog.com/analytics/keywordoverview/?q=b2b%20saas%20customer%20retention%20during%20economic%20downturn%202026&db=us"",""b2b saas customer retention during economic downturn 2026​"")","n/a","n/a","0","40","","n/a","n/a","n/a","0.00","0.00","n/a","n/a","For metrics, refresh"
"bank customer retention strategies","=HYPERLINK(""https://smrs.toolsfrog.com/analytics/keywordoverview/?q=bank%20customer%20retention%20strategies&db=us"",""bank customer retention strategies​"")","n/a","n/a","0","40","","n/a","n/a","n/a","0.00","0.02","n/a","n/a","For metrics, refresh"
"banking customer retention","=HYPERLINK(""https://smrs.toolsfrog.com/analytics/keywordoverview/?q=banking%20customer%20retention&db=us"",""banking customer retention​"")","I","n/a","0","40","","n/a","n/a","8","0.00","0.07","=HYPERLINK(""https://smrs.toolsfrog.com/analytics/serp/?phrase=banking%20customer%20retention&db=us&serpId=b-g-97-0427-8162635877048100194"",""4"")","48.1M","1 month"
"best companies customer retention","=HYPERLINK(""https://smrs.toolsfrog.com/analytics/keywordoverview/?q=best%20companies%20customer%20retention&db=us"",""best companies customer retention​"")","n/a","n/a","0","40","","n/a","n/a","n/a","0.00","0.00","n/a","n/a","For metrics, refresh"
"best customer retention companies","=HYPERLINK(""https://smrs.toolsfrog.com/analytics/keywordoverview/?q=best%20customer%20retention%20companies&db=us"",""best customer retention companies​"")","I - C","n/a","0","40","","n/a","n/a","15","0.00","0.33","=HYPERLINK(""https://smrs.toolsfrog.com/analytics/serp/?phrase=best%20customer%20retention%20companies&db=us&serpId=b-d-97-0427-16597093444934810991"",""6"")","128","1 month"
"best customer retention management software for shopify brands 2025 2026","=HYPERLINK(""https://smrs.toolsfrog.com/analytics/keywordoverview/?q=best%20customer%20retention%20management%20software%20for%20shopify%20brands%202025%202026&db=us"",""best customer retention management software for shopify brands 2025 2026​"")","n/a","n/a","0","40","","n/a","n/a","n/a","0.00","0.00","n/a","n/a","For metrics, refresh"
"best customer retention programs","=HYPERLINK(""https://smrs.toolsfrog.com/analytics/keywordoverview/?q=best%20customer%20retention%20programs&db=us"",""best customer retention programs​"")","n/a","n/a","0","40","","n/a","n/a","n/a","0.00","0.33","n/a","n/a","For metrics, refresh"
"best customer retention strategies statistics 2025","=HYPERLINK(""https://smrs.toolsfrog.com/analytics/keywordoverview/?q=best%20customer%20retention%20strategies%20statistics%202025&db=us"",""best customer retention strategies statistics 2025​"")","n/a","n/a","0","40","","n/a","n/a","n/a","0.00","0.00","n/a","n/a","For metrics, refresh"
"best practices for dealership customer retention","=HYPERLINK(""https://smrs.toolsfrog.com/analytics/keywordoverview/?q=best%20practices%20for%20dealership%20customer%20retention&db=us"",""best practices for dealership customer retention​"")","I - C","n/a","0","40","","n/a","n/a","1","0.00","0.00","=HYPERLINK(""https://smrs.toolsfrog.com/analytics/serp/?phrase=best%20practices%20for%20dealership%20customer%20retention&db=us&serpId=b-g-97-0507-3184018197192421087"",""3"")","10.6M","1 month"
"best tools for subscription customer retention 2025","=HYPERLINK(""https://smrs.toolsfrog.com/analytics/keywordoverview/?q=best%20tools%20for%20subscription%20customer%20retention%202025&db=us"",""best tools for subscription customer retention 2025​"")","C","n/a","0","40","","n/a","n/a","11","0.00","0.00","=HYPERLINK(""https://smrs.toolsfrog.com/analytics/serp/?phrase=best%20tools%20for%20subscription%20customer%20retention%202025&db=us&serpId=b-e-97-0526-7554197456829103940"",""4"")","168","1 month"
"best vertical saas platform financing for customer retention","=HYPERLINK(""https://smrs.toolsfrog.com/analytics/keywordoverview/?q=best%20vertical%20saas%20platform%20financing%20for%20customer%20retention&db=us"",""best vertical saas platform financing for customer retention​"")","I - C","n/a","0","40","","n/a","n/a","0","0.00","0.00","=HYPERLINK(""https://smrs.toolsfrog.com/analytics/serp/?phrase=best%20vertical%20saas%20platform%20financing%20for%20customer%20retention&db=us&serpId=b-h-97-0427-14638239010997690600"",""2"")","4.4M","1 month"
"bigcommerce customer retention strategies","=HYPERLINK(""https://smrs.toolsfrog.com/analytics/keywordoverview/?q=bigcommerce%20customer%20retention%20strategies&db=us"",""bigcommerce customer retention strategies​"")","I","n/a","0","40","","n/a","n/a","9","0.00","0.00","=HYPERLINK(""https://smrs.toolsfrog.com/analytics/serp/?phrase=bigcommerce%20customer%20retention%20strategies&db=us&serpId=b-f-97-0414-4786837854023836021"",""5"")","330K","1 month"
"brand loyalty strategies customer retention","=HYPERLINK(""https://smrs.toolsfrog.com/analytics/keywordoverview/?q=brand%20loyalty%20strategies%20customer%20retention&db=us"",""brand loyalty strategies customer retention​"")","n/a","n/a","0","40","","n/a","n/a","n/a","0.00","0.00","n/a","n/a","For metrics, refresh"
"buy ai customer retention solution","=HYPERLINK(""https://smrs.toolsfrog.com/analytics/keywordoverview/?q=buy%20ai%20customer%20retention%20solution&db=us"",""buy ai customer retention solution​"")","n/a","n/a","0","40","","n/a","n/a","n/a","0.00","0.00","n/a","n/a","For metrics, refresh"
"challenges in customer retention implementation","=HYPERLINK(""https://smrs.toolsfrog.com/analytics/keywordoverview/?q=challenges%20in%20customer%20retention%20implementation&db=us"",""challenges in customer retention implementation​"")","n/a","n/a","0","40","","n/a","n/a","n/a","0.00","0.00","n/a","n/a","For metrics, refresh"
"churn customer retention","=HYPERLINK(""https://smrs.toolsfrog.com/analytics/keywordoverview/?q=churn%20customer%20retention&db=us"",""churn customer retention​"")","I","n/a","0","40","","n/a","n/a","14","0.00","0.09","=HYPERLINK(""https://smrs.toolsfrog.com/analytics/serp/?phrase=churn%20customer%20retention&db=us&serpId=b-g-97-0419-5534200737574705446"",""4"")","138","1 month"
"companies with highest customer retention rates","=HYPERLINK(""https://smrs.toolsfrog.com/analytics/keywordoverview/?q=companies%20with%20highest%20customer%20retention%20rates&db=us"",""companies with highest customer retention rates​"")","I","n/a","0","40","","n/a","n/a","35","0.00","0.04","=HYPERLINK(""https://smrs.toolsfrog.com/analytics/serp/?phrase=companies%20with%20highest%20customer%20retention%20rates&db=us&serpId=b-g-97-0519-9486876574680694029"",""5"")","143","1 month"
"contact center customer retention","=HYPERLINK(""https://smrs.toolsfrog.com/analytics/keywordoverview/?q=contact%20center%20customer%20retention&db=us"",""contact center customer retention​"")","I","n/a","0","40","","n/a","n/a","3","0.00","0.00","=HYPERLINK(""https://smrs.toolsfrog.com/analytics/serp/?phrase=contact%20center%20customer%20retention&db=us&serpId=b-e-97-0508-9915583255670818341"",""5"")","261M","1 month"
"cost of customer retention","=HYPERLINK(""https://smrs.toolsfrog.com/analytics/keywordoverview/?q=cost%20of%20customer%20retention&db=us"",""cost of customer retention​"")","I","n/a","0","40","","n/a","n/a","26","4.38","0.02","=HYPERLINK(""https://smrs.toolsfrog.com/analytics/serp/?phrase=cost%20of%20customer%20retention&db=us&serpId=b-f-97-0420-18163868209724781342"",""4"")","142M","1 month"
"cost of customer retention vs customer acquisition","=HYPERLINK(""https://smrs.toolsfrog.com/analytics/keywordoverview/?q=cost%20of%20customer%20retention%20vs%20customer%20acquisition&db=us"",""cost of customer retention vs customer acquisition​"")","I - C","n/a","0","40","","n/a","n/a","38","3.08","0.26","=HYPERLINK(""https://smrs.toolsfrog.com/analytics/serp/?phrase=cost%20of%20customer%20retention%20vs%20customer%20acquisition&db=us&serpId=b-h-97-0418-16197505813230481078"",""4"")","43.1M","1 month"
"costco customer churn rate and retention 2025","=HYPERLINK(""https://smrs.toolsfrog.com/analytics/keywordoverview/?q=costco%20customer%20churn%20rate%20and%20retention%202025&db=us"",""costco customer churn rate and retention 2025​"")","I","n/a","0","40","","n/a","n/a","19","0.00","0.00","=HYPERLINK(""https://smrs.toolsfrog.com/analytics/serp/?phrase=costco%20customer%20churn%20rate%20and%20retention%202025&db=us&serpId=b-d-97-0429-10827327746493499251"",""4"")","9K","1 month"
"cox cable customer retention phone number","=HYPERLINK(""https://smrs.toolsfrog.com/analytics/keywordoverview/?q=cox%20cable%20customer%20retention%20phone%20number&db=us"",""cox cable customer retention phone number​"")","I","n/a","0","40","","n/a","n/a","40","0.00","0.08","=HYPERLINK(""https://smrs.toolsfrog.com/analytics/serp/?phrase=cox%20cable%20customer%20retention%20phone%20number&db=us&serpId=b-e-97-0421-3454338340852105191"",""4"")","632K","1 month"
"cox communications customer retention phone number","=HYPERLINK(""https://smrs.toolsfrog.com/analytics/keywordoverview/?q=cox%20communications%20customer%20retention%20phone%20number&db=us"",""cox communications customer retention phone number​"")","I","n/a","0","40","","n/a","n/a","40","0.00","0.08","=HYPERLINK(""https://smrs.toolsfrog.com/analytics/serp/?phrase=cox%20communications%20customer%20retention%20phone%20number&db=us&serpId=b-f-97-0421-8123165373321722364"",""4"")","12.2M","1 month"
"cox customer retention number","=HYPERLINK(""https://smrs.toolsfrog.com/analytics/keywordoverview/?q=cox%20customer%20retention%20number&db=us"",""cox customer retention number​"")","n/a","n/a","0","40","","n/a","n/a","n/a","0.00","0.02","n/a","n/a","For metrics, refresh"
"crm software email marketing customer retention","=HYPERLINK(""https://smrs.toolsfrog.com/analytics/keywordoverview/?q=crm%20software%20email%20marketing%20customer%20retention&db=us"",""crm software email marketing customer retention​"")","I","n/a","0","40","","n/a","n/a","9","0.00","0.00","=HYPERLINK(""https://smrs.toolsfrog.com/analytics/serp/?phrase=crm%20software%20email%20marketing%20customer%20retention&db=us&serpId=b-h-97-0506-11763954212365919300"",""5"")","26.2M","1 month"
"customer acquisition & retention","=HYPERLINK(""https://smrs.toolsfrog.com/analytics/keywordoverview/?q=customer%20acquisition%20%26%20retention&db=us"",""customer acquisition & retention​"")","I","n/a","0","40","","n/a","n/a","23","3.97","0.11","=HYPERLINK(""https://smrs.toolsfrog.com/analytics/serp/?phrase=customer%20acquisition%20%26%20retention&db=us&serpId=b-e-97-0507-4127699687058023828"",""7"")","80.7M","1 month"
"customer acquisition costs vs retention costs","=HYPERLINK(""https://smrs.toolsfrog.com/analytics/keywordoverview/?q=customer%20acquisition%20costs%20vs%20retention%20costs&db=us"",""customer acquisition costs vs retention costs​"")","n/a","n/a","0","40","","n/a","n/a","n/a","0.00","0.00","n/a","n/a","For metrics, refresh"
"customer attraction and retention","=HYPERLINK(""https://smrs.toolsfrog.com/analytics/keywordoverview/?q=customer%20attraction%20and%20retention&db=us"",""customer attraction and retention​"")","I","n/a","0","40","","n/a","n/a","29","0.00","0.33","=HYPERLINK(""https://smrs.toolsfrog.com/analytics/serp/?phrase=customer%20attraction%20and%20retention&db=us&serpId=b-e-97-0508-3588374175910494575"",""6"")","136","1 month"
"customer attraction and retention strategies","=HYPERLINK(""https://smrs.toolsfrog.com/analytics/keywordoverview/?q=customer%20attraction%20and%20retention%20strategies&db=us"",""customer attraction and retention strategies​"")","n/a","n/a","0","40","","n/a","n/a","n/a","0.00","0.33","n/a","n/a","For metrics, refresh"
"customer care and retention","=HYPERLINK(""https://smrs.toolsfrog.com/analytics/keywordoverview/?q=customer%20care%20and%20retention&db=us"",""customer care and retention​"")","I","n/a","0","40","","n/a","n/a","22","9.00","0.19","=HYPERLINK(""https://smrs.toolsfrog.com/analytics/serp/?phrase=customer%20care%20and%20retention&db=us&serpId=b-e-97-0520-1099351570794297710"",""6"")","134","1 month"
"customer churn reduction and retention for telecoms","=HYPERLINK(""https://smrs.toolsfrog.com/analytics/keywordoverview/?q=customer%20churn%20reduction%20and%20retention%20for%20telecoms&db=us"",""customer churn reduction and retention for telecoms​"")","I","n/a","0","40","","n/a","n/a","9","0.00","0.00","=HYPERLINK(""https://smrs.toolsfrog.com/analytics/serp/?phrase=customer%20churn%20reduction%20and%20retention%20for%20telecoms&db=us&serpId=b-e-97-0508-11980990598436425652"",""3"")","925K","1 month"
"customer engagement platform vs crm retention campaigns scenarios","=HYPERLINK(""https://smrs.toolsfrog.com/analytics/keywordoverview/?q=customer%20engagement%20platform%20vs%20crm%20retention%20campaigns%20scenarios&db=us"",""customer engagement platform vs crm retention campaigns scenarios​"")","I - C","n/a","0","40","","n/a","n/a","10","0.00","0.00","=HYPERLINK(""https://smrs.toolsfrog.com/analytics/serp/?phrase=customer%20engagement%20platform%20vs%20crm%20retention%20campaigns%20scenarios&db=us&serpId=b-f-97-0520-8738998146110376876"",""5"")","7.2M","1 month"
"customer experience and retention","=HYPERLINK(""https://smrs.toolsfrog.com/analytics/keywordoverview/?q=customer%20experience%20and%20retention&db=us"",""customer experience and retention​"")","I","n/a","0","40","","n/a","n/a","25","8.82","0.13","=HYPERLINK(""https://smrs.toolsfrog.com/analytics/serp/?phrase=customer%20experience%20and%20retention&db=us&serpId=b-f-97-0531-15527877004044671262"",""5"")","139","3 weeks"
"customer growth and retention","=HYPERLINK(""https://smrs.toolsfrog.com/analytics/keywordoverview/?q=customer%20growth%20and%20retention&db=us"",""customer growth and retention​"")","I","n/a","0","40","","n/a","n/a","35","0.00","0.33","=HYPERLINK(""https://smrs.toolsfrog.com/analytics/serp/?phrase=customer%20growth%20and%20retention&db=us&serpId=b-e-97-0508-1084035241685582236"",""5"")","129","1 month"
"customer loyalty and retention programs","=HYPERLINK(""https://smrs.toolsfrog.com/analytics/keywordoverview/?q=customer%20loyalty%20and%20retention%20programs&db=us"",""customer loyalty and retention programs​"")","I","n/a","0","40","","n/a","n/a","27","0.00","0.33","=HYPERLINK(""https://smrs.toolsfrog.com/analytics/serp/?phrase=customer%20loyalty%20and%20retention%20programs&db=us&serpId=b-h-97-0507-7278208182656791615"",""5"")","57.7M","1 month"
"customer loyalty customer retention","=HYPERLINK(""https://smrs.toolsfrog.com/analytics/keywordoverview/?q=customer%20loyalty%20customer%20retention&db=us"",""customer loyalty customer retention​"")","I","n/a","0","40","","n/a","n/a","27","0.00","0.00","=HYPERLINK(""https://smrs.toolsfrog.com/analytics/serp/?phrase=customer%20loyalty%20customer%20retention&db=us&serpId=b-g-97-0427-882278544814497196"",""7"")","61.5M","1 month"
"customer loyalty programs contact center promotion retention strategies","=HYPERLINK(""https://smrs.toolsfrog.com/analytics/keywordoverview/?q=customer%20loyalty%20programs%20contact%20center%20promotion%20retention%20strategies&db=us"",""customer loyalty programs contact center promotion retention strategies​"")","I","n/a","0","40","","n/a","n/a","17","0.00","0.00","=HYPERLINK(""https://smrs.toolsfrog.com/analytics/serp/?phrase=customer%20loyalty%20programs%20contact%20center%20promotion%20retention%20strategies&db=us&serpId=b-d-97-0428-15531930391998753412"",""3"")","75.9M","1 month"
"customer retention agencies","=HYPERLINK(""https://smrs.toolsfrog.com/analytics/keywordoverview/?q=customer%20retention%20agencies&db=us"",""customer retention agencies​"")","n/a","n/a","0","40","","n/a","n/a","n/a","0.00","0.00","n/a","n/a","For metrics, refresh"
"customer retention agency","=HYPERLINK(""https://smrs.toolsfrog.com/analytics/keywordoverview/?q=customer%20retention%20agency&db=us"",""customer retention agency​"")","I","n/a","0","40","","n/a","n/a","2","0.00","0.01","=HYPERLINK(""https://smrs.toolsfrog.com/analytics/serp/?phrase=customer%20retention%20agency&db=us&serpId=b-g-97-0508-15508498429796451616"",""5"")","157","1 month"
"customer retention and churn","=HYPERLINK(""https://smrs.toolsfrog.com/analytics/keywordoverview/?q=customer%20retention%20and%20churn&db=us"",""customer retention and churn​"")","I","n/a","0","40","","n/a","n/a","19","0.00","0.09","=HYPERLINK(""https://smrs.toolsfrog.com/analytics/serp/?phrase=customer%20retention%20and%20churn&db=us&serpId=b-g-97-0428-16311470114609361906"",""6"")","12.9M","1 month"
"customer retention and loyalty programs","=HYPERLINK(""https://smrs.toolsfrog.com/analytics/keywordoverview/?q=customer%20retention%20and%20loyalty%20programs&db=us"",""customer retention and loyalty programs​"")","I - C","n/a","0","40","","n/a","n/a","29","0.00","0.33","=HYPERLINK(""https://smrs.toolsfrog.com/analytics/serp/?phrase=customer%20retention%20and%20loyalty%20programs&db=us&serpId=b-g-97-0415-17377910576636827129"",""5"")","39.3M","1 month"
"customer retention and loyalty strategies","=HYPERLINK(""https://smrs.toolsfrog.com/analytics/keywordoverview/?q=customer%20retention%20and%20loyalty%20strategies&db=us"",""customer retention and loyalty strategies​"")","I","n/a","0","40","","n/a","n/a","20","0.00","0.33","=HYPERLINK(""https://smrs.toolsfrog.com/analytics/serp/?phrase=customer%20retention%20and%20loyalty%20strategies&db=us&serpId=b-e-97-0507-7591387903539682546"",""4"")","38.1M","1 month"
"customer retention app","=HYPERLINK(""https://smrs.toolsfrog.com/analytics/keywordoverview/?q=customer%20retention%20app&db=us"",""customer retention app​"")","C","n/a","0","40","","n/a","n/a","12","0.00","0.37","=HYPERLINK(""https://smrs.toolsfrog.com/analytics/serp/?phrase=customer%20retention%20app&db=us&serpId=b-e-97-0504-2677205498822629645"",""6"")","155","1 month"
"customer retention banking","=HYPERLINK(""https://smrs.toolsfrog.com/analytics/keywordoverview/?q=customer%20retention%20banking&db=us"",""customer retention banking​"")","I","n/a","0","40","","n/a","n/a","11","0.00","0.07","=HYPERLINK(""https://smrs.toolsfrog.com/analytics/serp/?phrase=customer%20retention%20banking&db=us&serpId=b-h-97-0508-8805047789202723293"",""3"")","67.4M","1 month"
"customer retention calculator","=HYPERLINK(""https://smrs.toolsfrog.com/analytics/keywordoverview/?q=customer%20retention%20calculator&db=us"",""customer retention calculator​"")","I","n/a","0","40","","n/a","n/a","15","1.70","0.30","=HYPERLINK(""https://smrs.toolsfrog.com/analytics/serp/?phrase=customer%20retention%20calculator&db=us&serpId=b-e-97-0517-3618951153819569667"",""5"")","122","1 month"
"customer retention call center","=HYPERLINK(""https://smrs.toolsfrog.com/analytics/keywordoverview/?q=customer%20retention%20call%20center&db=us"",""customer retention call center​"")","n/a","n/a","0","40","","n/a","n/a","n/a","0.00","0.33","n/a","n/a","For metrics, refresh"
"customer retention careers","=HYPERLINK(""https://smrs.toolsfrog.com/analytics/keywordoverview/?q=customer%20retention%20careers&db=us"",""customer retention careers​"")","C","n/a","0","40","","n/a","n/a","13","0.78","0.14","=HYPERLINK(""https://smrs.toolsfrog.com/analytics/serp/?phrase=customer%20retention%20careers&db=us&serpId=b-e-97-0605-3935393138832438571"",""4"")","109","3 weeks"
"customer retention companies","=HYPERLINK(""https://smrs.toolsfrog.com/analytics/keywordoverview/?q=customer%20retention%20companies&db=us"",""customer retention companies​"")","I","n/a","0","40","","n/a","n/a","21","0.00","0.09","=HYPERLINK(""https://smrs.toolsfrog.com/analytics/serp/?phrase=customer%20retention%20companies&db=us&serpId=b-h-97-0415-10659262880169728519"",""4"")","190M","1 month"
"customer retention company examples","=HYPERLINK(""https://smrs.toolsfrog.com/analytics/keywordoverview/?q=customer%20retention%20company%20examples&db=us"",""customer retention company examples​"")","n/a","n/a","0","40","","n/a","n/a","n/a","0.00","0.33","n/a","n/a","For metrics, refresh"
"customer retention data","=HYPERLINK(""https://smrs.toolsfrog.com/analytics/keywordoverview/?q=customer%20retention%20data&db=us"",""customer retention data​"")","I","n/a","0","40","","n/a","n/a","26","0.00","0.36","=HYPERLINK(""https://smrs.toolsfrog.com/analytics/serp/?phrase=customer%20retention%20data&db=us&serpId=b-h-97-0507-13633726655678031656"",""5"")","134","1 month"
"customer retention during economic downturns","=HYPERLINK(""https://smrs.toolsfrog.com/analytics/keywordoverview/?q=customer%20retention%20during%20economic%20downturns&db=us"",""customer retention during economic downturns​"")","I","n/a","0","40","","n/a","n/a","4","0.00","0.00","=HYPERLINK(""https://smrs.toolsfrog.com/analytics/serp/?phrase=customer%20retention%20during%20economic%20downturns&db=us&serpId=b-e-97-0526-8775097281585336069"",""3"")","168","1 month"
"customer retention email","=HYPERLINK(""https://smrs.toolsfrog.com/analytics/keywordoverview/?q=customer%20retention%20email&db=us"",""customer retention email​"")","I","n/a","0","40","","n/a","n/a","18","7.63","0.15","=HYPERLINK(""https://smrs.toolsfrog.com/analytics/serp/?phrase=customer%20retention%20email&db=us&serpId=b-h-97-0507-11943529926843373476"",""6"")","133","1 month"
"customer retention examples of companies","=HYPERLINK(""https://smrs.toolsfrog.com/analytics/keywordoverview/?q=customer%20retention%20examples%20of%20companies&db=us"",""customer retention examples of companies​"")","I","n/a","0","40","","n/a","n/a","6","0.00","0.01","=HYPERLINK(""https://smrs.toolsfrog.com/analytics/serp/?phrase=customer%20retention%20examples%20of%20companies&db=us&serpId=b-h-97-0428-3377486579836845703"",""5"")","107M","1 month"
"customer retention experience","=HYPERLINK(""https://smrs.toolsfrog.com/analytics/keywordoverview/?q=customer%20retention%20experience&db=us"",""customer retention experience​"")","I","n/a","0","40","","n/a","n/a","34","0.00","0.24","=HYPERLINK(""https://smrs.toolsfrog.com/analytics/serp/?phrase=customer%20retention%20experience&db=us&serpId=b-e-97-0508-290251657673229090"",""6"")","154M","1 month"
"customer retention facts","=HYPERLINK(""https://smrs.toolsfrog.com/analytics/keywordoverview/?q=customer%20retention%20facts&db=us"",""customer retention facts​"")","I","n/a","0","40","","n/a","n/a","43","0.00","0.33","=HYPERLINK(""https://smrs.toolsfrog.com/analytics/serp/?phrase=customer%20retention%20facts&db=us&serpId=b-h-97-0508-618009646505220936"",""5"")","44.2M","1 month"
"customer retention for financial services institutions","=HYPERLINK(""https://smrs.toolsfrog.com/analytics/keywordoverview/?q=customer%20retention%20for%20financial%20services%20institutions&db=us"",""customer retention for financial services institutions​"")","I","n/a","0","40","","n/a","n/a","0","0.00","0.00","=HYPERLINK(""https://smrs.toolsfrog.com/analytics/serp/?phrase=customer%20retention%20for%20financial%20services%20institutions&db=us&serpId=b-d-97-0428-629665423115268209"",""5"")","202M","1 month"
"customer retention impact business profits","=HYPERLINK(""https://smrs.toolsfrog.com/analytics/keywordoverview/?q=customer%20retention%20impact%20business%20profits&db=us"",""customer retention impact business profits​"")","n/a","n/a","0","40","","n/a","n/a","n/a","0.00","0.00","n/a","n/a","For metrics, refresh"
"customer retention improvements security roi analysis","=HYPERLINK(""https://smrs.toolsfrog.com/analytics/keywordoverview/?q=customer%20retention%20improvements%20security%20roi%20analysis&db=us"",""customer retention improvements security roi analysis​"")","I","n/a","0","40","","n/a","n/a","18","0.00","0.00","=HYPERLINK(""https://smrs.toolsfrog.com/analytics/serp/?phrase=customer%20retention%20improvements%20security%20roi%20analysis&db=us&serpId=b-f-97-0519-12429911988339897198"",""5"")","127","1 month"
"customer retention in banking sector","=HYPERLINK(""https://smrs.toolsfrog.com/analytics/keywordoverview/?q=customer%20retention%20in%20banking%20sector&db=us"",""customer retention in banking sector​"")","I","n/a","0","40","","n/a","n/a","10","0.00","0.33","=HYPERLINK(""https://smrs.toolsfrog.com/analytics/serp/?phrase=customer%20retention%20in%20banking%20sector&db=us&serpId=b-h-97-0517-7579936338959505512"",""5"")","162","1 month"
"customer retention in ecommerce","=HYPERLINK(""https://smrs.toolsfrog.com/analytics/keywordoverview/?q=customer%20retention%20in%20ecommerce&db=us"",""customer retention in ecommerce​"")","I","n/a","0","40","","n/a","n/a","21","0.00","0.12","=HYPERLINK(""https://smrs.toolsfrog.com/analytics/serp/?phrase=customer%20retention%20in%20ecommerce&db=us&serpId=b-d-97-0423-2005502308538926850"",""5"")","30.2M","1 month"
"customer retention in hotels","=HYPERLINK(""https://smrs.toolsfrog.com/analytics/keywordoverview/?q=customer%20retention%20in%20hotels&db=us"",""customer retention in hotels​"")","I","n/a","0","40","","n/a","n/a","15","0.00","0.33","=HYPERLINK(""https://smrs.toolsfrog.com/analytics/serp/?phrase=customer%20retention%20in%20hotels&db=us&serpId=b-e-97-0508-2059433070568040963"",""6"")","14.1M","1 month"
"customer retention in retail sector","=HYPERLINK(""https://smrs.toolsfrog.com/analytics/keywordoverview/?q=customer%20retention%20in%20retail%20sector&db=us"",""customer retention in retail sector​"")","n/a","n/a","0","40","","n/a","n/a","n/a","0.00","0.33","n/a","n/a","For metrics, refresh"
"customer retention in service marketing","=HYPERLINK(""https://smrs.toolsfrog.com/analytics/keywordoverview/?q=customer%20retention%20in%20service%20marketing&db=us"",""customer retention in service marketing​"")","n/a","n/a","0","40","","n/a","n/a","n/a","0.00","0.13","n/a","n/a","For metrics, refresh"
"customer retention insurance","=HYPERLINK(""https://smrs.toolsfrog.com/analytics/keywordoverview/?q=customer%20retention%20insurance&db=us"",""customer retention insurance​"")","I","n/a","0","40","","n/a","n/a","15","0.00","0.05","=HYPERLINK(""https://smrs.toolsfrog.com/analytics/serp/?phrase=customer%20retention%20insurance&db=us&serpId=b-h-97-0503-4429670541710082545"",""6"")","88.9M","1 month"
"customer retention insurance industry","=HYPERLINK(""https://smrs.toolsfrog.com/analytics/keywordoverview/?q=customer%20retention%20insurance%20industry&db=us"",""customer retention insurance industry​"")","I","n/a","0","40","","n/a","n/a","12","3.89","0.04","=HYPERLINK(""https://smrs.toolsfrog.com/analytics/serp/?phrase=customer%20retention%20insurance%20industry&db=us&serpId=b-g-97-0603-17086934856387432683"",""4"")","132","3 weeks"
"customer retention is","=HYPERLINK(""https://smrs.toolsfrog.com/analytics/keywordoverview/?q=customer%20retention%20is&db=us"",""customer retention is​"")","I","n/a","0","40","","n/a","n/a","44","0.00","0.33","=HYPERLINK(""https://smrs.toolsfrog.com/analytics/serp/?phrase=customer%20retention%20is&db=us&serpId=b-f-97-0507-12745792679348180884"",""5"")","212M","1 month"
"customer retention kpi formula","=HYPERLINK(""https://smrs.toolsfrog.com/analytics/keywordoverview/?q=customer%20retention%20kpi%20formula&db=us"",""customer retention kpi formula​"")","I","n/a","0","40","","n/a","n/a","26","0.00","0.14","=HYPERLINK(""https://smrs.toolsfrog.com/analytics/serp/?phrase=customer%20retention%20kpi%20formula&db=us&serpId=b-e-97-0427-8383260505475136577"",""6"")","1.2M","1 month"
"customer retention management strategies","=HYPERLINK(""https://smrs.toolsfrog.com/analytics/keywordoverview/?q=customer%20retention%20management%20strategies&db=us"",""customer retention management strategies​"")","I","n/a","0","40","","n/a","n/a","32","7.20","0.17","=HYPERLINK(""https://smrs.toolsfrog.com/analytics/serp/?phrase=customer%20retention%20management%20strategies&db=us&serpId=b-g-97-0503-13613549740934534106"",""5"")","135","1 month"
"customer retention methods","=HYPERLINK(""https://smrs.toolsfrog.com/analytics/keywordoverview/?q=customer%20retention%20methods&db=us"",""customer retention methods​"")","I","n/a","0","40","","n/a","n/a","36","7.12","0.24","=HYPERLINK(""https://smrs.toolsfrog.com/analytics/serp/?phrase=customer%20retention%20methods&db=us&serpId=b-f-97-0421-3451689284188364871"",""6"")","138","1 month"
"customer retention mortgage industry","=HYPERLINK(""https://smrs.toolsfrog.com/analytics/keywordoverview/?q=customer%20retention%20mortgage%20industry&db=us"",""customer retention mortgage industry​"")","I","n/a","0","40","","n/a","n/a","1","0.00","0.00","=HYPERLINK(""https://smrs.toolsfrog.com/analytics/serp/?phrase=customer%20retention%20mortgage%20industry&db=us&serpId=b-d-97-0415-10029392573303322629"",""2"")","13M","1 month"
"customer retention practices","=HYPERLINK(""https://smrs.toolsfrog.com/analytics/keywordoverview/?q=customer%20retention%20practices&db=us"",""customer retention practices​"")","n/a","n/a","0","40","","n/a","n/a","n/a","0.00","0.20","n/a","n/a","For metrics, refresh"
"customer retention program examples","=HYPERLINK(""https://smrs.toolsfrog.com/analytics/keywordoverview/?q=customer%20retention%20program%20examples&db=us"",""customer retention program examples​"")","I","n/a","0","40","","n/a","n/a","30","0.00","0.33","=HYPERLINK(""https://smrs.toolsfrog.com/analytics/serp/?phrase=customer%20retention%20program%20examples&db=us&serpId=b-f-97-0519-15126579883745823548"",""6"")","133","1 month"
"customer retention programs examples","=HYPERLINK(""https://smrs.toolsfrog.com/analytics/keywordoverview/?q=customer%20retention%20programs%20examples&db=us"",""customer retention programs examples​"")","I","n/a","0","40","","n/a","n/a","32","0.00","0.33","=HYPERLINK(""https://smrs.toolsfrog.com/analytics/serp/?phrase=customer%20retention%20programs%20examples&db=us&serpId=b-g-97-0520-8236772148734085617"",""5"")","133","1 month"
"customer retention rate definition","=HYPERLINK(""https://smrs.toolsfrog.com/analytics/keywordoverview/?q=customer%20retention%20rate%20definition&db=us"",""customer retention rate definition​"")","I","n/a","0","40","","n/a","n/a","29","0.00","0.05","=HYPERLINK(""https://smrs.toolsfrog.com/analytics/serp/?phrase=customer%20retention%20rate%20definition&db=us&serpId=b-e-97-0508-14483389680972749552"",""5"")","168M","1 month"
"customer retention rate example","=HYPERLINK(""https://smrs.toolsfrog.com/analytics/keywordoverview/?q=customer%20retention%20rate%20example&db=us"",""customer retention rate example​"")","I","n/a","0","40","","n/a","n/a","37","3.13","0.18","=HYPERLINK(""https://smrs.toolsfrog.com/analytics/serp/?phrase=customer%20retention%20rate%20example&db=us&serpId=b-g-97-0521-771956905340198765"",""6"")","133","1 month"
"customer retention rates","=HYPERLINK(""https://smrs.toolsfrog.com/analytics/keywordoverview/?q=customer%20retention%20rates&db=us"",""customer retention rates​"")","I","n/a","0","40","","n/a","n/a","43","1.90","0.03","=HYPERLINK(""https://smrs.toolsfrog.com/analytics/serp/?phrase=customer%20retention%20rates&db=us&serpId=b-g-97-0603-15644452221841598405"",""5"")","137","3 weeks"
"customer retention satisfaction","=HYPERLINK(""https://smrs.toolsfrog.com/analytics/keywordoverview/?q=customer%20retention%20satisfaction&db=us"",""customer retention satisfaction​"")","I","n/a","0","40","","n/a","n/a","20","0.00","0.01","=HYPERLINK(""https://smrs.toolsfrog.com/analytics/serp/?phrase=customer%20retention%20satisfaction&db=us&serpId=b-h-97-0503-7390614806775539144"",""6"")","53.4M","1 month"
"customer retention software with predictive analytics","=HYPERLINK(""https://smrs.toolsfrog.com/analytics/keywordoverview/?q=customer%20retention%20software%20with%20predictive%20analytics&db=us"",""customer retention software with predictive analytics​"")","n/a","n/a","0","40","","n/a","n/a","n/a","0.00","0.00","n/a","n/a","For metrics, refresh"
"customer retention spectrum","=HYPERLINK(""https://smrs.toolsfrog.com/analytics/keywordoverview/?q=customer%20retention%20spectrum&db=us"",""customer retention spectrum​"")","I","n/a","0","40","","n/a","n/a","23","0.00","0.01","=HYPERLINK(""https://smrs.toolsfrog.com/analytics/serp/?phrase=customer%20retention%20spectrum&db=us&serpId=b-f-97-0427-18113211200578673896"",""5"")","84.3M","1 month"
"customer retention staffing","=HYPERLINK(""https://smrs.toolsfrog.com/analytics/keywordoverview/?q=customer%20retention%20staffing&db=us"",""customer retention staffing​"")","n/a","n/a","0","40","","n/a","n/a","n/a","0.00","0.00","n/a","n/a","For metrics, refresh"
"customer retention strategies after black friday","=HYPERLINK(""https://smrs.toolsfrog.com/analytics/keywordoverview/?q=customer%20retention%20strategies%20after%20black%20friday&db=us"",""customer retention strategies after black friday​"")","n/a","n/a","0","40","","n/a","n/a","n/a","0.00","0.00","n/a","n/a","For metrics, refresh"
"customer retention strategies b2b","=HYPERLINK(""https://smrs.toolsfrog.com/analytics/keywordoverview/?q=customer%20retention%20strategies%20b2b&db=us"",""customer retention strategies b2b​"")","I - C","n/a","0","40","","n/a","n/a","16","0.00","0.33","=HYPERLINK(""https://smrs.toolsfrog.com/analytics/serp/?phrase=customer%20retention%20strategies%20b2b&db=us&serpId=b-g-97-0428-2539107719411693443"",""5"")","7.2M","1 month"
"customer retention strategies in marketing","=HYPERLINK(""https://smrs.toolsfrog.com/analytics/keywordoverview/?q=customer%20retention%20strategies%20in%20marketing&db=us"",""customer retention strategies in marketing​"")","I","n/a","0","40","","n/a","n/a","32","6.61","0.24","=HYPERLINK(""https://smrs.toolsfrog.com/analytics/serp/?phrase=customer%20retention%20strategies%20in%20marketing&db=us&serpId=b-h-97-0503-16122521399185025276"",""6"")","98.8M","1 month"
"customer retention strategies saas","=HYPERLINK(""https://smrs.toolsfrog.com/analytics/keywordoverview/?q=customer%20retention%20strategies%20saas&db=us"",""customer retention strategies saas​"")","I","n/a","0","40","","n/a","n/a","22","0.00","1.00","=HYPERLINK(""https://smrs.toolsfrog.com/analytics/serp/?phrase=customer%20retention%20strategies%20saas&db=us&serpId=b-e-97-0428-11857321137227972998"",""5"")","23M","1 month"
"customer retention strategy examples","=HYPERLINK(""https://smrs.toolsfrog.com/analytics/keywordoverview/?q=customer%20retention%20strategy%20examples&db=us"",""customer retention strategy examples​"")","I","n/a","0","40","","n/a","n/a","25","4.12","0.14","=HYPERLINK(""https://smrs.toolsfrog.com/analytics/serp/?phrase=customer%20retention%20strategy%20examples&db=us&serpId=b-f-97-0507-4844082263429759164"",""7"")","132M","1 month"
"customer retention through financing","=HYPERLINK(""https://smrs.toolsfrog.com/analytics/keywordoverview/?q=customer%20retention%20through%20financing&db=us"",""customer retention through financing​"")","n/a","n/a","0","40","","n/a","n/a","n/a","0.00","0.00","n/a","n/a","For metrics, refresh"
"customer retention through subscriptions","=HYPERLINK(""https://smrs.toolsfrog.com/analytics/keywordoverview/?q=customer%20retention%20through%20subscriptions&db=us"",""customer retention through subscriptions​"")","I","n/a","0","40","","n/a","n/a","7","0.00","0.00","=HYPERLINK(""https://smrs.toolsfrog.com/analytics/serp/?phrase=customer%20retention%20through%20subscriptions&db=us&serpId=b-h-97-0428-16311262506615403222"",""4"")","91M","1 month"
"customer retention tool","=HYPERLINK(""https://smrs.toolsfrog.com/analytics/keywordoverview/?q=customer%20retention%20tool&db=us"",""customer retention tool​"")","I","n/a","0","40","","n/a","n/a","7","20.28","0.27","=HYPERLINK(""https://smrs.toolsfrog.com/analytics/serp/?phrase=customer%20retention%20tool&db=us&serpId=b-h-97-0507-2380481723260547898"",""7"")","213M","1 month"
"customer retention vs customer loyalty","=HYPERLINK(""https://smrs.toolsfrog.com/analytics/keywordoverview/?q=customer%20retention%20vs%20customer%20loyalty&db=us"",""customer retention vs customer loyalty​"")","n/a","n/a","0","40","","n/a","n/a","n/a","0.00","0.33","n/a","n/a","For metrics, refresh"
"customer retention with cash back","=HYPERLINK(""https://smrs.toolsfrog.com/analytics/keywordoverview/?q=customer%20retention%20with%20cash%20back&db=us"",""customer retention with cash back​"")","I","n/a","0","40","","n/a","n/a","12","0.00","0.00","=HYPERLINK(""https://smrs.toolsfrog.com/analytics/serp/?phrase=customer%20retention%20with%20cash%20back&db=us&serpId=b-d-97-0422-16954184179075592395"",""3"")","51.6M","1 month"
"customer retention with direct mail","=HYPERLINK(""https://smrs.toolsfrog.com/analytics/keywordoverview/?q=customer%20retention%20with%20direct%20mail&db=us"",""customer retention with direct mail​"")","I","n/a","0","40","","n/a","n/a","0","0.00","0.00","=HYPERLINK(""https://smrs.toolsfrog.com/analytics/serp/?phrase=customer%20retention%20with%20direct%20mail&db=us&serpId=b-e-97-0427-6748505243766556618"",""4"")","107M","1 month"
"customer success retention","=HYPERLINK(""https://smrs.toolsfrog.com/analytics/keywordoverview/?q=customer%20success%20retention&db=us"",""customer success retention​"")","I","n/a","0","40","","n/a","n/a","20","0.00","0.33","=HYPERLINK(""https://smrs.toolsfrog.com/analytics/serp/?phrase=customer%20success%20retention&db=us&serpId=b-e-97-0503-16726312045035912971"",""6"")","135","1 month"
"customer success retention strategies","=HYPERLINK(""https://smrs.toolsfrog.com/analytics/keywordoverview/?q=customer%20success%20retention%20strategies&db=us"",""customer success retention strategies​"")","I","n/a","0","40","","n/a","n/a","27","0.00","0.07","=HYPERLINK(""https://smrs.toolsfrog.com/analytics/serp/?phrase=customer%20success%20retention%20strategies&db=us&serpId=b-h-97-0531-11868831674797271046"",""6"")","131","3 weeks"
"definition customer retention","=HYPERLINK(""https://smrs.toolsfrog.com/analytics/keywordoverview/?q=definition%20customer%20retention&db=us"",""definition customer retention​"")","I","n/a","0","40","","n/a","n/a","46","2.04","0.03","=HYPERLINK(""https://smrs.toolsfrog.com/analytics/serp/?phrase=definition%20customer%20retention&db=us&serpId=b-e-97-0507-2086702536368546702"",""5"")","134","1 month"
"difference between customer retention and customer loyalty","=HYPERLINK(""https://smrs.toolsfrog.com/analytics/keywordoverview/?q=difference%20between%20customer%20retention%20and%20customer%20loyalty&db=us"",""difference between customer retention and customer loyalty​"")","I","n/a","0","40","","n/a","n/a","16","0.00","0.33","=HYPERLINK(""https://smrs.toolsfrog.com/analytics/serp/?phrase=difference%20between%20customer%20retention%20and%20customer%20loyalty&db=us&serpId=b-h-97-0415-9884211545994254101"",""3"")","62.3M","1 month"
"direct to consumer fitness brands customer retention strategies","=HYPERLINK(""https://smrs.toolsfrog.com/analytics/keywordoverview/?q=direct%20to%20consumer%20fitness%20brands%20customer%20retention%20strategies&db=us"",""direct to consumer fitness brands customer retention strategies​"")","n/a","n/a","0","40","","n/a","n/a","n/a","0.00","0.00","n/a","n/a","For metrics, refresh"
"ecommerce customer retention strategies","=HYPERLINK(""https://smrs.toolsfrog.com/analytics/keywordoverview/?q=ecommerce%20customer%20retention%20strategies&db=us"",""ecommerce customer retention strategies​"")","I","n/a","0","40","","n/a","n/a","25","0.00","0.06","=HYPERLINK(""https://smrs.toolsfrog.com/analytics/serp/?phrase=ecommerce%20customer%20retention%20strategies&db=us&serpId=b-g-97-0428-8910313094695103505"",""6"")","11M","1 month"
"ecommerce return policies that improve customer retention","=HYPERLINK(""https://smrs.toolsfrog.com/analytics/keywordoverview/?q=ecommerce%20return%20policies%20that%20improve%20customer%20retention&db=us"",""ecommerce return policies that improve customer retention​"")","n/a","n/a","0","40","","n/a","n/a","n/a","0.00","0.00","n/a","n/a","For metrics, refresh"
"effective customer retention strategies","=HYPERLINK(""https://smrs.toolsfrog.com/analytics/keywordoverview/?q=effective%20customer%20retention%20strategies&db=us"",""effective customer retention strategies​"")","I","n/a","0","40","","n/a","n/a","37","0.00","0.33","=HYPERLINK(""https://smrs.toolsfrog.com/analytics/serp/?phrase=effective%20customer%20retention%20strategies&db=us&serpId=b-h-97-0420-11828305785455602522"",""8"")","141M","1 month"
"effective customer retention strategies local seo","=HYPERLINK(""https://smrs.toolsfrog.com/analytics/keywordoverview/?q=effective%20customer%20retention%20strategies%20local%20seo&db=us"",""effective customer retention strategies local seo​"")","I","n/a","0","40","","n/a","n/a","4","0.00","0.00","=HYPERLINK(""https://smrs.toolsfrog.com/analytics/serp/?phrase=effective%20customer%20retention%20strategies%20local%20seo&db=us&serpId=b-h-97-0507-6284721030202618987"",""3"")","132","1 month"
"effective marketing strategies for customer retention 2025 2026","=HYPERLINK(""https://smrs.toolsfrog.com/analytics/keywordoverview/?q=effective%20marketing%20strategies%20for%20customer%20retention%202025%202026&db=us"",""effective marketing strategies for customer retention 2025 2026​"")","n/a","n/a","0","40","","n/a","n/a","n/a","0.00","0.00","n/a","n/a","For metrics, refresh"
"effective ways to use video for customer retention","=HYPERLINK(""https://smrs.toolsfrog.com/analytics/keywordoverview/?q=effective%20ways%20to%20use%20video%20for%20customer%20retention&db=us"",""effective ways to use video for customer retention​"")","n/a","n/a","0","40","","n/a","n/a","n/a","0.00","0.00","n/a","n/a","For metrics, refresh"
"enterprise brands improve customer retention personalized outreach strategies","=HYPERLINK(""https://smrs.toolsfrog.com/analytics/keywordoverview/?q=enterprise%20brands%20improve%20customer%20retention%20personalized%20outreach%20strategies&db=us"",""enterprise brands improve customer retention personalized outreach strategies​"")","n/a","n/a","0","40","","n/a","n/a","n/a","0.00","0.00","n/a","n/a","For metrics, refresh"
"enterprise loyalty platform for airline customer retention","=HYPERLINK(""https://smrs.toolsfrog.com/analytics/keywordoverview/?q=enterprise%20loyalty%20platform%20for%20airline%20customer%20retention&db=us"",""enterprise loyalty platform for airline customer retention​"")","n/a","n/a","0","40","","n/a","n/a","n/a","0.00","0.00","n/a","n/a","For metrics, refresh"
"examples of customer retention goals","=HYPERLINK(""https://smrs.toolsfrog.com/analytics/keywordoverview/?q=examples%20of%20customer%20retention%20goals&db=us"",""examples of customer retention goals​"")","n/a","n/a","0","40","","n/a","n/a","n/a","0.00","0.00","n/a","n/a","For metrics, refresh"
"examples of customer retention strategies","=HYPERLINK(""https://smrs.toolsfrog.com/analytics/keywordoverview/?q=examples%20of%20customer%20retention%20strategies&db=us"",""examples of customer retention strategies​"")","I","n/a","0","40","","n/a","n/a","41","6.15","0.17","=HYPERLINK(""https://smrs.toolsfrog.com/analytics/serp/?phrase=examples%20of%20customer%20retention%20strategies&db=us&serpId=b-f-97-0520-6046602366734824682"",""4"")","155","1 month"
"formula for customer retention rate","=HYPERLINK(""https://smrs.toolsfrog.com/analytics/keywordoverview/?q=formula%20for%20customer%20retention%20rate&db=us"",""formula for customer retention rate​"")","I","n/a","0","40","","n/a","n/a","28","0.00","0.09","=HYPERLINK(""https://smrs.toolsfrog.com/analytics/serp/?phrase=formula%20for%20customer%20retention%20rate&db=us&serpId=b-g-97-0513-8320245271285821289"",""5"")","157","1 month"
"frontier customer retention number","=HYPERLINK(""https://smrs.toolsfrog.com/analytics/keywordoverview/?q=frontier%20customer%20retention%20number&db=us"",""frontier customer retention number​"")","I","n/a","0","40","","n/a","n/a","45","0.00","0.33","=HYPERLINK(""https://smrs.toolsfrog.com/analytics/serp/?phrase=frontier%20customer%20retention%20number&db=us&serpId=b-g-97-0415-12549107101715223100"",""2"")","28.6M","1 month"
"generative ai in customer retention","=HYPERLINK(""https://smrs.toolsfrog.com/analytics/keywordoverview/?q=generative%20ai%20in%20customer%20retention&db=us"",""generative ai in customer retention​"")","n/a","n/a","0","40","","n/a","n/a","n/a","3.15","0.10","n/a","n/a","For metrics, refresh"
"gift cards customer retention statistics","=HYPERLINK(""https://smrs.toolsfrog.com/analytics/keywordoverview/?q=gift%20cards%20customer%20retention%20statistics&db=us"",""gift cards customer retention statistics​"")","n/a","n/a","0","40","","n/a","n/a","n/a","0.00","0.00","n/a","n/a","For metrics, refresh"
"healthcare customer retention","=HYPERLINK(""https://smrs.toolsfrog.com/analytics/keywordoverview/?q=healthcare%20customer%20retention&db=us"",""healthcare customer retention​"")","n/a","n/a","0","40","","n/a","n/a","n/a","0.00","0.71","n/a","n/a","For metrics, refresh"
"how conversational messaging improves customer retention","=HYPERLINK(""https://smrs.toolsfrog.com/analytics/keywordoverview/?q=how%20conversational%20messaging%20improves%20customer%20retention&db=us"",""how conversational messaging improves customer retention​"")","I","n/a","0","40","","n/a","n/a","0","0.00","0.00","=HYPERLINK(""https://smrs.toolsfrog.com/analytics/serp/?phrase=how%20conversational%20messaging%20improves%20customer%20retention&db=us&serpId=b-f-97-0603-7961636262829187283"",""4"")","196","3 weeks"
"how direct mail marketing drives customer retention","=HYPERLINK(""https://smrs.toolsfrog.com/analytics/keywordoverview/?q=how%20direct%20mail%20marketing%20drives%20customer%20retention&db=us"",""how direct mail marketing drives customer retention​"")","I","n/a","0","40","","n/a","n/a","2","0.00","0.00","=HYPERLINK(""https://smrs.toolsfrog.com/analytics/serp/?phrase=how%20direct%20mail%20marketing%20drives%20customer%20retention&db=us&serpId=b-f-97-0519-17722136830924168984"",""4"")","181","1 month"
"how embedded finance improves customer retention for saas","=HYPERLINK(""https://smrs.toolsfrog.com/analytics/keywordoverview/?q=how%20embedded%20finance%20improves%20customer%20retention%20for%20saas&db=us"",""how embedded finance improves customer retention for saas​"")","n/a","n/a","0","40","","n/a","n/a","n/a","0.00","0.00","n/a","n/a","For metrics, refresh"
"how native integrations improve saas customer retention","=HYPERLINK(""https://smrs.toolsfrog.com/analytics/keywordoverview/?q=how%20native%20integrations%20improve%20saas%20customer%20retention&db=us"",""how native integrations improve saas customer retention​"")","n/a","n/a","0","40","","n/a","n/a","n/a","0.00","0.00","n/a","n/a","For metrics, refresh"
"how to calculate customer retention","=HYPERLINK(""https://smrs.toolsfrog.com/analytics/keywordoverview/?q=how%20to%20calculate%20customer%20retention&db=us"",""how to calculate customer retention​"")","I","n/a","0","40","","n/a","n/a","33","0.00","0.02","=HYPERLINK(""https://smrs.toolsfrog.com/analytics/serp/?phrase=how%20to%20calculate%20customer%20retention&db=us&serpId=b-e-97-0604-13325686538757983675"",""5"")","149","3 weeks"
"how to improve customer retention wallet-based loyalty programs","=HYPERLINK(""https://smrs.toolsfrog.com/analytics/keywordoverview/?q=how%20to%20improve%20customer%20retention%20wallet-based%20loyalty%20programs&db=us"",""how to improve customer retention wallet-based loyalty programs​"")","I","n/a","0","40","","n/a","n/a","8","0.00","0.00","=HYPERLINK(""https://smrs.toolsfrog.com/analytics/serp/?phrase=how%20to%20improve%20customer%20retention%20wallet-based%20loyalty%20programs&db=us&serpId=b-g-97-0421-8081340784289678723"",""3"")","2.8M","1 month"
"how to measure customer loyalty and retention","=HYPERLINK(""https://smrs.toolsfrog.com/analytics/keywordoverview/?q=how%20to%20measure%20customer%20loyalty%20and%20retention&db=us"",""how to measure customer loyalty and retention​"")","I","n/a","0","40","","n/a","n/a","22","0.00","0.33","=HYPERLINK(""https://smrs.toolsfrog.com/analytics/serp/?phrase=how%20to%20measure%20customer%20loyalty%20and%20retention&db=us&serpId=b-e-97-0520-6594191006401391956"",""6"")","172","1 month"
"how to use customer reviews for retention in ecommerce","=HYPERLINK(""https://smrs.toolsfrog.com/analytics/keywordoverview/?q=how%20to%20use%20customer%20reviews%20for%20retention%20in%20ecommerce&db=us"",""how to use customer reviews for retention in ecommerce​"")","n/a","n/a","0","40","","n/a","n/a","n/a","0.00","0.00","n/a","n/a","For metrics, refresh"
"improve customer retention rate","=HYPERLINK(""https://smrs.toolsfrog.com/analytics/keywordoverview/?q=improve%20customer%20retention%20rate&db=us"",""improve customer retention rate​"")","n/a","n/a","0","40","","n/a","n/a","n/a","0.00","0.04","n/a","n/a","For metrics, refresh"
"improve customer retention strategies","=HYPERLINK(""https://smrs.toolsfrog.com/analytics/keywordoverview/?q=improve%20customer%20retention%20strategies&db=us"",""improve customer retention strategies​"")","I","n/a","0","40","","n/a","n/a","33","0.00","0.29","=HYPERLINK(""https://smrs.toolsfrog.com/analytics/serp/?phrase=improve%20customer%20retention%20strategies&db=us&serpId=b-f-97-0520-10292245506975103721"",""5"")","141","1 month"
"improved customer retention","=HYPERLINK(""https://smrs.toolsfrog.com/analytics/keywordoverview/?q=improved%20customer%20retention&db=us"",""improved customer retention​"")","I","n/a","0","40","","n/a","n/a","33","5.95","0.03","=HYPERLINK(""https://smrs.toolsfrog.com/analytics/serp/?phrase=improved%20customer%20retention&db=us&serpId=b-f-97-0603-8215518224259712244"",""5"")","128","3 weeks"
"increasing grocery store customer retention","=HYPERLINK(""https://smrs.toolsfrog.com/analytics/keywordoverview/?q=increasing%20grocery%20store%20customer%20retention&db=us"",""increasing grocery store customer retention​"")","I","n/a","0","40","","n/a","n/a","1","0.00","0.00","=HYPERLINK(""https://smrs.toolsfrog.com/analytics/serp/?phrase=increasing%20grocery%20store%20customer%20retention&db=us&serpId=b-f-97-0513-13487544734442804258"",""4"")","128M","1 month"
"insurance customer retention statistics","=HYPERLINK(""https://smrs.toolsfrog.com/analytics/keywordoverview/?q=insurance%20customer%20retention%20statistics&db=us"",""insurance customer retention statistics​"")","I","n/a","0","40","","n/a","n/a","21","0.00","0.33","=HYPERLINK(""https://smrs.toolsfrog.com/analytics/serp/?phrase=insurance%20customer%20retention%20statistics&db=us&serpId=b-g-97-0603-11898831580167365349"",""4"")","121","3 weeks"
"isv customer retention strategies","=HYPERLINK(""https://smrs.toolsfrog.com/analytics/keywordoverview/?q=isv%20customer%20retention%20strategies&db=us"",""isv customer retention strategies​"")","I","n/a","0","40","","n/a","n/a","2","0.00","0.00","=HYPERLINK(""https://smrs.toolsfrog.com/analytics/serp/?phrase=isv%20customer%20retention%20strategies&db=us&serpId=b-h-97-0515-2146249653337970668"",""3"")","155K","1 month"
"janitorial service customer retention strategies","=HYPERLINK(""https://smrs.toolsfrog.com/analytics/keywordoverview/?q=janitorial%20service%20customer%20retention%20strategies&db=us"",""janitorial service customer retention strategies​"")","n/a","n/a","0","40","","n/a","n/a","n/a","0.00","0.00","n/a","n/a","For metrics, refresh"
"leading re-engagement tools for customer retention marketing","=HYPERLINK(""https://smrs.toolsfrog.com/analytics/keywordoverview/?q=leading%20re-engagement%20tools%20for%20customer%20retention%20marketing&db=us"",""leading re-engagement tools for customer retention marketing​"")","n/a","n/a","0","40","","n/a","n/a","n/a","0.00","0.00","n/a","n/a","For metrics, refresh"
"local seo firms customer retention strategies","=HYPERLINK(""https://smrs.toolsfrog.com/analytics/keywordoverview/?q=local%20seo%20firms%20customer%20retention%20strategies&db=us"",""local seo firms customer retention strategies​"")","I","n/a","0","40","","n/a","n/a","11","0.00","0.00","=HYPERLINK(""https://smrs.toolsfrog.com/analytics/serp/?phrase=local%20seo%20firms%20customer%20retention%20strategies&db=us&serpId=b-f-97-0506-16766437754608292280"",""4"")","13.7M","1 month"
"manash pratim kashyap customer retention 2018","=HYPERLINK(""https://smrs.toolsfrog.com/analytics/keywordoverview/?q=manash%20pratim%20kashyap%20customer%20retention%202018&db=us"",""manash pratim kashyap customer retention 2018​"")","I","n/a","0","40","","n/a","n/a","12","0.00","0.00","=HYPERLINK(""https://smrs.toolsfrog.com/analytics/serp/?phrase=manash%20pratim%20kashyap%20customer%20retention%202018&db=us&serpId=b-f-97-0520-10222401942454600826"",""1"")","5.5K","1 month"
"manash pratim kashyap customer retention model 2018-2019","=HYPERLINK(""https://smrs.toolsfrog.com/analytics/keywordoverview/?q=manash%20pratim%20kashyap%20customer%20retention%20model%202018-2019&db=us"",""manash pratim kashyap customer retention model 2018-2019​"")","I","n/a","0","40","","n/a","n/a","12","0.00","0.00","=HYPERLINK(""https://smrs.toolsfrog.com/analytics/serp/?phrase=manash%20pratim%20kashyap%20customer%20retention%20model%202018-2019&db=us&serpId=b-e-97-0417-15190301301069245278"",""1"")","484","1 month"
"manash pratim kashyap ps fader customer retention 2018-2019 model","=HYPERLINK(""https://smrs.toolsfrog.com/analytics/keywordoverview/?q=manash%20pratim%20kashyap%20ps%20fader%20customer%20retention%202018-2019%20model&db=us"",""manash pratim kashyap ps fader customer retention 2018-2019 model​"")","I","n/a","0","40","","n/a","n/a","9","0.00","0.00","=HYPERLINK(""https://smrs.toolsfrog.com/analytics/serp/?phrase=manash%20pratim%20kashyap%20ps%20fader%20customer%20retention%202018-2019%20model&db=us&serpId=b-f-97-0508-7857207319562973926"",""1"")","9","1 month"
"mastering customer retention","=HYPERLINK(""https://smrs.toolsfrog.com/analytics/keywordoverview/?q=mastering%20customer%20retention&db=us"",""mastering customer retention​"")","I","n/a","0","40","","n/a","n/a","13","0.00","0.00","=HYPERLINK(""https://smrs.toolsfrog.com/analytics/serp/?phrase=mastering%20customer%20retention&db=us&serpId=b-f-97-0519-6151800562896498469"",""5"")","134","1 month"
"maximize customer retention using onboarding metrics","=HYPERLINK(""https://smrs.toolsfrog.com/analytics/keywordoverview/?q=maximize%20customer%20retention%20using%20onboarding%20metrics&db=us"",""maximize customer retention using onboarding metrics​"")","n/a","n/a","0","40","","n/a","n/a","n/a","0.00","0.00","n/a","n/a","For metrics, refresh"
"meaning of customer retention","=HYPERLINK(""https://smrs.toolsfrog.com/analytics/keywordoverview/?q=meaning%20of%20customer%20retention&db=us"",""meaning of customer retention​"")","I","n/a","0","40","","n/a","n/a","48","2.04","0.03","=HYPERLINK(""https://smrs.toolsfrog.com/analytics/serp/?phrase=meaning%20of%20customer%20retention&db=us&serpId=b-e-97-0504-1551165755590862368"",""7"")","112M","1 month"
"methods of customer retention","=HYPERLINK(""https://smrs.toolsfrog.com/analytics/keywordoverview/?q=methods%20of%20customer%20retention&db=us"",""methods of customer retention​"")","I","n/a","0","40","","n/a","n/a","43","6.21","0.08","=HYPERLINK(""https://smrs.toolsfrog.com/analytics/serp/?phrase=methods%20of%20customer%20retention&db=us&serpId=b-e-97-0604-8487942621017208831"",""5"")","134","3 weeks"
"msp customer retention","=HYPERLINK(""https://smrs.toolsfrog.com/analytics/keywordoverview/?q=msp%20customer%20retention&db=us"",""msp customer retention​"")","n/a","n/a","0","40","","n/a","n/a","n/a","0.00","0.33","n/a","n/a","For metrics, refresh"
"outsourced customer retention services","=HYPERLINK(""https://smrs.toolsfrog.com/analytics/keywordoverview/?q=outsourced%20customer%20retention%20services&db=us"",""outsourced customer retention services​"")","I","n/a","0","40","","n/a","n/a","0","0.00","0.33","=HYPERLINK(""https://smrs.toolsfrog.com/analytics/serp/?phrase=outsourced%20customer%20retention%20services&db=us&serpId=b-h-97-0417-7765829006175558992"",""4"")","30.6M","1 month"
"plumbing customer retention","=HYPERLINK(""https://smrs.toolsfrog.com/analytics/keywordoverview/?q=plumbing%20customer%20retention&db=us"",""plumbing customer retention​"")","I","n/a","0","40","","n/a","n/a","8","0.00","0.33","=HYPERLINK(""https://smrs.toolsfrog.com/analytics/serp/?phrase=plumbing%20customer%20retention&db=us&serpId=b-h-97-0507-7577908332796700356"",""5"")","27.2M","1 month"
"point of sale system customer retention benefits","=HYPERLINK(""https://smrs.toolsfrog.com/analytics/keywordoverview/?q=point%20of%20sale%20system%20customer%20retention%20benefits&db=us"",""point of sale system customer retention benefits​"")","n/a","n/a","0","40","","n/a","n/a","n/a","0.00","0.00","n/a","n/a","For metrics, refresh"
"predicting customer retention","=HYPERLINK(""https://smrs.toolsfrog.com/analytics/keywordoverview/?q=predicting%20customer%20retention&db=us"",""predicting customer retention​"")","I","n/a","0","40","","n/a","n/a","7","0.00","0.29","=HYPERLINK(""https://smrs.toolsfrog.com/analytics/serp/?phrase=predicting%20customer%20retention&db=us&serpId=b-f-97-0418-5943457009045121109"",""5"")","133","1 month"
"real estate brokerage best customer retention rate","=HYPERLINK(""https://smrs.toolsfrog.com/analytics/keywordoverview/?q=real%20estate%20brokerage%20best%20customer%20retention%20rate&db=us"",""real estate brokerage best customer retention rate​"")","n/a","n/a","0","40","","n/a","n/a","n/a","0.00","0.00","n/a","n/a","For metrics, refresh"
"reduce churn meaning customer retention","=HYPERLINK(""https://smrs.toolsfrog.com/analytics/keywordoverview/?q=reduce%20churn%20meaning%20customer%20retention&db=us"",""reduce churn meaning customer retention​"")","I","n/a","0","40","","n/a","n/a","29","0.00","0.00","=HYPERLINK(""https://smrs.toolsfrog.com/analytics/serp/?phrase=reduce%20churn%20meaning%20customer%20retention&db=us&serpId=b-g-97-0430-14173984870725559936"",""5"")","2.6M","1 month"
"relationship between customer loyalty and customer retention","=HYPERLINK(""https://smrs.toolsfrog.com/analytics/keywordoverview/?q=relationship%20between%20customer%20loyalty%20and%20customer%20retention&db=us"",""relationship between customer loyalty and customer retention​"")","n/a","n/a","0","40","","n/a","n/a","n/a","0.00","0.33","n/a","n/a","For metrics, refresh"
"relationship between customer satisfaction and customer retention","=HYPERLINK(""https://smrs.toolsfrog.com/analytics/keywordoverview/?q=relationship%20between%20customer%20satisfaction%20and%20customer%20retention&db=us"",""relationship between customer satisfaction and customer retention​"")","I","n/a","0","40","","n/a","n/a","11","0.00","0.33","=HYPERLINK(""https://smrs.toolsfrog.com/analytics/serp/?phrase=relationship%20between%20customer%20satisfaction%20and%20customer%20retention&db=us&serpId=b-e-97-0430-11048345118371015171"",""5"")","54.4M","1 month"
"research tools for customer experience surveys and retention improvement","=HYPERLINK(""https://smrs.toolsfrog.com/analytics/keywordoverview/?q=research%20tools%20for%20customer%20experience%20surveys%20and%20retention%20improvement&db=us"",""research tools for customer experience surveys and retention improvement​"")","I","n/a","0","40","","n/a","n/a","17","0.00","0.00","=HYPERLINK(""https://smrs.toolsfrog.com/analytics/serp/?phrase=research%20tools%20for%20customer%20experience%20surveys%20and%20retention%20improvement&db=us&serpId=b-e-97-0418-2951122625898936315"",""4"")","79.7M","1 month"
"restaurant brands customer churn rate and retention 2025","=HYPERLINK(""https://smrs.toolsfrog.com/analytics/keywordoverview/?q=restaurant%20brands%20customer%20churn%20rate%20and%20retention%202025&db=us"",""restaurant brands customer churn rate and retention 2025​"")","I","n/a","0","40","","n/a","n/a","5","0.00","0.00","=HYPERLINK(""https://smrs.toolsfrog.com/analytics/serp/?phrase=restaurant%20brands%20customer%20churn%20rate%20and%20retention%202025&db=us&serpId=b-e-97-0503-1640444204450571727"",""4"")","150","1 month"
"restaurant customer retention","=HYPERLINK(""https://smrs.toolsfrog.com/analytics/keywordoverview/?q=restaurant%20customer%20retention&db=us"",""restaurant customer retention​"")","I","n/a","0","40","","n/a","n/a","10","0.00","0.14","=HYPERLINK(""https://smrs.toolsfrog.com/analytics/serp/?phrase=restaurant%20customer%20retention&db=us&serpId=b-e-97-0420-1346767199522043506"",""3"")","26.7M","1 month"
"restaurant customer retention rate","=HYPERLINK(""https://smrs.toolsfrog.com/analytics/keywordoverview/?q=restaurant%20customer%20retention%20rate&db=us"",""restaurant customer retention rate​"")","I","n/a","0","40","","n/a","n/a","15","0.00","0.33","=HYPERLINK(""https://smrs.toolsfrog.com/analytics/serp/?phrase=restaurant%20customer%20retention%20rate&db=us&serpId=b-f-97-0507-8012742581942859014"",""4"")","32.2M","1 month"
"retention customer service","=HYPERLINK(""https://smrs.toolsfrog.com/analytics/keywordoverview/?q=retention%20customer%20service&db=us"",""retention customer service​"")","I - C","n/a","0","40","","n/a","n/a","33","8.29","0.13","=HYPERLINK(""https://smrs.toolsfrog.com/analytics/serp/?phrase=retention%20customer%20service&db=us&serpId=b-g-97-0511-16734366238461523058"",""5"")","198M","1 month"
"revised version customer experience personalization loyalty retention","=HYPERLINK(""https://smrs.toolsfrog.com/analytics/keywordoverview/?q=revised%20version%20customer%20experience%20personalization%20loyalty%20retention&db=us"",""revised version customer experience personalization loyalty retention​"")","n/a","n/a","0","40","","n/a","n/a","n/a","0.00","0.00","n/a","n/a","For metrics, refresh"
"shopify customer retention strategies 2024","=HYPERLINK(""https://smrs.toolsfrog.com/analytics/keywordoverview/?q=shopify%20customer%20retention%20strategies%202024&db=us"",""shopify customer retention strategies 2024​"")","I","n/a","0","40","","n/a","n/a","6","0.00","0.00","=HYPERLINK(""https://smrs.toolsfrog.com/analytics/serp/?phrase=shopify%20customer%20retention%20strategies%202024&db=us&serpId=b-g-97-0529-10329924061095717958"",""5"")","112","4 weeks"
"spectrum customer service retention","=HYPERLINK(""https://smrs.toolsfrog.com/analytics/keywordoverview/?q=spectrum%20customer%20service%20retention&db=us"",""spectrum customer service retention​"")","n/a","n/a","0","40","","n/a","n/a","n/a","2.93","0.16","n/a","n/a","For metrics, refresh"
"strategies for customer acquisition and retention","=HYPERLINK(""https://smrs.toolsfrog.com/analytics/keywordoverview/?q=strategies%20for%20customer%20acquisition%20and%20retention&db=us"",""strategies for customer acquisition and retention​"")","I","n/a","0","40","","n/a","n/a","20","5.82","0.18","=HYPERLINK(""https://smrs.toolsfrog.com/analytics/serp/?phrase=strategies%20for%20customer%20acquisition%20and%20retention&db=us&serpId=b-f-97-0526-11741340973173798746"",""7"")","173","1 month"
"strategies to improve customer retention","=HYPERLINK(""https://smrs.toolsfrog.com/analytics/keywordoverview/?q=strategies%20to%20improve%20customer%20retention&db=us"",""strategies to improve customer retention​"")","n/a","n/a","0","40","","n/a","n/a","n/a","0.00","0.33","n/a","n/a","For metrics, refresh"
"strategy for customer retention","=HYPERLINK(""https://smrs.toolsfrog.com/analytics/keywordoverview/?q=strategy%20for%20customer%20retention&db=us"",""strategy for customer retention​"")","I","n/a","0","40","","n/a","n/a","29","5.54","0.08","=HYPERLINK(""https://smrs.toolsfrog.com/analytics/serp/?phrase=strategy%20for%20customer%20retention&db=us&serpId=b-h-97-0511-3533910105284996825"",""5"")","112M","1 month"
"telecom customer retention","=HYPERLINK(""https://smrs.toolsfrog.com/analytics/keywordoverview/?q=telecom%20customer%20retention&db=us"",""telecom customer retention​"")","I","n/a","0","40","","n/a","n/a","15","0.00","0.33","=HYPERLINK(""https://smrs.toolsfrog.com/analytics/serp/?phrase=telecom%20customer%20retention&db=us&serpId=b-e-97-0423-5523348229731875706"",""5"")","130","1 month"
"text message marketing for customer retention","=HYPERLINK(""https://smrs.toolsfrog.com/analytics/keywordoverview/?q=text%20message%20marketing%20for%20customer%20retention&db=us"",""text message marketing for customer retention​"")","I","n/a","0","40","","n/a","n/a","4","0.00","0.00","=HYPERLINK(""https://smrs.toolsfrog.com/analytics/serp/?phrase=text%20message%20marketing%20for%20customer%20retention&db=us&serpId=b-e-97-0530-17879525380380608517"",""2"")","190","3 weeks"
"the importance of customer retention","=HYPERLINK(""https://smrs.toolsfrog.com/analytics/keywordoverview/?q=the%20importance%20of%20customer%20retention&db=us"",""the importance of customer retention​"")","I","n/a","0","40","","n/a","n/a","40","0.00","0.86","=HYPERLINK(""https://smrs.toolsfrog.com/analytics/serp/?phrase=the%20importance%20of%20customer%20retention&db=us&serpId=b-e-97-0503-989949612650209381"",""5"")","61.8M","1 month"
"tools to improve customer retention in cafes","=HYPERLINK(""https://smrs.toolsfrog.com/analytics/keywordoverview/?q=tools%20to%20improve%20customer%20retention%20in%20cafes&db=us"",""tools to improve customer retention in cafes​"")","I","n/a","0","40","","n/a","n/a","1","0.00","0.00","=HYPERLINK(""https://smrs.toolsfrog.com/analytics/serp/?phrase=tools%20to%20improve%20customer%20retention%20in%20cafes&db=us&serpId=b-h-97-0430-8495492140168720424"",""3"")","185","1 month"
"top uses of segmentation in customer retention campaigns","=HYPERLINK(""https://smrs.toolsfrog.com/analytics/keywordoverview/?q=top%20uses%20of%20segmentation%20in%20customer%20retention%20campaigns&db=us"",""top uses of segmentation in customer retention campaigns​"")","I","n/a","0","40","","n/a","n/a","19","0.00","0.00","=HYPERLINK(""https://smrs.toolsfrog.com/analytics/serp/?phrase=top%20uses%20of%20segmentation%20in%20customer%20retention%20campaigns&db=us&serpId=b-f-97-0520-11275060421964956112"",""4"")","180","1 month"
"types of customer retention strategies","=HYPERLINK(""https://smrs.toolsfrog.com/analytics/keywordoverview/?q=types%20of%20customer%20retention%20strategies&db=us"",""types of customer retention strategies​"")","n/a","n/a","0","40","","n/a","n/a","n/a","0.00","0.33","n/a","n/a","For metrics, refresh"
"unboxing experience customer retention statistics","=HYPERLINK(""https://smrs.toolsfrog.com/analytics/keywordoverview/?q=unboxing%20experience%20customer%20retention%20statistics&db=us"",""unboxing experience customer retention statistics​"")","n/a","n/a","0","40","","n/a","n/a","n/a","0.00","0.00","n/a","n/a","For metrics, refresh"
"value of customer loyalty and retention","=HYPERLINK(""https://smrs.toolsfrog.com/analytics/keywordoverview/?q=value%20of%20customer%20loyalty%20and%20retention&db=us"",""value of customer loyalty and retention​"")","I","n/a","0","40","","n/a","n/a","29","0.00","0.00","=HYPERLINK(""https://smrs.toolsfrog.com/analytics/serp/?phrase=value%20of%20customer%20loyalty%20and%20retention&db=us&serpId=b-e-97-0507-3242072923602236497"",""4"")","64.4M","1 month"
"verizon customer retention telephone number","=HYPERLINK(""https://smrs.toolsfrog.com/analytics/keywordoverview/?q=verizon%20customer%20retention%20telephone%20number&db=us"",""verizon customer retention telephone number​"")","T - N","n/a","0","40","","n/a","n/a","46","0.00","0.33","=HYPERLINK(""https://smrs.toolsfrog.com/analytics/serp/?phrase=verizon%20customer%20retention%20telephone%20number&db=us&serpId=b-f-97-0430-12495561308632857494"",""1"")","264K","1 month"
"ways to improve customer retention","=HYPERLINK(""https://smrs.toolsfrog.com/analytics/keywordoverview/?q=ways%20to%20improve%20customer%20retention&db=us"",""ways to improve customer retention​"")","I","n/a","0","40","","n/a","n/a","19","0.00","0.33","=HYPERLINK(""https://smrs.toolsfrog.com/analytics/serp/?phrase=ways%20to%20improve%20customer%20retention&db=us&serpId=b-f-97-0507-11200155392693145844"",""6"")","168","1 month"
"what are customer retention strategies","=HYPERLINK(""https://smrs.toolsfrog.com/analytics/keywordoverview/?q=what%20are%20customer%20retention%20strategies&db=us"",""what are customer retention strategies​"")","I","n/a","0","40","","n/a","n/a","36","0.00","0.34","=HYPERLINK(""https://smrs.toolsfrog.com/analytics/serp/?phrase=what%20are%20customer%20retention%20strategies&db=us&serpId=b-f-97-0507-14869463229102434112"",""5"")","195","1 month"
"what is customer retention strategies","=HYPERLINK(""https://smrs.toolsfrog.com/analytics/keywordoverview/?q=what%20is%20customer%20retention%20strategies&db=us"",""what is customer retention strategies​"")","n/a","n/a","0","40","","n/a","n/a","n/a","3.02","0.04","n/a","n/a","For metrics, refresh"
"what is the value of customer loyalty and retention","=HYPERLINK(""https://smrs.toolsfrog.com/analytics/keywordoverview/?q=what%20is%20the%20value%20of%20customer%20loyalty%20and%20retention&db=us"",""what is the value of customer loyalty and retention​"")","I","n/a","0","40","","n/a","n/a","18","0.00","0.33","=HYPERLINK(""https://smrs.toolsfrog.com/analytics/serp/?phrase=what%20is%20the%20value%20of%20customer%20loyalty%20and%20retention&db=us&serpId=b-f-97-0502-15692052120000257961"",""5"")","49.8M","1 month"
"why customer retention is more important than customer acquisition","=HYPERLINK(""https://smrs.toolsfrog.com/analytics/keywordoverview/?q=why%20customer%20retention%20is%20more%20important%20than%20customer%20acquisition&db=us"",""why customer retention is more important than customer acquisition​"")","I","n/a","0","40","","n/a","n/a","21","0.00","0.14","=HYPERLINK(""https://smrs.toolsfrog.com/analytics/serp/?phrase=why%20customer%20retention%20is%20more%20important%20than%20customer%20acquisition&db=us&serpId=b-g-97-0503-8792434703660256964"",""5"")","180","1 month"
"3pl freight management impact on customer satisfaction and retention","=HYPERLINK(""https://smrs.toolsfrog.com/analytics/keywordoverview/?q=3pl%20freight%20management%20impact%20on%20customer%20satisfaction%20and%20retention&db=us"",""3pl freight management impact on customer satisfaction and retention​"")","n/a","n/a","0","30","","n/a","n/a","n/a","0.00","0.00","n/a","n/a","For metrics, refresh"
"aaron's customer retention department","=HYPERLINK(""https://smrs.toolsfrog.com/analytics/keywordoverview/?q=aaron's%20customer%20retention%20department&db=us"",""aaron's customer retention department​"")","n/a","n/a","0","30","","n/a","n/a","n/a","0.00","0.08","n/a","n/a","For metrics, refresh"
"adt customer retention phone number","=HYPERLINK(""https://smrs.toolsfrog.com/analytics/keywordoverview/?q=adt%20customer%20retention%20phone%20number&db=us"",""adt customer retention phone number​"")","n/a","n/a","0","30","","n/a","n/a","n/a","0.00","0.33","n/a","n/a","For metrics, refresh"
"adt retention and customer service representative","=HYPERLINK(""https://smrs.toolsfrog.com/analytics/keywordoverview/?q=adt%20retention%20and%20customer%20service%20representative&db=us"",""adt retention and customer service representative​"")","n/a","n/a","0","30","","n/a","n/a","n/a","0.00","0.33","n/a","n/a","For metrics, refresh"
"affordable auto repair crm with customer retention follow-up tracking","=HYPERLINK(""https://smrs.toolsfrog.com/analytics/keywordoverview/?q=affordable%20auto%20repair%20crm%20with%20customer%20retention%20follow-up%20tracking&db=us"",""affordable auto repair crm with customer retention follow-up tracking​"")","n/a","n/a","0","30","","n/a","n/a","n/a","0.00","0.00","n/a","n/a","For metrics, refresh"
"aftermarket suspension customer retention rates statistics","=HYPERLINK(""https://smrs.toolsfrog.com/analytics/keywordoverview/?q=aftermarket%20suspension%20customer%20retention%20rates%20statistics&db=us"",""aftermarket suspension customer retention rates statistics​"")","n/a","n/a","0","30","","n/a","n/a","n/a","0.00","0.00","n/a","n/a","For metrics, refresh"
"auto dealer customer retention strategies","=HYPERLINK(""https://smrs.toolsfrog.com/analytics/keywordoverview/?q=auto%20dealer%20customer%20retention%20strategies&db=us"",""auto dealer customer retention strategies​"")","n/a","n/a","0","30","","n/a","n/a","n/a","0.00","0.00","n/a","n/a","For metrics, refresh"
"automotive customer retention stats","=HYPERLINK(""https://smrs.toolsfrog.com/analytics/keywordoverview/?q=automotive%20customer%20retention%20stats&db=us"",""automotive customer retention stats​"")","n/a","n/a","0","30","","n/a","n/a","n/a","0.00","0.00","n/a","n/a","For metrics, refresh"
"automotive customer retention tools","=HYPERLINK(""https://smrs.toolsfrog.com/analytics/keywordoverview/?q=automotive%20customer%20retention%20tools&db=us"",""automotive customer retention tools​"")","n/a","n/a","0","30","","n/a","n/a","n/a","0.00","0.33","n/a","n/a","For metrics, refresh"
"average customer retention rate saas","=HYPERLINK(""https://smrs.toolsfrog.com/analytics/keywordoverview/?q=average%20customer%20retention%20rate%20saas&db=us"",""average customer retention rate saas​"")","n/a","n/a","0","30","","n/a","n/a","n/a","0.00","0.33","n/a","n/a","For metrics, refresh"
"b2b customer retention programs","=HYPERLINK(""https://smrs.toolsfrog.com/analytics/keywordoverview/?q=b2b%20customer%20retention%20programs&db=us"",""b2b customer retention programs​"")","n/a","n/a","0","30","","n/a","n/a","n/a","0.00","0.33","n/a","n/a","For metrics, refresh"
"b2c customer retention wholesale business","=HYPERLINK(""https://smrs.toolsfrog.com/analytics/keywordoverview/?q=b2c%20customer%20retention%20wholesale%20business&db=us"",""b2c customer retention wholesale business​"")","n/a","n/a","0","30","","n/a","n/a","n/a","0.00","0.00","n/a","n/a","For metrics, refresh"
"best customer retention examples","=HYPERLINK(""https://smrs.toolsfrog.com/analytics/keywordoverview/?q=best%20customer%20retention%20examples&db=us"",""best customer retention examples​"")","n/a","n/a","0","30","","n/a","n/a","n/a","0.00","0.00","n/a","n/a","For metrics, refresh"
"best practices for customizing post-checkout experiences customer retention","=HYPERLINK(""https://smrs.toolsfrog.com/analytics/keywordoverview/?q=best%20practices%20for%20customizing%20post-checkout%20experiences%20customer%20retention&db=us"",""best practices for customizing post-checkout experiences customer retention​"")","n/a","n/a","0","30","","n/a","n/a","n/a","0.00","0.00","n/a","n/a","For metrics, refresh"
"best practices personalized customer outreach retention b2b enterprise","=HYPERLINK(""https://smrs.toolsfrog.com/analytics/keywordoverview/?q=best%20practices%20personalized%20customer%20outreach%20retention%20b2b%20enterprise&db=us"",""best practices personalized customer outreach retention b2b enterprise​"")","n/a","n/a","0","30","","n/a","n/a","n/a","0.00","0.00","n/a","n/a","For metrics, refresh"
"best shopify apps for customer retention repeat purchases 2025 2026","=HYPERLINK(""https://smrs.toolsfrog.com/analytics/keywordoverview/?q=best%20shopify%20apps%20for%20customer%20retention%20repeat%20purchases%202025%202026&db=us"",""best shopify apps for customer retention repeat purchases 2025 2026​"")","n/a","n/a","0","30","","n/a","n/a","n/a","0.00","0.00","n/a","n/a","For metrics, refresh"
"build customer retention","=HYPERLINK(""https://smrs.toolsfrog.com/analytics/keywordoverview/?q=build%20customer%20retention&db=us"",""build customer retention​"")","n/a","n/a","0","30","","n/a","n/a","n/a","0.00","0.03","n/a","n/a","For metrics, refresh"
"calculate customer retention","=HYPERLINK(""https://smrs.toolsfrog.com/analytics/keywordoverview/?q=calculate%20customer%20retention&db=us"",""calculate customer retention​"")","I","n/a","0","30","","n/a","n/a","33","1.70","0.30","=HYPERLINK(""https://smrs.toolsfrog.com/analytics/serp/?phrase=calculate%20customer%20retention&db=us&serpId=b-g-97-0508-1316977037602451409"",""5"")","41M","1 month"
"cannabis customer retention","=HYPERLINK(""https://smrs.toolsfrog.com/analytics/keywordoverview/?q=cannabis%20customer%20retention&db=us"",""cannabis customer retention​"")","n/a","n/a","0","30","","n/a","n/a","n/a","0.00","0.00","n/a","n/a","For metrics, refresh"
"challenges in b2c customer retention 2025 2026","=HYPERLINK(""https://smrs.toolsfrog.com/analytics/keywordoverview/?q=challenges%20in%20b2c%20customer%20retention%202025%202026&db=us"",""challenges in b2c customer retention 2025 2026​"")","n/a","n/a","0","30","","n/a","n/a","n/a","0.00","0.00","n/a","n/a","For metrics, refresh"
"challenges in b2c customer retention 2025 or 2026","=HYPERLINK(""https://smrs.toolsfrog.com/analytics/keywordoverview/?q=challenges%20in%20b2c%20customer%20retention%202025%20or%202026&db=us"",""challenges in b2c customer retention 2025 or 2026​"")","n/a","n/a","0","30","","n/a","n/a","n/a","0.00","0.00","n/a","n/a","For metrics, refresh"
"challenges in customer retention b2c 2025 or 2026","=HYPERLINK(""https://smrs.toolsfrog.com/analytics/keywordoverview/?q=challenges%20in%20customer%20retention%20b2c%202025%20or%202026&db=us"",""challenges in customer retention b2c 2025 or 2026​"")","n/a","n/a","0","30","","n/a","n/a","n/a","0.00","0.00","n/a","n/a","For metrics, refresh"
"challenges in implementing customer retention strategies","=HYPERLINK(""https://smrs.toolsfrog.com/analytics/keywordoverview/?q=challenges%20in%20implementing%20customer%20retention%20strategies&db=us"",""challenges in implementing customer retention strategies​"")","n/a","n/a","0","30","","n/a","n/a","n/a","0.00","0.00","n/a","n/a","For metrics, refresh"
"cohort analysis customer retention","=HYPERLINK(""https://smrs.toolsfrog.com/analytics/keywordoverview/?q=cohort%20analysis%20customer%20retention&db=us"",""cohort analysis customer retention​"")","n/a","n/a","0","30","","n/a","n/a","n/a","0.00","0.33","n/a","n/a","For metrics, refresh"
"cox customer retention","=HYPERLINK(""https://smrs.toolsfrog.com/analytics/keywordoverview/?q=cox%20customer%20retention&db=us"",""cox customer retention​"")","n/a","n/a","0","30","","n/a","n/a","n/a","0.00","0.03","n/a","n/a","For metrics, refresh"
"credit customer retention","=HYPERLINK(""https://smrs.toolsfrog.com/analytics/keywordoverview/?q=credit%20customer%20retention&db=us"",""credit customer retention​"")","n/a","n/a","0","30","","n/a","n/a","n/a","0.00","0.00","n/a","n/a","For metrics, refresh"
"custom ice retention coolers","=HYPERLINK(""https://smrs.toolsfrog.com/analytics/keywordoverview/?q=custom%20ice%20retention%20coolers&db=us"",""custom ice retention coolers​"")","n/a","n/a","0","30","","n/a","n/a","n/a","0.00","0.00","n/a","n/a","For metrics, refresh"
"custom packaging customer retention statistics","=HYPERLINK(""https://smrs.toolsfrog.com/analytics/keywordoverview/?q=custom%20packaging%20customer%20retention%20statistics&db=us"",""custom packaging customer retention statistics​"")","n/a","n/a","0","30","","n/a","n/a","n/a","0.00","0.00","n/a","n/a","For metrics, refresh"
"customer engagement and retention strategies","=HYPERLINK(""https://smrs.toolsfrog.com/analytics/keywordoverview/?q=customer%20engagement%20and%20retention%20strategies&db=us"",""customer engagement and retention strategies​"")","n/a","n/a","0","30","","n/a","n/a","n/a","0.00","0.05","n/a","n/a","For metrics, refresh"
"customer experience improvement personalization loyalty retention","=HYPERLINK(""https://smrs.toolsfrog.com/analytics/keywordoverview/?q=customer%20experience%20improvement%20personalization%20loyalty%20retention&db=us"",""customer experience improvement personalization loyalty retention​"")","n/a","n/a","0","30","","n/a","n/a","n/a","0.00","0.00","n/a","n/a","For metrics, refresh"
"customer loyalty and retention strategies","=HYPERLINK(""https://smrs.toolsfrog.com/analytics/keywordoverview/?q=customer%20loyalty%20and%20retention%20strategies&db=us"",""customer loyalty and retention strategies​"")","n/a","n/a","0","30","","n/a","n/a","n/a","6.72","0.07","n/a","n/a","For metrics, refresh"
"customer loyalty vs retention","=HYPERLINK(""https://smrs.toolsfrog.com/analytics/keywordoverview/?q=customer%20loyalty%20vs%20retention&db=us"",""customer loyalty vs retention​"")","n/a","n/a","0","30","","n/a","n/a","n/a","0.00","0.00","n/a","n/a","For metrics, refresh"
"customer marketing & retention","=HYPERLINK(""https://smrs.toolsfrog.com/analytics/keywordoverview/?q=customer%20marketing%20%26%20retention&db=us"",""customer marketing & retention​"")","n/a","n/a","0","30","","n/a","n/a","n/a","0.00","0.00","n/a","n/a","For metrics, refresh"
"customer onboarding platforms analytics activation rate retention churn","=HYPERLINK(""https://smrs.toolsfrog.com/analytics/keywordoverview/?q=customer%20onboarding%20platforms%20analytics%20activation%20rate%20retention%20churn&db=us"",""customer onboarding platforms analytics activation rate retention churn​"")","n/a","n/a","0","30","","n/a","n/a","n/a","0.00","0.00","n/a","n/a","For metrics, refresh"
"customer retention activities","=HYPERLINK(""https://smrs.toolsfrog.com/analytics/keywordoverview/?q=customer%20retention%20activities&db=us"",""customer retention activities​"")","n/a","n/a","0","30","","n/a","n/a","n/a","0.00","0.29","n/a","n/a","For metrics, refresh"
"customer retention advantages","=HYPERLINK(""https://smrs.toolsfrog.com/analytics/keywordoverview/?q=customer%20retention%20advantages&db=us"",""customer retention advantages​"")","n/a","n/a","0","30","","n/a","n/a","n/a","0.00","0.01","n/a","n/a","For metrics, refresh"
"customer retention analytics software","=HYPERLINK(""https://smrs.toolsfrog.com/analytics/keywordoverview/?q=customer%20retention%20analytics%20software&db=us"",""customer retention analytics software​"")","n/a","n/a","0","30","","n/a","n/a","n/a","0.00","0.01","n/a","n/a","For metrics, refresh"
"customer retention and acquisition","=HYPERLINK(""https://smrs.toolsfrog.com/analytics/keywordoverview/?q=customer%20retention%20and%20acquisition&db=us"",""customer retention and acquisition​"")","I","n/a","0","30","","n/a","n/a","29","3.97","0.11","=HYPERLINK(""https://smrs.toolsfrog.com/analytics/serp/?phrase=customer%20retention%20and%20acquisition&db=us&serpId=b-f-97-0504-13865007868084504837"",""6"")","64.7M","1 month"
"customer retention apps","=HYPERLINK(""https://smrs.toolsfrog.com/analytics/keywordoverview/?q=customer%20retention%20apps&db=us"",""customer retention apps​"")","n/a","n/a","0","30","","n/a","n/a","n/a","0.00","0.33","n/a","n/a","For metrics, refresh"
"customer retention articles","=HYPERLINK(""https://smrs.toolsfrog.com/analytics/keywordoverview/?q=customer%20retention%20articles&db=us"",""customer retention articles​"")","n/a","n/a","0","30","","n/a","n/a","n/a","3.90","0.27","n/a","n/a","For metrics, refresh"
"customer retention att","=HYPERLINK(""https://smrs.toolsfrog.com/analytics/keywordoverview/?q=customer%20retention%20att&db=us"",""customer retention att​"")","n/a","n/a","0","30","","n/a","n/a","n/a","3.60","0.06","n/a","n/a","For metrics, refresh"
"customer retention by email","=HYPERLINK(""https://smrs.toolsfrog.com/analytics/keywordoverview/?q=customer%20retention%20by%20email&db=us"",""customer retention by email​"")","n/a","n/a","0","30","","n/a","n/a","n/a","0.00","0.00","n/a","n/a","For metrics, refresh"
"customer retention call center services","=HYPERLINK(""https://smrs.toolsfrog.com/analytics/keywordoverview/?q=customer%20retention%20call%20center%20services&db=us"",""customer retention call center services​"")","I","n/a","0","30","","n/a","n/a","3","5.54","0.08","=HYPERLINK(""https://smrs.toolsfrog.com/analytics/serp/?phrase=customer%20retention%20call%20center%20services&db=us&serpId=b-e-97-0430-5367604832721676991"",""6"")","282M","1 month"
"customer retention call center solutions","=HYPERLINK(""https://smrs.toolsfrog.com/analytics/keywordoverview/?q=customer%20retention%20call%20center%20solutions&db=us"",""customer retention call center solutions​"")","n/a","n/a","0","30","","n/a","n/a","n/a","0.00","0.33","n/a","n/a","For metrics, refresh"
"customer retention consulting","=HYPERLINK(""https://smrs.toolsfrog.com/analytics/keywordoverview/?q=customer%20retention%20consulting&db=us"",""customer retention consulting​"")","I","n/a","0","30","","n/a","n/a","4","11.96","0.24","=HYPERLINK(""https://smrs.toolsfrog.com/analytics/serp/?phrase=customer%20retention%20consulting&db=us&serpId=b-f-97-0516-11055452990865937217"",""5"")","134","1 month"
"customer retention courses","=HYPERLINK(""https://smrs.toolsfrog.com/analytics/keywordoverview/?q=customer%20retention%20courses&db=us"",""customer retention courses​"")","n/a","n/a","0","30","","n/a","n/a","n/a","0.00","0.03","n/a","n/a","For metrics, refresh"
"customer retention curve","=HYPERLINK(""https://smrs.toolsfrog.com/analytics/keywordoverview/?q=customer%20retention%20curve&db=us"",""customer retention curve​"")","n/a","n/a","0","30","","n/a","n/a","n/a","0.00","0.33","n/a","n/a","For metrics, refresh"
"customer retention dashboard","=HYPERLINK(""https://smrs.toolsfrog.com/analytics/keywordoverview/?q=customer%20retention%20dashboard&db=us"",""customer retention dashboard​"")","I","n/a","0","30","","n/a","n/a","7","7.20","0.32","=HYPERLINK(""https://smrs.toolsfrog.com/analytics/serp/?phrase=customer%20retention%20dashboard&db=us&serpId=b-h-97-0507-6273417362192076750"",""7"")","129","1 month"
"customer retention data analytics","=HYPERLINK(""https://smrs.toolsfrog.com/analytics/keywordoverview/?q=customer%20retention%20data%20analytics&db=us"",""customer retention data analytics​"")","n/a","n/a","0","30","","n/a","n/a","n/a","0.00","0.33","n/a","n/a","For metrics, refresh"
"customer retention email examples","=HYPERLINK(""https://smrs.toolsfrog.com/analytics/keywordoverview/?q=customer%20retention%20email%20examples&db=us"",""customer retention email examples​"")","n/a","n/a","0","30","","n/a","n/a","n/a","0.00","0.10","n/a","n/a","For metrics, refresh"
"customer retention email strategy best practices","=HYPERLINK(""https://smrs.toolsfrog.com/analytics/keywordoverview/?q=customer%20retention%20email%20strategy%20best%20practices&db=us"",""customer retention email strategy best practices​"")","n/a","n/a","0","30","","n/a","n/a","n/a","0.00","0.00","n/a","n/a","For metrics, refresh"
"customer retention factors","=HYPERLINK(""https://smrs.toolsfrog.com/analytics/keywordoverview/?q=customer%20retention%20factors&db=us"",""customer retention factors​"")","n/a","n/a","0","30","","n/a","n/a","n/a","0.00","0.00","n/a","n/a","For metrics, refresh"
"customer retention factors business","=HYPERLINK(""https://smrs.toolsfrog.com/analytics/keywordoverview/?q=customer%20retention%20factors%20business&db=us"",""customer retention factors business​"")","n/a","n/a","0","30","","n/a","n/a","n/a","0.00","0.00","n/a","n/a","For metrics, refresh"
"customer retention financial services","=HYPERLINK(""https://smrs.toolsfrog.com/analytics/keywordoverview/?q=customer%20retention%20financial%20services&db=us"",""customer retention financial services​"")","n/a","n/a","0","30","","n/a","n/a","n/a","0.00","0.33","n/a","n/a","For metrics, refresh"
"customer retention for cleaners","=HYPERLINK(""https://smrs.toolsfrog.com/analytics/keywordoverview/?q=customer%20retention%20for%20cleaners&db=us"",""customer retention for cleaners​"")","n/a","n/a","0","30","","n/a","n/a","n/a","0.00","0.00","n/a","n/a","For metrics, refresh"
"customer retention for startups","=HYPERLINK(""https://smrs.toolsfrog.com/analytics/keywordoverview/?q=customer%20retention%20for%20startups&db=us"",""customer retention for startups​"")","n/a","n/a","0","30","","n/a","n/a","n/a","0.00","0.00","n/a","n/a","For metrics, refresh"
"customer retention framework","=HYPERLINK(""https://smrs.toolsfrog.com/analytics/keywordoverview/?q=customer%20retention%20framework&db=us"",""customer retention framework​"")","n/a","n/a","0","30","","n/a","n/a","n/a","0.00","0.33","n/a","n/a","For metrics, refresh"
"customer retention funnel","=HYPERLINK(""https://smrs.toolsfrog.com/analytics/keywordoverview/?q=customer%20retention%20funnel&db=us"",""customer retention funnel​"")","I","n/a","0","30","","n/a","n/a","12","10.47","0.43","=HYPERLINK(""https://smrs.toolsfrog.com/analytics/serp/?phrase=customer%20retention%20funnel&db=us&serpId=b-h-97-0430-10440698576912328334"",""5"")","22.1M","1 month"
"customer retention goals","=HYPERLINK(""https://smrs.toolsfrog.com/analytics/keywordoverview/?q=customer%20retention%20goals&db=us"",""customer retention goals​"")","n/a","n/a","0","30","","n/a","n/a","n/a","0.00","0.03","n/a","n/a","For metrics, refresh"
"customer retention graph","=HYPERLINK(""https://smrs.toolsfrog.com/analytics/keywordoverview/?q=customer%20retention%20graph&db=us"",""customer retention graph​"")","n/a","n/a","0","30","","n/a","n/a","n/a","0.00","0.07","n/a","n/a","For metrics, refresh"
"customer retention importance","=HYPERLINK(""https://smrs.toolsfrog.com/analytics/keywordoverview/?q=customer%20retention%20importance&db=us"",""customer retention importance​"")","n/a","n/a","0","30","","n/a","n/a","n/a","0.00","0.02","n/a","n/a","For metrics, refresh"
"customer retention in automotive industry","=HYPERLINK(""https://smrs.toolsfrog.com/analytics/keywordoverview/?q=customer%20retention%20in%20automotive%20industry&db=us"",""customer retention in automotive industry​"")","n/a","n/a","0","30","","n/a","n/a","n/a","0.00","0.33","n/a","n/a","For metrics, refresh"
"customer retention in b2b","=HYPERLINK(""https://smrs.toolsfrog.com/analytics/keywordoverview/?q=customer%20retention%20in%20b2b&db=us"",""customer retention in b2b​"")","n/a","n/a","0","30","","n/a","n/a","n/a","0.00","0.33","n/a","n/a","For metrics, refresh"
"customer retention in banking industry","=HYPERLINK(""https://smrs.toolsfrog.com/analytics/keywordoverview/?q=customer%20retention%20in%20banking%20industry&db=us"",""customer retention in banking industry​"")","n/a","n/a","0","30","","n/a","n/a","n/a","0.00","0.33","n/a","n/a","For metrics, refresh"
"customer retention in e commerce","=HYPERLINK(""https://smrs.toolsfrog.com/analytics/keywordoverview/?q=customer%20retention%20in%20e%20commerce&db=us"",""customer retention in e commerce​"")","n/a","n/a","0","30","","n/a","n/a","n/a","12.46","0.01","n/a","n/a","For metrics, refresh"
"customer retention logistics","=HYPERLINK(""https://smrs.toolsfrog.com/analytics/keywordoverview/?q=customer%20retention%20logistics&db=us"",""customer retention logistics​"")","n/a","n/a","0","30","","n/a","n/a","n/a","0.00","0.00","n/a","n/a","For metrics, refresh"
"customer retention management platform","=HYPERLINK(""https://smrs.toolsfrog.com/analytics/keywordoverview/?q=customer%20retention%20management%20platform&db=us"",""customer retention management platform​"")","I - C","n/a","0","30","","n/a","n/a","14","16.30","0.51","=HYPERLINK(""https://smrs.toolsfrog.com/analytics/serp/?phrase=customer%20retention%20management%20platform&db=us&serpId=b-d-97-0418-8037126260161574925"",""4"")","207M","1 month"
"customer retention marketing agency","=HYPERLINK(""https://smrs.toolsfrog.com/analytics/keywordoverview/?q=customer%20retention%20marketing%20agency&db=us"",""customer retention marketing agency​"")","n/a","n/a","0","30","","n/a","n/a","n/a","0.00","0.00","n/a","n/a","For metrics, refresh"
"customer retention marketing services","=HYPERLINK(""https://smrs.toolsfrog.com/analytics/keywordoverview/?q=customer%20retention%20marketing%20services&db=us"",""customer retention marketing services​"")","n/a","n/a","0","30","","n/a","n/a","n/a","0.00","0.00","n/a","n/a","For metrics, refresh"
"customer retention mean","=HYPERLINK(""https://smrs.toolsfrog.com/analytics/keywordoverview/?q=customer%20retention%20mean&db=us"",""customer retention mean​"")","I","n/a","0","30","","n/a","n/a","38","2.04","0.03","=HYPERLINK(""https://smrs.toolsfrog.com/analytics/serp/?phrase=customer%20retention%20mean&db=us&serpId=b-f-97-0418-14601077886143843034"",""4"")","136","1 month"
"customer retention measures","=HYPERLINK(""https://smrs.toolsfrog.com/analytics/keywordoverview/?q=customer%20retention%20measures&db=us"",""customer retention measures​"")","n/a","n/a","0","30","","n/a","n/a","n/a","0.00","0.01","n/a","n/a","For metrics, refresh"
"customer retention plan examples","=HYPERLINK(""https://smrs.toolsfrog.com/analytics/keywordoverview/?q=customer%20retention%20plan%20examples&db=us"",""customer retention plan examples​"")","n/a","n/a","0","30","","n/a","n/a","n/a","0.00","0.00","n/a","n/a","For metrics, refresh"
"customer retention plans","=HYPERLINK(""https://smrs.toolsfrog.com/analytics/keywordoverview/?q=customer%20retention%20plans&db=us"",""customer retention plans​"")","I","n/a","0","30","","n/a","n/a","30","6.50","0.07","=HYPERLINK(""https://smrs.toolsfrog.com/analytics/serp/?phrase=customer%20retention%20plans&db=us&serpId=b-g-97-0520-11598273170150380012"",""6"")","138","1 month"
"customer retention rate crr","=HYPERLINK(""https://smrs.toolsfrog.com/analytics/keywordoverview/?q=customer%20retention%20rate%20crr&db=us"",""customer retention rate crr​"")","n/a","n/a","0","30","","n/a","n/a","n/a","0.00","0.02","n/a","n/a","For metrics, refresh"
"customer retention rate in retail industry","=HYPERLINK(""https://smrs.toolsfrog.com/analytics/keywordoverview/?q=customer%20retention%20rate%20in%20retail%20industry&db=us"",""customer retention rate in retail industry​"")","n/a","n/a","0","30","","n/a","n/a","n/a","0.00","0.33","n/a","n/a","For metrics, refresh"
"customer retention ratio","=HYPERLINK(""https://smrs.toolsfrog.com/analytics/keywordoverview/?q=customer%20retention%20ratio&db=us"",""customer retention ratio​"")","n/a","n/a","0","30","","n/a","n/a","n/a","0.00","0.33","n/a","n/a","For metrics, refresh"
"customer retention saas","=HYPERLINK(""https://smrs.toolsfrog.com/analytics/keywordoverview/?q=customer%20retention%20saas&db=us"",""customer retention saas​"")","I","n/a","0","30","","n/a","n/a","16","9.83","0.11","=HYPERLINK(""https://smrs.toolsfrog.com/analytics/serp/?phrase=customer%20retention%20saas&db=us&serpId=b-h-97-0430-13242548162555237888"",""7"")","39.5M","1 month"
"customer retention strategies financial services 2025 or 2026","=HYPERLINK(""https://smrs.toolsfrog.com/analytics/keywordoverview/?q=customer%20retention%20strategies%20financial%20services%202025%20or%202026&db=us"",""customer retention strategies financial services 2025 or 2026​"")","n/a","n/a","0","30","","n/a","n/a","n/a","0.00","0.00","n/a","n/a","For metrics, refresh"
"customer retention strategies first purchase","=HYPERLINK(""https://smrs.toolsfrog.com/analytics/keywordoverview/?q=customer%20retention%20strategies%20first%20purchase&db=us"",""customer retention strategies first purchase​"")","n/a","n/a","0","30","","n/a","n/a","n/a","0.00","0.00","n/a","n/a","For metrics, refresh"
"customer retention strategies for at-risk customers 2025","=HYPERLINK(""https://smrs.toolsfrog.com/analytics/keywordoverview/?q=customer%20retention%20strategies%20for%20at-risk%20customers%202025&db=us"",""customer retention strategies for at-risk customers 2025​"")","n/a","n/a","0","30","","n/a","n/a","n/a","0.00","0.00","n/a","n/a","For metrics, refresh"
"customer retention strategies in financial services","=HYPERLINK(""https://smrs.toolsfrog.com/analytics/keywordoverview/?q=customer%20retention%20strategies%20in%20financial%20services&db=us"",""customer retention strategies in financial services​"")","n/a","n/a","0","30","","n/a","n/a","n/a","0.00","0.33","n/a","n/a","For metrics, refresh"
"customer retention strategies rapid city south dakota","=HYPERLINK(""https://smrs.toolsfrog.com/analytics/keywordoverview/?q=customer%20retention%20strategies%20rapid%20city%20south%20dakota&db=us"",""customer retention strategies rapid city south dakota​"")","n/a","n/a","0","30","","n/a","n/a","n/a","0.00","0.00","n/a","n/a","For metrics, refresh"
"customer retention strategies recession","=HYPERLINK(""https://smrs.toolsfrog.com/analytics/keywordoverview/?q=customer%20retention%20strategies%20recession&db=us"",""customer retention strategies recession​"")","n/a","n/a","0","30","","n/a","n/a","n/a","0.00","0.00","n/a","n/a","For metrics, refresh"
"customer retention strategies techniques 2026","=HYPERLINK(""https://smrs.toolsfrog.com/analytics/keywordoverview/?q=customer%20retention%20strategies%20techniques%202026&db=us"",""customer retention strategies techniques 2026​"")","n/a","n/a","0","30","","n/a","n/a","n/a","0.00","0.00","n/a","n/a","For metrics, refresh"
"customer retention strategy articles","=HYPERLINK(""https://smrs.toolsfrog.com/analytics/keywordoverview/?q=customer%20retention%20strategy%20articles&db=us"",""customer retention strategy articles​"")","n/a","n/a","0","30","","n/a","n/a","n/a","0.00","0.00","n/a","n/a","For metrics, refresh"
"customer retention strategy example","=HYPERLINK(""https://smrs.toolsfrog.com/analytics/keywordoverview/?q=customer%20retention%20strategy%20example&db=us"",""customer retention strategy example​"")","I","n/a","0","30","","n/a","n/a","40","3.30","0.14","=HYPERLINK(""https://smrs.toolsfrog.com/analytics/serp/?phrase=customer%20retention%20strategy%20example&db=us&serpId=b-f-97-0604-8214512289741721459"",""6"")","134","3 weeks"
"customer retention supervisor","=HYPERLINK(""https://smrs.toolsfrog.com/analytics/keywordoverview/?q=customer%20retention%20supervisor&db=us"",""customer retention supervisor​"")","I","n/a","0","30","","n/a","n/a","7","6.37","0.10","=HYPERLINK(""https://smrs.toolsfrog.com/analytics/serp/?phrase=customer%20retention%20supervisor&db=us&serpId=b-f-97-0526-3270033492631943525"",""4"")","123","1 month"
"customer retention support services","=HYPERLINK(""https://smrs.toolsfrog.com/analytics/keywordoverview/?q=customer%20retention%20support%20services&db=us"",""customer retention support services​"")","n/a","n/a","0","30","","n/a","n/a","n/a","0.00","0.00","n/a","n/a","For metrics, refresh"
"customer retention tool saas","=HYPERLINK(""https://smrs.toolsfrog.com/analytics/keywordoverview/?q=customer%20retention%20tool%20saas&db=us"",""customer retention tool saas​"")","n/a","n/a","0","30","","n/a","n/a","n/a","0.00","0.00","n/a","n/a","For metrics, refresh"
"customer retention trends","=HYPERLINK(""https://smrs.toolsfrog.com/analytics/keywordoverview/?q=customer%20retention%20trends&db=us"",""customer retention trends​"")","n/a","n/a","0","30","","n/a","n/a","n/a","0.00","0.33","n/a","n/a","For metrics, refresh"
"customer retention value","=HYPERLINK(""https://smrs.toolsfrog.com/analytics/keywordoverview/?q=customer%20retention%20value&db=us"",""customer retention value​"")","I","n/a","0","30","","n/a","n/a","31","4.04","0.38","=HYPERLINK(""https://smrs.toolsfrog.com/analytics/serp/?phrase=customer%20retention%20value&db=us&serpId=b-g-97-0430-12286468344481085579"",""7"")","132M","1 month"
"customer retention vs acquisition peak sales events","=HYPERLINK(""https://smrs.toolsfrog.com/analytics/keywordoverview/?q=customer%20retention%20vs%20acquisition%20peak%20sales%20events&db=us"",""customer retention vs acquisition peak sales events​"")","n/a","n/a","0","30","","n/a","n/a","n/a","0.00","0.00","n/a","n/a","For metrics, refresh"
"customer retention vs attrition definition","=HYPERLINK(""https://smrs.toolsfrog.com/analytics/keywordoverview/?q=customer%20retention%20vs%20attrition%20definition&db=us"",""customer retention vs attrition definition​"")","n/a","n/a","0","30","","n/a","n/a","n/a","0.00","0.00","n/a","n/a","For metrics, refresh"
"customer retention.","=HYPERLINK(""https://smrs.toolsfrog.com/analytics/keywordoverview/?q=customer%20retention.&db=us"",""customer retention.​"")","I","n/a","0","30","","n/a","n/a","50","5.50","0.08","=HYPERLINK(""https://smrs.toolsfrog.com/analytics/serp/?phrase=customer%20retention.&db=us&serpId=b-g-97-0418-5317386318681149607"",""5"")","231M","1 month"
"customer retentions","=HYPERLINK(""https://smrs.toolsfrog.com/analytics/keywordoverview/?q=customer%20retentions&db=us"",""customer retentions​"")","I","n/a","0","30","","n/a","n/a","46","5.50","0.08","=HYPERLINK(""https://smrs.toolsfrog.com/analytics/serp/?phrase=customer%20retentions&db=us&serpId=b-g-97-0520-13726321138880085627"",""6"")","139","1 month"
"customer service and customer retention in logistics","=HYPERLINK(""https://smrs.toolsfrog.com/analytics/keywordoverview/?q=customer%20service%20and%20customer%20retention%20in%20logistics&db=us"",""customer service and customer retention in logistics​"")","n/a","n/a","0","30","","n/a","n/a","n/a","0.00","0.33","n/a","n/a","For metrics, refresh"
"customer service and retention strategies","=HYPERLINK(""https://smrs.toolsfrog.com/analytics/keywordoverview/?q=customer%20service%20and%20retention%20strategies&db=us"",""customer service and retention strategies​"")","n/a","n/a","0","30","","n/a","n/a","n/a","0.00","0.33","n/a","n/a","For metrics, refresh"
"customers retention strategies","=HYPERLINK(""https://smrs.toolsfrog.com/analytics/keywordoverview/?q=customers%20retention%20strategies&db=us"",""customers retention strategies​"")","I","n/a","0","30","","n/a","n/a","29","5.54","0.08","=HYPERLINK(""https://smrs.toolsfrog.com/analytics/serp/?phrase=customers%20retention%20strategies&db=us&serpId=b-g-97-0516-17227777541487405418"",""5"")","135","1 month"
"directv customer retention number","=HYPERLINK(""https://smrs.toolsfrog.com/analytics/keywordoverview/?q=directv%20customer%20retention%20number&db=us"",""directv customer retention number​"")","n/a","n/a","0","30","","n/a","n/a","n/a","0.00","0.05","n/a","n/a","For metrics, refresh"
"directv customer retention phone number usa","=HYPERLINK(""https://smrs.toolsfrog.com/analytics/keywordoverview/?q=directv%20customer%20retention%20phone%20number%20usa&db=us"",""directv customer retention phone number usa​"")","n/a","n/a","0","30","","n/a","n/a","n/a","0.00","0.02","n/a","n/a","For metrics, refresh"
"does net retention include new customers","=HYPERLINK(""https://smrs.toolsfrog.com/analytics/keywordoverview/?q=does%20net%20retention%20include%20new%20customers&db=us"",""does net retention include new customers​"")","n/a","n/a","0","30","","n/a","n/a","n/a","0.00","0.06","n/a","n/a","For metrics, refresh"
"ecommerce strategy customer acquisition retention","=HYPERLINK(""https://smrs.toolsfrog.com/analytics/keywordoverview/?q=ecommerce%20strategy%20customer%20acquisition%20retention&db=us"",""ecommerce strategy customer acquisition retention​"")","n/a","n/a","0","30","","n/a","n/a","n/a","0.00","0.00","n/a","n/a","For metrics, refresh"
"effective rewards strategies neobanks customer retention 2025 or 2026","=HYPERLINK(""https://smrs.toolsfrog.com/analytics/keywordoverview/?q=effective%20rewards%20strategies%20neobanks%20customer%20retention%202025%20or%202026&db=us"",""effective rewards strategies neobanks customer retention 2025 or 2026​"")","n/a","n/a","0","30","","n/a","n/a","n/a","0.00","0.00","n/a","n/a","For metrics, refresh"
"email remarketing strategies customer retention","=HYPERLINK(""https://smrs.toolsfrog.com/analytics/keywordoverview/?q=email%20remarketing%20strategies%20customer%20retention&db=us"",""email remarketing strategies customer retention​"")","n/a","n/a","0","30","","n/a","n/a","n/a","0.00","0.00","n/a","n/a","For metrics, refresh"
"embedded finance improve customer retention for saas","=HYPERLINK(""https://smrs.toolsfrog.com/analytics/keywordoverview/?q=embedded%20finance%20improve%20customer%20retention%20for%20saas&db=us"",""embedded finance improve customer retention for saas​"")","n/a","n/a","0","30","","n/a","n/a","n/a","0.00","0.00","n/a","n/a","For metrics, refresh"
"evaluate the e-commerce platforms v2 company bigcommerce on customer retention","=HYPERLINK(""https://smrs.toolsfrog.com/analytics/keywordoverview/?q=evaluate%20the%20e-commerce%20platforms%20v2%20company%20bigcommerce%20on%20customer%20retention&db=us"",""evaluate the e-commerce platforms v2 company bigcommerce on customer retention​"")","n/a","n/a","0","30","","n/a","n/a","n/a","0.00","0.00","n/a","n/a","For metrics, refresh"
"example of customer retention","=HYPERLINK(""https://smrs.toolsfrog.com/analytics/keywordoverview/?q=example%20of%20customer%20retention&db=us"",""example of customer retention​"")","I","n/a","0","30","","n/a","n/a","21","3.55","0.11","=HYPERLINK(""https://smrs.toolsfrog.com/analytics/serp/?phrase=example%20of%20customer%20retention&db=us&serpId=b-f-97-0603-15769502091551270971"",""6"")","135","3 weeks"
"examples of customer retention","=HYPERLINK(""https://smrs.toolsfrog.com/analytics/keywordoverview/?q=examples%20of%20customer%20retention&db=us"",""examples of customer retention​"")","n/a","n/a","0","30","","n/a","n/a","n/a","3.55","0.11","n/a","n/a","For metrics, refresh"
"fraud prevention impact on customer lifetime value clv retention rates","=HYPERLINK(""https://smrs.toolsfrog.com/analytics/keywordoverview/?q=fraud%20prevention%20impact%20on%20customer%20lifetime%20value%20clv%20retention%20rates&db=us"",""fraud prevention impact on customer lifetime value clv retention rates​"")","n/a","n/a","0","30","","n/a","n/a","n/a","0.00","0.00","n/a","n/a","For metrics, refresh"
"frontier customer retention phone number","=HYPERLINK(""https://smrs.toolsfrog.com/analytics/keywordoverview/?q=frontier%20customer%20retention%20phone%20number&db=us"",""frontier customer retention phone number​"")","n/a","n/a","0","30","","n/a","n/a","n/a","0.00","0.33","n/a","n/a","For metrics, refresh"
"generative ai for customer retention","=HYPERLINK(""https://smrs.toolsfrog.com/analytics/keywordoverview/?q=generative%20ai%20for%20customer%20retention&db=us"",""generative ai for customer retention​"")","n/a","n/a","0","30","","n/a","n/a","n/a","0.00","0.00","n/a","n/a","For metrics, refresh"
"hotel customer retention","=HYPERLINK(""https://smrs.toolsfrog.com/analytics/keywordoverview/?q=hotel%20customer%20retention&db=us"",""hotel customer retention​"")","n/a","n/a","0","30","","n/a","n/a","n/a","0.00","0.33","n/a","n/a","For metrics, refresh"
"how community platforms improve customer engagement and retention","=HYPERLINK(""https://smrs.toolsfrog.com/analytics/keywordoverview/?q=how%20community%20platforms%20improve%20customer%20engagement%20and%20retention&db=us"",""how community platforms improve customer engagement and retention​"")","n/a","n/a","0","30","","n/a","n/a","n/a","0.00","0.00","n/a","n/a","For metrics, refresh"
"how crm helps in customer retention","=HYPERLINK(""https://smrs.toolsfrog.com/analytics/keywordoverview/?q=how%20crm%20helps%20in%20customer%20retention&db=us"",""how crm helps in customer retention​"")","n/a","n/a","0","30","","n/a","n/a","n/a","0.00","0.00","n/a","n/a","For metrics, refresh"
"how embedded business credit cards drive customer retention","=HYPERLINK(""https://smrs.toolsfrog.com/analytics/keywordoverview/?q=how%20embedded%20business%20credit%20cards%20drive%20customer%20retention&db=us"",""how embedded business credit cards drive customer retention​"")","n/a","n/a","0","30","","n/a","n/a","n/a","0.00","0.00","n/a","n/a","For metrics, refresh"
"how is customer retention rate calculated","=HYPERLINK(""https://smrs.toolsfrog.com/analytics/keywordoverview/?q=how%20is%20customer%20retention%20rate%20calculated&db=us"",""how is customer retention rate calculated​"")","n/a","n/a","0","30","","n/a","n/a","n/a","0.00","0.13","n/a","n/a","For metrics, refresh"
"how loyalty programs increase credit card usage and customer retention","=HYPERLINK(""https://smrs.toolsfrog.com/analytics/keywordoverview/?q=how%20loyalty%20programs%20increase%20credit%20card%20usage%20and%20customer%20retention&db=us"",""how loyalty programs increase credit card usage and customer retention​"")","n/a","n/a","0","30","","n/a","n/a","n/a","0.00","0.00","n/a","n/a","For metrics, refresh"
"how much do loyalty programs improve customer retention rates studies","=HYPERLINK(""https://smrs.toolsfrog.com/analytics/keywordoverview/?q=how%20much%20do%20loyalty%20programs%20improve%20customer%20retention%20rates%20studies&db=us"",""how much do loyalty programs improve customer retention rates studies​"")","n/a","n/a","0","30","","n/a","n/a","n/a","0.00","0.00","n/a","n/a","For metrics, refresh"
"how to build customer retention","=HYPERLINK(""https://smrs.toolsfrog.com/analytics/keywordoverview/?q=how%20to%20build%20customer%20retention&db=us"",""how to build customer retention​"")","n/a","n/a","0","30","","n/a","n/a","n/a","0.00","0.02","n/a","n/a","For metrics, refresh"
"how to calculate retention rate of customers","=HYPERLINK(""https://smrs.toolsfrog.com/analytics/keywordoverview/?q=how%20to%20calculate%20retention%20rate%20of%20customers&db=us"",""how to calculate retention rate of customers​"")","I","n/a","0","30","","n/a","n/a","32","1.83","0.71","=HYPERLINK(""https://smrs.toolsfrog.com/analytics/serp/?phrase=how%20to%20calculate%20retention%20rate%20of%20customers&db=us&serpId=b-d-97-0418-12530147503045845829"",""5"")","151","1 month"
"how to calculate true retention by customer segment","=HYPERLINK(""https://smrs.toolsfrog.com/analytics/keywordoverview/?q=how%20to%20calculate%20true%20retention%20by%20customer%20segment&db=us"",""how to calculate true retention by customer segment​"")","n/a","n/a","0","30","","n/a","n/a","n/a","0.00","0.00","n/a","n/a","For metrics, refresh"
"how to find customer retention rate","=HYPERLINK(""https://smrs.toolsfrog.com/analytics/keywordoverview/?q=how%20to%20find%20customer%20retention%20rate&db=us"",""how to find customer retention rate​"")","n/a","n/a","0","30","","n/a","n/a","n/a","1.62","0.07","n/a","n/a","For metrics, refresh"
"how to keep customer retention","=HYPERLINK(""https://smrs.toolsfrog.com/analytics/keywordoverview/?q=how%20to%20keep%20customer%20retention&db=us"",""how to keep customer retention​"")","n/a","n/a","0","30","","n/a","n/a","n/a","4.25","0.52","n/a","n/a","For metrics, refresh"
"how to maximize customer retention with onboarding metrics","=HYPERLINK(""https://smrs.toolsfrog.com/analytics/keywordoverview/?q=how%20to%20maximize%20customer%20retention%20with%20onboarding%20metrics&db=us"",""how to maximize customer retention with onboarding metrics​"")","n/a","n/a","0","30","","n/a","n/a","n/a","0.00","0.00","n/a","n/a","For metrics, refresh"
"hvac contractor customer retention","=HYPERLINK(""https://smrs.toolsfrog.com/analytics/keywordoverview/?q=hvac%20contractor%20customer%20retention&db=us"",""hvac contractor customer retention​"")","n/a","n/a","0","30","","n/a","n/a","n/a","0.00","0.00","n/a","n/a","For metrics, refresh"
"hvac contractor customer retention strategies","=HYPERLINK(""https://smrs.toolsfrog.com/analytics/keywordoverview/?q=hvac%20contractor%20customer%20retention%20strategies&db=us"",""hvac contractor customer retention strategies​"")","n/a","n/a","0","30","","n/a","n/a","n/a","0.00","0.00","n/a","n/a","For metrics, refresh"
"hvac customer service and retention","=HYPERLINK(""https://smrs.toolsfrog.com/analytics/keywordoverview/?q=hvac%20customer%20service%20and%20retention&db=us"",""hvac customer service and retention​"")","n/a","n/a","0","30","","n/a","n/a","n/a","0.00","0.00","n/a","n/a","For metrics, refresh"
"impact of customer retention on business performance","=HYPERLINK(""https://smrs.toolsfrog.com/analytics/keywordoverview/?q=impact%20of%20customer%20retention%20on%20business%20performance&db=us"",""impact of customer retention on business performance​"")","n/a","n/a","0","30","","n/a","n/a","n/a","0.00","0.33","n/a","n/a","For metrics, refresh"
"impact of tiered rewards on customer retention","=HYPERLINK(""https://smrs.toolsfrog.com/analytics/keywordoverview/?q=impact%20of%20tiered%20rewards%20on%20customer%20retention&db=us"",""impact of tiered rewards on customer retention​"")","n/a","n/a","0","30","","n/a","n/a","n/a","0.00","0.00","n/a","n/a","For metrics, refresh"
"improve customer retention with personalized shopping","=HYPERLINK(""https://smrs.toolsfrog.com/analytics/keywordoverview/?q=improve%20customer%20retention%20with%20personalized%20shopping&db=us"",""improve customer retention with personalized shopping​"")","n/a","n/a","0","30","","n/a","n/a","n/a","0.00","0.00","n/a","n/a","For metrics, refresh"
"improve customer service account retention","=HYPERLINK(""https://smrs.toolsfrog.com/analytics/keywordoverview/?q=improve%20customer%20service%20account%20retention&db=us"",""improve customer service account retention​"")","n/a","n/a","0","30","","n/a","n/a","n/a","0.00","0.00","n/a","n/a","For metrics, refresh"
"increase auto customer retention with loyalty software","=HYPERLINK(""https://smrs.toolsfrog.com/analytics/keywordoverview/?q=increase%20auto%20customer%20retention%20with%20loyalty%20software&db=us"",""increase auto customer retention with loyalty software​"")","n/a","n/a","0","30","","n/a","n/a","n/a","0.00","0.00","n/a","n/a","For metrics, refresh"
"increase in customer retention","=HYPERLINK(""https://smrs.toolsfrog.com/analytics/keywordoverview/?q=increase%20in%20customer%20retention&db=us"",""increase in customer retention​"")","n/a","n/a","0","30","","n/a","n/a","n/a","5.95","0.03","n/a","n/a","For metrics, refresh"
"increased customer retention","=HYPERLINK(""https://smrs.toolsfrog.com/analytics/keywordoverview/?q=increased%20customer%20retention&db=us"",""increased customer retention​"")","I","n/a","0","30","","n/a","n/a","30","4.77","0.11","=HYPERLINK(""https://smrs.toolsfrog.com/analytics/serp/?phrase=increased%20customer%20retention&db=us&serpId=b-f-97-0516-10793945655531368574"",""6"")","139","1 month"
"innovative customer retention loyalty programs 2024 2025","=HYPERLINK(""https://smrs.toolsfrog.com/analytics/keywordoverview/?q=innovative%20customer%20retention%20loyalty%20programs%202024%202025&db=us"",""innovative customer retention loyalty programs 2024 2025​"")","n/a","n/a","0","30","","n/a","n/a","n/a","0.00","0.00","n/a","n/a","For metrics, refresh"
"insurance customer retention software","=HYPERLINK(""https://smrs.toolsfrog.com/analytics/keywordoverview/?q=insurance%20customer%20retention%20software&db=us"",""insurance customer retention software​"")","n/a","n/a","0","30","","n/a","n/a","n/a","0.00","0.00","n/a","n/a","For metrics, refresh"
"insurance customer retention strategies","=HYPERLINK(""https://smrs.toolsfrog.com/analytics/keywordoverview/?q=insurance%20customer%20retention%20strategies&db=us"",""insurance customer retention strategies​"")","n/a","n/a","0","30","","n/a","n/a","n/a","0.00","0.33","n/a","n/a","For metrics, refresh"
"key elements of effective customer retention and loyalty strategies","=HYPERLINK(""https://smrs.toolsfrog.com/analytics/keywordoverview/?q=key%20elements%20of%20effective%20customer%20retention%20and%20loyalty%20strategies&db=us"",""key elements of effective customer retention and loyalty strategies​"")","n/a","n/a","0","30","","n/a","n/a","n/a","0.00","0.00","n/a","n/a","For metrics, refresh"
"kpis for customer retention","=HYPERLINK(""https://smrs.toolsfrog.com/analytics/keywordoverview/?q=kpis%20for%20customer%20retention&db=us"",""kpis for customer retention​"")","I","n/a","0","30","","n/a","n/a","16","4.25","0.57","=HYPERLINK(""https://smrs.toolsfrog.com/analytics/serp/?phrase=kpis%20for%20customer%20retention&db=us&serpId=b-f-97-0430-17065624326616815322"",""7"")","16M","1 month"
"lead generation real estate sites highest customer retention","=HYPERLINK(""https://smrs.toolsfrog.com/analytics/keywordoverview/?q=lead%20generation%20real%20estate%20sites%20highest%20customer%20retention&db=us"",""lead generation real estate sites highest customer retention​"")","n/a","n/a","0","30","","n/a","n/a","n/a","0.00","0.00","n/a","n/a","For metrics, refresh"
"levels of customer retention strategies","=HYPERLINK(""https://smrs.toolsfrog.com/analytics/keywordoverview/?q=levels%20of%20customer%20retention%20strategies&db=us"",""levels of customer retention strategies​"")","n/a","n/a","0","30","","n/a","n/a","n/a","0.00","0.33","n/a","n/a","For metrics, refresh"
"low customer retention","=HYPERLINK(""https://smrs.toolsfrog.com/analytics/keywordoverview/?q=low%20customer%20retention&db=us"",""low customer retention​"")","n/a","n/a","0","30","","n/a","n/a","n/a","0.00","0.33","n/a","n/a","For metrics, refresh"
"loyalty program impact on customer retention statistics","=HYPERLINK(""https://smrs.toolsfrog.com/analytics/keywordoverview/?q=loyalty%20program%20impact%20on%20customer%20retention%20statistics&db=us"",""loyalty program impact on customer retention statistics​"")","n/a","n/a","0","30","","n/a","n/a","n/a","0.00","0.00","n/a","n/a","For metrics, refresh"
"maintain customer retention","=HYPERLINK(""https://smrs.toolsfrog.com/analytics/keywordoverview/?q=maintain%20customer%20retention&db=us"",""maintain customer retention​"")","n/a","n/a","0","30","","n/a","n/a","n/a","0.00","0.12","n/a","n/a","For metrics, refresh"
"managing customer retention","=HYPERLINK(""https://smrs.toolsfrog.com/analytics/keywordoverview/?q=managing%20customer%20retention&db=us"",""managing customer retention​"")","n/a","n/a","0","30","","n/a","n/a","n/a","0.00","0.33","n/a","n/a","For metrics, refresh"
"manash pratim kashyap ps fader customer retention model","=HYPERLINK(""https://smrs.toolsfrog.com/analytics/keywordoverview/?q=manash%20pratim%20kashyap%20ps%20fader%20customer%20retention%20model&db=us"",""manash pratim kashyap ps fader customer retention model​"")","n/a","n/a","0","30","","n/a","n/a","n/a","0.00","0.00","n/a","n/a","For metrics, refresh"
"marketing automation for customer retention cleveland","=HYPERLINK(""https://smrs.toolsfrog.com/analytics/keywordoverview/?q=marketing%20automation%20for%20customer%20retention%20cleveland&db=us"",""marketing automation for customer retention cleveland​"")","n/a","n/a","0","30","","n/a","n/a","n/a","0.00","0.00","n/a","n/a","For metrics, refresh"
"measurement of customer loyalty and retention","=HYPERLINK(""https://smrs.toolsfrog.com/analytics/keywordoverview/?q=measurement%20of%20customer%20loyalty%20and%20retention&db=us"",""measurement of customer loyalty and retention​"")","n/a","n/a","0","30","","n/a","n/a","n/a","0.00","0.33","n/a","n/a","For metrics, refresh"
"measuring customer retention rate","=HYPERLINK(""https://smrs.toolsfrog.com/analytics/keywordoverview/?q=measuring%20customer%20retention%20rate&db=us"",""measuring customer retention rate​"")","n/a","n/a","0","30","","n/a","n/a","n/a","0.00","0.33","n/a","n/a","For metrics, refresh"
"mobile app customer retention strategies","=HYPERLINK(""https://smrs.toolsfrog.com/analytics/keywordoverview/?q=mobile%20app%20customer%20retention%20strategies&db=us"",""mobile app customer retention strategies​"")","n/a","n/a","0","30","","n/a","n/a","n/a","0.00","0.00","n/a","n/a","For metrics, refresh"
"monthly subscription box customer retention strategies","=HYPERLINK(""https://smrs.toolsfrog.com/analytics/keywordoverview/?q=monthly%20subscription%20box%20customer%20retention%20strategies&db=us"",""monthly subscription box customer retention strategies​"")","n/a","n/a","0","30","","n/a","n/a","n/a","0.00","0.00","n/a","n/a","For metrics, refresh"
"net customer retention","=HYPERLINK(""https://smrs.toolsfrog.com/analytics/keywordoverview/?q=net%20customer%20retention&db=us"",""net customer retention​"")","n/a","n/a","0","30","","n/a","n/a","n/a","0.00","0.03","n/a","n/a","For metrics, refresh"
"new customer retention","=HYPERLINK(""https://smrs.toolsfrog.com/analytics/keywordoverview/?q=new%20customer%20retention&db=us"",""new customer retention​"")","n/a","n/a","0","30","","n/a","n/a","n/a","0.00","0.33","n/a","n/a","For metrics, refresh"
"our customer retention rate has decreased","=HYPERLINK(""https://smrs.toolsfrog.com/analytics/keywordoverview/?q=our%20customer%20retention%20rate%20has%20decreased&db=us"",""our customer retention rate has decreased​"")","n/a","n/a","0","30","","n/a","n/a","n/a","0.00","0.33","n/a","n/a","For metrics, refresh"
"outsource customer retention services","=HYPERLINK(""https://smrs.toolsfrog.com/analytics/keywordoverview/?q=outsource%20customer%20retention%20services&db=us"",""outsource customer retention services​"")","n/a","n/a","0","30","","n/a","n/a","n/a","0.00","0.00","n/a","n/a","For metrics, refresh"
"outsourced customer retention","=HYPERLINK(""https://smrs.toolsfrog.com/analytics/keywordoverview/?q=outsourced%20customer%20retention&db=us"",""outsourced customer retention​"")","n/a","n/a","0","30","","n/a","n/a","n/a","44.29","0.11","n/a","n/a","For metrics, refresh"
"peloton customer retention","=HYPERLINK(""https://smrs.toolsfrog.com/analytics/keywordoverview/?q=peloton%20customer%20retention&db=us"",""peloton customer retention​"")","n/a","n/a","0","30","","n/a","n/a","n/a","0.00","0.33","n/a","n/a","For metrics, refresh"
"post-transaction engagement strategies for customer retention","=HYPERLINK(""https://smrs.toolsfrog.com/analytics/keywordoverview/?q=post-transaction%20engagement%20strategies%20for%20customer%20retention&db=us"",""post-transaction engagement strategies for customer retention​"")","n/a","n/a","0","30","","n/a","n/a","n/a","0.00","0.00","n/a","n/a","For metrics, refresh"
"ps fader customer retention 2018-2019","=HYPERLINK(""https://smrs.toolsfrog.com/analytics/keywordoverview/?q=ps%20fader%20customer%20retention%202018-2019&db=us"",""ps fader customer retention 2018-2019​"")","n/a","n/a","0","30","","n/a","n/a","n/a","0.00","0.00","n/a","n/a","For metrics, refresh"
"recruiters specializing in customer success and retention roles","=HYPERLINK(""https://smrs.toolsfrog.com/analytics/keywordoverview/?q=recruiters%20specializing%20in%20customer%20success%20and%20retention%20roles&db=us"",""recruiters specializing in customer success and retention roles​"")","n/a","n/a","0","30","","n/a","n/a","n/a","0.00","0.00","n/a","n/a","For metrics, refresh"
"restaurant customer retention strategies","=HYPERLINK(""https://smrs.toolsfrog.com/analytics/keywordoverview/?q=restaurant%20customer%20retention%20strategies&db=us"",""restaurant customer retention strategies​"")","n/a","n/a","0","30","","n/a","n/a","n/a","0.00","0.33","n/a","n/a","For metrics, refresh"
"retention rate customer lifetime value","=HYPERLINK(""https://smrs.toolsfrog.com/analytics/keywordoverview/?q=retention%20rate%20customer%20lifetime%20value&db=us"",""retention rate customer lifetime value​"")","n/a","n/a","0","30","","n/a","n/a","n/a","0.00","0.29","n/a","n/a","For metrics, refresh"
"salesforce einstein ai impact on customer retention roi","=HYPERLINK(""https://smrs.toolsfrog.com/analytics/keywordoverview/?q=salesforce%20einstein%20ai%20impact%20on%20customer%20retention%20roi&db=us"",""salesforce einstein ai impact on customer retention roi​"")","n/a","n/a","0","30","","n/a","n/a","n/a","0.00","0.00","n/a","n/a","For metrics, refresh"
"seasonal customer retention strategies","=HYPERLINK(""https://smrs.toolsfrog.com/analytics/keywordoverview/?q=seasonal%20customer%20retention%20strategies&db=us"",""seasonal customer retention strategies​"")","n/a","n/a","0","30","","n/a","n/a","n/a","0.00","0.00","n/a","n/a","For metrics, refresh"
"security transparency customer retention","=HYPERLINK(""https://smrs.toolsfrog.com/analytics/keywordoverview/?q=security%20transparency%20customer%20retention&db=us"",""security transparency customer retention​"")","n/a","n/a","0","30","","n/a","n/a","n/a","0.00","0.00","n/a","n/a","For metrics, refresh"
"shopify customer retention strategies 2026","=HYPERLINK(""https://smrs.toolsfrog.com/analytics/keywordoverview/?q=shopify%20customer%20retention%20strategies%202026&db=us"",""shopify customer retention strategies 2026​"")","n/a","n/a","0","30","","n/a","n/a","n/a","0.00","0.00","n/a","n/a","For metrics, refresh"
"should startups focus more on customer acquisition or retention","=HYPERLINK(""https://smrs.toolsfrog.com/analytics/keywordoverview/?q=should%20startups%20focus%20more%20on%20customer%20acquisition%20or%20retention&db=us"",""should startups focus more on customer acquisition or retention​"")","n/a","n/a","0","30","","n/a","n/a","n/a","0.00","0.00","n/a","n/a","For metrics, refresh"
"small business customer retention","=HYPERLINK(""https://smrs.toolsfrog.com/analytics/keywordoverview/?q=small%20business%20customer%20retention&db=us"",""small business customer retention​"")","n/a","n/a","0","30","","n/a","n/a","n/a","0.00","0.17","n/a","n/a","For metrics, refresh"
"spectrum customer retention department phone number","=HYPERLINK(""https://smrs.toolsfrog.com/analytics/keywordoverview/?q=spectrum%20customer%20retention%20department%20phone%20number&db=us"",""spectrum customer retention department phone number​"")","n/a","n/a","0","30","","n/a","n/a","n/a","0.00","0.07","n/a","n/a","For metrics, refresh"
"stages of customer retention","=HYPERLINK(""https://smrs.toolsfrog.com/analytics/keywordoverview/?q=stages%20of%20customer%20retention&db=us"",""stages of customer retention​"")","n/a","n/a","0","30","","n/a","n/a","n/a","0.00","0.04","n/a","n/a","For metrics, refresh"
"survival analysis customer retention","=HYPERLINK(""https://smrs.toolsfrog.com/analytics/keywordoverview/?q=survival%20analysis%20customer%20retention&db=us"",""survival analysis customer retention​"")","n/a","n/a","0","30","","n/a","n/a","n/a","0.00","0.33","n/a","n/a","For metrics, refresh"
"t mobile customer retention","=HYPERLINK(""https://smrs.toolsfrog.com/analytics/keywordoverview/?q=t%20mobile%20customer%20retention&db=us"",""t mobile customer retention​"")","I","n/a","0","30","","n/a","n/a","32","3.89","0.05","=HYPERLINK(""https://smrs.toolsfrog.com/analytics/serp/?phrase=t%20mobile%20customer%20retention&db=us&serpId=b-e-97-0430-2591535742662046646"",""6"")","250M","1 month"
"the impact of customer loyalty programs on customer retention","=HYPERLINK(""https://smrs.toolsfrog.com/analytics/keywordoverview/?q=the%20impact%20of%20customer%20loyalty%20programs%20on%20customer%20retention&db=us"",""the impact of customer loyalty programs on customer retention​"")","n/a","n/a","0","30","","n/a","n/a","n/a","0.00","0.14","n/a","n/a","For metrics, refresh"
"tools for distributors to improve customer retention","=HYPERLINK(""https://smrs.toolsfrog.com/analytics/keywordoverview/?q=tools%20for%20distributors%20to%20improve%20customer%20retention&db=us"",""tools for distributors to improve customer retention​"")","n/a","n/a","0","30","","n/a","n/a","n/a","0.00","0.00","n/a","n/a","For metrics, refresh"
"trupanion customer retention specialist","=HYPERLINK(""https://smrs.toolsfrog.com/analytics/keywordoverview/?q=trupanion%20customer%20retention%20specialist&db=us"",""trupanion customer retention specialist​"")","n/a","n/a","0","30","","n/a","n/a","n/a","0.00","0.33","n/a","n/a","For metrics, refresh"
"trusted ai-driven loyalty solution providers customer retention engagement","=HYPERLINK(""https://smrs.toolsfrog.com/analytics/keywordoverview/?q=trusted%20ai-driven%20loyalty%20solution%20providers%20customer%20retention%20engagement&db=us"",""trusted ai-driven loyalty solution providers customer retention engagement​"")","n/a","n/a","0","30","","n/a","n/a","n/a","0.00","0.00","n/a","n/a","For metrics, refresh"
"typical pricing structure for customer retention solutions","=HYPERLINK(""https://smrs.toolsfrog.com/analytics/keywordoverview/?q=typical%20pricing%20structure%20for%20customer%20retention%20solutions&db=us"",""typical pricing structure for customer retention solutions​"")","n/a","n/a","0","30","","n/a","n/a","n/a","0.00","0.00","n/a","n/a","For metrics, refresh"
"us cellular customer retention","=HYPERLINK(""https://smrs.toolsfrog.com/analytics/keywordoverview/?q=us%20cellular%20customer%20retention&db=us"",""us cellular customer retention​"")","n/a","n/a","0","30","","n/a","n/a","n/a","0.00","0.33","n/a","n/a","For metrics, refresh"
"ways of customer retention","=HYPERLINK(""https://smrs.toolsfrog.com/analytics/keywordoverview/?q=ways%20of%20customer%20retention&db=us"",""ways of customer retention​"")","n/a","n/a","0","30","","n/a","n/a","n/a","0.00","0.33","n/a","n/a","For metrics, refresh"
"what challenges exist when implementing customers retention rate","=HYPERLINK(""https://smrs.toolsfrog.com/analytics/keywordoverview/?q=what%20challenges%20exist%20when%20implementing%20customers%20retention%20rate&db=us"",""what challenges exist when implementing customers retention rate​"")","n/a","n/a","0","30","","n/a","n/a","n/a","0.00","0.00","n/a","n/a","For metrics, refresh"
"what customer retention","=HYPERLINK(""https://smrs.toolsfrog.com/analytics/keywordoverview/?q=what%20customer%20retention&db=us"",""what customer retention​"")","I","n/a","0","30","","n/a","n/a","n/a","0.94","0.02","=HYPERLINK(""https://smrs.toolsfrog.com/analytics/serp/?phrase=what%20customer%20retention&db=us&serpId=b-e-97-0501-13276834113598582124"",""5"")","227M","1 month"
"why do we place such an emphasis on customer retention","=HYPERLINK(""https://smrs.toolsfrog.com/analytics/keywordoverview/?q=why%20do%20we%20place%20such%20an%20emphasis%20on%20customer%20retention&db=us"",""why do we place such an emphasis on customer retention​"")","I","n/a","0","30","","n/a","n/a","20","3.48","0.20","=HYPERLINK(""https://smrs.toolsfrog.com/analytics/serp/?phrase=why%20do%20we%20place%20such%20an%20emphasis%20on%20customer%20retention&db=us&serpId=b-e-97-0430-13343957250641917340"",""5"")","97.1M","1 month"
"3 pillars of customer retention","=HYPERLINK(""https://smrs.toolsfrog.com/analytics/keywordoverview/?q=3%20pillars%20of%20customer%20retention&db=us"",""3 pillars of customer retention​"")","n/a","n/a","0","20","","n/a","n/a","n/a","0.00","0.33","n/a","n/a","For metrics, refresh"
"3pl freight management improve customer satisfaction retention","=HYPERLINK(""https://smrs.toolsfrog.com/analytics/keywordoverview/?q=3pl%20freight%20management%20improve%20customer%20satisfaction%20retention&db=us"",""3pl freight management improve customer satisfaction retention​"")","n/a","n/a","0","20","","n/a","n/a","n/a","0.00","0.00","n/a","n/a","For metrics, refresh"
"a marketing approach for customer retention","=HYPERLINK(""https://smrs.toolsfrog.com/analytics/keywordoverview/?q=a%20marketing%20approach%20for%20customer%20retention&db=us"",""a marketing approach for customer retention​"")","n/a","n/a","0","20","","n/a","n/a","n/a","0.00","0.21","n/a","n/a","For metrics, refresh"
"a realistic customer retention policy centers on the idea that","=HYPERLINK(""https://smrs.toolsfrog.com/analytics/keywordoverview/?q=a%20realistic%20customer%20retention%20policy%20centers%20on%20the%20idea%20that&db=us"",""a realistic customer retention policy centers on the idea that​"")","n/a","n/a","0","20","","n/a","n/a","n/a","0.00","0.33","n/a","n/a","For metrics, refresh"
"a/b testing personalization customer retention impact","=HYPERLINK(""https://smrs.toolsfrog.com/analytics/keywordoverview/?q=a%2Fb%20testing%20personalization%20customer%20retention%20impact&db=us"",""a/b testing personalization customer retention impact​"")","n/a","n/a","0","20","","n/a","n/a","n/a","0.00","0.00","n/a","n/a","For metrics, refresh"
"aaron's customer retention","=HYPERLINK(""https://smrs.toolsfrog.com/analytics/keywordoverview/?q=aaron's%20customer%20retention&db=us"",""aaron's customer retention​"")","n/a","n/a","0","20","","n/a","n/a","n/a","0.00","0.33","n/a","n/a","For metrics, refresh"
"abm customer retention","=HYPERLINK(""https://smrs.toolsfrog.com/analytics/keywordoverview/?q=abm%20customer%20retention&db=us"",""abm customer retention​"")","n/a","n/a","0","20","","n/a","n/a","n/a","0.00","0.00","n/a","n/a","For metrics, refresh"
"adt customer retention","=HYPERLINK(""https://smrs.toolsfrog.com/analytics/keywordoverview/?q=adt%20customer%20retention&db=us"",""adt customer retention​"")","n/a","n/a","0","20","","n/a","n/a","n/a","5.88","0.17","n/a","n/a","For metrics, refresh"
"after-sales service importance customer retention","=HYPERLINK(""https://smrs.toolsfrog.com/analytics/keywordoverview/?q=after-sales%20service%20importance%20customer%20retention&db=us"",""after-sales service importance customer retention​"")","n/a","n/a","0","20","","n/a","n/a","n/a","0.00","0.00","n/a","n/a","For metrics, refresh"
"agentic ai customer retention ecommerce","=HYPERLINK(""https://smrs.toolsfrog.com/analytics/keywordoverview/?q=agentic%20ai%20customer%20retention%20ecommerce&db=us"",""agentic ai customer retention ecommerce​"")","n/a","n/a","0","20","","n/a","n/a","n/a","0.00","0.00","n/a","n/a","For metrics, refresh"
"ai chatbot for customer retention","=HYPERLINK(""https://smrs.toolsfrog.com/analytics/keywordoverview/?q=ai%20chatbot%20for%20customer%20retention&db=us"",""ai chatbot for customer retention​"")","n/a","n/a","0","20","","n/a","n/a","n/a","0.00","0.00","n/a","n/a","For metrics, refresh"
"ai company customer retention","=HYPERLINK(""https://smrs.toolsfrog.com/analytics/keywordoverview/?q=ai%20company%20customer%20retention&db=us"",""ai company customer retention​"")","n/a","n/a","0","20","","n/a","n/a","n/a","0.00","0.00","n/a","n/a","For metrics, refresh"
"ai customer retention coupon","=HYPERLINK(""https://smrs.toolsfrog.com/analytics/keywordoverview/?q=ai%20customer%20retention%20coupon&db=us"",""ai customer retention coupon​"")","n/a","n/a","0","20","","n/a","n/a","n/a","0.00","0.00","n/a","n/a","For metrics, refresh"
"ai integrations for b2b customer retention","=HYPERLINK(""https://smrs.toolsfrog.com/analytics/keywordoverview/?q=ai%20integrations%20for%20b2b%20customer%20retention&db=us"",""ai integrations for b2b customer retention​"")","n/a","n/a","0","20","","n/a","n/a","n/a","0.00","0.00","n/a","n/a","For metrics, refresh"
"ai product design customer retention retailers","=HYPERLINK(""https://smrs.toolsfrog.com/analytics/keywordoverview/?q=ai%20product%20design%20customer%20retention%20retailers&db=us"",""ai product design customer retention retailers​"")","n/a","n/a","0","20","","n/a","n/a","n/a","0.00","0.00","n/a","n/a","For metrics, refresh"
"ai-driven customer retention insurance","=HYPERLINK(""https://smrs.toolsfrog.com/analytics/keywordoverview/?q=ai-driven%20customer%20retention%20insurance&db=us"",""ai-driven customer retention insurance​"")","n/a","n/a","0","20","","n/a","n/a","n/a","0.00","0.00","n/a","n/a","For metrics, refresh"
"ai-driven customer retention strategies","=HYPERLINK(""https://smrs.toolsfrog.com/analytics/keywordoverview/?q=ai-driven%20customer%20retention%20strategies&db=us"",""ai-driven customer retention strategies​"")","n/a","n/a","0","20","","n/a","n/a","n/a","0.00","0.00","n/a","n/a","For metrics, refresh"
"airbnb customer retention","=HYPERLINK(""https://smrs.toolsfrog.com/analytics/keywordoverview/?q=airbnb%20customer%20retention&db=us"",""airbnb customer retention​"")","n/a","n/a","0","20","","n/a","n/a","n/a","0.00","0.00","n/a","n/a","For metrics, refresh"
"airbnb customer retention rate","=HYPERLINK(""https://smrs.toolsfrog.com/analytics/keywordoverview/?q=airbnb%20customer%20retention%20rate&db=us"",""airbnb customer retention rate​"")","n/a","n/a","0","20","","n/a","n/a","n/a","0.00","0.00","n/a","n/a","For metrics, refresh"
"amazon customer retention phone number","=HYPERLINK(""https://smrs.toolsfrog.com/analytics/keywordoverview/?q=amazon%20customer%20retention%20phone%20number&db=us"",""amazon customer retention phone number​"")","n/a","n/a","0","20","","n/a","n/a","n/a","0.00","0.33","n/a","n/a","For metrics, refresh"
"amazon customer retention rate","=HYPERLINK(""https://smrs.toolsfrog.com/analytics/keywordoverview/?q=amazon%20customer%20retention%20rate&db=us"",""amazon customer retention rate​"")","n/a","n/a","0","20","","n/a","n/a","n/a","0.00","0.33","n/a","n/a","For metrics, refresh"
"american express customer retention","=HYPERLINK(""https://smrs.toolsfrog.com/analytics/keywordoverview/?q=american%20express%20customer%20retention&db=us"",""american express customer retention​"")","n/a","n/a","0","20","","n/a","n/a","n/a","0.00","0.02","n/a","n/a","For metrics, refresh"
"amex customer retention","=HYPERLINK(""https://smrs.toolsfrog.com/analytics/keywordoverview/?q=amex%20customer%20retention&db=us"",""amex customer retention​"")","n/a","n/a","0","20","","n/a","n/a","n/a","0.00","0.05","n/a","n/a","For metrics, refresh"
"among the arguments for the importance of customer retention are","=HYPERLINK(""https://smrs.toolsfrog.com/analytics/keywordoverview/?q=among%20the%20arguments%20for%20the%20importance%20of%20customer%20retention%20are&db=us"",""among the arguments for the importance of customer retention are​"")","n/a","n/a","0","20","","n/a","n/a","n/a","0.00","0.33","n/a","n/a","For metrics, refresh"
"andrea reyes comcast customer retention manager","=HYPERLINK(""https://smrs.toolsfrog.com/analytics/keywordoverview/?q=andrea%20reyes%20comcast%20customer%20retention%20manager&db=us"",""andrea reyes comcast customer retention manager​"")","n/a","n/a","0","20","","n/a","n/a","n/a","0.00","0.00","n/a","n/a","For metrics, refresh"
"another word for customer retention","=HYPERLINK(""https://smrs.toolsfrog.com/analytics/keywordoverview/?q=another%20word%20for%20customer%20retention&db=us"",""another word for customer retention​"")","n/a","n/a","0","20","","n/a","n/a","n/a","0.00","0.33","n/a","n/a","For metrics, refresh"
"apparel pos system customer retention benefits","=HYPERLINK(""https://smrs.toolsfrog.com/analytics/keywordoverview/?q=apparel%20pos%20system%20customer%20retention%20benefits&db=us"",""apparel pos system customer retention benefits​"")","n/a","n/a","0","20","","n/a","n/a","n/a","0.00","0.00","n/a","n/a","For metrics, refresh"
"apple customer retention","=HYPERLINK(""https://smrs.toolsfrog.com/analytics/keywordoverview/?q=apple%20customer%20retention&db=us"",""apple customer retention​"")","n/a","n/a","0","20","","n/a","n/a","n/a","0.00","0.33","n/a","n/a","For metrics, refresh"
"apple customer retention rate","=HYPERLINK(""https://smrs.toolsfrog.com/analytics/keywordoverview/?q=apple%20customer%20retention%20rate&db=us"",""apple customer retention rate​"")","n/a","n/a","0","20","","n/a","n/a","n/a","0.00","0.33","n/a","n/a","For metrics, refresh"
"apple customer retention strategy","=HYPERLINK(""https://smrs.toolsfrog.com/analytics/keywordoverview/?q=apple%20customer%20retention%20strategy&db=us"",""apple customer retention strategy​"")","n/a","n/a","0","20","","n/a","n/a","n/a","0.00","0.00","n/a","n/a","For metrics, refresh"
"at&t customer loyalty and retention","=HYPERLINK(""https://smrs.toolsfrog.com/analytics/keywordoverview/?q=at%26t%20customer%20loyalty%20and%20retention&db=us"",""at&t customer loyalty and retention​"")","n/a","n/a","0","20","","n/a","n/a","n/a","0.00","0.06","n/a","n/a","For metrics, refresh"
"at&t customer retention center","=HYPERLINK(""https://smrs.toolsfrog.com/analytics/keywordoverview/?q=at%26t%20customer%20retention%20center&db=us"",""at&t customer retention center​"")","n/a","n/a","0","20","","n/a","n/a","n/a","0.00","0.00","n/a","n/a","For metrics, refresh"
"at&t customer retention center phone number","=HYPERLINK(""https://smrs.toolsfrog.com/analytics/keywordoverview/?q=at%26t%20customer%20retention%20center%20phone%20number&db=us"",""at&t customer retention center phone number​"")","n/a","n/a","0","20","","n/a","n/a","n/a","0.00","0.33","n/a","n/a","For metrics, refresh"
"at&t customer retention contact","=HYPERLINK(""https://smrs.toolsfrog.com/analytics/keywordoverview/?q=at%26t%20customer%20retention%20contact&db=us"",""at&t customer retention contact​"")","n/a","n/a","0","20","","n/a","n/a","n/a","0.00","0.11","n/a","n/a","For metrics, refresh"
"at&t customer retention deals","=HYPERLINK(""https://smrs.toolsfrog.com/analytics/keywordoverview/?q=at%26t%20customer%20retention%20deals&db=us"",""at&t customer retention deals​"")","n/a","n/a","0","20","","n/a","n/a","n/a","0.00","0.07","n/a","n/a","For metrics, refresh"
"at&t customer retention department","=HYPERLINK(""https://smrs.toolsfrog.com/analytics/keywordoverview/?q=at%26t%20customer%20retention%20department&db=us"",""at&t customer retention department​"")","n/a","n/a","0","20","","n/a","n/a","n/a","0.00","0.06","n/a","n/a","For metrics, refresh"
"at&t customer retention department phone number","=HYPERLINK(""https://smrs.toolsfrog.com/analytics/keywordoverview/?q=at%26t%20customer%20retention%20department%20phone%20number&db=us"",""at&t customer retention department phone number​"")","n/a","n/a","0","20","","n/a","n/a","n/a","0.00","0.33","n/a","n/a","For metrics, refresh"
"at&t customer retention dept","=HYPERLINK(""https://smrs.toolsfrog.com/analytics/keywordoverview/?q=at%26t%20customer%20retention%20dept&db=us"",""at&t customer retention dept​"")","n/a","n/a","0","20","","n/a","n/a","n/a","0.00","0.06","n/a","n/a","For metrics, refresh"
"at&t customer retention hours","=HYPERLINK(""https://smrs.toolsfrog.com/analytics/keywordoverview/?q=at%26t%20customer%20retention%20hours&db=us"",""at&t customer retention hours​"")","n/a","n/a","0","20","","n/a","n/a","n/a","0.00","0.00","n/a","n/a","For metrics, refresh"
"at&t customer retention line","=HYPERLINK(""https://smrs.toolsfrog.com/analytics/keywordoverview/?q=at%26t%20customer%20retention%20line&db=us"",""at&t customer retention line​"")","n/a","n/a","0","20","","n/a","n/a","n/a","0.00","0.05","n/a","n/a","For metrics, refresh"
"at&t customer retention phone","=HYPERLINK(""https://smrs.toolsfrog.com/analytics/keywordoverview/?q=at%26t%20customer%20retention%20phone&db=us"",""at&t customer retention phone​"")","n/a","n/a","0","20","","n/a","n/a","n/a","0.00","0.11","n/a","n/a","For metrics, refresh"
"at&t customer retention specialist","=HYPERLINK(""https://smrs.toolsfrog.com/analytics/keywordoverview/?q=at%26t%20customer%20retention%20specialist&db=us"",""at&t customer retention specialist​"")","n/a","n/a","0","20","","n/a","n/a","n/a","0.00","0.14","n/a","n/a","For metrics, refresh"
"at&t customer service retention","=HYPERLINK(""https://smrs.toolsfrog.com/analytics/keywordoverview/?q=at%26t%20customer%20service%20retention&db=us"",""at&t customer service retention​"")","n/a","n/a","0","20","","n/a","n/a","n/a","0.00","0.01","n/a","n/a","For metrics, refresh"
"at&t customer service retention number","=HYPERLINK(""https://smrs.toolsfrog.com/analytics/keywordoverview/?q=at%26t%20customer%20service%20retention%20number&db=us"",""at&t customer service retention number​"")","n/a","n/a","0","20","","n/a","n/a","n/a","0.00","0.33","n/a","n/a","For metrics, refresh"
"at&t u verse customer retention phone number","=HYPERLINK(""https://smrs.toolsfrog.com/analytics/keywordoverview/?q=at%26t%20u%20verse%20customer%20retention%20phone%20number&db=us"",""at&t u verse customer retention phone number​"")","n/a","n/a","0","20","","n/a","n/a","n/a","0.00","0.33","n/a","n/a","For metrics, refresh"
"at&t wireless customer retention","=HYPERLINK(""https://smrs.toolsfrog.com/analytics/keywordoverview/?q=at%26t%20wireless%20customer%20retention&db=us"",""at&t wireless customer retention​"")","n/a","n/a","0","20","","n/a","n/a","n/a","0.00","0.07","n/a","n/a","For metrics, refresh"
"at&t wireless customer retention phone number","=HYPERLINK(""https://smrs.toolsfrog.com/analytics/keywordoverview/?q=at%26t%20wireless%20customer%20retention%20phone%20number&db=us"",""at&t wireless customer retention phone number​"")","n/a","n/a","0","20","","n/a","n/a","n/a","0.00","0.05","n/a","n/a","For metrics, refresh"
"att customer loyalty and retention","=HYPERLINK(""https://smrs.toolsfrog.com/analytics/keywordoverview/?q=att%20customer%20loyalty%20and%20retention&db=us"",""att customer loyalty and retention​"")","n/a","n/a","0","20","","n/a","n/a","n/a","0.00","0.06","n/a","n/a","For metrics, refresh"
"att customer retention deals","=HYPERLINK(""https://smrs.toolsfrog.com/analytics/keywordoverview/?q=att%20customer%20retention%20deals&db=us"",""att customer retention deals​"")","n/a","n/a","0","20","","n/a","n/a","n/a","0.00","0.07","n/a","n/a","For metrics, refresh"
"att customer retention department","=HYPERLINK(""https://smrs.toolsfrog.com/analytics/keywordoverview/?q=att%20customer%20retention%20department&db=us"",""att customer retention department​"")","n/a","n/a","0","20","","n/a","n/a","n/a","0.00","0.03","n/a","n/a","For metrics, refresh"
"att customer retention line","=HYPERLINK(""https://smrs.toolsfrog.com/analytics/keywordoverview/?q=att%20customer%20retention%20line&db=us"",""att customer retention line​"")","n/a","n/a","0","20","","n/a","n/a","n/a","0.00","0.05","n/a","n/a","For metrics, refresh"
"att customer retention number","=HYPERLINK(""https://smrs.toolsfrog.com/analytics/keywordoverview/?q=att%20customer%20retention%20number&db=us"",""att customer retention number​"")","n/a","n/a","0","20","","n/a","n/a","n/a","2.79","0.06","n/a","n/a","For metrics, refresh"
"att customer retention phone","=HYPERLINK(""https://smrs.toolsfrog.com/analytics/keywordoverview/?q=att%20customer%20retention%20phone&db=us"",""att customer retention phone​"")","n/a","n/a","0","20","","n/a","n/a","n/a","0.00","0.11","n/a","n/a","For metrics, refresh"
"att customer retention phone number usa","=HYPERLINK(""https://smrs.toolsfrog.com/analytics/keywordoverview/?q=att%20customer%20retention%20phone%20number%20usa&db=us"",""att customer retention phone number usa​"")","n/a","n/a","0","20","","n/a","n/a","n/a","0.00","0.06","n/a","n/a","For metrics, refresh"
"att customer service retention","=HYPERLINK(""https://smrs.toolsfrog.com/analytics/keywordoverview/?q=att%20customer%20service%20retention&db=us"",""att customer service retention​"")","n/a","n/a","0","20","","n/a","n/a","n/a","0.00","0.33","n/a","n/a","For metrics, refresh"
"att uverse customer retention","=HYPERLINK(""https://smrs.toolsfrog.com/analytics/keywordoverview/?q=att%20uverse%20customer%20retention&db=us"",""att uverse customer retention​"")","n/a","n/a","0","20","","n/a","n/a","n/a","0.00","0.33","n/a","n/a","For metrics, refresh"
"att uverse customer retention number","=HYPERLINK(""https://smrs.toolsfrog.com/analytics/keywordoverview/?q=att%20uverse%20customer%20retention%20number&db=us"",""att uverse customer retention number​"")","n/a","n/a","0","20","","n/a","n/a","n/a","0.00","0.33","n/a","n/a","For metrics, refresh"
"auto repair workshops customer retention prague","=HYPERLINK(""https://smrs.toolsfrog.com/analytics/keywordoverview/?q=auto%20repair%20workshops%20customer%20retention%20prague&db=us"",""auto repair workshops customer retention prague​"")","n/a","n/a","0","20","","n/a","n/a","n/a","0.00","0.00","n/a","n/a","For metrics, refresh"
"auto service customer retention","=HYPERLINK(""https://smrs.toolsfrog.com/analytics/keywordoverview/?q=auto%20service%20customer%20retention&db=us"",""auto service customer retention​"")","n/a","n/a","0","20","","n/a","n/a","n/a","0.00","0.00","n/a","n/a","For metrics, refresh"
"automate customer retention","=HYPERLINK(""https://smrs.toolsfrog.com/analytics/keywordoverview/?q=automate%20customer%20retention&db=us"",""automate customer retention​"")","n/a","n/a","0","20","","n/a","n/a","n/a","0.00","0.33","n/a","n/a","For metrics, refresh"
"automated thank-you emails customer retention impact","=HYPERLINK(""https://smrs.toolsfrog.com/analytics/keywordoverview/?q=automated%20thank-you%20emails%20customer%20retention%20impact&db=us"",""automated thank-you emails customer retention impact​"")","n/a","n/a","0","20","","n/a","n/a","n/a","0.00","0.00","n/a","n/a","For metrics, refresh"
"automotive customer retention programs","=HYPERLINK(""https://smrs.toolsfrog.com/analytics/keywordoverview/?q=automotive%20customer%20retention%20programs&db=us"",""automotive customer retention programs​"")","n/a","n/a","0","20","","n/a","n/a","n/a","0.00","0.00","n/a","n/a","For metrics, refresh"
"automotive dealership customer retention program","=HYPERLINK(""https://smrs.toolsfrog.com/analytics/keywordoverview/?q=automotive%20dealership%20customer%20retention%20program&db=us"",""automotive dealership customer retention program​"")","n/a","n/a","0","20","","n/a","n/a","n/a","0.00","0.33","n/a","n/a","For metrics, refresh"
"automotive email marketing customer retention strategies","=HYPERLINK(""https://smrs.toolsfrog.com/analytics/keywordoverview/?q=automotive%20email%20marketing%20customer%20retention%20strategies&db=us"",""automotive email marketing customer retention strategies​"")","n/a","n/a","0","20","","n/a","n/a","n/a","0.00","0.00","n/a","n/a","For metrics, refresh"
"automotive industry customer retention","=HYPERLINK(""https://smrs.toolsfrog.com/analytics/keywordoverview/?q=automotive%20industry%20customer%20retention&db=us"",""automotive industry customer retention​"")","n/a","n/a","0","20","","n/a","n/a","n/a","0.00","0.33","n/a","n/a","For metrics, refresh"
"average customer retention rate by industry 2024 2025","=HYPERLINK(""https://smrs.toolsfrog.com/analytics/keywordoverview/?q=average%20customer%20retention%20rate%20by%20industry%202024%202025&db=us"",""average customer retention rate by industry 2024 2025​"")","n/a","n/a","0","20","","n/a","n/a","n/a","0.00","0.00","n/a","n/a","For metrics, refresh"
"average customer retention rate ecommerce","=HYPERLINK(""https://smrs.toolsfrog.com/analytics/keywordoverview/?q=average%20customer%20retention%20rate%20ecommerce&db=us"",""average customer retention rate ecommerce​"")","n/a","n/a","0","20","","n/a","n/a","n/a","0.00","0.00","n/a","n/a","For metrics, refresh"
"average customer retention rate retail","=HYPERLINK(""https://smrs.toolsfrog.com/analytics/keywordoverview/?q=average%20customer%20retention%20rate%20retail&db=us"",""average customer retention rate retail​"")","n/a","n/a","0","20","","n/a","n/a","n/a","0.00","0.33","n/a","n/a","For metrics, refresh"
"b2b customer retention tactics loyalty rewards","=HYPERLINK(""https://smrs.toolsfrog.com/analytics/keywordoverview/?q=b2b%20customer%20retention%20tactics%20loyalty%20rewards&db=us"",""b2b customer retention tactics loyalty rewards​"")","n/a","n/a","0","20","","n/a","n/a","n/a","0.00","0.00","n/a","n/a","For metrics, refresh"
"b2b saas customer retention during economic downturn","=HYPERLINK(""https://smrs.toolsfrog.com/analytics/keywordoverview/?q=b2b%20saas%20customer%20retention%20during%20economic%20downturn&db=us"",""b2b saas customer retention during economic downturn​"")","n/a","n/a","0","20","","n/a","n/a","n/a","0.00","0.00","n/a","n/a","For metrics, refresh"
"b2b saas renewal strategy customer retention","=HYPERLINK(""https://smrs.toolsfrog.com/analytics/keywordoverview/?q=b2b%20saas%20renewal%20strategy%20customer%20retention&db=us"",""b2b saas renewal strategy customer retention​"")","n/a","n/a","0","20","","n/a","n/a","n/a","0.00","0.33","n/a","n/a","For metrics, refresh"
"b2c inbound customer retention","=HYPERLINK(""https://smrs.toolsfrog.com/analytics/keywordoverview/?q=b2c%20inbound%20customer%20retention&db=us"",""b2c inbound customer retention​"")","n/a","n/a","0","20","","n/a","n/a","n/a","0.00","0.00","n/a","n/a","For metrics, refresh"
"bank customer retention statistics","=HYPERLINK(""https://smrs.toolsfrog.com/analytics/keywordoverview/?q=bank%20customer%20retention%20statistics&db=us"",""bank customer retention statistics​"")","n/a","n/a","0","20","","n/a","n/a","n/a","0.00","0.33","n/a","n/a","For metrics, refresh"
"bank of america customer retention","=HYPERLINK(""https://smrs.toolsfrog.com/analytics/keywordoverview/?q=bank%20of%20america%20customer%20retention&db=us"",""bank of america customer retention​"")","n/a","n/a","0","20","","n/a","n/a","n/a","0.00","0.33","n/a","n/a","For metrics, refresh"
"banks ai-driven loyalty solutions customer retention engagement","=HYPERLINK(""https://smrs.toolsfrog.com/analytics/keywordoverview/?q=banks%20ai-driven%20loyalty%20solutions%20customer%20retention%20engagement&db=us"",""banks ai-driven loyalty solutions customer retention engagement​"")","n/a","n/a","0","20","","n/a","n/a","n/a","0.00","0.00","n/a","n/a","For metrics, refresh"
"bell canada customer retention number","=HYPERLINK(""https://smrs.toolsfrog.com/analytics/keywordoverview/?q=bell%20canada%20customer%20retention%20number&db=us"",""bell canada customer retention number​"")","n/a","n/a","0","20","","n/a","n/a","n/a","0.00","0.33","n/a","n/a","For metrics, refresh"
"bell canada customer retention phone number","=HYPERLINK(""https://smrs.toolsfrog.com/analytics/keywordoverview/?q=bell%20canada%20customer%20retention%20phone%20number&db=us"",""bell canada customer retention phone number​"")","n/a","n/a","0","20","","n/a","n/a","n/a","0.00","0.00","n/a","n/a","For metrics, refresh"
"bell customer retention number","=HYPERLINK(""https://smrs.toolsfrog.com/analytics/keywordoverview/?q=bell%20customer%20retention%20number&db=us"",""bell customer retention number​"")","n/a","n/a","0","20","","n/a","n/a","n/a","0.00","0.33","n/a","n/a","For metrics, refresh"
"bell customer retention phone number","=HYPERLINK(""https://smrs.toolsfrog.com/analytics/keywordoverview/?q=bell%20customer%20retention%20phone%20number&db=us"",""bell customer retention phone number​"")","n/a","n/a","0","20","","n/a","n/a","n/a","0.00","0.33","n/a","n/a","For metrics, refresh"
"benefits of predictive customer retention models for telecom companies","=HYPERLINK(""https://smrs.toolsfrog.com/analytics/keywordoverview/?q=benefits%20of%20predictive%20customer%20retention%20models%20for%20telecom%20companies&db=us"",""benefits of predictive customer retention models for telecom companies​"")","n/a","n/a","0","20","","n/a","n/a","n/a","0.00","0.00","n/a","n/a","For metrics, refresh"
"best auto repair crm for customer retention","=HYPERLINK(""https://smrs.toolsfrog.com/analytics/keywordoverview/?q=best%20auto%20repair%20crm%20for%20customer%20retention&db=us"",""best auto repair crm for customer retention​"")","n/a","n/a","0","20","","n/a","n/a","n/a","0.00","0.00","n/a","n/a","For metrics, refresh"
"best auto repair crm for customer retention 2025 2026","=HYPERLINK(""https://smrs.toolsfrog.com/analytics/keywordoverview/?q=best%20auto%20repair%20crm%20for%20customer%20retention%202025%202026&db=us"",""best auto repair crm for customer retention 2025 2026​"")","n/a","n/a","0","20","","n/a","n/a","n/a","0.00","0.00","n/a","n/a","For metrics, refresh"
"best auto repair crm for customer retention 2025 or 2026","=HYPERLINK(""https://smrs.toolsfrog.com/analytics/keywordoverview/?q=best%20auto%20repair%20crm%20for%20customer%20retention%202025%20or%202026&db=us"",""best auto repair crm for customer retention 2025 or 2026​"")","n/a","n/a","0","20","","n/a","n/a","n/a","0.00","0.00","n/a","n/a","For metrics, refresh"
"best automated customer retention solutions for subscriptions 2025","=HYPERLINK(""https://smrs.toolsfrog.com/analytics/keywordoverview/?q=best%20automated%20customer%20retention%20solutions%20for%20subscriptions%202025&db=us"",""best automated customer retention solutions for subscriptions 2025​"")","n/a","n/a","0","20","","n/a","n/a","n/a","0.00","0.00","n/a","n/a","For metrics, refresh"
"best books on customer retention","=HYPERLINK(""https://smrs.toolsfrog.com/analytics/keywordoverview/?q=best%20books%20on%20customer%20retention&db=us"",""best books on customer retention​"")","n/a","n/a","0","20","","n/a","n/a","n/a","0.00","0.33","n/a","n/a","For metrics, refresh"
"best buy customer retention","=HYPERLINK(""https://smrs.toolsfrog.com/analytics/keywordoverview/?q=best%20buy%20customer%20retention&db=us"",""best buy customer retention​"")","n/a","n/a","0","20","","n/a","n/a","n/a","0.00","0.07","n/a","n/a","For metrics, refresh"
"best crm for marketing and customer retention 2025 2026","=HYPERLINK(""https://smrs.toolsfrog.com/analytics/keywordoverview/?q=best%20crm%20for%20marketing%20and%20customer%20retention%202025%202026&db=us"",""best crm for marketing and customer retention 2025 2026​"")","n/a","n/a","0","20","","n/a","n/a","n/a","0.00","0.00","n/a","n/a","For metrics, refresh"
"best crm for wholesale distributors customer retention","=HYPERLINK(""https://smrs.toolsfrog.com/analytics/keywordoverview/?q=best%20crm%20for%20wholesale%20distributors%20customer%20retention&db=us"",""best crm for wholesale distributors customer retention​"")","n/a","n/a","0","20","","n/a","n/a","n/a","0.00","0.00","n/a","n/a","For metrics, refresh"
"best customer retention consultants 2026","=HYPERLINK(""https://smrs.toolsfrog.com/analytics/keywordoverview/?q=best%20customer%20retention%20consultants%202026&db=us"",""best customer retention consultants 2026​"")","n/a","n/a","0","20","","n/a","n/a","n/a","0.00","0.00","n/a","n/a","For metrics, refresh"
"best customer retention platforms for banks","=HYPERLINK(""https://smrs.toolsfrog.com/analytics/keywordoverview/?q=best%20customer%20retention%20platforms%20for%20banks&db=us"",""best customer retention platforms for banks​"")","n/a","n/a","0","20","","n/a","n/a","n/a","0.00","0.00","n/a","n/a","For metrics, refresh"
"best customer retention solutions for small business loyalty programs","=HYPERLINK(""https://smrs.toolsfrog.com/analytics/keywordoverview/?q=best%20customer%20retention%20solutions%20for%20small%20business%20loyalty%20programs&db=us"",""best customer retention solutions for small business loyalty programs​"")","n/a","n/a","0","20","","n/a","n/a","n/a","0.00","0.00","n/a","n/a","For metrics, refresh"
"best customer success platform for saas retention 2025 2026","=HYPERLINK(""https://smrs.toolsfrog.com/analytics/keywordoverview/?q=best%20customer%20success%20platform%20for%20saas%20retention%202025%202026&db=us"",""best customer success platform for saas retention 2025 2026​"")","n/a","n/a","0","20","","n/a","n/a","n/a","0.00","0.00","n/a","n/a","For metrics, refresh"
"best embedded finance solutions for customer retention","=HYPERLINK(""https://smrs.toolsfrog.com/analytics/keywordoverview/?q=best%20embedded%20finance%20solutions%20for%20customer%20retention&db=us"",""best embedded finance solutions for customer retention​"")","n/a","n/a","0","20","","n/a","n/a","n/a","0.00","0.00","n/a","n/a","For metrics, refresh"
"best embedded finance solutions for increasing customer retention","=HYPERLINK(""https://smrs.toolsfrog.com/analytics/keywordoverview/?q=best%20embedded%20finance%20solutions%20for%20increasing%20customer%20retention&db=us"",""best embedded finance solutions for increasing customer retention​"")","n/a","n/a","0","20","","n/a","n/a","n/a","0.00","0.00","n/a","n/a","For metrics, refresh"
"best enterprise tools for forecasting customer retention trends by segment","=HYPERLINK(""https://smrs.toolsfrog.com/analytics/keywordoverview/?q=best%20enterprise%20tools%20for%20forecasting%20customer%20retention%20trends%20by%20segment&db=us"",""best enterprise tools for forecasting customer retention trends by segment​"")","n/a","n/a","0","20","","n/a","n/a","n/a","0.00","0.00","n/a","n/a","For metrics, refresh"
"best loyalty platforms for boosting customer loyalty and retention","=HYPERLINK(""https://smrs.toolsfrog.com/analytics/keywordoverview/?q=best%20loyalty%20platforms%20for%20boosting%20customer%20loyalty%20and%20retention&db=us"",""best loyalty platforms for boosting customer loyalty and retention​"")","n/a","n/a","0","20","","n/a","n/a","n/a","0.00","0.00","n/a","n/a","For metrics, refresh"
"best loyalty rewards for long-term customer retention 2025","=HYPERLINK(""https://smrs.toolsfrog.com/analytics/keywordoverview/?q=best%20loyalty%20rewards%20for%20long-term%20customer%20retention%202025&db=us"",""best loyalty rewards for long-term customer retention 2025​"")","n/a","n/a","0","20","","n/a","n/a","n/a","0.00","0.00","n/a","n/a","For metrics, refresh"
"best platforms for churn risk alerts customer retention","=HYPERLINK(""https://smrs.toolsfrog.com/analytics/keywordoverview/?q=best%20platforms%20for%20churn%20risk%20alerts%20customer%20retention&db=us"",""best platforms for churn risk alerts customer retention​"")","n/a","n/a","0","20","","n/a","n/a","n/a","0.00","0.00","n/a","n/a","For metrics, refresh"
"best practices for customer retention","=HYPERLINK(""https://smrs.toolsfrog.com/analytics/keywordoverview/?q=best%20practices%20for%20customer%20retention&db=us"",""best practices for customer retention​"")","n/a","n/a","0","20","","n/a","n/a","n/a","0.00","0.33","n/a","n/a","For metrics, refresh"
"best practices for local seo customer retention","=HYPERLINK(""https://smrs.toolsfrog.com/analytics/keywordoverview/?q=best%20practices%20for%20local%20seo%20customer%20retention&db=us"",""best practices for local seo customer retention​"")","n/a","n/a","0","20","","n/a","n/a","n/a","0.00","0.00","n/a","n/a","For metrics, refresh"
"best practices personalized customer outreach retention b2b enterprise 2025 2026","=HYPERLINK(""https://smrs.toolsfrog.com/analytics/keywordoverview/?q=best%20practices%20personalized%20customer%20outreach%20retention%20b2b%20enterprise%202025%202026&db=us"",""best practices personalized customer outreach retention b2b enterprise 2025 2026​"")","n/a","n/a","0","20","","n/a","n/a","n/a","0.00","0.00","n/a","n/a","For metrics, refresh"
"best ways small businesses improve customer retention 2025 or 2026","=HYPERLINK(""https://smrs.toolsfrog.com/analytics/keywordoverview/?q=best%20ways%20small%20businesses%20improve%20customer%20retention%202025%20or%202026&db=us"",""best ways small businesses improve customer retention 2025 or 2026​"")","n/a","n/a","0","20","","n/a","n/a","n/a","0.00","0.00","n/a","n/a","For metrics, refresh"
"bfcm customer retention ideas","=HYPERLINK(""https://smrs.toolsfrog.com/analytics/keywordoverview/?q=bfcm%20customer%20retention%20ideas&db=us"",""bfcm customer retention ideas​"")","n/a","n/a","0","20","","n/a","n/a","n/a","0.00","0.00","n/a","n/a","For metrics, refresh"
"books on customer retention","=HYPERLINK(""https://smrs.toolsfrog.com/analytics/keywordoverview/?q=books%20on%20customer%20retention&db=us"",""books on customer retention​"")","n/a","n/a","0","20","","n/a","n/a","n/a","0.00","0.40","n/a","n/a","For metrics, refresh"
"boost mobile customer retention","=HYPERLINK(""https://smrs.toolsfrog.com/analytics/keywordoverview/?q=boost%20mobile%20customer%20retention&db=us"",""boost mobile customer retention​"")","n/a","n/a","0","20","","n/a","n/a","n/a","0.00","0.14","n/a","n/a","For metrics, refresh"
"brand loyalty and customer retention","=HYPERLINK(""https://smrs.toolsfrog.com/analytics/keywordoverview/?q=brand%20loyalty%20and%20customer%20retention&db=us"",""brand loyalty and customer retention​"")","n/a","n/a","0","20","","n/a","n/a","n/a","0.00","0.14","n/a","n/a","For metrics, refresh"
"breezeline customer retention","=HYPERLINK(""https://smrs.toolsfrog.com/analytics/keywordoverview/?q=breezeline%20customer%20retention&db=us"",""breezeline customer retention​"")","n/a","n/a","0","20","","n/a","n/a","n/a","0.00","0.33","n/a","n/a","For metrics, refresh"
"breezeline customer retention phone number","=HYPERLINK(""https://smrs.toolsfrog.com/analytics/keywordoverview/?q=breezeline%20customer%20retention%20phone%20number&db=us"",""breezeline customer retention phone number​"")","n/a","n/a","0","20","","n/a","n/a","n/a","0.00","0.01","n/a","n/a","For metrics, refresh"
"building crm by customer retention","=HYPERLINK(""https://smrs.toolsfrog.com/analytics/keywordoverview/?q=building%20crm%20by%20customer%20retention&db=us"",""building crm by customer retention​"")","n/a","n/a","0","20","","n/a","n/a","n/a","0.00","0.33","n/a","n/a","For metrics, refresh"
"building customer relationships through retention strategies","=HYPERLINK(""https://smrs.toolsfrog.com/analytics/keywordoverview/?q=building%20customer%20relationships%20through%20retention%20strategies&db=us"",""building customer relationships through retention strategies​"")","n/a","n/a","0","20","","n/a","n/a","n/a","0.00","0.33","n/a","n/a","For metrics, refresh"
"building customer retention","=HYPERLINK(""https://smrs.toolsfrog.com/analytics/keywordoverview/?q=building%20customer%20retention&db=us"",""building customer retention​"")","n/a","n/a","0","20","","n/a","n/a","n/a","0.00","0.03","n/a","n/a","For metrics, refresh"
"business customer retention","=HYPERLINK(""https://smrs.toolsfrog.com/analytics/keywordoverview/?q=business%20customer%20retention&db=us"",""business customer retention​"")","n/a","n/a","0","20","","n/a","n/a","n/a","0.00","0.03","n/a","n/a","For metrics, refresh"
"business marketers track customer loyalty and retention because","=HYPERLINK(""https://smrs.toolsfrog.com/analytics/keywordoverview/?q=business%20marketers%20track%20customer%20loyalty%20and%20retention%20because&db=us"",""business marketers track customer loyalty and retention because​"")","n/a","n/a","0","20","","n/a","n/a","n/a","0.00","0.05","n/a","n/a","For metrics, refresh"
"cable one customer churn rate and retention 2025","=HYPERLINK(""https://smrs.toolsfrog.com/analytics/keywordoverview/?q=cable%20one%20customer%20churn%20rate%20and%20retention%202025&db=us"",""cable one customer churn rate and retention 2025​"")","n/a","n/a","0","20","","n/a","n/a","n/a","0.00","0.00","n/a","n/a","For metrics, refresh"
"cablevision customer retention department","=HYPERLINK(""https://smrs.toolsfrog.com/analytics/keywordoverview/?q=cablevision%20customer%20retention%20department&db=us"",""cablevision customer retention department​"")","n/a","n/a","0","20","","n/a","n/a","n/a","0.00","0.48","n/a","n/a","For metrics, refresh"
"call comcast customer retention","=HYPERLINK(""https://smrs.toolsfrog.com/analytics/keywordoverview/?q=call%20comcast%20customer%20retention&db=us"",""call comcast customer retention​"")","n/a","n/a","0","20","","n/a","n/a","n/a","0.00","0.33","n/a","n/a","For metrics, refresh"
"call xfinity customer retention","=HYPERLINK(""https://smrs.toolsfrog.com/analytics/keywordoverview/?q=call%20xfinity%20customer%20retention&db=us"",""call xfinity customer retention​"")","n/a","n/a","0","20","","n/a","n/a","n/a","0.00","0.33","n/a","n/a","For metrics, refresh"
"capital one customer retention","=HYPERLINK(""https://smrs.toolsfrog.com/analytics/keywordoverview/?q=capital%20one%20customer%20retention&db=us"",""capital one customer retention​"")","n/a","n/a","0","20","","n/a","n/a","n/a","0.00","0.06","n/a","n/a","For metrics, refresh"
"car dealer customer retention software","=HYPERLINK(""https://smrs.toolsfrog.com/analytics/keywordoverview/?q=car%20dealer%20customer%20retention%20software&db=us"",""car dealer customer retention software​"")","n/a","n/a","0","20","","n/a","n/a","n/a","0.00","0.00","n/a","n/a","For metrics, refresh"
"car dealership customer retention","=HYPERLINK(""https://smrs.toolsfrog.com/analytics/keywordoverview/?q=car%20dealership%20customer%20retention&db=us"",""car dealership customer retention​"")","n/a","n/a","0","20","","n/a","n/a","n/a","0.00","0.29","n/a","n/a","For metrics, refresh"
"centurylink customer retention","=HYPERLINK(""https://smrs.toolsfrog.com/analytics/keywordoverview/?q=centurylink%20customer%20retention&db=us"",""centurylink customer retention​"")","n/a","n/a","0","20","","n/a","n/a","n/a","0.00","0.33","n/a","n/a","For metrics, refresh"
"centurylink customer retention department","=HYPERLINK(""https://smrs.toolsfrog.com/analytics/keywordoverview/?q=centurylink%20customer%20retention%20department&db=us"",""centurylink customer retention department​"")","n/a","n/a","0","20","","n/a","n/a","n/a","0.00","0.33","n/a","n/a","For metrics, refresh"
"centurylink customer retention department phone number","=HYPERLINK(""https://smrs.toolsfrog.com/analytics/keywordoverview/?q=centurylink%20customer%20retention%20department%20phone%20number&db=us"",""centurylink customer retention department phone number​"")","n/a","n/a","0","20","","n/a","n/a","n/a","0.00","0.33","n/a","n/a","For metrics, refresh"
"centurylink customer retention phone number","=HYPERLINK(""https://smrs.toolsfrog.com/analytics/keywordoverview/?q=centurylink%20customer%20retention%20phone%20number&db=us"",""centurylink customer retention phone number​"")","n/a","n/a","0","20","","n/a","n/a","n/a","0.00","0.05","n/a","n/a","For metrics, refresh"
"challenges customer retention b2c 2025 2026","=HYPERLINK(""https://smrs.toolsfrog.com/analytics/keywordoverview/?q=challenges%20customer%20retention%20b2c%202025%202026&db=us"",""challenges customer retention b2c 2025 2026​"")","n/a","n/a","0","20","","n/a","n/a","n/a","0.00","0.00","n/a","n/a","For metrics, refresh"
"challenges in b2c customer retention","=HYPERLINK(""https://smrs.toolsfrog.com/analytics/keywordoverview/?q=challenges%20in%20b2c%20customer%20retention&db=us"",""challenges in b2c customer retention​"")","n/a","n/a","0","20","","n/a","n/a","n/a","0.00","0.00","n/a","n/a","For metrics, refresh"
"challenges in implementing customer retention rate","=HYPERLINK(""https://smrs.toolsfrog.com/analytics/keywordoverview/?q=challenges%20in%20implementing%20customer%20retention%20rate&db=us"",""challenges in implementing customer retention rate​"")","n/a","n/a","0","20","","n/a","n/a","n/a","0.00","0.00","n/a","n/a","For metrics, refresh"
"challenges of customer retention","=HYPERLINK(""https://smrs.toolsfrog.com/analytics/keywordoverview/?q=challenges%20of%20customer%20retention&db=us"",""challenges of customer retention​"")","n/a","n/a","0","20","","n/a","n/a","n/a","0.00","0.33","n/a","n/a","For metrics, refresh"
"charter customer retention","=HYPERLINK(""https://smrs.toolsfrog.com/analytics/keywordoverview/?q=charter%20customer%20retention&db=us"",""charter customer retention​"")","n/a","n/a","0","20","","n/a","n/a","n/a","0.00","0.04","n/a","n/a","For metrics, refresh"
"charter customer retention phone number","=HYPERLINK(""https://smrs.toolsfrog.com/analytics/keywordoverview/?q=charter%20customer%20retention%20phone%20number&db=us"",""charter customer retention phone number​"")","n/a","n/a","0","20","","n/a","n/a","n/a","0.00","0.33","n/a","n/a","For metrics, refresh"
"charter spectrum customer retention","=HYPERLINK(""https://smrs.toolsfrog.com/analytics/keywordoverview/?q=charter%20spectrum%20customer%20retention&db=us"",""charter spectrum customer retention​"")","n/a","n/a","0","20","","n/a","n/a","n/a","0.00","0.00","n/a","n/a","For metrics, refresh"
"charter spectrum customer retention phone number","=HYPERLINK(""https://smrs.toolsfrog.com/analytics/keywordoverview/?q=charter%20spectrum%20customer%20retention%20phone%20number&db=us"",""charter spectrum customer retention phone number​"")","n/a","n/a","0","20","","n/a","n/a","n/a","0.00","0.14","n/a","n/a","For metrics, refresh"
"chase customer retention","=HYPERLINK(""https://smrs.toolsfrog.com/analytics/keywordoverview/?q=chase%20customer%20retention&db=us"",""chase customer retention​"")","n/a","n/a","0","20","","n/a","n/a","n/a","0.00","0.07","n/a","n/a","For metrics, refresh"
"chatgpt prompts for customer retention","=HYPERLINK(""https://smrs.toolsfrog.com/analytics/keywordoverview/?q=chatgpt%20prompts%20for%20customer%20retention&db=us"",""chatgpt prompts for customer retention​"")","n/a","n/a","0","20","","n/a","n/a","n/a","0.00","0.00","n/a","n/a","For metrics, refresh"
"chewy customer retention rate","=HYPERLINK(""https://smrs.toolsfrog.com/analytics/keywordoverview/?q=chewy%20customer%20retention%20rate&db=us"",""chewy customer retention rate​"")","n/a","n/a","0","20","","n/a","n/a","n/a","0.00","0.33","n/a","n/a","For metrics, refresh"
"chipotle customer retention","=HYPERLINK(""https://smrs.toolsfrog.com/analytics/keywordoverview/?q=chipotle%20customer%20retention&db=us"",""chipotle customer retention​"")","n/a","n/a","0","20","","n/a","n/a","n/a","0.00","0.33","n/a","n/a","For metrics, refresh"
"clarins customer retention strategies","=HYPERLINK(""https://smrs.toolsfrog.com/analytics/keywordoverview/?q=clarins%20customer%20retention%20strategies&db=us"",""clarins customer retention strategies​"")","n/a","n/a","0","20","","n/a","n/a","n/a","0.00","0.00","n/a","n/a","For metrics, refresh"
"cohort analysis for customer retention","=HYPERLINK(""https://smrs.toolsfrog.com/analytics/keywordoverview/?q=cohort%20analysis%20for%20customer%20retention&db=us"",""cohort analysis for customer retention​"")","n/a","n/a","0","20","","n/a","n/a","n/a","0.00","0.07","n/a","n/a","For metrics, refresh"
"comcast customer retention call","=HYPERLINK(""https://smrs.toolsfrog.com/analytics/keywordoverview/?q=comcast%20customer%20retention%20call&db=us"",""comcast customer retention call​"")","n/a","n/a","0","20","","n/a","n/a","n/a","0.00","0.33","n/a","n/a","For metrics, refresh"
"comcast customer retention deals","=HYPERLINK(""https://smrs.toolsfrog.com/analytics/keywordoverview/?q=comcast%20customer%20retention%20deals&db=us"",""comcast customer retention deals​"")","n/a","n/a","0","20","","n/a","n/a","n/a","0.00","0.02","n/a","n/a","For metrics, refresh"
"comcast customer retention line","=HYPERLINK(""https://smrs.toolsfrog.com/analytics/keywordoverview/?q=comcast%20customer%20retention%20line&db=us"",""comcast customer retention line​"")","n/a","n/a","0","20","","n/a","n/a","n/a","0.00","0.33","n/a","n/a","For metrics, refresh"
"comcast customer service retention","=HYPERLINK(""https://smrs.toolsfrog.com/analytics/keywordoverview/?q=comcast%20customer%20service%20retention&db=us"",""comcast customer service retention​"")","n/a","n/a","0","20","","n/a","n/a","n/a","0.00","0.33","n/a","n/a","For metrics, refresh"
"comcast customer service retention number","=HYPERLINK(""https://smrs.toolsfrog.com/analytics/keywordoverview/?q=comcast%20customer%20service%20retention%20number&db=us"",""comcast customer service retention number​"")","n/a","n/a","0","20","","n/a","n/a","n/a","0.00","0.33","n/a","n/a","For metrics, refresh"
"commercial fire protection service customer retention rates","=HYPERLINK(""https://smrs.toolsfrog.com/analytics/keywordoverview/?q=commercial%20fire%20protection%20service%20customer%20retention%20rates&db=us"",""commercial fire protection service customer retention rates​"")","n/a","n/a","0","20","","n/a","n/a","n/a","0.00","0.00","n/a","n/a","For metrics, refresh"
"common obstacles to improving customer retention 2025 or 2026","=HYPERLINK(""https://smrs.toolsfrog.com/analytics/keywordoverview/?q=common%20obstacles%20to%20improving%20customer%20retention%202025%20or%202026&db=us"",""common obstacles to improving customer retention 2025 or 2026​"")","n/a","n/a","0","20","","n/a","n/a","n/a","0.00","0.00","n/a","n/a","For metrics, refresh"
"companies with best customer retention","=HYPERLINK(""https://smrs.toolsfrog.com/analytics/keywordoverview/?q=companies%20with%20best%20customer%20retention&db=us"",""companies with best customer retention​"")","n/a","n/a","0","20","","n/a","n/a","n/a","0.00","0.00","n/a","n/a","For metrics, refresh"
"companies with the best customer retention","=HYPERLINK(""https://smrs.toolsfrog.com/analytics/keywordoverview/?q=companies%20with%20the%20best%20customer%20retention&db=us"",""companies with the best customer retention​"")","n/a","n/a","0","20","","n/a","n/a","n/a","0.00","0.00","n/a","n/a","For metrics, refresh"
"compare customer retention analytics tools for ecommerce and physical stores","=HYPERLINK(""https://smrs.toolsfrog.com/analytics/keywordoverview/?q=compare%20customer%20retention%20analytics%20tools%20for%20ecommerce%20and%20physical%20stores&db=us"",""compare customer retention analytics tools for ecommerce and physical stores​"")","n/a","n/a","0","20","","n/a","n/a","n/a","0.00","0.00","n/a","n/a","For metrics, refresh"
"comparing demandbase and bombora for customer retention","=HYPERLINK(""https://smrs.toolsfrog.com/analytics/keywordoverview/?q=comparing%20demandbase%20and%20bombora%20for%20customer%20retention&db=us"",""comparing demandbase and bombora for customer retention​"")","n/a","n/a","0","20","","n/a","n/a","n/a","0.00","0.00","n/a","n/a","For metrics, refresh"
"concept of customer retention","=HYPERLINK(""https://smrs.toolsfrog.com/analytics/keywordoverview/?q=concept%20of%20customer%20retention&db=us"",""concept of customer retention​"")","n/a","n/a","0","20","","n/a","n/a","n/a","0.00","0.57","n/a","n/a","For metrics, refresh"
"contractor customer retention","=HYPERLINK(""https://smrs.toolsfrog.com/analytics/keywordoverview/?q=contractor%20customer%20retention&db=us"",""contractor customer retention​"")","n/a","n/a","0","20","","n/a","n/a","n/a","0.00","0.33","n/a","n/a","For metrics, refresh"
"conversational ai for customer retention","=HYPERLINK(""https://smrs.toolsfrog.com/analytics/keywordoverview/?q=conversational%20ai%20for%20customer%20retention&db=us"",""conversational ai for customer retention​"")","n/a","n/a","0","20","","n/a","n/a","n/a","0.00","0.00","n/a","n/a","For metrics, refresh"
"cost of customer retention vs acquisition statistics","=HYPERLINK(""https://smrs.toolsfrog.com/analytics/keywordoverview/?q=cost%20of%20customer%20retention%20vs%20acquisition%20statistics&db=us"",""cost of customer retention vs acquisition statistics​"")","n/a","n/a","0","20","","n/a","n/a","n/a","0.00","0.00","n/a","n/a","For metrics, refresh"
"cost-effective customer retention campaign services","=HYPERLINK(""https://smrs.toolsfrog.com/analytics/keywordoverview/?q=cost-effective%20customer%20retention%20campaign%20services&db=us"",""cost-effective customer retention campaign services​"")","n/a","n/a","0","20","","n/a","n/a","n/a","0.00","0.00","n/a","n/a","For metrics, refresh"
"costco customer retention rate","=HYPERLINK(""https://smrs.toolsfrog.com/analytics/keywordoverview/?q=costco%20customer%20retention%20rate&db=us"",""costco customer retention rate​"")","n/a","n/a","0","20","","n/a","n/a","n/a","0.00","0.33","n/a","n/a","For metrics, refresh"
"coty customer churn rate and retention 2025","=HYPERLINK(""https://smrs.toolsfrog.com/analytics/keywordoverview/?q=coty%20customer%20churn%20rate%20and%20retention%202025&db=us"",""coty customer churn rate and retention 2025​"")","n/a","n/a","0","20","","n/a","n/a","n/a","0.00","0.00","n/a","n/a","For metrics, refresh"
"cox cable customer retention","=HYPERLINK(""https://smrs.toolsfrog.com/analytics/keywordoverview/?q=cox%20cable%20customer%20retention&db=us"",""cox cable customer retention​"")","n/a","n/a","0","20","","n/a","n/a","n/a","3.19","0.06","n/a","n/a","For metrics, refresh"
"cox communications customer retention","=HYPERLINK(""https://smrs.toolsfrog.com/analytics/keywordoverview/?q=cox%20communications%20customer%20retention&db=us"",""cox communications customer retention​"")","n/a","n/a","0","20","","n/a","n/a","n/a","3.19","0.06","n/a","n/a","For metrics, refresh"
"cox customer retention department","=HYPERLINK(""https://smrs.toolsfrog.com/analytics/keywordoverview/?q=cox%20customer%20retention%20department&db=us"",""cox customer retention department​"")","n/a","n/a","0","20","","n/a","n/a","n/a","0.00","0.33","n/a","n/a","For metrics, refresh"
"cox customer service retention","=HYPERLINK(""https://smrs.toolsfrog.com/analytics/keywordoverview/?q=cox%20customer%20service%20retention&db=us"",""cox customer service retention​"")","n/a","n/a","0","20","","n/a","n/a","n/a","0.00","0.05","n/a","n/a","For metrics, refresh"
"crm benefits for startups customer retention statistics","=HYPERLINK(""https://smrs.toolsfrog.com/analytics/keywordoverview/?q=crm%20benefits%20for%20startups%20customer%20retention%20statistics&db=us"",""crm benefits for startups customer retention statistics​"")","n/a","n/a","0","20","","n/a","n/a","n/a","0.00","0.00","n/a","n/a","For metrics, refresh"
"crm customer retention management","=HYPERLINK(""https://smrs.toolsfrog.com/analytics/keywordoverview/?q=crm%20customer%20retention%20management&db=us"",""crm customer retention management​"")","n/a","n/a","0","20","","n/a","n/a","n/a","0.00","0.79","n/a","n/a","For metrics, refresh"
"crm strategies for customer retention repeat business b2b manufacturing industry","=HYPERLINK(""https://smrs.toolsfrog.com/analytics/keywordoverview/?q=crm%20strategies%20for%20customer%20retention%20repeat%20business%20b2b%20manufacturing%20industry&db=us"",""crm strategies for customer retention repeat business b2b manufacturing industry​"")","n/a","n/a","0","20","","n/a","n/a","n/a","0.00","0.00","n/a","n/a","For metrics, refresh"
"crr customer retention rate","=HYPERLINK(""https://smrs.toolsfrog.com/analytics/keywordoverview/?q=crr%20customer%20retention%20rate&db=us"",""crr customer retention rate​"")","n/a","n/a","0","20","","n/a","n/a","n/a","0.00","0.33","n/a","n/a","For metrics, refresh"
"custom retention holster","=HYPERLINK(""https://smrs.toolsfrog.com/analytics/keywordoverview/?q=custom%20retention%20holster&db=us"",""custom retention holster​"")","n/a","n/a","0","20","","n/a","n/a","n/a","0.36","1.00","n/a","n/a","For metrics, refresh"
"custom retention holsters","=HYPERLINK(""https://smrs.toolsfrog.com/analytics/keywordoverview/?q=custom%20retention%20holsters&db=us"",""custom retention holsters​"")","n/a","n/a","0","20","","n/a","n/a","n/a","0.54","1.00","n/a","n/a","For metrics, refresh"
"custom retention meaning","=HYPERLINK(""https://smrs.toolsfrog.com/analytics/keywordoverview/?q=custom%20retention%20meaning&db=us"",""custom retention meaning​"")","n/a","n/a","0","20","","n/a","n/a","n/a","0.00","0.33","n/a","n/a","For metrics, refresh"
"custom retention solutions","=HYPERLINK(""https://smrs.toolsfrog.com/analytics/keywordoverview/?q=custom%20retention%20solutions&db=us"",""custom retention solutions​"")","n/a","n/a","0","20","","n/a","n/a","n/a","9.25","0.10","n/a","n/a","For metrics, refresh"
"customer acquisition and retention manager recruiters","=HYPERLINK(""https://smrs.toolsfrog.com/analytics/keywordoverview/?q=customer%20acquisition%20and%20retention%20manager%20recruiters&db=us"",""customer acquisition and retention manager recruiters​"")","n/a","n/a","0","20","","n/a","n/a","n/a","0.00","0.33","n/a","n/a","For metrics, refresh"
"customer acquisition and retention meaning","=HYPERLINK(""https://smrs.toolsfrog.com/analytics/keywordoverview/?q=customer%20acquisition%20and%20retention%20meaning&db=us"",""customer acquisition and retention meaning​"")","n/a","n/a","0","20","","n/a","n/a","n/a","0.00","0.33","n/a","n/a","For metrics, refresh"
"customer acquisition retention and development","=HYPERLINK(""https://smrs.toolsfrog.com/analytics/keywordoverview/?q=customer%20acquisition%20retention%20and%20development&db=us"",""customer acquisition retention and development​"")","n/a","n/a","0","20","","n/a","n/a","n/a","0.00","0.06","n/a","n/a","For metrics, refresh"
"customer acquisition vs retention costs","=HYPERLINK(""https://smrs.toolsfrog.com/analytics/keywordoverview/?q=customer%20acquisition%20vs%20retention%20costs&db=us"",""customer acquisition vs retention costs​"")","n/a","n/a","0","20","","n/a","n/a","n/a","0.00","0.29","n/a","n/a","For metrics, refresh"
"customer acquisition vs retention costs statistics and trends","=HYPERLINK(""https://smrs.toolsfrog.com/analytics/keywordoverview/?q=customer%20acquisition%20vs%20retention%20costs%20statistics%20and%20trends&db=us"",""customer acquisition vs retention costs statistics and trends​"")","n/a","n/a","0","20","","n/a","n/a","n/a","0.00","0.86","n/a","n/a","For metrics, refresh"
"customer care retention","=HYPERLINK(""https://smrs.toolsfrog.com/analytics/keywordoverview/?q=customer%20care%20retention&db=us"",""customer care retention​"")","n/a","n/a","0","20","","n/a","n/a","n/a","5.12","0.19","n/a","n/a","For metrics, refresh"
"customer care retention specialist","=HYPERLINK(""https://smrs.toolsfrog.com/analytics/keywordoverview/?q=customer%20care%20retention%20specialist&db=us"",""customer care retention specialist​"")","n/a","n/a","0","20","","n/a","n/a","n/a","0.00","0.33","n/a","n/a","For metrics, refresh"
"customer churn vs retention","=HYPERLINK(""https://smrs.toolsfrog.com/analytics/keywordoverview/?q=customer%20churn%20vs%20retention&db=us"",""customer churn vs retention​"")","n/a","n/a","0","20","","n/a","n/a","n/a","2.47","0.25","n/a","n/a","For metrics, refresh"
"customer data retention","=HYPERLINK(""https://smrs.toolsfrog.com/analytics/keywordoverview/?q=customer%20data%20retention&db=us"",""customer data retention​"")","n/a","n/a","0","20","","n/a","n/a","n/a","0.00","0.33","n/a","n/a","For metrics, refresh"
"customer data retention period","=HYPERLINK(""https://smrs.toolsfrog.com/analytics/keywordoverview/?q=customer%20data%20retention%20period&db=us"",""customer data retention period​"")","n/a","n/a","0","20","","n/a","n/a","n/a","0.00","0.33","n/a","n/a","For metrics, refresh"
"customer data retention policy","=HYPERLINK(""https://smrs.toolsfrog.com/analytics/keywordoverview/?q=customer%20data%20retention%20policy&db=us"",""customer data retention policy​"")","n/a","n/a","0","20","","n/a","n/a","n/a","0.00","0.29","n/a","n/a","For metrics, refresh"
"customer dollar retention","=HYPERLINK(""https://smrs.toolsfrog.com/analytics/keywordoverview/?q=customer%20dollar%20retention&db=us"",""customer dollar retention​"")","n/a","n/a","0","20","","n/a","n/a","n/a","0.00","0.07","n/a","n/a","For metrics, refresh"
"customer education impact on retention","=HYPERLINK(""https://smrs.toolsfrog.com/analytics/keywordoverview/?q=customer%20education%20impact%20on%20retention&db=us"",""customer education impact on retention​"")","n/a","n/a","0","20","","n/a","n/a","n/a","0.00","0.00","n/a","n/a","For metrics, refresh"
"customer experience retention","=HYPERLINK(""https://smrs.toolsfrog.com/analytics/keywordoverview/?q=customer%20experience%20retention&db=us"",""customer experience retention​"")","n/a","n/a","0","20","","n/a","n/a","n/a","8.82","0.13","n/a","n/a","For metrics, refresh"
"customer journey acquisition retention","=HYPERLINK(""https://smrs.toolsfrog.com/analytics/keywordoverview/?q=customer%20journey%20acquisition%20retention&db=us"",""customer journey acquisition retention​"")","n/a","n/a","0","20","","n/a","n/a","n/a","0.00","0.33","n/a","n/a","For metrics, refresh"
"customer journey awareness consideration purchase retention advocacy","=HYPERLINK(""https://smrs.toolsfrog.com/analytics/keywordoverview/?q=customer%20journey%20awareness%20consideration%20purchase%20retention%20advocacy&db=us"",""customer journey awareness consideration purchase retention advocacy​"")","n/a","n/a","0","20","","n/a","n/a","n/a","0.00","0.50","n/a","n/a","For metrics, refresh"
"customer journey map awareness consideration purchase retention advocacy","=HYPERLINK(""https://smrs.toolsfrog.com/analytics/keywordoverview/?q=customer%20journey%20map%20awareness%20consideration%20purchase%20retention%20advocacy&db=us"",""customer journey map awareness consideration purchase retention advocacy​"")","n/a","n/a","0","20","","n/a","n/a","n/a","0.00","0.29","n/a","n/a","For metrics, refresh"
"customer journey map retention","=HYPERLINK(""https://smrs.toolsfrog.com/analytics/keywordoverview/?q=customer%20journey%20map%20retention&db=us"",""customer journey map retention​"")","n/a","n/a","0","20","","n/a","n/a","n/a","0.00","0.00","n/a","n/a","For metrics, refresh"
"customer journey retention stage","=HYPERLINK(""https://smrs.toolsfrog.com/analytics/keywordoverview/?q=customer%20journey%20retention%20stage&db=us"",""customer journey retention stage​"")","n/a","n/a","0","20","","n/a","n/a","n/a","0.00","0.33","n/a","n/a","For metrics, refresh"
"customer lifecycle retention","=HYPERLINK(""https://smrs.toolsfrog.com/analytics/keywordoverview/?q=customer%20lifecycle%20retention&db=us"",""customer lifecycle retention​"")","n/a","n/a","0","20","","n/a","n/a","n/a","0.00","0.33","n/a","n/a","For metrics, refresh"
"customer lifetime value formula retention rate","=HYPERLINK(""https://smrs.toolsfrog.com/analytics/keywordoverview/?q=customer%20lifetime%20value%20formula%20retention%20rate&db=us"",""customer lifetime value formula retention rate​"")","n/a","n/a","0","20","","n/a","n/a","n/a","0.00","0.33","n/a","n/a","For metrics, refresh"
"customer lifetime value retention rate","=HYPERLINK(""https://smrs.toolsfrog.com/analytics/keywordoverview/?q=customer%20lifetime%20value%20retention%20rate&db=us"",""customer lifetime value retention rate​"")","n/a","n/a","0","20","","n/a","n/a","n/a","0.00","0.29","n/a","n/a","For metrics, refresh"
"customer loyalty strategies for high retention rates","=HYPERLINK(""https://smrs.toolsfrog.com/analytics/keywordoverview/?q=customer%20loyalty%20strategies%20for%20high%20retention%20rates&db=us"",""customer loyalty strategies for high retention rates​"")","n/a","n/a","0","20","","n/a","n/a","n/a","0.00","0.00","n/a","n/a","For metrics, refresh"
"customer loyalty vs customer retention","=HYPERLINK(""https://smrs.toolsfrog.com/analytics/keywordoverview/?q=customer%20loyalty%20vs%20customer%20retention&db=us"",""customer loyalty vs customer retention​"")","n/a","n/a","0","20","","n/a","n/a","n/a","0.00","0.33","n/a","n/a","For metrics, refresh"
"customer prospecting and retention","=HYPERLINK(""https://smrs.toolsfrog.com/analytics/keywordoverview/?q=customer%20prospecting%20and%20retention&db=us"",""customer prospecting and retention​"")","n/a","n/a","0","20","","n/a","n/a","n/a","0.00","0.00","n/a","n/a","For metrics, refresh"
"customer retention activities demonstrating care and concern","=HYPERLINK(""https://smrs.toolsfrog.com/analytics/keywordoverview/?q=customer%20retention%20activities%20demonstrating%20care%20and%20concern&db=us"",""customer retention activities demonstrating care and concern​"")","n/a","n/a","0","20","","n/a","n/a","n/a","0.00","0.00","n/a","n/a","For metrics, refresh"
"customer retention advisor","=HYPERLINK(""https://smrs.toolsfrog.com/analytics/keywordoverview/?q=customer%20retention%20advisor&db=us"",""customer retention advisor​"")","n/a","n/a","0","20","","n/a","n/a","n/a","0.00","0.10","n/a","n/a","For metrics, refresh"
"customer retention agent","=HYPERLINK(""https://smrs.toolsfrog.com/analytics/keywordoverview/?q=customer%20retention%20agent&db=us"",""customer retention agent​"")","n/a","n/a","0","20","","n/a","n/a","n/a","0.00","0.19","n/a","n/a","For metrics, refresh"
"customer retention agent job description","=HYPERLINK(""https://smrs.toolsfrog.com/analytics/keywordoverview/?q=customer%20retention%20agent%20job%20description&db=us"",""customer retention agent job description​"")","n/a","n/a","0","20","","n/a","n/a","n/a","0.00","0.00","n/a","n/a","For metrics, refresh"
"customer retention agent usps","=HYPERLINK(""https://smrs.toolsfrog.com/analytics/keywordoverview/?q=customer%20retention%20agent%20usps&db=us"",""customer retention agent usps​"")","n/a","n/a","0","20","","n/a","n/a","n/a","0.00","0.33","n/a","n/a","For metrics, refresh"
"customer retention amazon","=HYPERLINK(""https://smrs.toolsfrog.com/analytics/keywordoverview/?q=customer%20retention%20amazon&db=us"",""customer retention amazon​"")","n/a","n/a","0","20","","n/a","n/a","n/a","0.00","0.07","n/a","n/a","For metrics, refresh"
"customer retention analysis example","=HYPERLINK(""https://smrs.toolsfrog.com/analytics/keywordoverview/?q=customer%20retention%20analysis%20example&db=us"",""customer retention analysis example​"")","n/a","n/a","0","20","","n/a","n/a","n/a","0.00","0.57","n/a","n/a","For metrics, refresh"
"customer retention analysis excel","=HYPERLINK(""https://smrs.toolsfrog.com/analytics/keywordoverview/?q=customer%20retention%20analysis%20excel&db=us"",""customer retention analysis excel​"")","n/a","n/a","0","20","","n/a","n/a","n/a","0.00","0.00","n/a","n/a","For metrics, refresh"
"customer retention analysis model","=HYPERLINK(""https://smrs.toolsfrog.com/analytics/keywordoverview/?q=customer%20retention%20analysis%20model&db=us"",""customer retention analysis model​"")","n/a","n/a","0","20","","n/a","n/a","n/a","0.00","0.33","n/a","n/a","For metrics, refresh"
"customer retention and customer acquisition","=HYPERLINK(""https://smrs.toolsfrog.com/analytics/keywordoverview/?q=customer%20retention%20and%20customer%20acquisition&db=us"",""customer retention and customer acquisition​"")","n/a","n/a","0","20","","n/a","n/a","n/a","0.00","0.33","n/a","n/a","For metrics, refresh"
"customer retention and development","=HYPERLINK(""https://smrs.toolsfrog.com/analytics/keywordoverview/?q=customer%20retention%20and%20development&db=us"",""customer retention and development​"")","n/a","n/a","0","20","","n/a","n/a","n/a","0.00","0.33","n/a","n/a","For metrics, refresh"
"customer retention and engagement","=HYPERLINK(""https://smrs.toolsfrog.com/analytics/keywordoverview/?q=customer%20retention%20and%20engagement&db=us"",""customer retention and engagement​"")","n/a","n/a","0","20","","n/a","n/a","n/a","0.00","0.33","n/a","n/a","For metrics, refresh"
"customer retention and profitability","=HYPERLINK(""https://smrs.toolsfrog.com/analytics/keywordoverview/?q=customer%20retention%20and%20profitability&db=us"",""customer retention and profitability​"")","n/a","n/a","0","20","","n/a","n/a","n/a","0.00","0.14","n/a","n/a","For metrics, refresh"
"customer retention approaches","=HYPERLINK(""https://smrs.toolsfrog.com/analytics/keywordoverview/?q=customer%20retention%20approaches&db=us"",""customer retention approaches​"")","n/a","n/a","0","20","","n/a","n/a","n/a","0.00","0.29","n/a","n/a","For metrics, refresh"
"customer retention associate","=HYPERLINK(""https://smrs.toolsfrog.com/analytics/keywordoverview/?q=customer%20retention%20associate&db=us"",""customer retention associate​"")","n/a","n/a","0","20","","n/a","n/a","n/a","0.00","0.33","n/a","n/a","For metrics, refresh"
"customer retention b2b","=HYPERLINK(""https://smrs.toolsfrog.com/analytics/keywordoverview/?q=customer%20retention%20b2b&db=us"",""customer retention b2b​"")","n/a","n/a","0","20","","n/a","n/a","n/a","0.00","0.33","n/a","n/a","For metrics, refresh"
"customer retention benchmarks","=HYPERLINK(""https://smrs.toolsfrog.com/analytics/keywordoverview/?q=customer%20retention%20benchmarks&db=us"",""customer retention benchmarks​"")","n/a","n/a","0","20","","n/a","n/a","n/a","0.00","0.00","n/a","n/a","For metrics, refresh"
"customer retention best practices banking","=HYPERLINK(""https://smrs.toolsfrog.com/analytics/keywordoverview/?q=customer%20retention%20best%20practices%20banking&db=us"",""customer retention best practices banking​"")","n/a","n/a","0","20","","n/a","n/a","n/a","0.00","0.00","n/a","n/a","For metrics, refresh"
"customer retention best practices finance","=HYPERLINK(""https://smrs.toolsfrog.com/analytics/keywordoverview/?q=customer%20retention%20best%20practices%20finance&db=us"",""customer retention best practices finance​"")","n/a","n/a","0","20","","n/a","n/a","n/a","0.00","0.00","n/a","n/a","For metrics, refresh"
"customer retention books","=HYPERLINK(""https://smrs.toolsfrog.com/analytics/keywordoverview/?q=customer%20retention%20books&db=us"",""customer retention books​"")","n/a","n/a","0","20","","n/a","n/a","n/a","0.00","0.40","n/a","n/a","For metrics, refresh"
"customer retention call centers","=HYPERLINK(""https://smrs.toolsfrog.com/analytics/keywordoverview/?q=customer%20retention%20call%20centers&db=us"",""customer retention call centers​"")","n/a","n/a","0","20","","n/a","n/a","n/a","0.00","0.00","n/a","n/a","For metrics, refresh"
"customer retention calls","=HYPERLINK(""https://smrs.toolsfrog.com/analytics/keywordoverview/?q=customer%20retention%20calls&db=us"",""customer retention calls​"")","n/a","n/a","0","20","","n/a","n/a","n/a","0.00","0.33","n/a","n/a","For metrics, refresh"
"customer retention cards","=HYPERLINK(""https://smrs.toolsfrog.com/analytics/keywordoverview/?q=customer%20retention%20cards&db=us"",""customer retention cards​"")","n/a","n/a","0","20","","n/a","n/a","n/a","0.00","0.00","n/a","n/a","For metrics, refresh"
"customer retention cartoon","=HYPERLINK(""https://smrs.toolsfrog.com/analytics/keywordoverview/?q=customer%20retention%20cartoon&db=us"",""customer retention cartoon​"")","n/a","n/a","0","20","","n/a","n/a","n/a","0.00","0.33","n/a","n/a","For metrics, refresh"
"customer retention case studies","=HYPERLINK(""https://smrs.toolsfrog.com/analytics/keywordoverview/?q=customer%20retention%20case%20studies&db=us"",""customer retention case studies​"")","n/a","n/a","0","20","","n/a","n/a","n/a","0.00","0.33","n/a","n/a","For metrics, refresh"
"customer retention case study","=HYPERLINK(""https://smrs.toolsfrog.com/analytics/keywordoverview/?q=customer%20retention%20case%20study&db=us"",""customer retention case study​"")","n/a","n/a","0","20","","n/a","n/a","n/a","0.00","0.29","n/a","n/a","For metrics, refresh"
"customer retention center","=HYPERLINK(""https://smrs.toolsfrog.com/analytics/keywordoverview/?q=customer%20retention%20center&db=us"",""customer retention center​"")","n/a","n/a","0","20","","n/a","n/a","n/a","0.00","0.05","n/a","n/a","For metrics, refresh"
"customer retention certificate","=HYPERLINK(""https://smrs.toolsfrog.com/analytics/keywordoverview/?q=customer%20retention%20certificate&db=us"",""customer retention certificate​"")","n/a","n/a","0","20","","n/a","n/a","n/a","0.00","0.14","n/a","n/a","For metrics, refresh"
"customer retention challenges","=HYPERLINK(""https://smrs.toolsfrog.com/analytics/keywordoverview/?q=customer%20retention%20challenges&db=us"",""customer retention challenges​"")","n/a","n/a","0","20","","n/a","n/a","n/a","0.00","0.33","n/a","n/a","For metrics, refresh"
"customer retention chart","=HYPERLINK(""https://smrs.toolsfrog.com/analytics/keywordoverview/?q=customer%20retention%20chart&db=us"",""customer retention chart​"")","n/a","n/a","0","20","","n/a","n/a","n/a","0.00","0.09","n/a","n/a","For metrics, refresh"
"customer retention clover apps","=HYPERLINK(""https://smrs.toolsfrog.com/analytics/keywordoverview/?q=customer%20retention%20clover%20apps&db=us"",""customer retention clover apps​"")","n/a","n/a","0","20","","n/a","n/a","n/a","0.00","0.00","n/a","n/a","For metrics, refresh"
"customer retention cohort analysis","=HYPERLINK(""https://smrs.toolsfrog.com/analytics/keywordoverview/?q=customer%20retention%20cohort%20analysis&db=us"",""customer retention cohort analysis​"")","n/a","n/a","0","20","","n/a","n/a","n/a","5.72","0.37","n/a","n/a","For metrics, refresh"
"customer retention company","=HYPERLINK(""https://smrs.toolsfrog.com/analytics/keywordoverview/?q=customer%20retention%20company&db=us"",""customer retention company​"")","n/a","n/a","0","20","","n/a","n/a","n/a","0.00","0.26","n/a","n/a","For metrics, refresh"
"customer retention conference","=HYPERLINK(""https://smrs.toolsfrog.com/analytics/keywordoverview/?q=customer%20retention%20conference&db=us"",""customer retention conference​"")","n/a","n/a","0","20","","n/a","n/a","n/a","0.00","0.86","n/a","n/a","For metrics, refresh"
"customer retention consultant","=HYPERLINK(""https://smrs.toolsfrog.com/analytics/keywordoverview/?q=customer%20retention%20consultant&db=us"",""customer retention consultant​"")","n/a","n/a","0","20","","n/a","n/a","n/a","17.93","0.10","n/a","n/a","For metrics, refresh"
"customer retention contact center","=HYPERLINK(""https://smrs.toolsfrog.com/analytics/keywordoverview/?q=customer%20retention%20contact%20center&db=us"",""customer retention contact center​"")","n/a","n/a","0","20","","n/a","n/a","n/a","0.00","0.00","n/a","n/a","For metrics, refresh"
"customer retention coordinator","=HYPERLINK(""https://smrs.toolsfrog.com/analytics/keywordoverview/?q=customer%20retention%20coordinator&db=us"",""customer retention coordinator​"")","n/a","n/a","0","20","","n/a","n/a","n/a","0.00","0.07","n/a","n/a","For metrics, refresh"
"customer retention cost calculation","=HYPERLINK(""https://smrs.toolsfrog.com/analytics/keywordoverview/?q=customer%20retention%20cost%20calculation&db=us"",""customer retention cost calculation​"")","n/a","n/a","0","20","","n/a","n/a","n/a","3.17","0.12","n/a","n/a","For metrics, refresh"
"customer retention cost calculator","=HYPERLINK(""https://smrs.toolsfrog.com/analytics/keywordoverview/?q=customer%20retention%20cost%20calculator&db=us"",""customer retention cost calculator​"")","n/a","n/a","0","20","","n/a","n/a","n/a","3.17","0.12","n/a","n/a","For metrics, refresh"
"customer retention cost definition","=HYPERLINK(""https://smrs.toolsfrog.com/analytics/keywordoverview/?q=customer%20retention%20cost%20definition&db=us"",""customer retention cost definition​"")","n/a","n/a","0","20","","n/a","n/a","n/a","0.00","0.33","n/a","n/a","For metrics, refresh"
"customer retention cost examples","=HYPERLINK(""https://smrs.toolsfrog.com/analytics/keywordoverview/?q=customer%20retention%20cost%20examples&db=us"",""customer retention cost examples​"")","n/a","n/a","0","20","","n/a","n/a","n/a","0.00","0.01","n/a","n/a","For metrics, refresh"
"customer retention cost for banks","=HYPERLINK(""https://smrs.toolsfrog.com/analytics/keywordoverview/?q=customer%20retention%20cost%20for%20banks&db=us"",""customer retention cost for banks​"")","n/a","n/a","0","20","","n/a","n/a","n/a","0.00","0.33","n/a","n/a","For metrics, refresh"
"customer retention cost for insurances","=HYPERLINK(""https://smrs.toolsfrog.com/analytics/keywordoverview/?q=customer%20retention%20cost%20for%20insurances&db=us"",""customer retention cost for insurances​"")","n/a","n/a","0","20","","n/a","n/a","n/a","0.00","0.00","n/a","n/a","For metrics, refresh"
"customer retention course","=HYPERLINK(""https://smrs.toolsfrog.com/analytics/keywordoverview/?q=customer%20retention%20course&db=us"",""customer retention course​"")","n/a","n/a","0","20","","n/a","n/a","n/a","0.00","0.03","n/a","n/a","For metrics, refresh"
"customer retention customer loyalty","=HYPERLINK(""https://smrs.toolsfrog.com/analytics/keywordoverview/?q=customer%20retention%20customer%20loyalty&db=us"",""customer retention customer loyalty​"")","n/a","n/a","0","20","","n/a","n/a","n/a","0.00","0.00","n/a","n/a","For metrics, refresh"
"customer retention dashboard power bi","=HYPERLINK(""https://smrs.toolsfrog.com/analytics/keywordoverview/?q=customer%20retention%20dashboard%20power%20bi&db=us"",""customer retention dashboard power bi​"")","n/a","n/a","0","20","","n/a","n/a","n/a","0.00","0.71","n/a","n/a","For metrics, refresh"
"customer retention dashboard tableau","=HYPERLINK(""https://smrs.toolsfrog.com/analytics/keywordoverview/?q=customer%20retention%20dashboard%20tableau&db=us"",""customer retention dashboard tableau​"")","n/a","n/a","0","20","","n/a","n/a","n/a","0.00","0.43","n/a","n/a","For metrics, refresh"
"customer retention dataset","=HYPERLINK(""https://smrs.toolsfrog.com/analytics/keywordoverview/?q=customer%20retention%20dataset&db=us"",""customer retention dataset​"")","n/a","n/a","0","20","","n/a","n/a","n/a","0.00","0.33","n/a","n/a","For metrics, refresh"
"customer retention define","=HYPERLINK(""https://smrs.toolsfrog.com/analytics/keywordoverview/?q=customer%20retention%20define&db=us"",""customer retention define​"")","n/a","n/a","0","20","","n/a","n/a","n/a","1.29","0.02","n/a","n/a","For metrics, refresh"
"customer retention definition by authors","=HYPERLINK(""https://smrs.toolsfrog.com/analytics/keywordoverview/?q=customer%20retention%20definition%20by%20authors&db=us"",""customer retention definition by authors​"")","n/a","n/a","0","20","","n/a","n/a","n/a","0.00","0.14","n/a","n/a","For metrics, refresh"
"customer retention deutsch","=HYPERLINK(""https://smrs.toolsfrog.com/analytics/keywordoverview/?q=customer%20retention%20deutsch&db=us"",""customer retention deutsch​"")","n/a","n/a","0","20","","n/a","n/a","n/a","0.00","0.33","n/a","n/a","For metrics, refresh"
"customer retention digital marketing","=HYPERLINK(""https://smrs.toolsfrog.com/analytics/keywordoverview/?q=customer%20retention%20digital%20marketing&db=us"",""customer retention digital marketing​"")","n/a","n/a","0","20","","n/a","n/a","n/a","0.00","0.33","n/a","n/a","For metrics, refresh"
"customer retention direct mail platform","=HYPERLINK(""https://smrs.toolsfrog.com/analytics/keywordoverview/?q=customer%20retention%20direct%20mail%20platform&db=us"",""customer retention direct mail platform​"")","n/a","n/a","0","20","","n/a","n/a","n/a","0.00","0.33","n/a","n/a","For metrics, refresh"
"customer retention drivers","=HYPERLINK(""https://smrs.toolsfrog.com/analytics/keywordoverview/?q=customer%20retention%20drivers&db=us"",""customer retention drivers​"")","n/a","n/a","0","20","","n/a","n/a","n/a","0.00","0.33","n/a","n/a","For metrics, refresh"
"customer retention during a recession","=HYPERLINK(""https://smrs.toolsfrog.com/analytics/keywordoverview/?q=customer%20retention%20during%20a%20recession&db=us"",""customer retention during a recession​"")","n/a","n/a","0","20","","n/a","n/a","n/a","0.00","0.00","n/a","n/a","For metrics, refresh"
"customer retention efforts","=HYPERLINK(""https://smrs.toolsfrog.com/analytics/keywordoverview/?q=customer%20retention%20efforts&db=us"",""customer retention efforts​"")","n/a","n/a","0","20","","n/a","n/a","n/a","0.00","0.11","n/a","n/a","For metrics, refresh"
"customer retention email marketing","=HYPERLINK(""https://smrs.toolsfrog.com/analytics/keywordoverview/?q=customer%20retention%20email%20marketing&db=us"",""customer retention email marketing​"")","n/a","n/a","0","20","","n/a","n/a","n/a","9.61","0.07","n/a","n/a","For metrics, refresh"
"customer retention email sample","=HYPERLINK(""https://smrs.toolsfrog.com/analytics/keywordoverview/?q=customer%20retention%20email%20sample&db=us"",""customer retention email sample​"")","n/a","n/a","0","20","","n/a","n/a","n/a","0.00","0.33","n/a","n/a","For metrics, refresh"
"customer retention email strategies","=HYPERLINK(""https://smrs.toolsfrog.com/analytics/keywordoverview/?q=customer%20retention%20email%20strategies&db=us"",""customer retention email strategies​"")","n/a","n/a","0","20","","n/a","n/a","n/a","0.00","0.33","n/a","n/a","For metrics, refresh"
"customer retention email template","=HYPERLINK(""https://smrs.toolsfrog.com/analytics/keywordoverview/?q=customer%20retention%20email%20template&db=us"",""customer retention email template​"")","n/a","n/a","0","20","","n/a","n/a","n/a","0.00","0.33","n/a","n/a","For metrics, refresh"
"customer retention email templates","=HYPERLINK(""https://smrs.toolsfrog.com/analytics/keywordoverview/?q=customer%20retention%20email%20templates&db=us"",""customer retention email templates​"")","n/a","n/a","0","20","","n/a","n/a","n/a","0.00","0.33","n/a","n/a","For metrics, refresh"
"customer retention excel template","=HYPERLINK(""https://smrs.toolsfrog.com/analytics/keywordoverview/?q=customer%20retention%20excel%20template&db=us"",""customer retention excel template​"")","n/a","n/a","0","20","","n/a","n/a","n/a","0.00","0.66","n/a","n/a","For metrics, refresh"
"customer retention executive","=HYPERLINK(""https://smrs.toolsfrog.com/analytics/keywordoverview/?q=customer%20retention%20executive&db=us"",""customer retention executive​"")","n/a","n/a","0","20","","n/a","n/a","n/a","0.00","0.33","n/a","n/a","For metrics, refresh"
"customer retention fido","=HYPERLINK(""https://smrs.toolsfrog.com/analytics/keywordoverview/?q=customer%20retention%20fido&db=us"",""customer retention fido​"")","n/a","n/a","0","20","","n/a","n/a","n/a","0.00","0.33","n/a","n/a","For metrics, refresh"
"customer retention for carpet cleaning","=HYPERLINK(""https://smrs.toolsfrog.com/analytics/keywordoverview/?q=customer%20retention%20for%20carpet%20cleaning&db=us"",""customer retention for carpet cleaning​"")","n/a","n/a","0","20","","n/a","n/a","n/a","0.00","0.00","n/a","n/a","For metrics, refresh"
"customer retention for saas","=HYPERLINK(""https://smrs.toolsfrog.com/analytics/keywordoverview/?q=customer%20retention%20for%20saas&db=us"",""customer retention for saas​"")","n/a","n/a","0","20","","n/a","n/a","n/a","0.00","0.33","n/a","n/a","For metrics, refresh"
"customer retention gif","=HYPERLINK(""https://smrs.toolsfrog.com/analytics/keywordoverview/?q=customer%20retention%20gif&db=us"",""customer retention gif​"")","n/a","n/a","0","20","","n/a","n/a","n/a","0.00","0.33","n/a","n/a","For metrics, refresh"
"customer retention icon","=HYPERLINK(""https://smrs.toolsfrog.com/analytics/keywordoverview/?q=customer%20retention%20icon&db=us"",""customer retention icon​"")","n/a","n/a","0","20","","n/a","n/a","n/a","0.00","0.33","n/a","n/a","For metrics, refresh"