"Select all keywords","Keyword","Intent","Relevance","Related %","Volume","Trend","Pot. Traffic","PKD %","KD %","CPC (USD)","Com.","SF","Results","Updated"
"ways loyalty software boosts customer retention","=HYPERLINK(""https://smrs.toolsfrog.com/analytics/keywordoverview/?q=ways%20loyalty%20software%20boosts%20customer%20retention&db=us"",""ways loyalty software boosts customer retention​"")","n/a","n/a","0","10","","n/a","n/a","n/a","0.00","0.00","n/a","n/a","For metrics, refresh"
"ways to automate customer support for better retention","=HYPERLINK(""https://smrs.toolsfrog.com/analytics/keywordoverview/?q=ways%20to%20automate%20customer%20support%20for%20better%20retention&db=us"",""ways to automate customer support for better retention​"")","n/a","n/a","0","10","","n/a","n/a","n/a","0.00","0.00","n/a","n/a","For metrics, refresh"
"ways to modernize customer retention with ai in insurance","=HYPERLINK(""https://smrs.toolsfrog.com/analytics/keywordoverview/?q=ways%20to%20modernize%20customer%20retention%20with%20ai%20in%20insurance&db=us"",""ways to modernize customer retention with ai in insurance​"")","n/a","n/a","0","10","","n/a","n/a","n/a","0.00","0.00","n/a","n/a","For metrics, refresh"
"wedding planning customer retention","=HYPERLINK(""https://smrs.toolsfrog.com/analytics/keywordoverview/?q=wedding%20planning%20customer%20retention&db=us"",""wedding planning customer retention​"")","n/a","n/a","0","10","","n/a","n/a","n/a","0.00","0.00","n/a","n/a","For metrics, refresh"
"what are customer retention examples","=HYPERLINK(""https://smrs.toolsfrog.com/analytics/keywordoverview/?q=what%20are%20customer%20retention%20examples&db=us"",""what are customer retention examples​"")","n/a","n/a","0","10","","n/a","n/a","n/a","0.00","0.33","n/a","n/a","For metrics, refresh"
"what are the 3 r's of customer retention","=HYPERLINK(""https://smrs.toolsfrog.com/analytics/keywordoverview/?q=what%20are%20the%203%20r's%20of%20customer%20retention&db=us"",""what are the 3 r's of customer retention​"")","n/a","n/a","0","10","","n/a","n/a","n/a","0.00","0.00","n/a","n/a","For metrics, refresh"
"what are the 3 rs of customer retention","=HYPERLINK(""https://smrs.toolsfrog.com/analytics/keywordoverview/?q=what%20are%20the%203%20rs%20of%20customer%20retention&db=us"",""what are the 3 rs of customer retention​"")","n/a","n/a","0","10","","n/a","n/a","n/a","0.00","0.00","n/a","n/a","For metrics, refresh"
"what are the best customer retention strategies","=HYPERLINK(""https://smrs.toolsfrog.com/analytics/keywordoverview/?q=what%20are%20the%20best%20customer%20retention%20strategies&db=us"",""what are the best customer retention strategies​"")","n/a","n/a","0","10","","n/a","n/a","n/a","0.00","0.00","n/a","n/a","For metrics, refresh"
"what are the key components of retention of customers","=HYPERLINK(""https://smrs.toolsfrog.com/analytics/keywordoverview/?q=what%20are%20the%20key%20components%20of%20retention%20of%20customers&db=us"",""what are the key components of retention of customers​"")","n/a","n/a","0","10","","n/a","n/a","n/a","0.00","0.00","n/a","n/a","For metrics, refresh"
"what are the major benefits of customer retention","=HYPERLINK(""https://smrs.toolsfrog.com/analytics/keywordoverview/?q=what%20are%20the%20major%20benefits%20of%20customer%20retention&db=us"",""what are the major benefits of customer retention​"")","n/a","n/a","0","10","","n/a","n/a","n/a","0.00","0.33","n/a","n/a","For metrics, refresh"
"what companies offer retention of customers solutions","=HYPERLINK(""https://smrs.toolsfrog.com/analytics/keywordoverview/?q=what%20companies%20offer%20retention%20of%20customers%20solutions&db=us"",""what companies offer retention of customers solutions​"")","n/a","n/a","0","10","","n/a","n/a","n/a","0.00","0.00","n/a","n/a","For metrics, refresh"
"what do you mean by customer retention","=HYPERLINK(""https://smrs.toolsfrog.com/analytics/keywordoverview/?q=what%20do%20you%20mean%20by%20customer%20retention&db=us"",""what do you mean by customer retention​"")","n/a","n/a","0","10","","n/a","n/a","n/a","0.00","0.00","n/a","n/a","For metrics, refresh"
"what does customer retention mean to you","=HYPERLINK(""https://smrs.toolsfrog.com/analytics/keywordoverview/?q=what%20does%20customer%20retention%20mean%20to%20you&db=us"",""what does customer retention mean to you​"")","n/a","n/a","0","10","","n/a","n/a","n/a","0.00","0.33","n/a","n/a","For metrics, refresh"
"what does customer retention means","=HYPERLINK(""https://smrs.toolsfrog.com/analytics/keywordoverview/?q=what%20does%20customer%20retention%20means&db=us"",""what does customer retention means​"")","n/a","n/a","0","10","","n/a","n/a","n/a","0.00","0.01","n/a","n/a","For metrics, refresh"
"what is a customer retention dashboard","=HYPERLINK(""https://smrs.toolsfrog.com/analytics/keywordoverview/?q=what%20is%20a%20customer%20retention%20dashboard&db=us"",""what is a customer retention dashboard​"")","n/a","n/a","0","10","","n/a","n/a","n/a","0.00","0.33","n/a","n/a","For metrics, refresh"
"what is customer retention pdf","=HYPERLINK(""https://smrs.toolsfrog.com/analytics/keywordoverview/?q=what%20is%20customer%20retention%20pdf&db=us"",""what is customer retention pdf​"")","n/a","n/a","0","10","","n/a","n/a","n/a","0.00","0.00","n/a","n/a","For metrics, refresh"
"what is customer retention program","=HYPERLINK(""https://smrs.toolsfrog.com/analytics/keywordoverview/?q=what%20is%20customer%20retention%20program&db=us"",""what is customer retention program​"")","n/a","n/a","0","10","","n/a","n/a","n/a","0.00","0.00","n/a","n/a","For metrics, refresh"
"what is customer retention strategy","=HYPERLINK(""https://smrs.toolsfrog.com/analytics/keywordoverview/?q=what%20is%20customer%20retention%20strategy&db=us"",""what is customer retention strategy​"")","n/a","n/a","0","10","","n/a","n/a","n/a","3.02","0.04","n/a","n/a","For metrics, refresh"
"what is customer retention why it is essential","=HYPERLINK(""https://smrs.toolsfrog.com/analytics/keywordoverview/?q=what%20is%20customer%20retention%20why%20it%20is%20essential&db=us"",""what is customer retention why it is essential​"")","n/a","n/a","0","10","","n/a","n/a","n/a","0.00","0.33","n/a","n/a","For metrics, refresh"
"what is positive customer retention","=HYPERLINK(""https://smrs.toolsfrog.com/analytics/keywordoverview/?q=what%20is%20positive%20customer%20retention&db=us"",""what is positive customer retention​"")","n/a","n/a","0","10","","n/a","n/a","n/a","0.00","0.33","n/a","n/a","For metrics, refresh"
"what is proactive customer retention software","=HYPERLINK(""https://smrs.toolsfrog.com/analytics/keywordoverview/?q=what%20is%20proactive%20customer%20retention%20software&db=us"",""what is proactive customer retention software​"")","n/a","n/a","0","10","","n/a","n/a","n/a","0.00","0.00","n/a","n/a","For metrics, refresh"
"what is the customer retention","=HYPERLINK(""https://smrs.toolsfrog.com/analytics/keywordoverview/?q=what%20is%20the%20customer%20retention&db=us"",""what is the customer retention​"")","n/a","n/a","0","10","","n/a","n/a","n/a","1.28","0.01","n/a","n/a","For metrics, refresh"
"what is the difference between customer loyalty and customer retention","=HYPERLINK(""https://smrs.toolsfrog.com/analytics/keywordoverview/?q=what%20is%20the%20difference%20between%20customer%20loyalty%20and%20customer%20retention&db=us"",""what is the difference between customer loyalty and customer retention​"")","n/a","n/a","0","10","","n/a","n/a","n/a","0.00","0.00","n/a","n/a","For metrics, refresh"
"what is the relationship between customer satisfaction and retention","=HYPERLINK(""https://smrs.toolsfrog.com/analytics/keywordoverview/?q=what%20is%20the%20relationship%20between%20customer%20satisfaction%20and%20retention&db=us"",""what is the relationship between customer satisfaction and retention​"")","n/a","n/a","0","10","","n/a","n/a","n/a","0.00","0.00","n/a","n/a","For metrics, refresh"
"what role does customer service play in customer retention","=HYPERLINK(""https://smrs.toolsfrog.com/analytics/keywordoverview/?q=what%20role%20does%20customer%20service%20play%20in%20customer%20retention&db=us"",""what role does customer service play in customer retention​"")","n/a","n/a","0","10","","n/a","n/a","n/a","0.00","0.05","n/a","n/a","For metrics, refresh"
"what technologies support customers retention rate","=HYPERLINK(""https://smrs.toolsfrog.com/analytics/keywordoverview/?q=what%20technologies%20support%20customers%20retention%20rate&db=us"",""what technologies support customers retention rate​"")","n/a","n/a","0","10","","n/a","n/a","n/a","0.00","0.00","n/a","n/a","For metrics, refresh"
"what's customer retention","=HYPERLINK(""https://smrs.toolsfrog.com/analytics/keywordoverview/?q=what's%20customer%20retention&db=us"",""what's customer retention​"")","n/a","n/a","0","10","","n/a","n/a","n/a","1.28","0.01","n/a","n/a","For metrics, refresh"
"what+is+customer+retention","=HYPERLINK(""https://smrs.toolsfrog.com/analytics/keywordoverview/?q=what%2Bis%2Bcustomer%2Bretention&db=us"",""what+is+customer+retention​"")","n/a","n/a","0","10","","n/a","n/a","n/a","1.28","0.01","n/a","n/a","For metrics, refresh"
"where can i get help implementing customer retention strategies","=HYPERLINK(""https://smrs.toolsfrog.com/analytics/keywordoverview/?q=where%20can%20i%20get%20help%20implementing%20customer%20retention%20strategies&db=us"",""where can i get help implementing customer retention strategies​"")","n/a","n/a","0","10","","n/a","n/a","n/a","0.00","0.00","n/a","n/a","For metrics, refresh"
"which companies specialize in customer retention management transformation","=HYPERLINK(""https://smrs.toolsfrog.com/analytics/keywordoverview/?q=which%20companies%20specialize%20in%20customer%20retention%20management%20transformation&db=us"",""which companies specialize in customer retention management transformation​"")","n/a","n/a","0","10","","n/a","n/a","n/a","0.00","0.00","n/a","n/a","For metrics, refresh"
"which customer rewards program software drive the highest customer retention","=HYPERLINK(""https://smrs.toolsfrog.com/analytics/keywordoverview/?q=which%20customer%20rewards%20program%20software%20drive%20the%20highest%20customer%20retention&db=us"",""which customer rewards program software drive the highest customer retention​"")","n/a","n/a","0","10","","n/a","n/a","n/a","0.00","0.00","n/a","n/a","For metrics, refresh"
"which has faster roi customer retention crm or business intelligence","=HYPERLINK(""https://smrs.toolsfrog.com/analytics/keywordoverview/?q=which%20has%20faster%20roi%20customer%20retention%20crm%20or%20business%20intelligence&db=us"",""which has faster roi customer retention crm or business intelligence​"")","n/a","n/a","0","10","","n/a","n/a","n/a","0.00","0.00","n/a","n/a","For metrics, refresh"
"which loyalty program solutions drive the highest customer retention","=HYPERLINK(""https://smrs.toolsfrog.com/analytics/keywordoverview/?q=which%20loyalty%20program%20solutions%20drive%20the%20highest%20customer%20retention&db=us"",""which loyalty program solutions drive the highest customer retention​"")","n/a","n/a","0","10","","n/a","n/a","n/a","0.00","0.00","n/a","n/a","For metrics, refresh"
"which loyalty rewards platform drive the highest customer retention","=HYPERLINK(""https://smrs.toolsfrog.com/analytics/keywordoverview/?q=which%20loyalty%20rewards%20platform%20drive%20the%20highest%20customer%20retention&db=us"",""which loyalty rewards platform drive the highest customer retention​"")","n/a","n/a","0","10","","n/a","n/a","n/a","0.00","0.00","n/a","n/a","For metrics, refresh"
"which loyalty rewards program software drive the highest customer retention","=HYPERLINK(""https://smrs.toolsfrog.com/analytics/keywordoverview/?q=which%20loyalty%20rewards%20program%20software%20drive%20the%20highest%20customer%20retention&db=us"",""which loyalty rewards program software drive the highest customer retention​"")","n/a","n/a","0","10","","n/a","n/a","n/a","0.00","0.00","n/a","n/a","For metrics, refresh"
"which of the following is true of customer retention","=HYPERLINK(""https://smrs.toolsfrog.com/analytics/keywordoverview/?q=which%20of%20the%20following%20is%20true%20of%20customer%20retention&db=us"",""which of the following is true of customer retention​"")","n/a","n/a","0","10","","n/a","n/a","n/a","0.00","0.33","n/a","n/a","For metrics, refresh"
"which omnichannel loyalty drive the highest customer retention","=HYPERLINK(""https://smrs.toolsfrog.com/analytics/keywordoverview/?q=which%20omnichannel%20loyalty%20drive%20the%20highest%20customer%20retention&db=us"",""which omnichannel loyalty drive the highest customer retention​"")","n/a","n/a","0","10","","n/a","n/a","n/a","0.00","0.00","n/a","n/a","For metrics, refresh"
"which retail loyalty platform drive the highest customer retention","=HYPERLINK(""https://smrs.toolsfrog.com/analytics/keywordoverview/?q=which%20retail%20loyalty%20platform%20drive%20the%20highest%20customer%20retention&db=us"",""which retail loyalty platform drive the highest customer retention​"")","n/a","n/a","0","10","","n/a","n/a","n/a","0.00","0.00","n/a","n/a","For metrics, refresh"
"which retention platforms help customer success teams act faster","=HYPERLINK(""https://smrs.toolsfrog.com/analytics/keywordoverview/?q=which%20retention%20platforms%20help%20customer%20success%20teams%20act%20faster&db=us"",""which retention platforms help customer success teams act faster​"")","n/a","n/a","0","10","","n/a","n/a","n/a","0.00","0.00","n/a","n/a","For metrics, refresh"
"who provides customer retention management consulting services","=HYPERLINK(""https://smrs.toolsfrog.com/analytics/keywordoverview/?q=who%20provides%20customer%20retention%20management%20consulting%20services&db=us"",""who provides customer retention management consulting services​"")","n/a","n/a","0","10","","n/a","n/a","n/a","0.00","0.00","n/a","n/a","For metrics, refresh"
"who provides social proof for customer retention success","=HYPERLINK(""https://smrs.toolsfrog.com/analytics/keywordoverview/?q=who%20provides%20social%20proof%20for%20customer%20retention%20success&db=us"",""who provides social proof for customer retention success​"")","n/a","n/a","0","10","","n/a","n/a","n/a","0.00","0.00","n/a","n/a","For metrics, refresh"
"why conversations improve customer retention","=HYPERLINK(""https://smrs.toolsfrog.com/analytics/keywordoverview/?q=why%20conversations%20improve%20customer%20retention&db=us"",""why conversations improve customer retention​"")","n/a","n/a","0","10","","n/a","n/a","n/a","0.00","0.00","n/a","n/a","For metrics, refresh"
"why customer retention","=HYPERLINK(""https://smrs.toolsfrog.com/analytics/keywordoverview/?q=why%20customer%20retention&db=us"",""why customer retention​"")","n/a","n/a","0","10","","n/a","n/a","n/a","0.00","0.00","n/a","n/a","For metrics, refresh"
"why customer retention is better than customer acquisition","=HYPERLINK(""https://smrs.toolsfrog.com/analytics/keywordoverview/?q=why%20customer%20retention%20is%20better%20than%20customer%20acquisition&db=us"",""why customer retention is better than customer acquisition​"")","n/a","n/a","0","10","","n/a","n/a","n/a","0.00","0.33","n/a","n/a","For metrics, refresh"
"why customer retention more important than acquisition ecommerce statistics","=HYPERLINK(""https://smrs.toolsfrog.com/analytics/keywordoverview/?q=why%20customer%20retention%20more%20important%20than%20acquisition%20ecommerce%20statistics&db=us"",""why customer retention more important than acquisition ecommerce statistics​"")","n/a","n/a","0","10","","n/a","n/a","n/a","0.00","0.00","n/a","n/a","For metrics, refresh"
"why does customer retention increase profit","=HYPERLINK(""https://smrs.toolsfrog.com/analytics/keywordoverview/?q=why%20does%20customer%20retention%20increase%20profit&db=us"",""why does customer retention increase profit​"")","n/a","n/a","0","10","","n/a","n/a","n/a","2.32","0.02","n/a","n/a","For metrics, refresh"
"why is customer retention essential","=HYPERLINK(""https://smrs.toolsfrog.com/analytics/keywordoverview/?q=why%20is%20customer%20retention%20essential&db=us"",""why is customer retention essential​"")","n/a","n/a","0","10","","n/a","n/a","n/a","0.00","0.33","n/a","n/a","For metrics, refresh"
"why is customer retention important for businesses","=HYPERLINK(""https://smrs.toolsfrog.com/analytics/keywordoverview/?q=why%20is%20customer%20retention%20important%20for%20businesses&db=us"",""why is customer retention important for businesses​"")","n/a","n/a","0","10","","n/a","n/a","n/a","1.47","0.48","n/a","n/a","For metrics, refresh"
"why is customer retention very important","=HYPERLINK(""https://smrs.toolsfrog.com/analytics/keywordoverview/?q=why%20is%20customer%20retention%20very%20important&db=us"",""why is customer retention very important​"")","n/a","n/a","0","10","","n/a","n/a","n/a","0.00","0.33","n/a","n/a","For metrics, refresh"
"wi-fi calling customer retention","=HYPERLINK(""https://smrs.toolsfrog.com/analytics/keywordoverview/?q=wi-fi%20calling%20customer%20retention&db=us"",""wi-fi calling customer retention​"")","n/a","n/a","0","10","","n/a","n/a","n/a","0.00","0.33","n/a","n/a","For metrics, refresh"
"woocommerce customer engagement retention features 2025 or 2026","=HYPERLINK(""https://smrs.toolsfrog.com/analytics/keywordoverview/?q=woocommerce%20customer%20engagement%20retention%20features%202025%20or%202026&db=us"",""woocommerce customer engagement retention features 2025 or 2026​"")","n/a","n/a","0","10","","n/a","n/a","n/a","0.00","0.00","n/a","n/a","For metrics, refresh"
"woocommerce customer retention","=HYPERLINK(""https://smrs.toolsfrog.com/analytics/keywordoverview/?q=woocommerce%20customer%20retention&db=us"",""woocommerce customer retention​"")","n/a","n/a","0","10","","n/a","n/a","n/a","0.00","0.99","n/a","n/a","For metrics, refresh"
"wow customer retention","=HYPERLINK(""https://smrs.toolsfrog.com/analytics/keywordoverview/?q=wow%20customer%20retention&db=us"",""wow customer retention​"")","n/a","n/a","0","10","","n/a","n/a","n/a","0.00","0.33","n/a","n/a","For metrics, refresh"
"xfinity customer retention chat","=HYPERLINK(""https://smrs.toolsfrog.com/analytics/keywordoverview/?q=xfinity%20customer%20retention%20chat&db=us"",""xfinity customer retention chat​"")","n/a","n/a","0","10","","n/a","n/a","n/a","0.00","0.33","n/a","n/a","For metrics, refresh"
"xfinity customer retention telephone number","=HYPERLINK(""https://smrs.toolsfrog.com/analytics/keywordoverview/?q=xfinity%20customer%20retention%20telephone%20number&db=us"",""xfinity customer retention telephone number​"")","n/a","n/a","0","10","","n/a","n/a","n/a","0.00","0.33","n/a","n/a","For metrics, refresh"
"yotpo loyalty customer retention strategies","=HYPERLINK(""https://smrs.toolsfrog.com/analytics/keywordoverview/?q=yotpo%20loyalty%20customer%20retention%20strategies&db=us"",""yotpo loyalty customer retention strategies​"")","n/a","n/a","0","10","","n/a","n/a","n/a","0.00","0.00","n/a","n/a","For metrics, refresh"
"'in pursuit of enhanced customer retention management' authors","=HYPERLINK(""https://smrs.toolsfrog.com/analytics/keywordoverview/?q='in%20pursuit%20of%20enhanced%20customer%20retention%20management'%20authors&db=us"",""'in pursuit of enhanced customer retention management' authors​"")","n/a","n/a","0","0","","n/a","n/a","n/a","0.00","0.00","n/a","n/a","For metrics, refresh"
"+customer +acquisition +& +retention","=HYPERLINK(""https://smrs.toolsfrog.com/analytics/keywordoverview/?q=%2Bcustomer%20%2Bacquisition%20%2B%26%20%2Bretention&db=us"",""+customer +acquisition +& +retention​"")","n/a","n/a","0","0","","n/a","n/a","n/a","0.00","0.00","n/a","n/a","For metrics, refresh"
"+customer +retention","=HYPERLINK(""https://smrs.toolsfrog.com/analytics/keywordoverview/?q=%2Bcustomer%20%2Bretention&db=us"",""+customer +retention​"")","n/a","n/a","0","0","","n/a","n/a","n/a","0.00","0.00","n/a","n/a","For metrics, refresh"
"+customer +retention +analytics","=HYPERLINK(""https://smrs.toolsfrog.com/analytics/keywordoverview/?q=%2Bcustomer%20%2Bretention%20%2Banalytics&db=us"",""+customer +retention +analytics​"")","n/a","n/a","0","0","","n/a","n/a","n/a","0.00","0.00","n/a","n/a","For metrics, refresh"
"+customer +retention +management","=HYPERLINK(""https://smrs.toolsfrog.com/analytics/keywordoverview/?q=%2Bcustomer%20%2Bretention%20%2Bmanagement&db=us"",""+customer +retention +management​"")","n/a","n/a","0","0","","n/a","n/a","n/a","0.00","0.00","n/a","n/a","For metrics, refresh"
"+customer +retention +marketing","=HYPERLINK(""https://smrs.toolsfrog.com/analytics/keywordoverview/?q=%2Bcustomer%20%2Bretention%20%2Bmarketing&db=us"",""+customer +retention +marketing​"")","n/a","n/a","0","0","","n/a","n/a","n/a","0.00","0.00","n/a","n/a","For metrics, refresh"
"+customer +retention +metrics","=HYPERLINK(""https://smrs.toolsfrog.com/analytics/keywordoverview/?q=%2Bcustomer%20%2Bretention%20%2Bmetrics&db=us"",""+customer +retention +metrics​"")","n/a","n/a","0","0","","n/a","n/a","n/a","0.00","0.00","n/a","n/a","For metrics, refresh"
"+customer +retention +plan","=HYPERLINK(""https://smrs.toolsfrog.com/analytics/keywordoverview/?q=%2Bcustomer%20%2Bretention%20%2Bplan&db=us"",""+customer +retention +plan​"")","n/a","n/a","0","0","","n/a","n/a","n/a","0.00","0.00","n/a","n/a","For metrics, refresh"
"+customer +retention +programs","=HYPERLINK(""https://smrs.toolsfrog.com/analytics/keywordoverview/?q=%2Bcustomer%20%2Bretention%20%2Bprograms&db=us"",""+customer +retention +programs​"")","n/a","n/a","0","0","","n/a","n/a","n/a","0.00","0.00","n/a","n/a","For metrics, refresh"
"+customer +retention +services","=HYPERLINK(""https://smrs.toolsfrog.com/analytics/keywordoverview/?q=%2Bcustomer%20%2Bretention%20%2Bservices&db=us"",""+customer +retention +services​"")","n/a","n/a","0","0","","n/a","n/a","n/a","0.00","0.00","n/a","n/a","For metrics, refresh"
"+customer +retention +software","=HYPERLINK(""https://smrs.toolsfrog.com/analytics/keywordoverview/?q=%2Bcustomer%20%2Bretention%20%2Bsoftware&db=us"",""+customer +retention +software​"")","n/a","n/a","0","0","","n/a","n/a","n/a","0.00","0.00","n/a","n/a","For metrics, refresh"
"+customer +retention +solution","=HYPERLINK(""https://smrs.toolsfrog.com/analytics/keywordoverview/?q=%2Bcustomer%20%2Bretention%20%2Bsolution&db=us"",""+customer +retention +solution​"")","n/a","n/a","0","0","","n/a","n/a","n/a","0.00","0.00","n/a","n/a","For metrics, refresh"
"+customer +retention +statistics","=HYPERLINK(""https://smrs.toolsfrog.com/analytics/keywordoverview/?q=%2Bcustomer%20%2Bretention%20%2Bstatistics&db=us"",""+customer +retention +statistics​"")","n/a","n/a","0","0","","n/a","n/a","n/a","0.00","0.00","n/a","n/a","For metrics, refresh"
"+increase +customer +retention","=HYPERLINK(""https://smrs.toolsfrog.com/analytics/keywordoverview/?q=%2Bincrease%20%2Bcustomer%20%2Bretention&db=us"",""+increase +customer +retention​"")","n/a","n/a","0","0","","n/a","n/a","n/a","0.00","0.00","n/a","n/a","For metrics, refresh"
"+software +customer +retention","=HYPERLINK(""https://smrs.toolsfrog.com/analytics/keywordoverview/?q=%2Bsoftware%20%2Bcustomer%20%2Bretention&db=us"",""+software +customer +retention​"")","n/a","n/a","0","0","","n/a","n/a","n/a","0.00","0.00","n/a","n/a","For metrics, refresh"
"/learn/blog/dispensary-customer-retention","=HYPERLINK(""https://smrs.toolsfrog.com/analytics/keywordoverview/?q=%2Flearn%2Fblog%2Fdispensary-customer-retention&db=us"",""/learn/blog/dispensary-customer-retention​"")","n/a","n/a","0","0","","n/a","n/a","n/a","0.00","0.00","n/a","n/a","For metrics, refresh"
"/search research tools for ecommerce customer retention strategies","=HYPERLINK(""https://smrs.toolsfrog.com/analytics/keywordoverview/?q=%2Fsearch%20research%20tools%20for%20ecommerce%20customer%20retention%20strategies&db=us"",""/search research tools for ecommerce customer retention strategies​"")","n/a","n/a","0","0","","n/a","n/a","n/a","0.00","0.00","n/a","n/a","For metrics, refresh"
"/search tools to run customer retention campaigns for online stores","=HYPERLINK(""https://smrs.toolsfrog.com/analytics/keywordoverview/?q=%2Fsearch%20tools%20to%20run%20customer%20retention%20campaigns%20for%20online%20stores&db=us"",""/search tools to run customer retention campaigns for online stores​"")","n/a","n/a","0","0","","n/a","n/a","n/a","0.00","0.00","n/a","n/a","For metrics, refresh"
"02 customer retention","=HYPERLINK(""https://smrs.toolsfrog.com/analytics/keywordoverview/?q=02%20customer%20retention&db=us"",""02 customer retention​"")","n/a","n/a","0","0","","n/a","n/a","n/a","0.00","0.00","n/a","n/a","For metrics, refresh"
"1 800 flowers com customer churn rate and retention 2025","=HYPERLINK(""https://smrs.toolsfrog.com/analytics/keywordoverview/?q=1%20800%20flowers%20com%20customer%20churn%20rate%20and%20retention%202025&db=us"",""1 800 flowers com customer churn rate and retention 2025​"")","n/a","n/a","0","0","","n/a","n/a","n/a","0.00","0.00","n/a","n/a","For metrics, refresh"
"1.2 explain the value of customer loyalty and retention","=HYPERLINK(""https://smrs.toolsfrog.com/analytics/keywordoverview/?q=1.2%20explain%20the%20value%20of%20customer%20loyalty%20and%20retention&db=us"",""1.2 explain the value of customer loyalty and retention​"")","n/a","n/a","0","0","","n/a","n/a","n/a","0.00","0.00","n/a","n/a","For metrics, refresh"
"10 best customer retention strategies proven to increase sales","=HYPERLINK(""https://smrs.toolsfrog.com/analytics/keywordoverview/?q=10%20best%20customer%20retention%20strategies%20proven%20to%20increase%20sales&db=us"",""10 best customer retention strategies proven to increase sales​"")","n/a","n/a","0","0","","n/a","n/a","n/a","0.00","0.00","n/a","n/a","For metrics, refresh"
"10 loyalty-building strategies for customer retention econsultancyeconsultancy","=HYPERLINK(""https://smrs.toolsfrog.com/analytics/keywordoverview/?q=10%20loyalty-building%20strategies%20for%20customer%20retention%20econsultancyeconsultancy&db=us"",""10 loyalty-building strategies for customer retention econsultancyeconsultancy​"")","n/a","n/a","0","0","","n/a","n/a","n/a","0.00","0.00","n/a","n/a","For metrics, refresh"
"10 post-purchase customer satisfaction retention pete palermo","=HYPERLINK(""https://smrs.toolsfrog.com/analytics/keywordoverview/?q=10%20post-purchase%20customer%20satisfaction%20retention%20pete%20palermo&db=us"",""10 post-purchase customer satisfaction retention pete palermo​"")","n/a","n/a","0","0","","n/a","n/a","n/a","0.00","0.00","n/a","n/a","For metrics, refresh"
"10 ways to improve customer retention","=HYPERLINK(""https://smrs.toolsfrog.com/analytics/keywordoverview/?q=10%20ways%20to%20improve%20customer%20retention&db=us"",""10 ways to improve customer retention​"")","n/a","n/a","0","0","","n/a","n/a","n/a","0.00","0.00","n/a","n/a","For metrics, refresh"
"11 customer retention tactics","=HYPERLINK(""https://smrs.toolsfrog.com/analytics/keywordoverview/?q=11%20customer%20retention%20tactics&db=us"",""11 customer retention tactics​"")","n/a","n/a","0","0","","n/a","n/a","n/a","0.00","0.00","n/a","n/a","For metrics, refresh"
"14 examples of customer retention strategies that work","=HYPERLINK(""https://smrs.toolsfrog.com/analytics/keywordoverview/?q=14%20examples%20of%20customer%20retention%20strategies%20that%20work&db=us"",""14 examples of customer retention strategies that work​"")","n/a","n/a","0","0","","n/a","n/a","n/a","0.00","0.00","n/a","n/a","For metrics, refresh"
"1800 centruty link customer retention","=HYPERLINK(""https://smrs.toolsfrog.com/analytics/keywordoverview/?q=1800%20centruty%20link%20customer%20retention&db=us"",""1800 centruty link customer retention​"")","n/a","n/a","0","0","","n/a","n/a","n/a","0.00","0.00","n/a","n/a","For metrics, refresh"
"1800flowers com customer churn rate and retention 2025","=HYPERLINK(""https://smrs.toolsfrog.com/analytics/keywordoverview/?q=1800flowers%20com%20customer%20churn%20rate%20and%20retention%202025&db=us"",""1800flowers com customer churn rate and retention 2025​"")","n/a","n/a","0","0","","n/a","n/a","n/a","0.00","0.00","n/a","n/a","For metrics, refresh"
"1800flowers.com customer churn rate and retention 2025","=HYPERLINK(""https://smrs.toolsfrog.com/analytics/keywordoverview/?q=1800flowers.com%20customer%20churn%20rate%20and%20retention%202025&db=us"",""1800flowers.com customer churn rate and retention 2025​"")","n/a","n/a","0","0","","n/a","n/a","n/a","0.00","0.00","n/a","n/a","For metrics, refresh"
"2 explain the value of customer loyalty and retention","=HYPERLINK(""https://smrs.toolsfrog.com/analytics/keywordoverview/?q=2%20explain%20the%20value%20of%20customer%20loyalty%20and%20retention&db=us"",""2 explain the value of customer loyalty and retention​"")","n/a","n/a","0","0","","n/a","n/a","n/a","0.00","0.00","n/a","n/a","For metrics, refresh"
"2 increase in customer retention","=HYPERLINK(""https://smrs.toolsfrog.com/analytics/keywordoverview/?q=2%20increase%20in%20customer%20retention&db=us"",""2 increase in customer retention​"")","n/a","n/a","0","0","","n/a","n/a","n/a","0.00","0.00","n/a","n/a","For metrics, refresh"
"2. customer relationship management and retention","=HYPERLINK(""https://smrs.toolsfrog.com/analytics/keywordoverview/?q=2.%20customer%20relationship%20management%20and%20retention&db=us"",""2. customer relationship management and retention​"")","n/a","n/a","0","0","","n/a","n/a","n/a","0.00","0.00","n/a","n/a","For metrics, refresh"
"2. define customer retention.","=HYPERLINK(""https://smrs.toolsfrog.com/analytics/keywordoverview/?q=2.%20define%20customer%20retention.&db=us"",""2. define customer retention.​"")","n/a","n/a","0","0","","n/a","n/a","n/a","0.00","0.00","n/a","n/a","For metrics, refresh"
"2.1 explain the term customer retention","=HYPERLINK(""https://smrs.toolsfrog.com/analytics/keywordoverview/?q=2.1%20explain%20the%20term%20customer%20retention&db=us"",""2.1 explain the term customer retention​"")","n/a","n/a","0","0","","n/a","n/a","n/a","0.00","0.00","n/a","n/a","For metrics, refresh"
"2.2 explain the benefits of customer retention to an organisation","=HYPERLINK(""https://smrs.toolsfrog.com/analytics/keywordoverview/?q=2.2%20explain%20the%20benefits%20of%20customer%20retention%20to%20an%20organisation&db=us"",""2.2 explain the benefits of customer retention to an organisation​"")","n/a","n/a","0","0","","n/a","n/a","n/a","0.00","0.00","n/a","n/a","For metrics, refresh"
"2.3 explain the factors that influence customer retention","=HYPERLINK(""https://smrs.toolsfrog.com/analytics/keywordoverview/?q=2.3%20explain%20the%20factors%20that%20influence%20customer%20retention&db=us"",""2.3 explain the factors that influence customer retention​"")","n/a","n/a","0","0","","n/a","n/a","n/a","0.00","0.00","n/a","n/a","For metrics, refresh"
"2018 2019 customer retention studies kashyap fader","=HYPERLINK(""https://smrs.toolsfrog.com/analytics/keywordoverview/?q=2018%202019%20customer%20retention%20studies%20kashyap%20fader&db=us"",""2018 2019 customer retention studies kashyap fader​"")","n/a","n/a","0","0","","n/a","n/a","n/a","0.00","0.00","n/a","n/a","For metrics, refresh"
"2018 average retention rate of apple customers","=HYPERLINK(""https://smrs.toolsfrog.com/analytics/keywordoverview/?q=2018%20average%20retention%20rate%20of%20apple%20customers&db=us"",""2018 average retention rate of apple customers​"")","n/a","n/a","0","0","","n/a","n/a","n/a","0.00","0.00","n/a","n/a","For metrics, refresh"
"2018 customer retention verbiage","=HYPERLINK(""https://smrs.toolsfrog.com/analytics/keywordoverview/?q=2018%20customer%20retention%20verbiage&db=us"",""2018 customer retention verbiage​"")","n/a","n/a","0","0","","n/a","n/a","n/a","0.00","0.00","n/a","n/a","For metrics, refresh"
"2018-2019 customer retention studies kashyap fader","=HYPERLINK(""https://smrs.toolsfrog.com/analytics/keywordoverview/?q=2018-2019%20customer%20retention%20studies%20kashyap%20fader&db=us"",""2018-2019 customer retention studies kashyap fader​"")","n/a","n/a","0","0","","n/a","n/a","n/a","0.00","0.00","n/a","n/a","For metrics, refresh"
"22 customer retention strategies that work","=HYPERLINK(""https://smrs.toolsfrog.com/analytics/keywordoverview/?q=22%20customer%20retention%20strategies%20that%20work&db=us"",""22 customer retention strategies that work​"")","n/a","n/a","0","0","","n/a","n/a","n/a","0.00","0.00","n/a","n/a","For metrics, refresh"
"24h cold retention tote custom","=HYPERLINK(""https://smrs.toolsfrog.com/analytics/keywordoverview/?q=24h%20cold%20retention%20tote%20custom&db=us"",""24h cold retention tote custom​"")","n/a","n/a","0","0","","n/a","n/a","n/a","0.00","0.00","n/a","n/a","For metrics, refresh"
"3 customer retention tips to keep your business going strong","=HYPERLINK(""https://smrs.toolsfrog.com/analytics/keywordoverview/?q=3%20customer%20retention%20tips%20to%20keep%20your%20business%20going%20strong&db=us"",""3 customer retention tips to keep your business going strong​"")","n/a","n/a","0","0","","n/a","n/a","n/a","0.00","0.00","n/a","n/a","For metrics, refresh"
"3 r's of customer retention","=HYPERLINK(""https://smrs.toolsfrog.com/analytics/keywordoverview/?q=3%20r's%20of%20customer%20retention&db=us"",""3 r's of customer retention​"")","n/a","n/a","0","0","","n/a","n/a","n/a","0.00","0.00","n/a","n/a","For metrics, refresh"
"3 ways commercial landscape maintenance drives customer retention","=HYPERLINK(""https://smrs.toolsfrog.com/analytics/keywordoverview/?q=3%20ways%20commercial%20landscape%20maintenance%20drives%20customer%20retention&db=us"",""3 ways commercial landscape maintenance drives customer retention​"")","n/a","n/a","0","0","","n/a","n/a","n/a","0.00","0.00","n/a","n/a","For metrics, refresh"
"306 understand customers and customer retention","=HYPERLINK(""https://smrs.toolsfrog.com/analytics/keywordoverview/?q=306%20understand%20customers%20and%20customer%20retention&db=us"",""306 understand customers and customer retention​"")","n/a","n/a","0","0","","n/a","n/a","n/a","0.00","0.00","n/a","n/a","For metrics, refresh"
"36 higher customer retention","=HYPERLINK(""https://smrs.toolsfrog.com/analytics/keywordoverview/?q=36%20higher%20customer%20retention&db=us"",""36 higher customer retention​"")","n/a","n/a","0","0","","n/a","n/a","n/a","0.00","0.00","n/a","n/a","For metrics, refresh"
"3d animation glass display customer retention tips","=HYPERLINK(""https://smrs.toolsfrog.com/analytics/keywordoverview/?q=3d%20animation%20glass%20display%20customer%20retention%20tips&db=us"",""3d animation glass display customer retention tips​"")","n/a","n/a","0","0","","n/a","n/a","n/a","0.00","0.00","n/a","n/a","For metrics, refresh"
"4 a's is to create customer retention","=HYPERLINK(""https://smrs.toolsfrog.com/analytics/keywordoverview/?q=4%20a's%20is%20to%20create%20customer%20retention&db=us"",""4 a's is to create customer retention​"")","n/a","n/a","0","0","","n/a","n/a","n/a","0.00","0.00","n/a","n/a","For metrics, refresh"
"4.2 explain the importance of customer retention","=HYPERLINK(""https://smrs.toolsfrog.com/analytics/keywordoverview/?q=4.2%20explain%20the%20importance%20of%20customer%20retention&db=us"",""4.2 explain the importance of customer retention​"")","n/a","n/a","0","0","","n/a","n/a","n/a","0.00","0.00","n/a","n/a","For metrics, refresh"
"41. customer loyalty and retention","=HYPERLINK(""https://smrs.toolsfrog.com/analytics/keywordoverview/?q=41.%20customer%20loyalty%20and%20retention&db=us"",""41. customer loyalty and retention​"")","n/a","n/a","0","0","","n/a","n/a","n/a","0.00","0.00","n/a","n/a","For metrics, refresh"
"5 customer retention metrics","=HYPERLINK(""https://smrs.toolsfrog.com/analytics/keywordoverview/?q=5%20customer%20retention%20metrics&db=us"",""5 customer retention metrics​"")","n/a","n/a","0","0","","n/a","n/a","n/a","0.00","0.00","n/a","n/a","For metrics, refresh"
"5 customer retention strategies","=HYPERLINK(""https://smrs.toolsfrog.com/analytics/keywordoverview/?q=5%20customer%20retention%20strategies&db=us"",""5 customer retention strategies​"")","n/a","n/a","0","0","","n/a","n/a","n/a","0.00","0.00","n/a","n/a","For metrics, refresh"
"5 customer retention tools","=HYPERLINK(""https://smrs.toolsfrog.com/analytics/keywordoverview/?q=5%20customer%20retention%20tools&db=us"",""5 customer retention tools​"")","n/a","n/a","0","0","","n/a","n/a","n/a","0.00","0.00","n/a","n/a","For metrics, refresh"
"5 reasons why customer retention is not working","=HYPERLINK(""https://smrs.toolsfrog.com/analytics/keywordoverview/?q=5%20reasons%20why%20customer%20retention%20is%20not%20working&db=us"",""5 reasons why customer retention is not working​"")","n/a","n/a","0","0","","n/a","n/a","n/a","0.00","0.00","n/a","n/a","For metrics, refresh"
"5 ways to improve customer retention","=HYPERLINK(""https://smrs.toolsfrog.com/analytics/keywordoverview/?q=5%20ways%20to%20improve%20customer%20retention&db=us"",""5 ways to improve customer retention​"")","n/a","n/a","0","0","","n/a","n/a","n/a","0.00","0.00","n/a","n/a","For metrics, refresh"
"50 marketing customer retention strategies","=HYPERLINK(""https://smrs.toolsfrog.com/analytics/keywordoverview/?q=50%20marketing%20customer%20retention%20strategies&db=us"",""50 marketing customer retention strategies​"")","n/a","n/a","0","0","","n/a","n/a","n/a","0.00","0.00","n/a","n/a","For metrics, refresh"
"6 steps to improve customer retention","=HYPERLINK(""https://smrs.toolsfrog.com/analytics/keywordoverview/?q=6%20steps%20to%20improve%20customer%20retention&db=us"",""6 steps to improve customer retention​"")","n/a","n/a","0","0","","n/a","n/a","n/a","0.00","0.00","n/a","n/a","For metrics, refresh"
"7 keys to customer loyalty and retention","=HYPERLINK(""https://smrs.toolsfrog.com/analytics/keywordoverview/?q=7%20keys%20to%20customer%20loyalty%20and%20retention&db=us"",""7 keys to customer loyalty and retention​"")","n/a","n/a","0","0","","n/a","n/a","n/a","0.00","0.00","n/a","n/a","For metrics, refresh"
"7-eleven customer retention strategies","=HYPERLINK(""https://smrs.toolsfrog.com/analytics/keywordoverview/?q=7-eleven%20customer%20retention%20strategies&db=us"",""7-eleven customer retention strategies​"")","n/a","n/a","0","0","","n/a","n/a","n/a","0.00","0.00","n/a","n/a","For metrics, refresh"
"80 customer retention rate","=HYPERLINK(""https://smrs.toolsfrog.com/analytics/keywordoverview/?q=80%20customer%20retention%20rate&db=us"",""80 customer retention rate​"")","n/a","n/a","0","0","","n/a","n/a","n/a","0.00","0.00","n/a","n/a","For metrics, refresh"
"9 customer retention strategies","=HYPERLINK(""https://smrs.toolsfrog.com/analytics/keywordoverview/?q=9%20customer%20retention%20strategies&db=us"",""9 customer retention strategies​"")","n/a","n/a","0","0","","n/a","n/a","n/a","0.00","0.00","n/a","n/a","For metrics, refresh"
"90 customer retention rate","=HYPERLINK(""https://smrs.toolsfrog.com/analytics/keywordoverview/?q=90%20customer%20retention%20rate&db=us"",""90 customer retention rate​"")","n/a","n/a","0","0","","n/a","n/a","n/a","0.00","0.00","n/a","n/a","For metrics, refresh"
"90 day customer retention plan shopify store loyalty referrals","=HYPERLINK(""https://smrs.toolsfrog.com/analytics/keywordoverview/?q=90%20day%20customer%20retention%20plan%20shopify%20store%20loyalty%20referrals&db=us"",""90 day customer retention plan shopify store loyalty referrals​"")","n/a","n/a","0","0","","n/a","n/a","n/a","0.00","0.00","n/a","n/a","For metrics, refresh"
"92. customer retention cost","=HYPERLINK(""https://smrs.toolsfrog.com/analytics/keywordoverview/?q=92.%20customer%20retention%20cost&db=us"",""92. customer retention cost​"")","n/a","n/a","0","0","","n/a","n/a","n/a","0.00","0.00","n/a","n/a","For metrics, refresh"
"97 retention our customers love us","=HYPERLINK(""https://smrs.toolsfrog.com/analytics/keywordoverview/?q=97%20retention%20our%20customers%20love%20us&db=us"",""97 retention our customers love us​"")","n/a","n/a","0","0","","n/a","n/a","n/a","0.00","0.00","n/a","n/a","For metrics, refresh"
"9miles media customer retention strategies","=HYPERLINK(""https://smrs.toolsfrog.com/analytics/keywordoverview/?q=9miles%20media%20customer%20retention%20strategies&db=us"",""9miles media customer retention strategies​"")","n/a","n/a","0","0","","n/a","n/a","n/a","0.00","0.00","n/a","n/a","For metrics, refresh"
"________ market metrics include customer retention and revenue per customer","=HYPERLINK(""https://smrs.toolsfrog.com/analytics/keywordoverview/?q=________%20market%20metrics%20include%20customer%20retention%20and%20revenue%20per%20customer&db=us"",""________ market metrics include customer retention and revenue per customer​"")","n/a","n/a","0","0","","n/a","n/a","n/a","0.00","0.00","n/a","n/a","For metrics, refresh"
"a b testing personalization customer retention impact","=HYPERLINK(""https://smrs.toolsfrog.com/analytics/keywordoverview/?q=a%20b%20testing%20personalization%20customer%20retention%20impact&db=us"",""a b testing personalization customer retention impact​"")","n/a","n/a","0","0","","n/a","n/a","n/a","0.00","0.00","n/a","n/a","For metrics, refresh"
"a bivariate timing model of customer acquisition and retention","=HYPERLINK(""https://smrs.toolsfrog.com/analytics/keywordoverview/?q=a%20bivariate%20timing%20model%20of%20customer%20acquisition%20and%20retention&db=us"",""a bivariate timing model of customer acquisition and retention​"")","n/a","n/a","0","0","","n/a","n/a","n/a","0.00","0.00","n/a","n/a","For metrics, refresh"
"a computer manufacturer has a 75 percent customer retention rate","=HYPERLINK(""https://smrs.toolsfrog.com/analytics/keywordoverview/?q=a%20computer%20manufacturer%20has%20a%2075%20percent%20customer%20retention%20rate&db=us"",""a computer manufacturer has a 75 percent customer retention rate​"")","n/a","n/a","0","0","","n/a","n/a","n/a","0.00","0.00","n/a","n/a","For metrics, refresh"
"a conceptual framework of customer retention strategy","=HYPERLINK(""https://smrs.toolsfrog.com/analytics/keywordoverview/?q=a%20conceptual%20framework%20of%20customer%20retention%20strategy&db=us"",""a conceptual framework of customer retention strategy​"")","n/a","n/a","0","0","","n/a","n/a","n/a","0.00","0.00","n/a","n/a","For metrics, refresh"
"a good customer retention rate","=HYPERLINK(""https://smrs.toolsfrog.com/analytics/keywordoverview/?q=a%20good%20customer%20retention%20rate&db=us"",""a good customer retention rate​"")","n/a","n/a","0","0","","n/a","n/a","n/a","0.00","0.00","n/a","n/a","For metrics, refresh"
"a guide for customer retention analysis with sql","=HYPERLINK(""https://smrs.toolsfrog.com/analytics/keywordoverview/?q=a%20guide%20for%20customer%20retention%20analysis%20with%20sql&db=us"",""a guide for customer retention analysis with sql​"")","n/a","n/a","0","0","","n/a","n/a","n/a","0.00","0.00","n/a","n/a","For metrics, refresh"
"a simple model for analyzing the customer retention pdf","=HYPERLINK(""https://smrs.toolsfrog.com/analytics/keywordoverview/?q=a%20simple%20model%20for%20analyzing%20the%20customer%20retention%20pdf&db=us"",""a simple model for analyzing the customer retention pdf​"")","n/a","n/a","0","0","","n/a","n/a","n/a","0.00","0.00","n/a","n/a","For metrics, refresh"
"a study on customer retention","=HYPERLINK(""https://smrs.toolsfrog.com/analytics/keywordoverview/?q=a%20study%20on%20customer%20retention&db=us"",""a study on customer retention​"")","n/a","n/a","0","0","","n/a","n/a","n/a","0.00","0.00","n/a","n/a","For metrics, refresh"
"a study on customer retention strategies","=HYPERLINK(""https://smrs.toolsfrog.com/analytics/keywordoverview/?q=a%20study%20on%20customer%20retention%20strategies&db=us"",""a study on customer retention strategies​"")","n/a","n/a","0","0","","n/a","n/a","n/a","0.00","0.00","n/a","n/a","For metrics, refresh"
"a.k.a customer retention","=HYPERLINK(""https://smrs.toolsfrog.com/analytics/keywordoverview/?q=a.k.a%20customer%20retention&db=us"",""a.k.a customer retention​"")","n/a","n/a","0","0","","n/a","n/a","n/a","0.00","0.00","n/a","n/a","For metrics, refresh"
"a2o customer retention strategies","=HYPERLINK(""https://smrs.toolsfrog.com/analytics/keywordoverview/?q=a2o%20customer%20retention%20strategies&db=us"",""a2o customer retention strategies​"")","n/a","n/a","0","0","","n/a","n/a","n/a","0.00","0.00","n/a","n/a","For metrics, refresh"
"aaa customer retention department","=HYPERLINK(""https://smrs.toolsfrog.com/analytics/keywordoverview/?q=aaa%20customer%20retention%20department&db=us"",""aaa customer retention department​"")","n/a","n/a","0","0","","n/a","n/a","n/a","0.00","0.00","n/a","n/a","For metrics, refresh"
"aaron customer retention team","=HYPERLINK(""https://smrs.toolsfrog.com/analytics/keywordoverview/?q=aaron%20customer%20retention%20team&db=us"",""aaron customer retention team​"")","n/a","n/a","0","0","","n/a","n/a","n/a","0.00","0.00","n/a","n/a","For metrics, refresh"
"aarons customer retention","=HYPERLINK(""https://smrs.toolsfrog.com/analytics/keywordoverview/?q=aarons%20customer%20retention&db=us"",""aarons customer retention​"")","n/a","n/a","0","0","","n/a","n/a","n/a","0.00","0.00","n/a","n/a","For metrics, refresh"
"aarons customer retention department","=HYPERLINK(""https://smrs.toolsfrog.com/analytics/keywordoverview/?q=aarons%20customer%20retention%20department&db=us"",""aarons customer retention department​"")","n/a","n/a","0","0","","n/a","n/a","n/a","0.00","0.00","n/a","n/a","For metrics, refresh"
"absolutely phenomenal customer retention","=HYPERLINK(""https://smrs.toolsfrog.com/analytics/keywordoverview/?q=absolutely%20phenomenal%20customer%20retention&db=us"",""absolutely phenomenal customer retention​"")","n/a","n/a","0","0","","n/a","n/a","n/a","0.00","0.00","n/a","n/a","For metrics, refresh"
"abstract on customer retention","=HYPERLINK(""https://smrs.toolsfrog.com/analytics/keywordoverview/?q=abstract%20on%20customer%20retention&db=us"",""abstract on customer retention​"")","n/a","n/a","0","0","","n/a","n/a","n/a","0.00","0.00","n/a","n/a","For metrics, refresh"
"academic customer retention definition","=HYPERLINK(""https://smrs.toolsfrog.com/analytics/keywordoverview/?q=academic%20customer%20retention%20definition&db=us"",""academic customer retention definition​"")","n/a","n/a","0","0","","n/a","n/a","n/a","0.00","0.00","n/a","n/a","For metrics, refresh"
"academic definition of customer retention","=HYPERLINK(""https://smrs.toolsfrog.com/analytics/keywordoverview/?q=academic%20definition%20of%20customer%20retention&db=us"",""academic definition of customer retention​"")","n/a","n/a","0","0","","n/a","n/a","n/a","0.00","0.00","n/a","n/a","For metrics, refresh"
"accenture client retention rate or customer churn rate","=HYPERLINK(""https://smrs.toolsfrog.com/analytics/keywordoverview/?q=accenture%20client%20retention%20rate%20or%20customer%20churn%20rate&db=us"",""accenture client retention rate or customer churn rate​"")","n/a","n/a","0","0","","n/a","n/a","n/a","0.00","0.00","n/a","n/a","For metrics, refresh"
"accenture customer retention","=HYPERLINK(""https://smrs.toolsfrog.com/analytics/keywordoverview/?q=accenture%20customer%20retention&db=us"",""accenture customer retention​"")","n/a","n/a","0","0","","n/a","n/a","n/a","0.00","0.00","n/a","n/a","For metrics, refresh"
"accenture customer retention management","=HYPERLINK(""https://smrs.toolsfrog.com/analytics/keywordoverview/?q=accenture%20customer%20retention%20management&db=us"",""accenture customer retention management​"")","n/a","n/a","0","0","","n/a","n/a","n/a","0.00","0.00","n/a","n/a","For metrics, refresh"
"accenture customer retention strategies","=HYPERLINK(""https://smrs.toolsfrog.com/analytics/keywordoverview/?q=accenture%20customer%20retention%20strategies&db=us"",""accenture customer retention strategies​"")","n/a","n/a","0","0","","n/a","n/a","n/a","0.00","0.00","n/a","n/a","For metrics, refresh"
"accenture customer retention strategies evaluation","=HYPERLINK(""https://smrs.toolsfrog.com/analytics/keywordoverview/?q=accenture%20customer%20retention%20strategies%20evaluation&db=us"",""accenture customer retention strategies evaluation​"")","n/a","n/a","0","0","","n/a","n/a","n/a","0.00","0.00","n/a","n/a","For metrics, refresh"
"access dimensions improving customer retention","=HYPERLINK(""https://smrs.toolsfrog.com/analytics/keywordoverview/?q=access%20dimensions%20improving%20customer%20retention&db=us"",""access dimensions improving customer retention​"")","n/a","n/a","0","0","","n/a","n/a","n/a","0.00","0.00","n/a","n/a","For metrics, refresh"
"accounting retention for car dealerships customer files","=HYPERLINK(""https://smrs.toolsfrog.com/analytics/keywordoverview/?q=accounting%20retention%20for%20car%20dealerships%20customer%20files&db=us"",""accounting retention for car dealerships customer files​"")","n/a","n/a","0","0","","n/a","n/a","n/a","0.00","0.00","n/a","n/a","For metrics, refresh"
"achieve customer retention manager glassdoor","=HYPERLINK(""https://smrs.toolsfrog.com/analytics/keywordoverview/?q=achieve%20customer%20retention%20manager%20glassdoor&db=us"",""achieve customer retention manager glassdoor​"")","n/a","n/a","0","0","","n/a","n/a","n/a","0.00","0.00","n/a","n/a","For metrics, refresh"
"achieve customer retention specialist","=HYPERLINK(""https://smrs.toolsfrog.com/analytics/keywordoverview/?q=achieve%20customer%20retention%20specialist&db=us"",""achieve customer retention specialist​"")","n/a","n/a","0","0","","n/a","n/a","n/a","0.00","0.00","n/a","n/a","For metrics, refresh"
"achieve customer retention specialist wage","=HYPERLINK(""https://smrs.toolsfrog.com/analytics/keywordoverview/?q=achieve%20customer%20retention%20specialist%20wage&db=us"",""achieve customer retention specialist wage​"")","n/a","n/a","0","0","","n/a","n/a","n/a","0.00","0.00","n/a","n/a","For metrics, refresh"
"achieve test prep customer retention specialist","=HYPERLINK(""https://smrs.toolsfrog.com/analytics/keywordoverview/?q=achieve%20test%20prep%20customer%20retention%20specialist&db=us"",""achieve test prep customer retention specialist​"")","n/a","n/a","0","0","","n/a","n/a","n/a","0.00","0.00","n/a","n/a","For metrics, refresh"
"achieve test prep customer retention specialist wage","=HYPERLINK(""https://smrs.toolsfrog.com/analytics/keywordoverview/?q=achieve%20test%20prep%20customer%20retention%20specialist%20wage&db=us"",""achieve test prep customer retention specialist wage​"")","n/a","n/a","0","0","","n/a","n/a","n/a","0.00","0.00","n/a","n/a","For metrics, refresh"
"acquisition vs retention the importance of customer lifetime value","=HYPERLINK(""https://smrs.toolsfrog.com/analytics/keywordoverview/?q=acquisition%20vs%20retention%20the%20importance%20of%20customer%20lifetime%20value&db=us"",""acquisition vs retention the importance of customer lifetime value​"")","n/a","n/a","0","0","","n/a","n/a","n/a","0.00","0.00","n/a","n/a","For metrics, refresh"
"actionable analytics customer retention rates providers","=HYPERLINK(""https://smrs.toolsfrog.com/analytics/keywordoverview/?q=actionable%20analytics%20customer%20retention%20rates%20providers&db=us"",""actionable analytics customer retention rates providers​"")","n/a","n/a","0","0","","n/a","n/a","n/a","0.00","0.00","n/a","n/a","For metrics, refresh"
"actionable strategies to increase customer retention for retail apps","=HYPERLINK(""https://smrs.toolsfrog.com/analytics/keywordoverview/?q=actionable%20strategies%20to%20increase%20customer%20retention%20for%20retail%20apps&db=us"",""actionable strategies to increase customer retention for retail apps​"")","n/a","n/a","0","0","","n/a","n/a","n/a","0.00","0.00","n/a","n/a","For metrics, refresh"
"ada customer retention rates improvement","=HYPERLINK(""https://smrs.toolsfrog.com/analytics/keywordoverview/?q=ada%20customer%20retention%20rates%20improvement&db=us"",""ada customer retention rates improvement​"")","n/a","n/a","0","0","","n/a","n/a","n/a","0.00","0.00","n/a","n/a","For metrics, refresh"
"add value to create customer retention","=HYPERLINK(""https://smrs.toolsfrog.com/analytics/keywordoverview/?q=add%20value%20to%20create%20customer%20retention&db=us"",""add value to create customer retention​"")","n/a","n/a","0","0","","n/a","n/a","n/a","0.00","0.00","n/a","n/a","For metrics, refresh"
"address for direct tv customer service retention center boise idaho","=HYPERLINK(""https://smrs.toolsfrog.com/analytics/keywordoverview/?q=address%20for%20direct%20tv%20customer%20service%20retention%20center%20boise%20idaho&db=us"",""address for direct tv customer service retention center boise idaho​"")","n/a","n/a","0","0","","n/a","n/a","n/a","0.00","0.00","n/a","n/a","For metrics, refresh"
"adidas customer retention rate","=HYPERLINK(""https://smrs.toolsfrog.com/analytics/keywordoverview/?q=adidas%20customer%20retention%20rate&db=us"",""adidas customer retention rate​"")","n/a","n/a","0","0","","n/a","n/a","n/a","0.00","0.00","n/a","n/a","For metrics, refresh"
"adobe customer retention","=HYPERLINK(""https://smrs.toolsfrog.com/analytics/keywordoverview/?q=adobe%20customer%20retention&db=us"",""adobe customer retention​"")","n/a","n/a","0","0","","n/a","n/a","n/a","0.00","0.00","n/a","n/a","For metrics, refresh"
"adobe customer retention rate","=HYPERLINK(""https://smrs.toolsfrog.com/analytics/keywordoverview/?q=adobe%20customer%20retention%20rate&db=us"",""adobe customer retention rate​"")","n/a","n/a","0","0","","n/a","n/a","n/a","0.00","0.33","n/a","n/a","For metrics, refresh"
"adp customer retention","=HYPERLINK(""https://smrs.toolsfrog.com/analytics/keywordoverview/?q=adp%20customer%20retention&db=us"",""adp customer retention​"")","n/a","n/a","0","0","","n/a","n/a","n/a","0.00","0.00","n/a","n/a","For metrics, refresh"
"ads targeting retention of customers","=HYPERLINK(""https://smrs.toolsfrog.com/analytics/keywordoverview/?q=ads%20targeting%20retention%20of%20customers&db=us"",""ads targeting retention of customers​"")","n/a","n/a","0","0","","n/a","n/a","n/a","0.00","0.00","n/a","n/a","For metrics, refresh"
"adt customer retention specialist salary","=HYPERLINK(""https://smrs.toolsfrog.com/analytics/keywordoverview/?q=adt%20customer%20retention%20specialist%20salary&db=us"",""adt customer retention specialist salary​"")","n/a","n/a","0","0","","n/a","n/a","n/a","0.00","0.00","n/a","n/a","For metrics, refresh"
"adt remote customer service and retention representative","=HYPERLINK(""https://smrs.toolsfrog.com/analytics/keywordoverview/?q=adt%20remote%20customer%20service%20and%20retention%20representative&db=us"",""adt remote customer service and retention representative​"")","n/a","n/a","0","0","","n/a","n/a","n/a","0.00","0.00","n/a","n/a","For metrics, refresh"
"adt remote existing customer retention coordinator","=HYPERLINK(""https://smrs.toolsfrog.com/analytics/keywordoverview/?q=adt%20remote%20existing%20customer%20retention%20coordinator&db=us"",""adt remote existing customer retention coordinator​"")","n/a","n/a","0","0","","n/a","n/a","n/a","0.00","0.00","n/a","n/a","For metrics, refresh"
"adt security customer retention","=HYPERLINK(""https://smrs.toolsfrog.com/analytics/keywordoverview/?q=adt%20security%20customer%20retention&db=us"",""adt security customer retention​"")","n/a","n/a","0","0","","n/a","n/a","n/a","0.00","0.00","n/a","n/a","For metrics, refresh"
"adt too expensive customer retention","=HYPERLINK(""https://smrs.toolsfrog.com/analytics/keywordoverview/?q=adt%20too%20expensive%20customer%20retention&db=us"",""adt too expensive customer retention​"")","n/a","n/a","0","0","","n/a","n/a","n/a","0.00","0.00","n/a","n/a","For metrics, refresh"
"advanced ai solutions customer retention strategies","=HYPERLINK(""https://smrs.toolsfrog.com/analytics/keywordoverview/?q=advanced%20ai%20solutions%20customer%20retention%20strategies&db=us"",""advanced ai solutions customer retention strategies​"")","n/a","n/a","0","0","","n/a","n/a","n/a","0.00","0.00","n/a","n/a","For metrics, refresh"
"advanced customer loyalty & retention 2026","=HYPERLINK(""https://smrs.toolsfrog.com/analytics/keywordoverview/?q=advanced%20customer%20loyalty%20%26%20retention%202026&db=us"",""advanced customer loyalty & retention 2026​"")","n/a","n/a","0","0","","n/a","n/a","n/a","0.00","0.00","n/a","n/a","For metrics, refresh"
"advanced customer loyalty and retention conference 2024","=HYPERLINK(""https://smrs.toolsfrog.com/analytics/keywordoverview/?q=advanced%20customer%20loyalty%20and%20retention%20conference%202024&db=us"",""advanced customer loyalty and retention conference 2024​"")","n/a","n/a","0","0","","n/a","n/a","n/a","0.00","0.00","n/a","n/a","For metrics, refresh"
"advanced customer retention features subscription management tools","=HYPERLINK(""https://smrs.toolsfrog.com/analytics/keywordoverview/?q=advanced%20customer%20retention%20features%20subscription%20management%20tools&db=us"",""advanced customer retention features subscription management tools​"")","n/a","n/a","0","0","","n/a","n/a","n/a","0.00","0.00","n/a","n/a","For metrics, refresh"
"advantage of customer retention","=HYPERLINK(""https://smrs.toolsfrog.com/analytics/keywordoverview/?q=advantage%20of%20customer%20retention&db=us"",""advantage of customer retention​"")","n/a","n/a","0","0","","n/a","n/a","n/a","0.00","0.01","n/a","n/a","For metrics, refresh"
"advantages of ai in improving customer retention","=HYPERLINK(""https://smrs.toolsfrog.com/analytics/keywordoverview/?q=advantages%20of%20ai%20in%20improving%20customer%20retention&db=us"",""advantages of ai in improving customer retention​"")","n/a","n/a","0","0","","n/a","n/a","n/a","0.00","0.00","n/a","n/a","For metrics, refresh"
"advantages of customer retention pdf","=HYPERLINK(""https://smrs.toolsfrog.com/analytics/keywordoverview/?q=advantages%20of%20customer%20retention%20pdf&db=us"",""advantages of customer retention pdf​"")","n/a","n/a","0","0","","n/a","n/a","n/a","0.00","0.00","n/a","n/a","For metrics, refresh"
"advantages of customer retention strategies","=HYPERLINK(""https://smrs.toolsfrog.com/analytics/keywordoverview/?q=advantages%20of%20customer%20retention%20strategies&db=us"",""advantages of customer retention strategies​"")","n/a","n/a","0","0","","n/a","n/a","n/a","0.00","0.00","n/a","n/a","For metrics, refresh"
"advantages of digital incentive platforms for customer retention","=HYPERLINK(""https://smrs.toolsfrog.com/analytics/keywordoverview/?q=advantages%20of%20digital%20incentive%20platforms%20for%20customer%20retention&db=us"",""advantages of digital incentive platforms for customer retention​"")","n/a","n/a","0","0","","n/a","n/a","n/a","0.00","0.00","n/a","n/a","For metrics, refresh"
"advantages of marketing automation for customer retention","=HYPERLINK(""https://smrs.toolsfrog.com/analytics/keywordoverview/?q=advantages%20of%20marketing%20automation%20for%20customer%20retention&db=us"",""advantages of marketing automation for customer retention​"")","n/a","n/a","0","0","","n/a","n/a","n/a","0.00","0.00","n/a","n/a","For metrics, refresh"
"advantages of omnichannel solutions in customer retention","=HYPERLINK(""https://smrs.toolsfrog.com/analytics/keywordoverview/?q=advantages%20of%20omnichannel%20solutions%20in%20customer%20retention&db=us"",""advantages of omnichannel solutions in customer retention​"")","n/a","n/a","0","0","","n/a","n/a","n/a","0.00","0.00","n/a","n/a","For metrics, refresh"
"aerospace companies customer retention focus","=HYPERLINK(""https://smrs.toolsfrog.com/analytics/keywordoverview/?q=aerospace%20companies%20customer%20retention%20focus&db=us"",""aerospace companies customer retention focus​"")","n/a","n/a","0","0","","n/a","n/a","n/a","0.00","0.00","n/a","n/a","For metrics, refresh"
"aerospace companies with strong customer retention","=HYPERLINK(""https://smrs.toolsfrog.com/analytics/keywordoverview/?q=aerospace%20companies%20with%20strong%20customer%20retention&db=us"",""aerospace companies with strong customer retention​"")","n/a","n/a","0","0","","n/a","n/a","n/a","0.00","0.00","n/a","n/a","For metrics, refresh"
"affordable auto repair crm with customer retention follow up tracking","=HYPERLINK(""https://smrs.toolsfrog.com/analytics/keywordoverview/?q=affordable%20auto%20repair%20crm%20with%20customer%20retention%20follow%20up%20tracking&db=us"",""affordable auto repair crm with customer retention follow up tracking​"")","n/a","n/a","0","0","","n/a","n/a","n/a","0.00","0.00","n/a","n/a","For metrics, refresh"
"affordable crm for customer retention","=HYPERLINK(""https://smrs.toolsfrog.com/analytics/keywordoverview/?q=affordable%20crm%20for%20customer%20retention&db=us"",""affordable crm for customer retention​"")","n/a","n/a","0","0","","n/a","n/a","n/a","0.00","0.00","n/a","n/a","For metrics, refresh"
"affordable crm for customer retention for auto repair","=HYPERLINK(""https://smrs.toolsfrog.com/analytics/keywordoverview/?q=affordable%20crm%20for%20customer%20retention%20for%20auto%20repair&db=us"",""affordable crm for customer retention for auto repair​"")","n/a","n/a","0","0","","n/a","n/a","n/a","0.00","0.00","n/a","n/a","For metrics, refresh"
"after sales service importance customer retention","=HYPERLINK(""https://smrs.toolsfrog.com/analytics/keywordoverview/?q=after%20sales%20service%20importance%20customer%20retention&db=us"",""after sales service importance customer retention​"")","n/a","n/a","0","0","","n/a","n/a","n/a","0.00","0.00","n/a","n/a","For metrics, refresh"
"afya ltd customer churn rate and retention 2025","=HYPERLINK(""https://smrs.toolsfrog.com/analytics/keywordoverview/?q=afya%20ltd%20customer%20churn%20rate%20and%20retention%202025&db=us"",""afya ltd customer churn rate and retention 2025​"")","n/a","n/a","0","0","","n/a","n/a","n/a","0.00","0.00","n/a","n/a","For metrics, refresh"
"agency customer retention agency analytics","=HYPERLINK(""https://smrs.toolsfrog.com/analytics/keywordoverview/?q=agency%20customer%20retention%20agency%20analytics&db=us"",""agency customer retention agency analytics​"")","n/a","n/a","0","0","","n/a","n/a","n/a","0.00","0.00","n/a","n/a","For metrics, refresh"
"ahs customer retention","=HYPERLINK(""https://smrs.toolsfrog.com/analytics/keywordoverview/?q=ahs%20customer%20retention&db=us"",""ahs customer retention​"")","n/a","n/a","0","0","","n/a","n/a","n/a","0.00","0.00","n/a","n/a","For metrics, refresh"
"ahs customer retention hold","=HYPERLINK(""https://smrs.toolsfrog.com/analytics/keywordoverview/?q=ahs%20customer%20retention%20hold&db=us"",""ahs customer retention hold​"")","n/a","n/a","0","0","","n/a","n/a","n/a","0.00","0.00","n/a","n/a","For metrics, refresh"
"ahs customer retention hold forever","=HYPERLINK(""https://smrs.toolsfrog.com/analytics/keywordoverview/?q=ahs%20customer%20retention%20hold%20forever&db=us"",""ahs customer retention hold forever​"")","n/a","n/a","0","0","","n/a","n/a","n/a","0.00","0.00","n/a","n/a","For metrics, refresh"
"ai advantages in customer retention strategies","=HYPERLINK(""https://smrs.toolsfrog.com/analytics/keywordoverview/?q=ai%20advantages%20in%20customer%20retention%20strategies&db=us"",""ai advantages in customer retention strategies​"")","n/a","n/a","0","0","","n/a","n/a","n/a","0.00","0.00","n/a","n/a","For metrics, refresh"
"ai agent customer retention","=HYPERLINK(""https://smrs.toolsfrog.com/analytics/keywordoverview/?q=ai%20agent%20customer%20retention&db=us"",""ai agent customer retention​"")","n/a","n/a","0","0","","n/a","n/a","n/a","0.00","0.00","n/a","n/a","For metrics, refresh"
"ai agents for customer retention","=HYPERLINK(""https://smrs.toolsfrog.com/analytics/keywordoverview/?q=ai%20agents%20for%20customer%20retention&db=us"",""ai agents for customer retention​"")","n/a","n/a","0","0","","n/a","n/a","n/a","0.00","0.00","n/a","n/a","For metrics, refresh"
"ai automation strategies for customer retention","=HYPERLINK(""https://smrs.toolsfrog.com/analytics/keywordoverview/?q=ai%20automation%20strategies%20for%20customer%20retention&db=us"",""ai automation strategies for customer retention​"")","n/a","n/a","0","0","","n/a","n/a","n/a","0.00","0.00","n/a","n/a","For metrics, refresh"
"ai call center customer retention loyalty the techvine","=HYPERLINK(""https://smrs.toolsfrog.com/analytics/keywordoverview/?q=ai%20call%20center%20customer%20retention%20loyalty%20the%20techvine&db=us"",""ai call center customer retention loyalty the techvine​"")","n/a","n/a","0","0","","n/a","n/a","n/a","0.00","0.00","n/a","n/a","For metrics, refresh"
"ai call center enhances customer retention and loyalty the techvine","=HYPERLINK(""https://smrs.toolsfrog.com/analytics/keywordoverview/?q=ai%20call%20center%20enhances%20customer%20retention%20and%20loyalty%20the%20techvine&db=us"",""ai call center enhances customer retention and loyalty the techvine​"")","n/a","n/a","0","0","","n/a","n/a","n/a","0.00","0.00","n/a","n/a","For metrics, refresh"
"ai chatbots impact on customer retention rates","=HYPERLINK(""https://smrs.toolsfrog.com/analytics/keywordoverview/?q=ai%20chatbots%20impact%20on%20customer%20retention%20rates&db=us"",""ai chatbots impact on customer retention rates​"")","n/a","n/a","0","0","","n/a","n/a","n/a","0.00","0.00","n/a","n/a","For metrics, refresh"
"ai coding tools customer retention rates","=HYPERLINK(""https://smrs.toolsfrog.com/analytics/keywordoverview/?q=ai%20coding%20tools%20customer%20retention%20rates&db=us"",""ai coding tools customer retention rates​"")","n/a","n/a","0","0","","n/a","n/a","n/a","0.00","0.00","n/a","n/a","For metrics, refresh"
"ai crm solutions for customer retention","=HYPERLINK(""https://smrs.toolsfrog.com/analytics/keywordoverview/?q=ai%20crm%20solutions%20for%20customer%20retention&db=us"",""ai crm solutions for customer retention​"")","n/a","n/a","0","0","","n/a","n/a","n/a","0.00","0.00","n/a","n/a","For metrics, refresh"
"ai crm solutions for customer retention 2025","=HYPERLINK(""https://smrs.toolsfrog.com/analytics/keywordoverview/?q=ai%20crm%20solutions%20for%20customer%20retention%202025&db=us"",""ai crm solutions for customer retention 2025​"")","n/a","n/a","0","0","","n/a","n/a","n/a","0.00","0.00","n/a","n/a","For metrics, refresh"
"ai customer growth & retention","=HYPERLINK(""https://smrs.toolsfrog.com/analytics/keywordoverview/?q=ai%20customer%20growth%20%26%20retention&db=us"",""ai customer growth & retention​"")","n/a","n/a","0","0","","n/a","n/a","n/a","0.00","0.00","n/a","n/a","For metrics, refresh"
"ai customer retention analyzer software","=HYPERLINK(""https://smrs.toolsfrog.com/analytics/keywordoverview/?q=ai%20customer%20retention%20analyzer%20software&db=us"",""ai customer retention analyzer software​"")","n/a","n/a","0","0","","n/a","n/a","n/a","0.00","0.00","n/a","n/a","For metrics, refresh"
"ai customer retention effectiveness statistics","=HYPERLINK(""https://smrs.toolsfrog.com/analytics/keywordoverview/?q=ai%20customer%20retention%20effectiveness%20statistics&db=us"",""ai customer retention effectiveness statistics​"")","n/a","n/a","0","0","","n/a","n/a","n/a","0.00","0.00","n/a","n/a","For metrics, refresh"
"ai customer retention for home service providers","=HYPERLINK(""https://smrs.toolsfrog.com/analytics/keywordoverview/?q=ai%20customer%20retention%20for%20home%20service%20providers&db=us"",""ai customer retention for home service providers​"")","n/a","n/a","0","0","","n/a","n/a","n/a","0.00","0.00","n/a","n/a","For metrics, refresh"
"ai customer retention fornitori italia","=HYPERLINK(""https://smrs.toolsfrog.com/analytics/keywordoverview/?q=ai%20customer%20retention%20fornitori%20italia&db=us"",""ai customer retention fornitori italia​"")","n/a","n/a","0","0","","n/a","n/a","n/a","0.00","0.00","n/a","n/a","For metrics, refresh"
"ai customer retention guide 2025","=HYPERLINK(""https://smrs.toolsfrog.com/analytics/keywordoverview/?q=ai%20customer%20retention%20guide%202025&db=us"",""ai customer retention guide 2025​"")","n/a","n/a","0","0","","n/a","n/a","n/a","0.00","0.00","n/a","n/a","For metrics, refresh"
"ai customer retention mortgage lending","=HYPERLINK(""https://smrs.toolsfrog.com/analytics/keywordoverview/?q=ai%20customer%20retention%20mortgage%20lending&db=us"",""ai customer retention mortgage lending​"")","n/a","n/a","0","0","","n/a","n/a","n/a","0.00","0.00","n/a","n/a","For metrics, refresh"
"ai customer retention platforms","=HYPERLINK(""https://smrs.toolsfrog.com/analytics/keywordoverview/?q=ai%20customer%20retention%20platforms&db=us"",""ai customer retention platforms​"")","n/a","n/a","0","0","","n/a","n/a","n/a","0.00","0.00","n/a","n/a","For metrics, refresh"
"ai customer retention platforms pricing tiers comparison","=HYPERLINK(""https://smrs.toolsfrog.com/analytics/keywordoverview/?q=ai%20customer%20retention%20platforms%20pricing%20tiers%20comparison&db=us"",""ai customer retention platforms pricing tiers comparison​"")","n/a","n/a","0","0","","n/a","n/a","n/a","0.00","0.00","n/a","n/a","For metrics, refresh"
"ai customer retention roi analysis","=HYPERLINK(""https://smrs.toolsfrog.com/analytics/keywordoverview/?q=ai%20customer%20retention%20roi%20analysis&db=us"",""ai customer retention roi analysis​"")","n/a","n/a","0","0","","n/a","n/a","n/a","0.00","0.00","n/a","n/a","For metrics, refresh"
"ai customer retention software","=HYPERLINK(""https://smrs.toolsfrog.com/analytics/keywordoverview/?q=ai%20customer%20retention%20software&db=us"",""ai customer retention software​"")","n/a","n/a","0","0","","n/a","n/a","n/a","0.00","0.00","n/a","n/a","For metrics, refresh"
"ai customer retention software solutions","=HYPERLINK(""https://smrs.toolsfrog.com/analytics/keywordoverview/?q=ai%20customer%20retention%20software%20solutions&db=us"",""ai customer retention software solutions​"")","n/a","n/a","0","0","","n/a","n/a","n/a","0.00","0.00","n/a","n/a","For metrics, refresh"
"ai customer retention strategies 2025","=HYPERLINK(""https://smrs.toolsfrog.com/analytics/keywordoverview/?q=ai%20customer%20retention%20strategies%202025&db=us"",""ai customer retention strategies 2025​"")","n/a","n/a","0","0","","n/a","n/a","n/a","0.00","0.00","n/a","n/a","For metrics, refresh"
"ai customer retention success stories","=HYPERLINK(""https://smrs.toolsfrog.com/analytics/keywordoverview/?q=ai%20customer%20retention%20success%20stories&db=us"",""ai customer retention success stories​"")","n/a","n/a","0","0","","n/a","n/a","n/a","0.00","0.00","n/a","n/a","For metrics, refresh"
"ai customer retention tools comparison","=HYPERLINK(""https://smrs.toolsfrog.com/analytics/keywordoverview/?q=ai%20customer%20retention%20tools%20comparison&db=us"",""ai customer retention tools comparison​"")","n/a","n/a","0","0","","n/a","n/a","n/a","0.00","0.00","n/a","n/a","For metrics, refresh"
"ai customer retention tools near me","=HYPERLINK(""https://smrs.toolsfrog.com/analytics/keywordoverview/?q=ai%20customer%20retention%20tools%20near%20me&db=us"",""ai customer retention tools near me​"")","n/a","n/a","0","0","","n/a","n/a","n/a","0.00","0.00","n/a","n/a","For metrics, refresh"
"ai customer retention video maker","=HYPERLINK(""https://smrs.toolsfrog.com/analytics/keywordoverview/?q=ai%20customer%20retention%20video%20maker&db=us"",""ai customer retention video maker​"")","n/a","n/a","0","0","","n/a","n/a","n/a","0.00","0.00","n/a","n/a","For metrics, refresh"
"ai driven churn analysis and customer retention bpo","=HYPERLINK(""https://smrs.toolsfrog.com/analytics/keywordoverview/?q=ai%20driven%20churn%20analysis%20and%20customer%20retention%20bpo&db=us"",""ai driven churn analysis and customer retention bpo​"")","n/a","n/a","0","0","","n/a","n/a","n/a","0.00","0.00","n/a","n/a","For metrics, refresh"
"ai driven customer retention","=HYPERLINK(""https://smrs.toolsfrog.com/analytics/keywordoverview/?q=ai%20driven%20customer%20retention&db=us"",""ai driven customer retention​"")","n/a","n/a","0","0","","n/a","n/a","n/a","0.00","0.00","n/a","n/a","For metrics, refresh"
"ai driven customer retention and engagement bpo","=HYPERLINK(""https://smrs.toolsfrog.com/analytics/keywordoverview/?q=ai%20driven%20customer%20retention%20and%20engagement%20bpo&db=us"",""ai driven customer retention and engagement bpo​"")","n/a","n/a","0","0","","n/a","n/a","n/a","0.00","0.00","n/a","n/a","For metrics, refresh"
"ai driven customer retention banking","=HYPERLINK(""https://smrs.toolsfrog.com/analytics/keywordoverview/?q=ai%20driven%20customer%20retention%20banking&db=us"",""ai driven customer retention banking​"")","n/a","n/a","0","0","","n/a","n/a","n/a","0.00","0.00","n/a","n/a","For metrics, refresh"
"ai driven customer retention insurance","=HYPERLINK(""https://smrs.toolsfrog.com/analytics/keywordoverview/?q=ai%20driven%20customer%20retention%20insurance&db=us"",""ai driven customer retention insurance​"")","n/a","n/a","0","0","","n/a","n/a","n/a","0.00","0.00","n/a","n/a","For metrics, refresh"
"ai driven customer retention strategies","=HYPERLINK(""https://smrs.toolsfrog.com/analytics/keywordoverview/?q=ai%20driven%20customer%20retention%20strategies&db=us"",""ai driven customer retention strategies​"")","n/a","n/a","0","0","","n/a","n/a","n/a","0.00","0.00","n/a","n/a","For metrics, refresh"
"ai driven loyalty solution providers for customer retention and engagement","=HYPERLINK(""https://smrs.toolsfrog.com/analytics/keywordoverview/?q=ai%20driven%20loyalty%20solution%20providers%20for%20customer%20retention%20and%20engagement&db=us"",""ai driven loyalty solution providers for customer retention and engagement​"")","n/a","n/a","0","0","","n/a","n/a","n/a","0.00","0.00","n/a","n/a","For metrics, refresh"
"ai driven loyalty solutions for banks customer retention engagement","=HYPERLINK(""https://smrs.toolsfrog.com/analytics/keywordoverview/?q=ai%20driven%20loyalty%20solutions%20for%20banks%20customer%20retention%20engagement&db=us"",""ai driven loyalty solutions for banks customer retention engagement​"")","n/a","n/a","0","0","","n/a","n/a","n/a","0.00","0.00","n/a","n/a","For metrics, refresh"
"ai driven methods to boost customer retention","=HYPERLINK(""https://smrs.toolsfrog.com/analytics/keywordoverview/?q=ai%20driven%20methods%20to%20boost%20customer%20retention&db=us"",""ai driven methods to boost customer retention​"")","n/a","n/a","0","0","","n/a","n/a","n/a","0.00","0.00","n/a","n/a","For metrics, refresh"
"ai driven tools for improving customer loyalty and retention","=HYPERLINK(""https://smrs.toolsfrog.com/analytics/keywordoverview/?q=ai%20driven%20tools%20for%20improving%20customer%20loyalty%20and%20retention&db=us"",""ai driven tools for improving customer loyalty and retention​"")","n/a","n/a","0","0","","n/a","n/a","n/a","0.00","0.00","n/a","n/a","For metrics, refresh"
"ai enhancements website customer retention impact","=HYPERLINK(""https://smrs.toolsfrog.com/analytics/keywordoverview/?q=ai%20enhancements%20website%20customer%20retention%20impact&db=us"",""ai enhancements website customer retention impact​"")","n/a","n/a","0","0","","n/a","n/a","n/a","0.00","0.00","n/a","n/a","For metrics, refresh"
"ai for customer retention automation","=HYPERLINK(""https://smrs.toolsfrog.com/analytics/keywordoverview/?q=ai%20for%20customer%20retention%20automation&db=us"",""ai for customer retention automation​"")","n/a","n/a","0","0","","n/a","n/a","n/a","0.00","0.00","n/a","n/a","For metrics, refresh"
"ai for customer retention in insurance industry 2025 or 2026","=HYPERLINK(""https://smrs.toolsfrog.com/analytics/keywordoverview/?q=ai%20for%20customer%20retention%20in%20insurance%20industry%202025%20or%202026&db=us"",""ai for customer retention in insurance industry 2025 or 2026​"")","n/a","n/a","0","0","","n/a","n/a","n/a","0.00","0.00","n/a","n/a","For metrics, refresh"
"ai for customer retention strategies","=HYPERLINK(""https://smrs.toolsfrog.com/analytics/keywordoverview/?q=ai%20for%20customer%20retention%20strategies&db=us"",""ai for customer retention strategies​"")","n/a","n/a","0","0","","n/a","n/a","n/a","0.00","0.00","n/a","n/a","For metrics, refresh"
"ai for enhancing customer experience and retention","=HYPERLINK(""https://smrs.toolsfrog.com/analytics/keywordoverview/?q=ai%20for%20enhancing%20customer%20experience%20and%20retention&db=us"",""ai for enhancing customer experience and retention​"")","n/a","n/a","0","0","","n/a","n/a","n/a","0.00","0.00","n/a","n/a","For metrics, refresh"
"ai for improving customer retention","=HYPERLINK(""https://smrs.toolsfrog.com/analytics/keywordoverview/?q=ai%20for%20improving%20customer%20retention&db=us"",""ai for improving customer retention​"")","n/a","n/a","0","0","","n/a","n/a","n/a","0.00","0.00","n/a","n/a","For metrics, refresh"
"ai impact customer retention banks","=HYPERLINK(""https://smrs.toolsfrog.com/analytics/keywordoverview/?q=ai%20impact%20customer%20retention%20banks&db=us"",""ai impact customer retention banks​"")","n/a","n/a","0","0","","n/a","n/a","n/a","0.00","0.00","n/a","n/a","For metrics, refresh"
"ai impact on customer retention","=HYPERLINK(""https://smrs.toolsfrog.com/analytics/keywordoverview/?q=ai%20impact%20on%20customer%20retention&db=us"",""ai impact on customer retention​"")","n/a","n/a","0","0","","n/a","n/a","n/a","0.00","0.00","n/a","n/a","For metrics, refresh"
"ai implementation steps for customer retention","=HYPERLINK(""https://smrs.toolsfrog.com/analytics/keywordoverview/?q=ai%20implementation%20steps%20for%20customer%20retention&db=us"",""ai implementation steps for customer retention​"")","n/a","n/a","0","0","","n/a","n/a","n/a","0.00","0.00","n/a","n/a","For metrics, refresh"
"ai improve customer experience and retention","=HYPERLINK(""https://smrs.toolsfrog.com/analytics/keywordoverview/?q=ai%20improve%20customer%20experience%20and%20retention&db=us"",""ai improve customer experience and retention​"")","n/a","n/a","0","0","","n/a","n/a","n/a","0.00","0.00","n/a","n/a","For metrics, refresh"
"ai improve customer service retention rates","=HYPERLINK(""https://smrs.toolsfrog.com/analytics/keywordoverview/?q=ai%20improve%20customer%20service%20retention%20rates&db=us"",""ai improve customer service retention rates​"")","n/a","n/a","0","0","","n/a","n/a","n/a","0.00","0.00","n/a","n/a","For metrics, refresh"
"ai in customer retention examples","=HYPERLINK(""https://smrs.toolsfrog.com/analytics/keywordoverview/?q=ai%20in%20customer%20retention%20examples&db=us"",""ai in customer retention examples​"")","n/a","n/a","0","0","","n/a","n/a","n/a","0.00","0.00","n/a","n/a","For metrics, refresh"
"ai in customer retention strategies","=HYPERLINK(""https://smrs.toolsfrog.com/analytics/keywordoverview/?q=ai%20in%20customer%20retention%20strategies&db=us"",""ai in customer retention strategies​"")","n/a","n/a","0","0","","n/a","n/a","n/a","0.00","0.00","n/a","n/a","For metrics, refresh"
"ai machine learning customer retention solutions","=HYPERLINK(""https://smrs.toolsfrog.com/analytics/keywordoverview/?q=ai%20machine%20learning%20customer%20retention%20solutions&db=us"",""ai machine learning customer retention solutions​"")","n/a","n/a","0","0","","n/a","n/a","n/a","0.00","0.00","n/a","n/a","For metrics, refresh"
"ai marketing customer retention","=HYPERLINK(""https://smrs.toolsfrog.com/analytics/keywordoverview/?q=ai%20marketing%20customer%20retention&db=us"",""ai marketing customer retention​"")","n/a","n/a","0","0","","n/a","n/a","n/a","0.00","0.00","n/a","n/a","For metrics, refresh"
"ai ml customer retention data insights","=HYPERLINK(""https://smrs.toolsfrog.com/analytics/keywordoverview/?q=ai%20ml%20customer%20retention%20data%20insights&db=us"",""ai ml customer retention data insights​"")","n/a","n/a","0","0","","n/a","n/a","n/a","0.00","0.00","n/a","n/a","For metrics, refresh"
"ai mortgage customer retention strategies","=HYPERLINK(""https://smrs.toolsfrog.com/analytics/keywordoverview/?q=ai%20mortgage%20customer%20retention%20strategies&db=us"",""ai mortgage customer retention strategies​"")","n/a","n/a","0","0","","n/a","n/a","n/a","0.00","0.00","n/a","n/a","For metrics, refresh"
"ai patient engagement software customer loyalty retention rates","=HYPERLINK(""https://smrs.toolsfrog.com/analytics/keywordoverview/?q=ai%20patient%20engagement%20software%20customer%20loyalty%20retention%20rates&db=us"",""ai patient engagement software customer loyalty retention rates​"")","n/a","n/a","0","0","","n/a","n/a","n/a","0.00","0.00","n/a","n/a","For metrics, refresh"
"ai per la customer retention","=HYPERLINK(""https://smrs.toolsfrog.com/analytics/keywordoverview/?q=ai%20per%20la%20customer%20retention&db=us"",""ai per la customer retention​"")","n/a","n/a","0","0","","n/a","n/a","n/a","0.00","0.00","n/a","n/a","For metrics, refresh"
"ai platforms customer retention insights","=HYPERLINK(""https://smrs.toolsfrog.com/analytics/keywordoverview/?q=ai%20platforms%20customer%20retention%20insights&db=us"",""ai platforms customer retention insights​"")","n/a","n/a","0","0","","n/a","n/a","n/a","0.00","0.00","n/a","n/a","For metrics, refresh"
"ai powered customer retention solutions","=HYPERLINK(""https://smrs.toolsfrog.com/analytics/keywordoverview/?q=ai%20powered%20customer%20retention%20solutions&db=us"",""ai powered customer retention solutions​"")","n/a","n/a","0","0","","n/a","n/a","n/a","0.00","0.00","n/a","n/a","For metrics, refresh"
"ai powered customer retention strategies","=HYPERLINK(""https://smrs.toolsfrog.com/analytics/keywordoverview/?q=ai%20powered%20customer%20retention%20strategies&db=us"",""ai powered customer retention strategies​"")","n/a","n/a","0","0","","n/a","n/a","n/a","0.00","0.00","n/a","n/a","For metrics, refresh"
"ai powered email and sms automation for customer retention","=HYPERLINK(""https://smrs.toolsfrog.com/analytics/keywordoverview/?q=ai%20powered%20email%20and%20sms%20automation%20for%20customer%20retention&db=us"",""ai powered email and sms automation for customer retention​"")","n/a","n/a","0","0","","n/a","n/a","n/a","0.00","0.00","n/a","n/a","For metrics, refresh"
"ai search brands with high customer retention","=HYPERLINK(""https://smrs.toolsfrog.com/analytics/keywordoverview/?q=ai%20search%20brands%20with%20high%20customer%20retention&db=us"",""ai search brands with high customer retention​"")","n/a","n/a","0","0","","n/a","n/a","n/a","0.00","0.00","n/a","n/a","For metrics, refresh"
"ai services customer retention case studies retail","=HYPERLINK(""https://smrs.toolsfrog.com/analytics/keywordoverview/?q=ai%20services%20customer%20retention%20case%20studies%20retail&db=us"",""ai services customer retention case studies retail​"")","n/a","n/a","0","0","","n/a","n/a","n/a","0.00","0.00","n/a","n/a","For metrics, refresh"
"ai strategies for customer retention","=HYPERLINK(""https://smrs.toolsfrog.com/analytics/keywordoverview/?q=ai%20strategies%20for%20customer%20retention&db=us"",""ai strategies for customer retention​"")","n/a","n/a","0","0","","n/a","n/a","n/a","0.00","0.00","n/a","n/a","For metrics, refresh"
"ai strategies for customer retention in communication companies","=HYPERLINK(""https://smrs.toolsfrog.com/analytics/keywordoverview/?q=ai%20strategies%20for%20customer%20retention%20in%20communication%20companies&db=us"",""ai strategies for customer retention in communication companies​"")","n/a","n/a","0","0","","n/a","n/a","n/a","0.00","0.00","n/a","n/a","For metrics, refresh"
"ai strategies for customer retention in mobile apps","=HYPERLINK(""https://smrs.toolsfrog.com/analytics/keywordoverview/?q=ai%20strategies%20for%20customer%20retention%20in%20mobile%20apps&db=us"",""ai strategies for customer retention in mobile apps​"")","n/a","n/a","0","0","","n/a","n/a","n/a","0.00","0.00","n/a","n/a","For metrics, refresh"
"ai tools competitive intelligence customer retention","=HYPERLINK(""https://smrs.toolsfrog.com/analytics/keywordoverview/?q=ai%20tools%20competitive%20intelligence%20customer%20retention&db=us"",""ai tools competitive intelligence customer retention​"")","n/a","n/a","0","0","","n/a","n/a","n/a","0.00","0.00","n/a","n/a","For metrics, refresh"
"ai tools for competitive analysis and customer retention 2024","=HYPERLINK(""https://smrs.toolsfrog.com/analytics/keywordoverview/?q=ai%20tools%20for%20competitive%20analysis%20and%20customer%20retention%202024&db=us"",""ai tools for competitive analysis and customer retention 2024​"")","n/a","n/a","0","0","","n/a","n/a","n/a","0.00","0.00","n/a","n/a","For metrics, refresh"
"ai tools for competitive analysis customer retention","=HYPERLINK(""https://smrs.toolsfrog.com/analytics/keywordoverview/?q=ai%20tools%20for%20competitive%20analysis%20customer%20retention&db=us"",""ai tools for competitive analysis customer retention​"")","n/a","n/a","0","0","","n/a","n/a","n/a","0.00","0.00","n/a","n/a","For metrics, refresh"
"ai tools for competitive intelligence and customer retention","=HYPERLINK(""https://smrs.toolsfrog.com/analytics/keywordoverview/?q=ai%20tools%20for%20competitive%20intelligence%20and%20customer%20retention&db=us"",""ai tools for competitive intelligence and customer retention​"")","n/a","n/a","0","0","","n/a","n/a","n/a","0.00","0.00","n/a","n/a","For metrics, refresh"
"ai tools for competitive intelligence and customer retention 2024","=HYPERLINK(""https://smrs.toolsfrog.com/analytics/keywordoverview/?q=ai%20tools%20for%20competitive%20intelligence%20and%20customer%20retention%202024&db=us"",""ai tools for competitive intelligence and customer retention 2024​"")","n/a","n/a","0","0","","n/a","n/a","n/a","0.00","0.00","n/a","n/a","For metrics, refresh"
"ai tools for competitive intelligence and customer retention 2025","=HYPERLINK(""https://smrs.toolsfrog.com/analytics/keywordoverview/?q=ai%20tools%20for%20competitive%20intelligence%20and%20customer%20retention%202025&db=us"",""ai tools for competitive intelligence and customer retention 2025​"")","n/a","n/a","0","0","","n/a","n/a","n/a","0.00","0.00","n/a","n/a","For metrics, refresh"
"ai tools for competitive intelligence and customer retention in marketing","=HYPERLINK(""https://smrs.toolsfrog.com/analytics/keywordoverview/?q=ai%20tools%20for%20competitive%20intelligence%20and%20customer%20retention%20in%20marketing&db=us"",""ai tools for competitive intelligence and customer retention in marketing​"")","n/a","n/a","0","0","","n/a","n/a","n/a","0.00","0.00","n/a","n/a","For metrics, refresh"
"ai tools for competitive intelligence customer retention","=HYPERLINK(""https://smrs.toolsfrog.com/analytics/keywordoverview/?q=ai%20tools%20for%20competitive%20intelligence%20customer%20retention&db=us"",""ai tools for competitive intelligence customer retention​"")","n/a","n/a","0","0","","n/a","n/a","n/a","0.00","0.00","n/a","n/a","For metrics, refresh"
"ai tools for customer churn prediction and retention","=HYPERLINK(""https://smrs.toolsfrog.com/analytics/keywordoverview/?q=ai%20tools%20for%20customer%20churn%20prediction%20and%20retention&db=us"",""ai tools for customer churn prediction and retention​"")","n/a","n/a","0","0","","n/a","n/a","n/a","0.00","0.00","n/a","n/a","For metrics, refresh"
"ai tools for customer retention","=HYPERLINK(""https://smrs.toolsfrog.com/analytics/keywordoverview/?q=ai%20tools%20for%20customer%20retention&db=us"",""ai tools for customer retention​"")","n/a","n/a","0","0","","n/a","n/a","n/a","0.00","0.00","n/a","n/a","For metrics, refresh"
"ai tools for customer retention 2024","=HYPERLINK(""https://smrs.toolsfrog.com/analytics/keywordoverview/?q=ai%20tools%20for%20customer%20retention%202024&db=us"",""ai tools for customer retention 2024​"")","n/a","n/a","0","0","","n/a","n/a","n/a","0.00","0.00","n/a","n/a","For metrics, refresh"
"ai tools for customer retention against competitors","=HYPERLINK(""https://smrs.toolsfrog.com/analytics/keywordoverview/?q=ai%20tools%20for%20customer%20retention%20against%20competitors&db=us"",""ai tools for customer retention against competitors​"")","n/a","n/a","0","0","","n/a","n/a","n/a","0.00","0.00","n/a","n/a","For metrics, refresh"
"ai tools for customer retention and competitive intelligence","=HYPERLINK(""https://smrs.toolsfrog.com/analytics/keywordoverview/?q=ai%20tools%20for%20customer%20retention%20and%20competitive%20intelligence&db=us"",""ai tools for customer retention and competitive intelligence​"")","n/a","n/a","0","0","","n/a","n/a","n/a","0.00","0.00","n/a","n/a","For metrics, refresh"
"ai tools for customer retention and competitor analysis","=HYPERLINK(""https://smrs.toolsfrog.com/analytics/keywordoverview/?q=ai%20tools%20for%20customer%20retention%20and%20competitor%20analysis&db=us"",""ai tools for customer retention and competitor analysis​"")","n/a","n/a","0","0","","n/a","n/a","n/a","0.00","0.00","n/a","n/a","For metrics, refresh"
"ai tools for customer retention keywords","=HYPERLINK(""https://smrs.toolsfrog.com/analytics/keywordoverview/?q=ai%20tools%20for%20customer%20retention%20keywords&db=us"",""ai tools for customer retention keywords​"")","n/a","n/a","0","0","","n/a","n/a","n/a","0.00","0.00","n/a","n/a","For metrics, refresh"
"ai tools for customer retention low competition keywords","=HYPERLINK(""https://smrs.toolsfrog.com/analytics/keywordoverview/?q=ai%20tools%20for%20customer%20retention%20low%20competition%20keywords&db=us"",""ai tools for customer retention low competition keywords​"")","n/a","n/a","0","0","","n/a","n/a","n/a","0.00","0.00","n/a","n/a","For metrics, refresh"
"ai tools for e commerce customer retention","=HYPERLINK(""https://smrs.toolsfrog.com/analytics/keywordoverview/?q=ai%20tools%20for%20e%20commerce%20customer%20retention&db=us"",""ai tools for e commerce customer retention​"")","n/a","n/a","0","0","","n/a","n/a","n/a","0.00","0.00","n/a","n/a","For metrics, refresh"
"ai tools for improving e commerce customer retention 2025 2026","=HYPERLINK(""https://smrs.toolsfrog.com/analytics/keywordoverview/?q=ai%20tools%20for%20improving%20e%20commerce%20customer%20retention%202025%202026&db=us"",""ai tools for improving e commerce customer retention 2025 2026​"")","n/a","n/a","0","0","","n/a","n/a","n/a","0.00","0.00","n/a","n/a","For metrics, refresh"
"ai tools for improving e-commerce customer retention","=HYPERLINK(""https://smrs.toolsfrog.com/analytics/keywordoverview/?q=ai%20tools%20for%20improving%20e-commerce%20customer%20retention&db=us"",""ai tools for improving e-commerce customer retention​"")","n/a","n/a","0","0","","n/a","n/a","n/a","0.00","0.00","n/a","n/a","For metrics, refresh"
"ai tools for personalized customer retention campaigns marketers","=HYPERLINK(""https://smrs.toolsfrog.com/analytics/keywordoverview/?q=ai%20tools%20for%20personalized%20customer%20retention%20campaigns%20marketers&db=us"",""ai tools for personalized customer retention campaigns marketers​"")","n/a","n/a","0","0","","n/a","n/a","n/a","0.00","0.00","n/a","n/a","For metrics, refresh"
"ai tools for personalized outreach customer retention enterprise","=HYPERLINK(""https://smrs.toolsfrog.com/analytics/keywordoverview/?q=ai%20tools%20for%20personalized%20outreach%20customer%20retention%20enterprise&db=us"",""ai tools for personalized outreach customer retention enterprise​"")","n/a","n/a","0","0","","n/a","n/a","n/a","0.00","0.00","n/a","n/a","For metrics, refresh"
"ai tools increasing customer retention","=HYPERLINK(""https://smrs.toolsfrog.com/analytics/keywordoverview/?q=ai%20tools%20increasing%20customer%20retention&db=us"",""ai tools increasing customer retention​"")","n/a","n/a","0","0","","n/a","n/a","n/a","0.00","0.00","n/a","n/a","For metrics, refresh"
"ai tools to boost ecommerce sales and customer retention","=HYPERLINK(""https://smrs.toolsfrog.com/analytics/keywordoverview/?q=ai%20tools%20to%20boost%20ecommerce%20sales%20and%20customer%20retention&db=us"",""ai tools to boost ecommerce sales and customer retention​"")","n/a","n/a","0","0","","n/a","n/a","n/a","0.00","0.00","n/a","n/a","For metrics, refresh"
"ai tools vs human-driven support for customer retention","=HYPERLINK(""https://smrs.toolsfrog.com/analytics/keywordoverview/?q=ai%20tools%20vs%20human-driven%20support%20for%20customer%20retention&db=us"",""ai tools vs human-driven support for customer retention​"")","n/a","n/a","0","0","","n/a","n/a","n/a","0.00","0.00","n/a","n/a","For metrics, refresh"
"ai tools vs humandriven support for customer retention","=HYPERLINK(""https://smrs.toolsfrog.com/analytics/keywordoverview/?q=ai%20tools%20vs%20humandriven%20support%20for%20customer%20retention&db=us"",""ai tools vs humandriven support for customer retention​"")","n/a","n/a","0","0","","n/a","n/a","n/a","0.00","0.00","n/a","n/a","For metrics, refresh"
"ai video for customer retention","=HYPERLINK(""https://smrs.toolsfrog.com/analytics/keywordoverview/?q=ai%20video%20for%20customer%20retention&db=us"",""ai video for customer retention​"")","n/a","n/a","0","0","","n/a","n/a","n/a","0.00","0.00","n/a","n/a","For metrics, refresh"
"ai vs non ai customer retention strategies","=HYPERLINK(""https://smrs.toolsfrog.com/analytics/keywordoverview/?q=ai%20vs%20non%20ai%20customer%20retention%20strategies&db=us"",""ai vs non ai customer retention strategies​"")","n/a","n/a","0","0","","n/a","n/a","n/a","0.00","0.00","n/a","n/a","For metrics, refresh"
"ai-driven customer retention and engagement bpo","=HYPERLINK(""https://smrs.toolsfrog.com/analytics/keywordoverview/?q=ai-driven%20customer%20retention%20and%20engagement%20bpo&db=us"",""ai-driven customer retention and engagement bpo​"")","n/a","n/a","0","0","","n/a","n/a","n/a","0.00","0.00","n/a","n/a","For metrics, refresh"
"ai-driven customer retention strategies for tech ceos","=HYPERLINK(""https://smrs.toolsfrog.com/analytics/keywordoverview/?q=ai-driven%20customer%20retention%20strategies%20for%20tech%20ceos&db=us"",""ai-driven customer retention strategies for tech ceos​"")","n/a","n/a","0","0","","n/a","n/a","n/a","0.00","0.00","n/a","n/a","For metrics, refresh"
"ai-driven email marketing for customer retention","=HYPERLINK(""https://smrs.toolsfrog.com/analytics/keywordoverview/?q=ai-driven%20email%20marketing%20for%20customer%20retention&db=us"",""ai-driven email marketing for customer retention​"")","n/a","n/a","0","0","","n/a","n/a","n/a","0.00","0.00","n/a","n/a","For metrics, refresh"
"ai-driven loyalty solution providers for customer retention and engagement","=HYPERLINK(""https://smrs.toolsfrog.com/analytics/keywordoverview/?q=ai-driven%20loyalty%20solution%20providers%20for%20customer%20retention%20and%20engagement&db=us"",""ai-driven loyalty solution providers for customer retention and engagement​"")","n/a","n/a","0","0","","n/a","n/a","n/a","0.00","0.00","n/a","n/a","For metrics, refresh"
"ai-driven loyalty solutions for banks customer retention engagement","=HYPERLINK(""https://smrs.toolsfrog.com/analytics/keywordoverview/?q=ai-driven%20loyalty%20solutions%20for%20banks%20customer%20retention%20engagement&db=us"",""ai-driven loyalty solutions for banks customer retention engagement​"")","n/a","n/a","0","0","","n/a","n/a","n/a","0.00","0.00","n/a","n/a","For metrics, refresh"
"ai-driven methods to boost customer retention","=HYPERLINK(""https://smrs.toolsfrog.com/analytics/keywordoverview/?q=ai-driven%20methods%20to%20boost%20customer%20retention&db=us"",""ai-driven methods to boost customer retention​"")","n/a","n/a","0","0","","n/a","n/a","n/a","0.00","0.00","n/a","n/a","For metrics, refresh"
"ai-driven tools for improving customer loyalty and retention","=HYPERLINK(""https://smrs.toolsfrog.com/analytics/keywordoverview/?q=ai-driven%20tools%20for%20improving%20customer%20loyalty%20and%20retention&db=us"",""ai-driven tools for improving customer loyalty and retention​"")","n/a","n/a","0","0","","n/a","n/a","n/a","0.00","0.00","n/a","n/a","For metrics, refresh"
"ai-powered customer retention","=HYPERLINK(""https://smrs.toolsfrog.com/analytics/keywordoverview/?q=ai-powered%20customer%20retention&db=us"",""ai-powered customer retention​"")","n/a","n/a","0","0","","n/a","n/a","n/a","0.00","0.00","n/a","n/a","For metrics, refresh"
"ai-powered customer retention marketing","=HYPERLINK(""https://smrs.toolsfrog.com/analytics/keywordoverview/?q=ai-powered%20customer%20retention%20marketing&db=us"",""ai-powered customer retention marketing​"")","n/a","n/a","0","0","","n/a","n/a","n/a","0.00","0.00","n/a","n/a","For metrics, refresh"
"aidriven churn analysis and customer retention bpo","=HYPERLINK(""https://smrs.toolsfrog.com/analytics/keywordoverview/?q=aidriven%20churn%20analysis%20and%20customer%20retention%20bpo&db=us"",""aidriven churn analysis and customer retention bpo​"")","n/a","n/a","0","0","","n/a","n/a","n/a","0.00","0.00","n/a","n/a","For metrics, refresh"
"aidriven customer retention","=HYPERLINK(""https://smrs.toolsfrog.com/analytics/keywordoverview/?q=aidriven%20customer%20retention&db=us"",""aidriven customer retention​"")","n/a","n/a","0","0","","n/a","n/a","n/a","0.00","0.00","n/a","n/a","For metrics, refresh"
"aidriven customer retention and engagement bpo","=HYPERLINK(""https://smrs.toolsfrog.com/analytics/keywordoverview/?q=aidriven%20customer%20retention%20and%20engagement%20bpo&db=us"",""aidriven customer retention and engagement bpo​"")","n/a","n/a","0","0","","n/a","n/a","n/a","0.00","0.00","n/a","n/a","For metrics, refresh"
"aidriven customer retention banking","=HYPERLINK(""https://smrs.toolsfrog.com/analytics/keywordoverview/?q=aidriven%20customer%20retention%20banking&db=us"",""aidriven customer retention banking​"")","n/a","n/a","0","0","","n/a","n/a","n/a","0.00","0.00","n/a","n/a","For metrics, refresh"
"aidriven customer retention insurance","=HYPERLINK(""https://smrs.toolsfrog.com/analytics/keywordoverview/?q=aidriven%20customer%20retention%20insurance&db=us"",""aidriven customer retention insurance​"")","n/a","n/a","0","0","","n/a","n/a","n/a","0.00","0.00","n/a","n/a","For metrics, refresh"
"aidriven customer retention strategies","=HYPERLINK(""https://smrs.toolsfrog.com/analytics/keywordoverview/?q=aidriven%20customer%20retention%20strategies&db=us"",""aidriven customer retention strategies​"")","n/a","n/a","0","0","","n/a","n/a","n/a","0.00","0.00","n/a","n/a","For metrics, refresh"
"aipowered customer retention solutions","=HYPERLINK(""https://smrs.toolsfrog.com/analytics/keywordoverview/?q=aipowered%20customer%20retention%20solutions&db=us"",""aipowered customer retention solutions​"")","n/a","n/a","0","0","","n/a","n/a","n/a","0.00","0.00","n/a","n/a","For metrics, refresh"
"aipowered customer retention strategies","=HYPERLINK(""https://smrs.toolsfrog.com/analytics/keywordoverview/?q=aipowered%20customer%20retention%20strategies&db=us"",""aipowered customer retention strategies​"")","n/a","n/a","0","0","","n/a","n/a","n/a","0.00","0.00","n/a","n/a","For metrics, refresh"
"aipowered email and sms automation for customer retention","=HYPERLINK(""https://smrs.toolsfrog.com/analytics/keywordoverview/?q=aipowered%20email%20and%20sms%20automation%20for%20customer%20retention&db=us"",""aipowered email and sms automation for customer retention​"")","n/a","n/a","0","0","","n/a","n/a","n/a","0.00","0.00","n/a","n/a","For metrics, refresh"
"aiprm prompts for customer retention","=HYPERLINK(""https://smrs.toolsfrog.com/analytics/keywordoverview/?q=aiprm%20prompts%20for%20customer%20retention&db=us"",""aiprm prompts for customer retention​"")","n/a","n/a","0","0","","n/a","n/a","n/a","0.00","0.00","n/a","n/a","For metrics, refresh"
"aiprm prompts for customer retention services for small businesses","=HYPERLINK(""https://smrs.toolsfrog.com/analytics/keywordoverview/?q=aiprm%20prompts%20for%20customer%20retention%20services%20for%20small%20businesses&db=us"",""aiprm prompts for customer retention services for small businesses​"")","n/a","n/a","0","0","","n/a","n/a","n/a","0.00","0.00","n/a","n/a","For metrics, refresh"
"airbnb customer retention strategies","=HYPERLINK(""https://smrs.toolsfrog.com/analytics/keywordoverview/?q=airbnb%20customer%20retention%20strategies&db=us"",""airbnb customer retention strategies​"")","n/a","n/a","0","0","","n/a","n/a","n/a","0.00","0.00","n/a","n/a","For metrics, refresh"
"airline customer retention rates","=HYPERLINK(""https://smrs.toolsfrog.com/analytics/keywordoverview/?q=airline%20customer%20retention%20rates&db=us"",""airline customer retention rates​"")","n/a","n/a","0","0","","n/a","n/a","n/a","0.00","0.00","n/a","n/a","For metrics, refresh"
"airline customer retention strategies","=HYPERLINK(""https://smrs.toolsfrog.com/analytics/keywordoverview/?q=airline%20customer%20retention%20strategies&db=us"",""airline customer retention strategies​"")","n/a","n/a","0","0","","n/a","n/a","n/a","0.00","0.00","n/a","n/a","For metrics, refresh"
"airline customer satisfaction drives retention google scholar","=HYPERLINK(""https://smrs.toolsfrog.com/analytics/keywordoverview/?q=airline%20customer%20satisfaction%20drives%20retention%20google%20scholar&db=us"",""airline customer satisfaction drives retention google scholar​"")","n/a","n/a","0","0","","n/a","n/a","n/a","0.00","0.00","n/a","n/a","For metrics, refresh"
"airlines with high customer loyalty and retention rates","=HYPERLINK(""https://smrs.toolsfrog.com/analytics/keywordoverview/?q=airlines%20with%20high%20customer%20loyalty%20and%20retention%20rates&db=us"",""airlines with high customer loyalty and retention rates​"")","n/a","n/a","0","0","","n/a","n/a","n/a","0.00","0.00","n/a","n/a","For metrics, refresh"
"airlines with strong customer loyalty and high retention rates","=HYPERLINK(""https://smrs.toolsfrog.com/analytics/keywordoverview/?q=airlines%20with%20strong%20customer%20loyalty%20and%20high%20retention%20rates&db=us"",""airlines with strong customer loyalty and high retention rates​"")","n/a","n/a","0","0","","n/a","n/a","n/a","0.00","0.00","n/a","n/a","For metrics, refresh"
"alaska airlines customer retention rate","=HYPERLINK(""https://smrs.toolsfrog.com/analytics/keywordoverview/?q=alaska%20airlines%20customer%20retention%20rate&db=us"",""alaska airlines customer retention rate​"")","n/a","n/a","0","0","","n/a","n/a","n/a","0.00","0.00","n/a","n/a","For metrics, refresh"
"albertsons companies customer churn rate and retention 2025","=HYPERLINK(""https://smrs.toolsfrog.com/analytics/keywordoverview/?q=albertsons%20companies%20customer%20churn%20rate%20and%20retention%202025&db=us"",""albertsons companies customer churn rate and retention 2025​"")","n/a","n/a","0","0","","n/a","n/a","n/a","0.00","0.00","n/a","n/a","For metrics, refresh"
"alkami platform customer retention rates","=HYPERLINK(""https://smrs.toolsfrog.com/analytics/keywordoverview/?q=alkami%20platform%20customer%20retention%20rates&db=us"",""alkami platform customer retention rates​"")","n/a","n/a","0","0","","n/a","n/a","n/a","0.00","0.00","n/a","n/a","For metrics, refresh"
"allegiant airlines customer retention","=HYPERLINK(""https://smrs.toolsfrog.com/analytics/keywordoverview/?q=allegiant%20airlines%20customer%20retention&db=us"",""allegiant airlines customer retention​"")","n/a","n/a","0","0","","n/a","n/a","n/a","0.00","0.00","n/a","n/a","For metrics, refresh"
"alliance data customer retention","=HYPERLINK(""https://smrs.toolsfrog.com/analytics/keywordoverview/?q=alliance%20data%20customer%20retention&db=us"",""alliance data customer retention​"")","n/a","n/a","0","0","","n/a","n/a","n/a","0.00","0.00","n/a","n/a","For metrics, refresh"
"allstate customer retention","=HYPERLINK(""https://smrs.toolsfrog.com/analytics/keywordoverview/?q=allstate%20customer%20retention&db=us"",""allstate customer retention​"")","n/a","n/a","0","0","","n/a","n/a","n/a","0.00","0.00","n/a","n/a","For metrics, refresh"
"alorica customer service retention reps salary","=HYPERLINK(""https://smrs.toolsfrog.com/analytics/keywordoverview/?q=alorica%20customer%20service%20retention%20reps%20salary&db=us"",""alorica customer service retention reps salary​"")","n/a","n/a","0","0","","n/a","n/a","n/a","0.00","0.00","n/a","n/a","For metrics, refresh"
"alphatech india limited b2b customer retention","=HYPERLINK(""https://smrs.toolsfrog.com/analytics/keywordoverview/?q=alphatech%20india%20limited%20b2b%20customer%20retention&db=us"",""alphatech india limited b2b customer retention​"")","n/a","n/a","0","0","","n/a","n/a","n/a","0.00","0.00","n/a","n/a","For metrics, refresh"
"alternative medicine customer retention","=HYPERLINK(""https://smrs.toolsfrog.com/analytics/keywordoverview/?q=alternative%20medicine%20customer%20retention&db=us"",""alternative medicine customer retention​"")","n/a","n/a","0","0","","n/a","n/a","n/a","0.00","0.00","n/a","n/a","For metrics, refresh"
"amazon bookstore customer retention 2016","=HYPERLINK(""https://smrs.toolsfrog.com/analytics/keywordoverview/?q=amazon%20bookstore%20customer%20retention%202016&db=us"",""amazon bookstore customer retention 2016​"")","n/a","n/a","0","0","","n/a","n/a","n/a","0.00","0.00","n/a","n/a","For metrics, refresh"
"amazon bookstore customer retention 2017","=HYPERLINK(""https://smrs.toolsfrog.com/analytics/keywordoverview/?q=amazon%20bookstore%20customer%20retention%202017&db=us"",""amazon bookstore customer retention 2017​"")","n/a","n/a","0","0","","n/a","n/a","n/a","0.00","0.00","n/a","n/a","For metrics, refresh"
"amazon customer retention 2017","=HYPERLINK(""https://smrs.toolsfrog.com/analytics/keywordoverview/?q=amazon%20customer%20retention%202017&db=us"",""amazon customer retention 2017​"")","n/a","n/a","0","0","","n/a","n/a","n/a","0.00","0.00","n/a","n/a","For metrics, refresh"
"amazon customer retention department","=HYPERLINK(""https://smrs.toolsfrog.com/analytics/keywordoverview/?q=amazon%20customer%20retention%20department&db=us"",""amazon customer retention department​"")","n/a","n/a","0","0","","n/a","n/a","n/a","0.00","0.00","n/a","n/a","For metrics, refresh"
"amazon customer retention department phone number","=HYPERLINK(""https://smrs.toolsfrog.com/analytics/keywordoverview/?q=amazon%20customer%20retention%20department%20phone%20number&db=us"",""amazon customer retention department phone number​"")","n/a","n/a","0","0","","n/a","n/a","n/a","0.00","0.00","n/a","n/a","For metrics, refresh"
"amazon customer retention program 2017","=HYPERLINK(""https://smrs.toolsfrog.com/analytics/keywordoverview/?q=amazon%20customer%20retention%20program%202017&db=us"",""amazon customer retention program 2017​"")","n/a","n/a","0","0","","n/a","n/a","n/a","0.00","0.00","n/a","n/a","For metrics, refresh"
"amazon customer retention rate 2024","=HYPERLINK(""https://smrs.toolsfrog.com/analytics/keywordoverview/?q=amazon%20customer%20retention%20rate%202024&db=us"",""amazon customer retention rate 2024​"")","n/a","n/a","0","0","","n/a","n/a","n/a","0.00","0.00","n/a","n/a","For metrics, refresh"
"amazon customer retention strategies","=HYPERLINK(""https://smrs.toolsfrog.com/analytics/keywordoverview/?q=amazon%20customer%20retention%20strategies&db=us"",""amazon customer retention strategies​"")","n/a","n/a","0","0","","n/a","n/a","n/a","0.00","0.00","n/a","n/a","For metrics, refresh"
"amazon music customer retention","=HYPERLINK(""https://smrs.toolsfrog.com/analytics/keywordoverview/?q=amazon%20music%20customer%20retention&db=us"",""amazon music customer retention​"")","n/a","n/a","0","0","","n/a","n/a","n/a","0.00","0.00","n/a","n/a","For metrics, refresh"
"amazon prime customer retention","=HYPERLINK(""https://smrs.toolsfrog.com/analytics/keywordoverview/?q=amazon%20prime%20customer%20retention&db=us"",""amazon prime customer retention​"")","n/a","n/a","0","0","","n/a","n/a","n/a","0.00","0.00","n/a","n/a","For metrics, refresh"
"amazon prime customer retention rate","=HYPERLINK(""https://smrs.toolsfrog.com/analytics/keywordoverview/?q=amazon%20prime%20customer%20retention%20rate&db=us"",""amazon prime customer retention rate​"")","n/a","n/a","0","0","","n/a","n/a","n/a","0.00","0.00","n/a","n/a","For metrics, refresh"
"amazon's customer retention","=HYPERLINK(""https://smrs.toolsfrog.com/analytics/keywordoverview/?q=amazon's%20customer%20retention&db=us"",""amazon's customer retention​"")","n/a","n/a","0","0","","n/a","n/a","n/a","0.00","0.00","n/a","n/a","For metrics, refresh"
"amazon's customer retention data","=HYPERLINK(""https://smrs.toolsfrog.com/analytics/keywordoverview/?q=amazon's%20customer%20retention%20data&db=us"",""amazon's customer retention data​"")","n/a","n/a","0","0","","n/a","n/a","n/a","0.00","0.00","n/a","n/a","For metrics, refresh"
"amazon's customer retention rat","=HYPERLINK(""https://smrs.toolsfrog.com/analytics/keywordoverview/?q=amazon's%20customer%20retention%20rat&db=us"",""amazon's customer retention rat​"")","n/a","n/a","0","0","","n/a","n/a","n/a","0.00","0.00","n/a","n/a","For metrics, refresh"
"ambit customer retention","=HYPERLINK(""https://smrs.toolsfrog.com/analytics/keywordoverview/?q=ambit%20customer%20retention&db=us"",""ambit customer retention​"")","n/a","n/a","0","0","","n/a","n/a","n/a","0.00","0.00","n/a","n/a","For metrics, refresh"
"america's car mart customer churn rate and retention 2025","=HYPERLINK(""https://smrs.toolsfrog.com/analytics/keywordoverview/?q=america's%20car%20mart%20customer%20churn%20rate%20and%20retention%202025&db=us"",""america's car mart customer churn rate and retention 2025​"")","n/a","n/a","0","0","","n/a","n/a","n/a","0.00","0.00","n/a","n/a","For metrics, refresh"
"america's car-mart customer churn rate and retention 2025","=HYPERLINK(""https://smrs.toolsfrog.com/analytics/keywordoverview/?q=america's%20car-mart%20customer%20churn%20rate%20and%20retention%202025&db=us"",""america's car-mart customer churn rate and retention 2025​"")","n/a","n/a","0","0","","n/a","n/a","n/a","0.00","0.00","n/a","n/a","For metrics, refresh"
"american eagle company customer retention","=HYPERLINK(""https://smrs.toolsfrog.com/analytics/keywordoverview/?q=american%20eagle%20company%20customer%20retention&db=us"",""american eagle company customer retention​"")","n/a","n/a","0","0","","n/a","n/a","n/a","0.00","0.00","n/a","n/a","For metrics, refresh"
"american eagle customer retention","=HYPERLINK(""https://smrs.toolsfrog.com/analytics/keywordoverview/?q=american%20eagle%20customer%20retention&db=us"",""american eagle customer retention​"")","n/a","n/a","0","0","","n/a","n/a","n/a","0.00","0.00","n/a","n/a","For metrics, refresh"
"american express business platinum customer retention","=HYPERLINK(""https://smrs.toolsfrog.com/analytics/keywordoverview/?q=american%20express%20business%20platinum%20customer%20retention&db=us"",""american express business platinum customer retention​"")","n/a","n/a","0","0","","n/a","n/a","n/a","0.00","0.00","n/a","n/a","For metrics, refresh"
"american express customer retention center number","=HYPERLINK(""https://smrs.toolsfrog.com/analytics/keywordoverview/?q=american%20express%20customer%20retention%20center%20number&db=us"",""american express customer retention center number​"")","n/a","n/a","0","0","","n/a","n/a","n/a","0.00","0.00","n/a","n/a","For metrics, refresh"
"american express customer retention department","=HYPERLINK(""https://smrs.toolsfrog.com/analytics/keywordoverview/?q=american%20express%20customer%20retention%20department&db=us"",""american express customer retention department​"")","n/a","n/a","0","0","","n/a","n/a","n/a","0.00","0.00","n/a","n/a","For metrics, refresh"
"american express customer retention number","=HYPERLINK(""https://smrs.toolsfrog.com/analytics/keywordoverview/?q=american%20express%20customer%20retention%20number&db=us"",""american express customer retention number​"")","n/a","n/a","0","0","","n/a","n/a","n/a","0.00","0.00","n/a","n/a","For metrics, refresh"
"american home shield customer retention memphis tn","=HYPERLINK(""https://smrs.toolsfrog.com/analytics/keywordoverview/?q=american%20home%20shield%20customer%20retention%20memphis%20tn&db=us"",""american home shield customer retention memphis tn​"")","n/a","n/a","0","0","","n/a","n/a","n/a","0.00","0.00","n/a","n/a","For metrics, refresh"
"americas carmart customer churn rate and retention 2025","=HYPERLINK(""https://smrs.toolsfrog.com/analytics/keywordoverview/?q=americas%20carmart%20customer%20churn%20rate%20and%20retention%202025&db=us"",""americas carmart customer churn rate and retention 2025​"")","n/a","n/a","0","0","","n/a","n/a","n/a","0.00","0.00","n/a","n/a","For metrics, refresh"
"amex platinum customer retention","=HYPERLINK(""https://smrs.toolsfrog.com/analytics/keywordoverview/?q=amex%20platinum%20customer%20retention&db=us"",""amex platinum customer retention​"")","n/a","n/a","0","0","","n/a","n/a","n/a","0.00","0.00","n/a","n/a","For metrics, refresh"
"among the arguments for the importance of customer retention are:","=HYPERLINK(""https://smrs.toolsfrog.com/analytics/keywordoverview/?q=among%20the%20arguments%20for%20the%20importance%20of%20customer%20retention%20are%3A&db=us"",""among the arguments for the importance of customer retention are:​"")","n/a","n/a","0","0","","n/a","n/a","n/a","0.00","0.33","n/a","n/a","For metrics, refresh"
"an increase from 80 to 90 in customer retention","=HYPERLINK(""https://smrs.toolsfrog.com/analytics/keywordoverview/?q=an%20increase%20from%2080%20to%2090%20in%20customer%20retention&db=us"",""an increase from 80 to 90 in customer retention​"")","n/a","n/a","0","0","","n/a","n/a","n/a","0.00","0.00","n/a","n/a","For metrics, refresh"
"analyst report anthropic customer metrics retention churn estimates 2025","=HYPERLINK(""https://smrs.toolsfrog.com/analytics/keywordoverview/?q=analyst%20report%20anthropic%20customer%20metrics%20retention%20churn%20estimates%202025&db=us"",""analyst report anthropic customer metrics retention churn estimates 2025​"")","n/a","n/a","0","0","","n/a","n/a","n/a","0.00","0.00","n/a","n/a","For metrics, refresh"
"analytics and customer retention","=HYPERLINK(""https://smrs.toolsfrog.com/analytics/keywordoverview/?q=analytics%20and%20customer%20retention&db=us"",""analytics and customer retention​"")","n/a","n/a","0","0","","n/a","n/a","n/a","0.00","0.00","n/a","n/a","For metrics, refresh"
"analyze customer satisfaction customer delight and customer retention","=HYPERLINK(""https://smrs.toolsfrog.com/analytics/keywordoverview/?q=analyze%20customer%20satisfaction%20customer%20delight%20and%20customer%20retention&db=us"",""analyze customer satisfaction customer delight and customer retention​"")","n/a","n/a","0","0","","n/a","n/a","n/a","0.00","0.00","n/a","n/a","For metrics, refresh"
"analyze the value of t mobile's new customer retention offers","=HYPERLINK(""https://smrs.toolsfrog.com/analytics/keywordoverview/?q=analyze%20the%20value%20of%20t%20mobile's%20new%20customer%20retention%20offers&db=us"",""analyze the value of t mobile's new customer retention offers​"")","n/a","n/a","0","0","","n/a","n/a","n/a","0.00","0.04","n/a","n/a","For metrics, refresh"
"analyze the value of t-mobile's new customer retention offers","=HYPERLINK(""https://smrs.toolsfrog.com/analytics/keywordoverview/?q=analyze%20the%20value%20of%20t-mobile's%20new%20customer%20retention%20offers&db=us"",""analyze the value of t-mobile's new customer retention offers​"")","n/a","n/a","0","0","","n/a","n/a","n/a","0.00","0.04","n/a","n/a","For metrics, refresh"
"analyzing customer satisfaction insights for better retention","=HYPERLINK(""https://smrs.toolsfrog.com/analytics/keywordoverview/?q=analyzing%20customer%20satisfaction%20insights%20for%20better%20retention&db=us"",""analyzing customer satisfaction insights for better retention​"")","n/a","n/a","0","0","","n/a","n/a","n/a","0.00","0.00","n/a","n/a","For metrics, refresh"
"and help with customer retention and sales","=HYPERLINK(""https://smrs.toolsfrog.com/analytics/keywordoverview/?q=and%20help%20with%20customer%20retention%20and%20sales&db=us"",""and help with customer retention and sales​"")","n/a","n/a","0","0","","n/a","n/a","n/a","0.00","0.00","n/a","n/a","For metrics, refresh"
"anheuser busch inbev customer churn rate and retention 2025","=HYPERLINK(""https://smrs.toolsfrog.com/analytics/keywordoverview/?q=anheuser%20busch%20inbev%20customer%20churn%20rate%20and%20retention%202025&db=us"",""anheuser busch inbev customer churn rate and retention 2025​"")","n/a","n/a","0","0","","n/a","n/a","n/a","0.00","0.00","n/a","n/a","For metrics, refresh"
"anheuser-busch inbev customer churn rate and retention 2025","=HYPERLINK(""https://smrs.toolsfrog.com/analytics/keywordoverview/?q=anheuser-busch%20inbev%20customer%20churn%20rate%20and%20retention%202025&db=us"",""anheuser-busch inbev customer churn rate and retention 2025​"")","n/a","n/a","0","0","","n/a","n/a","n/a","0.00","0.00","n/a","n/a","For metrics, refresh"
"anheuserbusch inbev customer churn rate and retention 2025","=HYPERLINK(""https://smrs.toolsfrog.com/analytics/keywordoverview/?q=anheuserbusch%20inbev%20customer%20churn%20rate%20and%20retention%202025&db=us"",""anheuserbusch inbev customer churn rate and retention 2025​"")","n/a","n/a","0","0","","n/a","n/a","n/a","0.00","0.00","n/a","n/a","For metrics, refresh"
"annual churn rate vs annual customer retention rate","=HYPERLINK(""https://smrs.toolsfrog.com/analytics/keywordoverview/?q=annual%20churn%20rate%20vs%20annual%20customer%20retention%20rate&db=us"",""annual churn rate vs annual customer retention rate​"")","n/a","n/a","0","0","","n/a","n/a","n/a","0.00","0.00","n/a","n/a","For metrics, refresh"
"annual customer retention rate","=HYPERLINK(""https://smrs.toolsfrog.com/analytics/keywordoverview/?q=annual%20customer%20retention%20rate&db=us"",""annual customer retention rate​"")","n/a","n/a","0","0","","n/a","n/a","n/a","0.00","0.00","n/a","n/a","For metrics, refresh"
"annual enhancing customer loyalty and retention summit","=HYPERLINK(""https://smrs.toolsfrog.com/analytics/keywordoverview/?q=annual%20enhancing%20customer%20loyalty%20and%20retention%20summit&db=us"",""annual enhancing customer loyalty and retention summit​"")","n/a","n/a","0","0","","n/a","n/a","n/a","0.00","0.00","n/a","n/a","For metrics, refresh"
"annual paid customer retention numbers in saas company","=HYPERLINK(""https://smrs.toolsfrog.com/analytics/keywordoverview/?q=annual%20paid%20customer%20retention%20numbers%20in%20saas%20company&db=us"",""annual paid customer retention numbers in saas company​"")","n/a","n/a","0","0","","n/a","n/a","n/a","0.00","0.00","n/a","n/a","For metrics, refresh"
"anthropic api data retention policy not train on customer data","=HYPERLINK(""https://smrs.toolsfrog.com/analytics/keywordoverview/?q=anthropic%20api%20data%20retention%20policy%20not%20train%20on%20customer%20data&db=us"",""anthropic api data retention policy not train on customer data​"")","n/a","n/a","0","0","","n/a","n/a","n/a","0.00","0.00","n/a","n/a","For metrics, refresh"
"anthropic api data retention policy training on customer data","=HYPERLINK(""https://smrs.toolsfrog.com/analytics/keywordoverview/?q=anthropic%20api%20data%20retention%20policy%20training%20on%20customer%20data&db=us"",""anthropic api data retention policy training on customer data​"")","n/a","n/a","0","0","","n/a","n/a","n/a","0.00","0.00","n/a","n/a","For metrics, refresh"
"anthropic api data retention policy training on customer data default","=HYPERLINK(""https://smrs.toolsfrog.com/analytics/keywordoverview/?q=anthropic%20api%20data%20retention%20policy%20training%20on%20customer%20data%20default&db=us"",""anthropic api data retention policy training on customer data default​"")","n/a","n/a","0","0","","n/a","n/a","n/a","0.00","0.00","n/a","n/a","For metrics, refresh"
"anthropic claude api data retention policy training on customer data","=HYPERLINK(""https://smrs.toolsfrog.com/analytics/keywordoverview/?q=anthropic%20claude%20api%20data%20retention%20policy%20training%20on%20customer%20data&db=us"",""anthropic claude api data retention policy training on customer data​"")","n/a","n/a","0","0","","n/a","n/a","n/a","0.00","0.00","n/a","n/a","For metrics, refresh"
"anthropic data retention policy api training on customer data","=HYPERLINK(""https://smrs.toolsfrog.com/analytics/keywordoverview/?q=anthropic%20data%20retention%20policy%20api%20training%20on%20customer%20data&db=us"",""anthropic data retention policy api training on customer data​"")","n/a","n/a","0","0","","n/a","n/a","n/a","0.00","0.00","n/a","n/a","For metrics, refresh"
"antonym customer retention","=HYPERLINK(""https://smrs.toolsfrog.com/analytics/keywordoverview/?q=antonym%20customer%20retention&db=us"",""antonym customer retention​"")","n/a","n/a","0","0","","n/a","n/a","n/a","0.00","0.00","n/a","n/a","For metrics, refresh"
"anydesk customer retention strategies","=HYPERLINK(""https://smrs.toolsfrog.com/analytics/keywordoverview/?q=anydesk%20customer%20retention%20strategies&db=us"",""anydesk customer retention strategies​"")","n/a","n/a","0","0","","n/a","n/a","n/a","0.00","0.00","n/a","n/a","For metrics, refresh"
"anz customer retention","=HYPERLINK(""https://smrs.toolsfrog.com/analytics/keywordoverview/?q=anz%20customer%20retention&db=us"",""anz customer retention​"")","n/a","n/a","0","0","","n/a","n/a","n/a","0.00","0.00","n/a","n/a","For metrics, refresh"
"anz customer retention team","=HYPERLINK(""https://smrs.toolsfrog.com/analytics/keywordoverview/?q=anz%20customer%20retention%20team&db=us"",""anz customer retention team​"")","n/a","n/a","0","0","","n/a","n/a","n/a","0.00","0.00","n/a","n/a","For metrics, refresh"
"apa itu customer retention","=HYPERLINK(""https://smrs.toolsfrog.com/analytics/keywordoverview/?q=apa%20itu%20customer%20retention&db=us"",""apa itu customer retention​"")","n/a","n/a","0","0","","n/a","n/a","n/a","0.00","0.00","n/a","n/a","For metrics, refresh"
"apa itu customer retention canvassing","=HYPERLINK(""https://smrs.toolsfrog.com/analytics/keywordoverview/?q=apa%20itu%20customer%20retention%20canvassing&db=us"",""apa itu customer retention canvassing​"")","n/a","n/a","0","0","","n/a","n/a","n/a","0.00","0.00","n/a","n/a","For metrics, refresh"
"apa itu customer retention officer","=HYPERLINK(""https://smrs.toolsfrog.com/analytics/keywordoverview/?q=apa%20itu%20customer%20retention%20officer&db=us"",""apa itu customer retention officer​"")","n/a","n/a","0","0","","n/a","n/a","n/a","0.00","0.00","n/a","n/a","For metrics, refresh"
"apa itu customer retention rate","=HYPERLINK(""https://smrs.toolsfrog.com/analytics/keywordoverview/?q=apa%20itu%20customer%20retention%20rate&db=us"",""apa itu customer retention rate​"")","n/a","n/a","0","0","","n/a","n/a","n/a","0.00","0.00","n/a","n/a","For metrics, refresh"
"apa saja model customer retention marketing","=HYPERLINK(""https://smrs.toolsfrog.com/analytics/keywordoverview/?q=apa%20saja%20model%20customer%20retention%20marketing&db=us"",""apa saja model customer retention marketing​"")","n/a","n/a","0","0","","n/a","n/a","n/a","0.00","0.00","n/a","n/a","For metrics, refresh"
"app customer retention","=HYPERLINK(""https://smrs.toolsfrog.com/analytics/keywordoverview/?q=app%20customer%20retention&db=us"",""app customer retention​"")","n/a","n/a","0","0","","n/a","n/a","n/a","13.89","0.04","n/a","n/a","For metrics, refresh"
"app marketing for customer retention","=HYPERLINK(""https://smrs.toolsfrog.com/analytics/keywordoverview/?q=app%20marketing%20for%20customer%20retention&db=us"",""app marketing for customer retention​"")","n/a","n/a","0","0","","n/a","n/a","n/a","0.00","0.00","n/a","n/a","For metrics, refresh"
"app_custom_event.fb_mobile_d7_retention","=HYPERLINK(""https://smrs.toolsfrog.com/analytics/keywordoverview/?q=app_custom_event.fb_mobile_d7_retention&db=us"",""app_custom_event.fb_mobile_d7_retention​"")","n/a","n/a","0","0","","n/a","n/a","n/a","0.00","0.00","n/a","n/a","For metrics, refresh"
"appassure custom retention policy","=HYPERLINK(""https://smrs.toolsfrog.com/analytics/keywordoverview/?q=appassure%20custom%20retention%20policy&db=us"",""appassure custom retention policy​"")","n/a","n/a","0","0","","n/a","n/a","n/a","0.00","0.00","n/a","n/a","For metrics, refresh"
"appcard customer retention","=HYPERLINK(""https://smrs.toolsfrog.com/analytics/keywordoverview/?q=appcard%20customer%20retention&db=us"",""appcard customer retention​"")","n/a","n/a","0","0","","n/a","n/a","n/a","0.00","0.00","n/a","n/a","For metrics, refresh"
"appcard customer retention platform","=HYPERLINK(""https://smrs.toolsfrog.com/analytics/keywordoverview/?q=appcard%20customer%20retention%20platform&db=us"",""appcard customer retention platform​"")","n/a","n/a","0","0","","n/a","n/a","n/a","0.00","0.00","n/a","n/a","For metrics, refresh"
"appcard inc customer retention","=HYPERLINK(""https://smrs.toolsfrog.com/analytics/keywordoverview/?q=appcard%20inc%20customer%20retention&db=us"",""appcard inc customer retention​"")","n/a","n/a","0","0","","n/a","n/a","n/a","0.00","0.00","n/a","n/a","For metrics, refresh"
"appcard inc customer retention platform","=HYPERLINK(""https://smrs.toolsfrog.com/analytics/keywordoverview/?q=appcard%20inc%20customer%20retention%20platform&db=us"",""appcard inc customer retention platform​"")","n/a","n/a","0","0","","n/a","n/a","n/a","0.00","0.00","n/a","n/a","For metrics, refresh"
"apple customer retention 2017","=HYPERLINK(""https://smrs.toolsfrog.com/analytics/keywordoverview/?q=apple%20customer%20retention%202017&db=us"",""apple customer retention 2017​"")","n/a","n/a","0","0","","n/a","n/a","n/a","0.00","0.00","n/a","n/a","For metrics, refresh"
"apple customer retention 2018","=HYPERLINK(""https://smrs.toolsfrog.com/analytics/keywordoverview/?q=apple%20customer%20retention%202018&db=us"",""apple customer retention 2018​"")","n/a","n/a","0","0","","n/a","n/a","n/a","0.00","0.00","n/a","n/a","For metrics, refresh"
"apple customer retention number","=HYPERLINK(""https://smrs.toolsfrog.com/analytics/keywordoverview/?q=apple%20customer%20retention%20number&db=us"",""apple customer retention number​"")","n/a","n/a","0","0","","n/a","n/a","n/a","0.00","0.00","n/a","n/a","For metrics, refresh"
"apple customer retention rate 2017","=HYPERLINK(""https://smrs.toolsfrog.com/analytics/keywordoverview/?q=apple%20customer%20retention%20rate%202017&db=us"",""apple customer retention rate 2017​"")","n/a","n/a","0","0","","n/a","n/a","n/a","0.00","0.00","n/a","n/a","For metrics, refresh"
"apple customer retention rate 2018","=HYPERLINK(""https://smrs.toolsfrog.com/analytics/keywordoverview/?q=apple%20customer%20retention%20rate%202018&db=us"",""apple customer retention rate 2018​"")","n/a","n/a","0","0","","n/a","n/a","n/a","0.00","0.00","n/a","n/a","For metrics, refresh"
"apple customer retention rate 2019","=HYPERLINK(""https://smrs.toolsfrog.com/analytics/keywordoverview/?q=apple%20customer%20retention%20rate%202019&db=us"",""apple customer retention rate 2019​"")","n/a","n/a","0","0","","n/a","n/a","n/a","0.00","0.00","n/a","n/a","For metrics, refresh"
"apple customer retention rate 2020","=HYPERLINK(""https://smrs.toolsfrog.com/analytics/keywordoverview/?q=apple%20customer%20retention%20rate%202020&db=us"",""apple customer retention rate 2020​"")","n/a","n/a","0","0","","n/a","n/a","n/a","0.00","0.00","n/a","n/a","For metrics, refresh"
"apple customer retention rate 2022","=HYPERLINK(""https://smrs.toolsfrog.com/analytics/keywordoverview/?q=apple%20customer%20retention%20rate%202022&db=us"",""apple customer retention rate 2022​"")","n/a","n/a","0","0","","n/a","n/a","n/a","0.00","0.00","n/a","n/a","For metrics, refresh"
"apple customer retention rate 2023","=HYPERLINK(""https://smrs.toolsfrog.com/analytics/keywordoverview/?q=apple%20customer%20retention%20rate%202023&db=us"",""apple customer retention rate 2023​"")","n/a","n/a","0","0","","n/a","n/a","n/a","0.00","0.00","n/a","n/a","For metrics, refresh"
"apple customer retention rate 2024","=HYPERLINK(""https://smrs.toolsfrog.com/analytics/keywordoverview/?q=apple%20customer%20retention%20rate%202024&db=us"",""apple customer retention rate 2024​"")","n/a","n/a","0","0","","n/a","n/a","n/a","0.00","0.00","n/a","n/a","For metrics, refresh"
"apple customer retention rate 2025","=HYPERLINK(""https://smrs.toolsfrog.com/analytics/keywordoverview/?q=apple%20customer%20retention%20rate%202025&db=us"",""apple customer retention rate 2025​"")","n/a","n/a","0","0","","n/a","n/a","n/a","0.00","0.00","n/a","n/a","For metrics, refresh"
"apple ecosystem lock in switching costs customer retention","=HYPERLINK(""https://smrs.toolsfrog.com/analytics/keywordoverview/?q=apple%20ecosystem%20lock%20in%20switching%20costs%20customer%20retention&db=us"",""apple ecosystem lock in switching costs customer retention​"")","n/a","n/a","0","0","","n/a","n/a","n/a","0.00","0.00","n/a","n/a","For metrics, refresh"
"apple ecosystem lock-in customer retention strategy","=HYPERLINK(""https://smrs.toolsfrog.com/analytics/keywordoverview/?q=apple%20ecosystem%20lock-in%20customer%20retention%20strategy&db=us"",""apple ecosystem lock-in customer retention strategy​"")","n/a","n/a","0","0","","n/a","n/a","n/a","0.00","0.00","n/a","n/a","For metrics, refresh"
"apple ecosystem lock-in switching costs customer retention","=HYPERLINK(""https://smrs.toolsfrog.com/analytics/keywordoverview/?q=apple%20ecosystem%20lock-in%20switching%20costs%20customer%20retention&db=us"",""apple ecosystem lock-in switching costs customer retention​"")","n/a","n/a","0","0","","n/a","n/a","n/a","0.00","0.00","n/a","n/a","For metrics, refresh"
"apple ecosystem lockin customer retention strategy","=HYPERLINK(""https://smrs.toolsfrog.com/analytics/keywordoverview/?q=apple%20ecosystem%20lockin%20customer%20retention%20strategy&db=us"",""apple ecosystem lockin customer retention strategy​"")","n/a","n/a","0","0","","n/a","n/a","n/a","0.00","0.00","n/a","n/a","For metrics, refresh"
"apple ecosystem switching costs customer retention","=HYPERLINK(""https://smrs.toolsfrog.com/analytics/keywordoverview/?q=apple%20ecosystem%20switching%20costs%20customer%20retention&db=us"",""apple ecosystem switching costs customer retention​"")","n/a","n/a","0","0","","n/a","n/a","n/a","0.00","0.00","n/a","n/a","For metrics, refresh"
"apple iphone customer retention","=HYPERLINK(""https://smrs.toolsfrog.com/analytics/keywordoverview/?q=apple%20iphone%20customer%20retention&db=us"",""apple iphone customer retention​"")","n/a","n/a","0","0","","n/a","n/a","n/a","0.00","0.00","n/a","n/a","For metrics, refresh"
"apple money spent on customer retention","=HYPERLINK(""https://smrs.toolsfrog.com/analytics/keywordoverview/?q=apple%20money%20spent%20on%20customer%20retention&db=us"",""apple money spent on customer retention​"")","n/a","n/a","0","0","","n/a","n/a","n/a","0.00","0.00","n/a","n/a","For metrics, refresh"
"apple music retention rate for free to paid customers","=HYPERLINK(""https://smrs.toolsfrog.com/analytics/keywordoverview/?q=apple%20music%20retention%20rate%20for%20free%20to%20paid%20customers&db=us"",""apple music retention rate for free to paid customers​"")","n/a","n/a","0","0","","n/a","n/a","n/a","0.00","0.00","n/a","n/a","For metrics, refresh"
"apple vs samsung customer retention rate","=HYPERLINK(""https://smrs.toolsfrog.com/analytics/keywordoverview/?q=apple%20vs%20samsung%20customer%20retention%20rate&db=us"",""apple vs samsung customer retention rate​"")","n/a","n/a","0","0","","n/a","n/a","n/a","0.00","0.00","n/a","n/a","For metrics, refresh"
"apple's customer retention","=HYPERLINK(""https://smrs.toolsfrog.com/analytics/keywordoverview/?q=apple's%20customer%20retention&db=us"",""apple's customer retention​"")","n/a","n/a","0","0","","n/a","n/a","n/a","0.00","0.00","n/a","n/a","For metrics, refresh"
"apple's customer retention or turnover","=HYPERLINK(""https://smrs.toolsfrog.com/analytics/keywordoverview/?q=apple's%20customer%20retention%20or%20turnover&db=us"",""apple's customer retention or turnover​"")","n/a","n/a","0","0","","n/a","n/a","n/a","0.00","0.00","n/a","n/a","For metrics, refresh"
"apple's customer retention rate","=HYPERLINK(""https://smrs.toolsfrog.com/analytics/keywordoverview/?q=apple's%20customer%20retention%20rate&db=us"",""apple's customer retention rate​"")","n/a","n/a","0","0","","n/a","n/a","n/a","0.00","0.00","n/a","n/a","For metrics, refresh"
"apples customer retention or turnover","=HYPERLINK(""https://smrs.toolsfrog.com/analytics/keywordoverview/?q=apples%20customer%20retention%20or%20turnover&db=us"",""apples customer retention or turnover​"")","n/a","n/a","0","0","","n/a","n/a","n/a","0.00","0.00","n/a","n/a","For metrics, refresh"
"application customer retention","=HYPERLINK(""https://smrs.toolsfrog.com/analytics/keywordoverview/?q=application%20customer%20retention&db=us"",""application customer retention​"")","n/a","n/a","0","0","","n/a","n/a","n/a","0.00","0.00","n/a","n/a","For metrics, refresh"
"application increases customer retention","=HYPERLINK(""https://smrs.toolsfrog.com/analytics/keywordoverview/?q=application%20increases%20customer%20retention&db=us"",""application increases customer retention​"")","n/a","n/a","0","0","","n/a","n/a","n/a","0.00","0.00","n/a","n/a","For metrics, refresh"
"application increases customer retention statistics","=HYPERLINK(""https://smrs.toolsfrog.com/analytics/keywordoverview/?q=application%20increases%20customer%20retention%20statistics&db=us"",""application increases customer retention statistics​"")","n/a","n/a","0","0","","n/a","n/a","n/a","0.00","0.00","n/a","n/a","For metrics, refresh"
"application interaction increases customer retention","=HYPERLINK(""https://smrs.toolsfrog.com/analytics/keywordoverview/?q=application%20interaction%20increases%20customer%20retention&db=us"",""application interaction increases customer retention​"")","n/a","n/a","0","0","","n/a","n/a","n/a","0.00","0.00","n/a","n/a","For metrics, refresh"
"approaches to customer retention process","=HYPERLINK(""https://smrs.toolsfrog.com/analytics/keywordoverview/?q=approaches%20to%20customer%20retention%20process&db=us"",""approaches to customer retention process​"")","n/a","n/a","0","0","","n/a","n/a","n/a","0.00","0.00","n/a","n/a","For metrics, refresh"
"are customer retention and loyalty the same","=HYPERLINK(""https://smrs.toolsfrog.com/analytics/keywordoverview/?q=are%20customer%20retention%20and%20loyalty%20the%20same&db=us"",""are customer retention and loyalty the same​"")","n/a","n/a","0","0","","n/a","n/a","n/a","0.00","0.00","n/a","n/a","For metrics, refresh"
"argo customer engagement analytics retention improvement","=HYPERLINK(""https://smrs.toolsfrog.com/analytics/keywordoverview/?q=argo%20customer%20engagement%20analytics%20retention%20improvement&db=us"",""argo customer engagement analytics retention improvement​"")","n/a","n/a","0","0","","n/a","n/a","n/a","0.00","0.00","n/a","n/a","For metrics, refresh"
"arhaus customer churn rate and retention 2025","=HYPERLINK(""https://smrs.toolsfrog.com/analytics/keywordoverview/?q=arhaus%20customer%20churn%20rate%20and%20retention%202025&db=us"",""arhaus customer churn rate and retention 2025​"")","n/a","n/a","0","0","","n/a","n/a","n/a","0.00","0.00","n/a","n/a","For metrics, refresh"
"arrivia customer retention strategies","=HYPERLINK(""https://smrs.toolsfrog.com/analytics/keywordoverview/?q=arrivia%20customer%20retention%20strategies&db=us"",""arrivia customer retention strategies​"")","n/a","n/a","0","0","","n/a","n/a","n/a","0.00","0.00","n/a","n/a","For metrics, refresh"
"arti customer retention","=HYPERLINK(""https://smrs.toolsfrog.com/analytics/keywordoverview/?q=arti%20customer%20retention&db=us"",""arti customer retention​"")","n/a","n/a","0","0","","n/a","n/a","n/a","0.00","0.00","n/a","n/a","For metrics, refresh"
"articles about customer retention","=HYPERLINK(""https://smrs.toolsfrog.com/analytics/keywordoverview/?q=articles%20about%20customer%20retention&db=us"",""articles about customer retention​"")","n/a","n/a","0","0","","n/a","n/a","n/a","0.00","0.00","n/a","n/a","For metrics, refresh"
"artificial intelligence customer retention","=HYPERLINK(""https://smrs.toolsfrog.com/analytics/keywordoverview/?q=artificial%20intelligence%20customer%20retention&db=us"",""artificial intelligence customer retention​"")","n/a","n/a","0","0","","n/a","n/a","n/a","0.00","0.00","n/a","n/a","For metrics, refresh"
"artificial intelligence customer retention software","=HYPERLINK(""https://smrs.toolsfrog.com/analytics/keywordoverview/?q=artificial%20intelligence%20customer%20retention%20software&db=us"",""artificial intelligence customer retention software​"")","n/a","n/a","0","0","","n/a","n/a","n/a","0.00","0.00","n/a","n/a","For metrics, refresh"
"as well as ensure the greatest customer retention","=HYPERLINK(""https://smrs.toolsfrog.com/analytics/keywordoverview/?q=as%20well%20as%20ensure%20the%20greatest%20customer%20retention&db=us"",""as well as ensure the greatest customer retention​"")","n/a","n/a","0","0","","n/a","n/a","n/a","0.00","0.00","n/a","n/a","For metrics, refresh"
"asos customer retention","=HYPERLINK(""https://smrs.toolsfrog.com/analytics/keywordoverview/?q=asos%20customer%20retention&db=us"",""asos customer retention​"")","n/a","n/a","0","0","","n/a","n/a","n/a","0.00","0.00","n/a","n/a","For metrics, refresh"
"asos customer retention rate","=HYPERLINK(""https://smrs.toolsfrog.com/analytics/keywordoverview/?q=asos%20customer%20retention%20rate&db=us"",""asos customer retention rate​"")","n/a","n/a","0","0","","n/a","n/a","n/a","0.00","0.00","n/a","n/a","For metrics, refresh"
"assess the value of customer retention to an organisation","=HYPERLINK(""https://smrs.toolsfrog.com/analytics/keywordoverview/?q=assess%20the%20value%20of%20customer%20retention%20to%20an%20organisation&db=us"",""assess the value of customer retention to an organisation​"")","n/a","n/a","0","0","","n/a","n/a","n/a","0.00","0.00","n/a","n/a","For metrics, refresh"
"asset panda customer retention","=HYPERLINK(""https://smrs.toolsfrog.com/analytics/keywordoverview/?q=asset%20panda%20customer%20retention&db=us"",""asset panda customer retention​"")","n/a","n/a","0","0","","n/a","n/a","n/a","0.00","0.00","n/a","n/a","For metrics, refresh"
"associate account executive customer retention dish","=HYPERLINK(""https://smrs.toolsfrog.com/analytics/keywordoverview/?q=associate%20account%20executive%20customer%20retention%20dish&db=us"",""associate account executive customer retention dish​"")","n/a","n/a","0","0","","n/a","n/a","n/a","0.00","0.00","n/a","n/a","For metrics, refresh"
"associate account executive- customer retention","=HYPERLINK(""https://smrs.toolsfrog.com/analytics/keywordoverview/?q=associate%20account%20executive-%20customer%20retention&db=us"",""associate account executive- customer retention​"")","n/a","n/a","0","0","","n/a","n/a","n/a","0.00","0.00","n/a","n/a","For metrics, refresh"
"assures you that it will increase your customer retention rate","=HYPERLINK(""https://smrs.toolsfrog.com/analytics/keywordoverview/?q=assures%20you%20that%20it%20will%20increase%20your%20customer%20retention%20rate&db=us"",""assures you that it will increase your customer retention rate​"")","n/a","n/a","0","0","","n/a","n/a","n/a","0.00","0.00","n/a","n/a","For metrics, refresh"
"astound customer retention","=HYPERLINK(""https://smrs.toolsfrog.com/analytics/keywordoverview/?q=astound%20customer%20retention&db=us"",""astound customer retention​"")","n/a","n/a","0","0","","n/a","n/a","n/a","0.00","0.00","n/a","n/a","For metrics, refresh"
"at & t customer retention center number","=HYPERLINK(""https://smrs.toolsfrog.com/analytics/keywordoverview/?q=at%20%26%20t%20customer%20retention%20center%20number&db=us"",""at & t customer retention center number​"")","n/a","n/a","0","0","","n/a","n/a","n/a","0.00","0.00","n/a","n/a","For metrics, refresh"
"at and t customer retention","=HYPERLINK(""https://smrs.toolsfrog.com/analytics/keywordoverview/?q=at%20and%20t%20customer%20retention&db=us"",""at and t customer retention​"")","n/a","n/a","0","0","","n/a","n/a","n/a","0.00","0.00","n/a","n/a","For metrics, refresh"
"at and t customer retention number","=HYPERLINK(""https://smrs.toolsfrog.com/analytics/keywordoverview/?q=at%20and%20t%20customer%20retention%20number&db=us"",""at and t customer retention number​"")","n/a","n/a","0","0","","n/a","n/a","n/a","0.00","0.00","n/a","n/a","For metrics, refresh"
"at t customer service u verse retention","=HYPERLINK(""https://smrs.toolsfrog.com/analytics/keywordoverview/?q=at%20t%20customer%20service%20u%20verse%20retention&db=us"",""at t customer service u verse retention​"")","n/a","n/a","0","0","","n/a","n/a","n/a","0.00","0.00","n/a","n/a","For metrics, refresh"
"at t customer service u verse retention phone number","=HYPERLINK(""https://smrs.toolsfrog.com/analytics/keywordoverview/?q=at%20t%20customer%20service%20u%20verse%20retention%20phone%20number&db=us"",""at t customer service u verse retention phone number​"")","n/a","n/a","0","0","","n/a","n/a","n/a","0.00","0.00","n/a","n/a","For metrics, refresh"
"at&t billing customer retention","=HYPERLINK(""https://smrs.toolsfrog.com/analytics/keywordoverview/?q=at%26t%20billing%20customer%20retention&db=us"",""at&t billing customer retention​"")","n/a","n/a","0","0","","n/a","n/a","n/a","0.00","0.00","n/a","n/a","For metrics, refresh"
"at&t cable customer retention phone number","=HYPERLINK(""https://smrs.toolsfrog.com/analytics/keywordoverview/?q=at%26t%20cable%20customer%20retention%20phone%20number&db=us"",""at&t cable customer retention phone number​"")","n/a","n/a","0","0","","n/a","n/a","n/a","0.00","0.00","n/a","n/a","For metrics, refresh"
"at&t cellular customer retention","=HYPERLINK(""https://smrs.toolsfrog.com/analytics/keywordoverview/?q=at%26t%20cellular%20customer%20retention&db=us"",""at&t cellular customer retention​"")","n/a","n/a","0","0","","n/a","n/a","n/a","0.00","0.00","n/a","n/a","For metrics, refresh"
"at&t customer call cell tower data retention policy","=HYPERLINK(""https://smrs.toolsfrog.com/analytics/keywordoverview/?q=at%26t%20customer%20call%20cell%20tower%20data%20retention%20policy&db=us"",""at&t customer call cell tower data retention policy​"")","n/a","n/a","0","0","","n/a","n/a","n/a","0.00","0.00","n/a","n/a","For metrics, refresh"
"at&t customer retention 0050","=HYPERLINK(""https://smrs.toolsfrog.com/analytics/keywordoverview/?q=at%26t%20customer%20retention%200050&db=us"",""at&t customer retention 0050​"")","n/a","n/a","0","0","","n/a","n/a","n/a","0.00","0.00","n/a","n/a","For metrics, refresh"
"at&t customer retention 2016","=HYPERLINK(""https://smrs.toolsfrog.com/analytics/keywordoverview/?q=at%26t%20customer%20retention%202016&db=us"",""at&t customer retention 2016​"")","n/a","n/a","0","0","","n/a","n/a","n/a","0.00","0.00","n/a","n/a","For metrics, refresh"
"at&t customer retention center 2018","=HYPERLINK(""https://smrs.toolsfrog.com/analytics/keywordoverview/?q=at%26t%20customer%20retention%20center%202018&db=us"",""at&t customer retention center 2018​"")","n/a","n/a","0","0","","n/a","n/a","n/a","0.00","0.00","n/a","n/a","For metrics, refresh"
"at&t customer retention center in los angeles","=HYPERLINK(""https://smrs.toolsfrog.com/analytics/keywordoverview/?q=at%26t%20customer%20retention%20center%20in%20los%20angeles&db=us"",""at&t customer retention center in los angeles​"")","n/a","n/a","0","0","","n/a","n/a","n/a","0.00","0.00","n/a","n/a","For metrics, refresh"
"at&t customer retention center in us","=HYPERLINK(""https://smrs.toolsfrog.com/analytics/keywordoverview/?q=at%26t%20customer%20retention%20center%20in%20us&db=us"",""at&t customer retention center in us​"")","n/a","n/a","0","0","","n/a","n/a","n/a","0.00","0.00","n/a","n/a","For metrics, refresh"
"at&t customer retention chat","=HYPERLINK(""https://smrs.toolsfrog.com/analytics/keywordoverview/?q=at%26t%20customer%20retention%20chat&db=us"",""at&t customer retention chat​"")","n/a","n/a","0","0","","n/a","n/a","n/a","0.00","0.00","n/a","n/a","For metrics, refresh"
"at&t customer retention department number","=HYPERLINK(""https://smrs.toolsfrog.com/analytics/keywordoverview/?q=at%26t%20customer%20retention%20department%20number&db=us"",""at&t customer retention department number​"")","n/a","n/a","0","0","","n/a","n/a","n/a","0.00","0.00","n/a","n/a","For metrics, refresh"
"at&t customer retention email","=HYPERLINK(""https://smrs.toolsfrog.com/analytics/keywordoverview/?q=at%26t%20customer%20retention%20email&db=us"",""at&t customer retention email​"")","n/a","n/a","0","0","","n/a","n/a","n/a","0.00","0.00","n/a","n/a","For metrics, refresh"
"at&t customer retention job description","=HYPERLINK(""https://smrs.toolsfrog.com/analytics/keywordoverview/?q=at%26t%20customer%20retention%20job%20description&db=us"",""at&t customer retention job description​"")","n/a","n/a","0","0","","n/a","n/a","n/a","0.00","0.00","n/a","n/a","For metrics, refresh"
"at&t customer retention number 2017","=HYPERLINK(""https://smrs.toolsfrog.com/analytics/keywordoverview/?q=at%26t%20customer%20retention%20number%202017&db=us"",""at&t customer retention number 2017​"")","n/a","n/a","0","0","","n/a","n/a","n/a","0.00","0.00","n/a","n/a","For metrics, refresh"
"at&t customer retention phone number 2015","=HYPERLINK(""https://smrs.toolsfrog.com/analytics/keywordoverview/?q=at%26t%20customer%20retention%20phone%20number%202015&db=us"",""at&t customer retention phone number 2015​"")","n/a","n/a","0","0","","n/a","n/a","n/a","0.00","0.00","n/a","n/a","For metrics, refresh"
"at&t customer retention phone number 2016","=HYPERLINK(""https://smrs.toolsfrog.com/analytics/keywordoverview/?q=at%26t%20customer%20retention%20phone%20number%202016&db=us"",""at&t customer retention phone number 2016​"")","n/a","n/a","0","0","","n/a","n/a","n/a","0.00","0.00","n/a","n/a","For metrics, refresh"
"at&t customer retention phone number 2017","=HYPERLINK(""https://smrs.toolsfrog.com/analytics/keywordoverview/?q=at%26t%20customer%20retention%20phone%20number%202017&db=us"",""at&t customer retention phone number 2017​"")","n/a","n/a","0","0","","n/a","n/a","n/a","0.00","0.00","n/a","n/a","For metrics, refresh"
"at&t customer retention phone number 2018","=HYPERLINK(""https://smrs.toolsfrog.com/analytics/keywordoverview/?q=at%26t%20customer%20retention%20phone%20number%202018&db=us"",""at&t customer retention phone number 2018​"")","n/a","n/a","0","0","","n/a","n/a","n/a","0.00","0.00","n/a","n/a","For metrics, refresh"
"at&t customer retention phone number 2019","=HYPERLINK(""https://smrs.toolsfrog.com/analytics/keywordoverview/?q=at%26t%20customer%20retention%20phone%20number%202019&db=us"",""at&t customer retention phone number 2019​"")","n/a","n/a","0","0","","n/a","n/a","n/a","0.00","0.00","n/a","n/a","For metrics, refresh"
"at&t customer retention phone number 2020","=HYPERLINK(""https://smrs.toolsfrog.com/analytics/keywordoverview/?q=at%26t%20customer%20retention%20phone%20number%202020&db=us"",""at&t customer retention phone number 2020​"")","n/a","n/a","0","0","","n/a","n/a","n/a","0.00","0.00","n/a","n/a","For metrics, refresh"
"at&t customer retention phone number 2021","=HYPERLINK(""https://smrs.toolsfrog.com/analytics/keywordoverview/?q=at%26t%20customer%20retention%20phone%20number%202021&db=us"",""at&t customer retention phone number 2021​"")","n/a","n/a","0","0","","n/a","n/a","n/a","0.00","0.00","n/a","n/a","For metrics, refresh"
"at&t customer retention phone number 2022","=HYPERLINK(""https://smrs.toolsfrog.com/analytics/keywordoverview/?q=at%26t%20customer%20retention%20phone%20number%202022&db=us"",""at&t customer retention phone number 2022​"")","n/a","n/a","0","0","","n/a","n/a","n/a","0.00","0.00","n/a","n/a","For metrics, refresh"
"at&t customer retention phone number internet","=HYPERLINK(""https://smrs.toolsfrog.com/analytics/keywordoverview/?q=at%26t%20customer%20retention%20phone%20number%20internet&db=us"",""at&t customer retention phone number internet​"")","n/a","n/a","0","0","","n/a","n/a","n/a","0.00","0.00","n/a","n/a","For metrics, refresh"
"at&t customer retention phone number usa","=HYPERLINK(""https://smrs.toolsfrog.com/analytics/keywordoverview/?q=at%26t%20customer%20retention%20phone%20number%20usa&db=us"",""at&t customer retention phone number usa​"")","n/a","n/a","0","0","","n/a","n/a","n/a","0.00","0.33","n/a","n/a","For metrics, refresh"
"at&t customer retention program","=HYPERLINK(""https://smrs.toolsfrog.com/analytics/keywordoverview/?q=at%26t%20customer%20retention%20program&db=us"",""at&t customer retention program​"")","n/a","n/a","0","0","","n/a","n/a","n/a","0.00","0.00","n/a","n/a","For metrics, refresh"
"at&t customer retention rate 2018","=HYPERLINK(""https://smrs.toolsfrog.com/analytics/keywordoverview/?q=at%26t%20customer%20retention%20rate%202018&db=us"",""at&t customer retention rate 2018​"")","n/a","n/a","0","0","","n/a","n/a","n/a","0.00","0.00","n/a","n/a","For metrics, refresh"
"at&t customer retention service","=HYPERLINK(""https://smrs.toolsfrog.com/analytics/keywordoverview/?q=at%26t%20customer%20retention%20service&db=us"",""at&t customer retention service​"")","n/a","n/a","0","0","","n/a","n/a","n/a","0.00","0.00","n/a","n/a","For metrics, refresh"
"at&t customer retention site forums.att.com","=HYPERLINK(""https://smrs.toolsfrog.com/analytics/keywordoverview/?q=at%26t%20customer%20retention%20site%20forums.att.com&db=us"",""at&t customer retention site forums.att.com​"")","n/a","n/a","0","0","","n/a","n/a","n/a","0.00","0.00","n/a","n/a","For metrics, refresh"
"at&t customer retention strategies","=HYPERLINK(""https://smrs.toolsfrog.com/analytics/keywordoverview/?q=at%26t%20customer%20retention%20strategies&db=us"",""at&t customer retention strategies​"")","n/a","n/a","0","0","","n/a","n/a","n/a","0.00","0.00","n/a","n/a","For metrics, refresh"
"at&t customer retention strategy","=HYPERLINK(""https://smrs.toolsfrog.com/analytics/keywordoverview/?q=at%26t%20customer%20retention%20strategy&db=us"",""at&t customer retention strategy​"")","n/a","n/a","0","0","","n/a","n/a","n/a","0.00","0.00","n/a","n/a","For metrics, refresh"
"at&t customer retention wireless","=HYPERLINK(""https://smrs.toolsfrog.com/analytics/keywordoverview/?q=at%26t%20customer%20retention%20wireless&db=us"",""at&t customer retention wireless​"")","n/a","n/a","0","0","","n/a","n/a","n/a","0.00","0.07","n/a","n/a","For metrics, refresh"
"at&t customer service retention phone number","=HYPERLINK(""https://smrs.toolsfrog.com/analytics/keywordoverview/?q=at%26t%20customer%20service%20retention%20phone%20number&db=us"",""at&t customer service retention phone number​"")","n/a","n/a","0","0","","n/a","n/a","n/a","0.00","0.00","n/a","n/a","For metrics, refresh"
"at&t direct tv customer retention","=HYPERLINK(""https://smrs.toolsfrog.com/analytics/keywordoverview/?q=at%26t%20direct%20tv%20customer%20retention&db=us"",""at&t direct tv customer retention​"")","n/a","n/a","0","0","","n/a","n/a","n/a","0.00","0.00","n/a","n/a","For metrics, refresh"
"at&t directv customer retention","=HYPERLINK(""https://smrs.toolsfrog.com/analytics/keywordoverview/?q=at%26t%20directv%20customer%20retention&db=us"",""at&t directv customer retention​"")","n/a","n/a","0","0","","n/a","n/a","n/a","0.00","0.00","n/a","n/a","For metrics, refresh"
"at&t internet customer retention","=HYPERLINK(""https://smrs.toolsfrog.com/analytics/keywordoverview/?q=at%26t%20internet%20customer%20retention&db=us"",""at&t internet customer retention​"")","n/a","n/a","0","0","","n/a","n/a","n/a","0.00","0.00","n/a","n/a","For metrics, refresh"
"at&t mobile customer retention number","=HYPERLINK(""https://smrs.toolsfrog.com/analytics/keywordoverview/?q=at%26t%20mobile%20customer%20retention%20number&db=us"",""at&t mobile customer retention number​"")","n/a","n/a","0","0","","n/a","n/a","n/a","0.00","0.00","n/a","n/a","For metrics, refresh"
"at&t plans customer retention","=HYPERLINK(""https://smrs.toolsfrog.com/analytics/keywordoverview/?q=at%26t%20plans%20customer%20retention&db=us"",""at&t plans customer retention​"")","n/a","n/a","0","0","","n/a","n/a","n/a","0.00","0.00","n/a","n/a","For metrics, refresh"
"at&t u-verse customer retention","=HYPERLINK(""https://smrs.toolsfrog.com/analytics/keywordoverview/?q=at%26t%20u-verse%20customer%20retention&db=us"",""at&t u-verse customer retention​"")","n/a","n/a","0","0","","n/a","n/a","n/a","0.00","0.33","n/a","n/a","For metrics, refresh"
"at&t uverse customer retention","=HYPERLINK(""https://smrs.toolsfrog.com/analytics/keywordoverview/?q=at%26t%20uverse%20customer%20retention&db=us"",""at&t uverse customer retention​"")","n/a","n/a","0","0","","n/a","n/a","n/a","0.00","0.33","n/a","n/a","For metrics, refresh"
"at&t uverse customer retention department","=HYPERLINK(""https://smrs.toolsfrog.com/analytics/keywordoverview/?q=at%26t%20uverse%20customer%20retention%20department&db=us"",""at&t uverse customer retention department​"")","n/a","n/a","0","0","","n/a","n/a","n/a","0.00","0.00","n/a","n/a","For metrics, refresh"
"at&t uverse customer retention number","=HYPERLINK(""https://smrs.toolsfrog.com/analytics/keywordoverview/?q=at%26t%20uverse%20customer%20retention%20number&db=us"",""at&t uverse customer retention number​"")","n/a","n/a","0","0","","n/a","n/a","n/a","0.00","0.33","n/a","n/a","For metrics, refresh"
"at&t uverse customer retention phone number","=HYPERLINK(""https://smrs.toolsfrog.com/analytics/keywordoverview/?q=at%26t%20uverse%20customer%20retention%20phone%20number&db=us"",""at&t uverse customer retention phone number​"")","n/a","n/a","0","0","","n/a","n/a","n/a","0.00","0.33","n/a","n/a","For metrics, refresh"
"at&t uverse customer retention phone number 2017","=HYPERLINK(""https://smrs.toolsfrog.com/analytics/keywordoverview/?q=at%26t%20uverse%20customer%20retention%20phone%20number%202017&db=us"",""at&t uverse customer retention phone number 2017​"")","n/a","n/a","0","0","","n/a","n/a","n/a","0.00","0.00","n/a","n/a","For metrics, refresh"
"at&t uverse tv customer retention","=HYPERLINK(""https://smrs.toolsfrog.com/analytics/keywordoverview/?q=at%26t%20uverse%20tv%20customer%20retention&db=us"",""at&t uverse tv customer retention​"")","n/a","n/a","0","0","","n/a","n/a","n/a","0.00","0.00","n/a","n/a","For metrics, refresh"
"at&t wireless customer retention 2019","=HYPERLINK(""https://smrs.toolsfrog.com/analytics/keywordoverview/?q=at%26t%20wireless%20customer%20retention%202019&db=us"",""at&t wireless customer retention 2019​"")","n/a","n/a","0","0","","n/a","n/a","n/a","0.00","0.00","n/a","n/a","For metrics, refresh"
"at&t wireless customer retention phone number 2016","=HYPERLINK(""https://smrs.toolsfrog.com/analytics/keywordoverview/?q=at%26t%20wireless%20customer%20retention%20phone%20number%202016&db=us"",""at&t wireless customer retention phone number 2016​"")","n/a","n/a","0","0","","n/a","n/a","n/a","0.00","0.00","n/a","n/a","For metrics, refresh"
"atb financial customer retention","=HYPERLINK(""https://smrs.toolsfrog.com/analytics/keywordoverview/?q=atb%20financial%20customer%20retention&db=us"",""atb financial customer retention​"")","n/a","n/a","0","0","","n/a","n/a","n/a","0.00","0.00","n/a","n/a","For metrics, refresh"
"atlantic broadband customer retention","=HYPERLINK(""https://smrs.toolsfrog.com/analytics/keywordoverview/?q=atlantic%20broadband%20customer%20retention&db=us"",""atlantic broadband customer retention​"")","n/a","n/a","0","0","","n/a","n/a","n/a","0.00","0.00","n/a","n/a","For metrics, refresh"
"atlantic broadband customer retention deals 2019","=HYPERLINK(""https://smrs.toolsfrog.com/analytics/keywordoverview/?q=atlantic%20broadband%20customer%20retention%20deals%202019&db=us"",""atlantic broadband customer retention deals 2019​"")","n/a","n/a","0","0","","n/a","n/a","n/a","0.00","0.00","n/a","n/a","For metrics, refresh"
"atlassian customer retention","=HYPERLINK(""https://smrs.toolsfrog.com/analytics/keywordoverview/?q=atlassian%20customer%20retention&db=us"",""atlassian customer retention​"")","n/a","n/a","0","0","","n/a","n/a","n/a","0.00","0.00","n/a","n/a","For metrics, refresh"
"ato crypto exchange customer record retention after account closure","=HYPERLINK(""https://smrs.toolsfrog.com/analytics/keywordoverview/?q=ato%20crypto%20exchange%20customer%20record%20retention%20after%20account%20closure&db=us"",""ato crypto exchange customer record retention after account closure​"")","n/a","n/a","0","0","","n/a","n/a","n/a","0.00","0.00","n/a","n/a","For metrics, refresh"
"att customer retention center in us","=HYPERLINK(""https://smrs.toolsfrog.com/analytics/keywordoverview/?q=att%20customer%20retention%20center%20in%20us&db=us"",""att customer retention center in us​"")","n/a","n/a","0","0","","n/a","n/a","n/a","0.00","0.00","n/a","n/a","For metrics, refresh"
"att customer retention department phone number","=HYPERLINK(""https://smrs.toolsfrog.com/analytics/keywordoverview/?q=att%20customer%20retention%20department%20phone%20number&db=us"",""att customer retention department phone number​"")","n/a","n/a","0","0","","n/a","n/a","n/a","0.00","0.00","n/a","n/a","For metrics, refresh"
"att customer retention dept","=HYPERLINK(""https://smrs.toolsfrog.com/analytics/keywordoverview/?q=att%20customer%20retention%20dept&db=us"",""att customer retention dept​"")","n/a","n/a","0","0","","n/a","n/a","n/a","0.00","0.00","n/a","n/a","For metrics, refresh"
"att customer retention email","=HYPERLINK(""https://smrs.toolsfrog.com/analytics/keywordoverview/?q=att%20customer%20retention%20email&db=us"",""att customer retention email​"")","n/a","n/a","0","0","","n/a","n/a","n/a","0.00","0.00","n/a","n/a","For metrics, refresh"
"att customer retention hours","=HYPERLINK(""https://smrs.toolsfrog.com/analytics/keywordoverview/?q=att%20customer%20retention%20hours&db=us"",""att customer retention hours​"")","n/a","n/a","0","0","","n/a","n/a","n/a","0.00","0.00","n/a","n/a","For metrics, refresh"
"att customer retention land line","=HYPERLINK(""https://smrs.toolsfrog.com/analytics/keywordoverview/?q=att%20customer%20retention%20land%20line&db=us"",""att customer retention land line​"")","n/a","n/a","0","0","","n/a","n/a","n/a","0.00","0.00","n/a","n/a","For metrics, refresh"
"att customer retention office","=HYPERLINK(""https://smrs.toolsfrog.com/analytics/keywordoverview/?q=att%20customer%20retention%20office&db=us"",""att customer retention office​"")","n/a","n/a","0","0","","n/a","n/a","n/a","0.00","0.00","n/a","n/a","For metrics, refresh"
"att customer retention phone number 2022","=HYPERLINK(""https://smrs.toolsfrog.com/analytics/keywordoverview/?q=att%20customer%20retention%20phone%20number%202022&db=us"",""att customer retention phone number 2022​"")","n/a","n/a","0","0","","n/a","n/a","n/a","0.00","0.00","n/a","n/a","For metrics, refresh"
"att customer retention programs","=HYPERLINK(""https://smrs.toolsfrog.com/analytics/keywordoverview/?q=att%20customer%20retention%20programs&db=us"",""att customer retention programs​"")","n/a","n/a","0","0","","n/a","n/a","n/a","0.00","0.00","n/a","n/a","For metrics, refresh"
"att customer retention specialists","=HYPERLINK(""https://smrs.toolsfrog.com/analytics/keywordoverview/?q=att%20customer%20retention%20specialists&db=us"",""att customer retention specialists​"")","n/a","n/a","0","0","","n/a","n/a","n/a","0.00","0.00","n/a","n/a","For metrics, refresh"
"att customer retention telephone number","=HYPERLINK(""https://smrs.toolsfrog.com/analytics/keywordoverview/?q=att%20customer%20retention%20telephone%20number&db=us"",""att customer retention telephone number​"")","n/a","n/a","0","0","","n/a","n/a","n/a","0.00","0.00","n/a","n/a","For metrics, refresh"
"att customer service retention department","=HYPERLINK(""https://smrs.toolsfrog.com/analytics/keywordoverview/?q=att%20customer%20service%20retention%20department&db=us"",""att customer service retention department​"")","n/a","n/a","0","0","","n/a","n/a","n/a","0.00","0.00","n/a","n/a","For metrics, refresh"
"att directv customer service customer retention phone number","=HYPERLINK(""https://smrs.toolsfrog.com/analytics/keywordoverview/?q=att%20directv%20customer%20service%20customer%20retention%20phone%20number&db=us"",""att directv customer service customer retention phone number​"")","n/a","n/a","0","0","","n/a","n/a","n/a","0.00","0.00","n/a","n/a","For metrics, refresh"
"att internet customer retention","=HYPERLINK(""https://smrs.toolsfrog.com/analytics/keywordoverview/?q=att%20internet%20customer%20retention&db=us"",""att internet customer retention​"")","n/a","n/a","0","0","","n/a","n/a","n/a","0.00","0.00","n/a","n/a","For metrics, refresh"
"att plans customer retention","=HYPERLINK(""https://smrs.toolsfrog.com/analytics/keywordoverview/?q=att%20plans%20customer%20retention&db=us"",""att plans customer retention​"")","n/a","n/a","0","0","","n/a","n/a","n/a","0.00","0.00","n/a","n/a","For metrics, refresh"
"att retention customer loysalty","=HYPERLINK(""https://smrs.toolsfrog.com/analytics/keywordoverview/?q=att%20retention%20customer%20loysalty&db=us"",""att retention customer loysalty​"")","n/a","n/a","0","0","","n/a","n/a","n/a","0.00","0.00","n/a","n/a","For metrics, refresh"
"att u verse customer retention phone number","=HYPERLINK(""https://smrs.toolsfrog.com/analytics/keywordoverview/?q=att%20u%20verse%20customer%20retention%20phone%20number&db=us"",""att u verse customer retention phone number​"")","n/a","n/a","0","0","","n/a","n/a","n/a","0.00","0.00","n/a","n/a","For metrics, refresh"
"att u verse customer service retention","=HYPERLINK(""https://smrs.toolsfrog.com/analytics/keywordoverview/?q=att%20u%20verse%20customer%20service%20retention&db=us"",""att u verse customer service retention​"")","n/a","n/a","0","0","","n/a","n/a","n/a","0.00","0.00","n/a","n/a","For metrics, refresh"
"att uverse customer retention 2015","=HYPERLINK(""https://smrs.toolsfrog.com/analytics/keywordoverview/?q=att%20uverse%20customer%20retention%202015&db=us"",""att uverse customer retention 2015​"")","n/a","n/a","0","0","","n/a","n/a","n/a","0.00","0.00","n/a","n/a","For metrics, refresh"
"att uverse customer retention hours","=HYPERLINK(""https://smrs.toolsfrog.com/analytics/keywordoverview/?q=att%20uverse%20customer%20retention%20hours&db=us"",""att uverse customer retention hours​"")","n/a","n/a","0","0","","n/a","n/a","n/a","0.00","0.00","n/a","n/a","For metrics, refresh"
"att uverse customer retention line","=HYPERLINK(""https://smrs.toolsfrog.com/analytics/keywordoverview/?q=att%20uverse%20customer%20retention%20line&db=us"",""att uverse customer retention line​"")","n/a","n/a","0","0","","n/a","n/a","n/a","0.00","0.00","n/a","n/a","For metrics, refresh"
"att uverse internet customer retention","=HYPERLINK(""https://smrs.toolsfrog.com/analytics/keywordoverview/?q=att%20uverse%20internet%20customer%20retention&db=us"",""att uverse internet customer retention​"")","n/a","n/a","0","0","","n/a","n/a","n/a","0.00","0.00","n/a","n/a","For metrics, refresh"
"att wireless customer retention","=HYPERLINK(""https://smrs.toolsfrog.com/analytics/keywordoverview/?q=att%20wireless%20customer%20retention&db=us"",""att wireless customer retention​"")","n/a","n/a","0","0","","n/a","n/a","n/a","0.00","0.07","n/a","n/a","For metrics, refresh"
"att wireless customer retention discount","=HYPERLINK(""https://smrs.toolsfrog.com/analytics/keywordoverview/?q=att%20wireless%20customer%20retention%20discount&db=us"",""att wireless customer retention discount​"")","n/a","n/a","0","0","","n/a","n/a","n/a","0.00","0.00","n/a","n/a","For metrics, refresh"
"attentive loyalty crm levi's earnings 10k report customer retention","=HYPERLINK(""https://smrs.toolsfrog.com/analytics/keywordoverview/?q=attentive%20loyalty%20crm%20levi's%20earnings%2010k%20report%20customer%20retention&db=us"",""attentive loyalty crm levi's earnings 10k report customer retention​"")","n/a","n/a","0","0","","n/a","n/a","n/a","0.00","0.00","n/a","n/a","For metrics, refresh"
"attentive sms messaging customer retention strategies","=HYPERLINK(""https://smrs.toolsfrog.com/analytics/keywordoverview/?q=attentive%20sms%20messaging%20customer%20retention%20strategies&db=us"",""attentive sms messaging customer retention strategies​"")","n/a","n/a","0","0","","n/a","n/a","n/a","0.00","0.00","n/a","n/a","For metrics, refresh"
"attitude of sales associate on customer retention","=HYPERLINK(""https://smrs.toolsfrog.com/analytics/keywordoverview/?q=attitude%20of%20sales%20associate%20on%20customer%20retention&db=us"",""attitude of sales associate on customer retention​"")","n/a","n/a","0","0","","n/a","n/a","n/a","0.00","0.00","n/a","n/a","For metrics, refresh"
"attitude of the salespeple affect customer retention","=HYPERLINK(""https://smrs.toolsfrog.com/analytics/keywordoverview/?q=attitude%20of%20the%20salespeple%20affect%20customer%20retention&db=us"",""attitude of the salespeple affect customer retention​"")","n/a","n/a","0","0","","n/a","n/a","n/a","0.00","0.00","n/a","n/a","For metrics, refresh"
"attracting customers and customer retention","=HYPERLINK(""https://smrs.toolsfrog.com/analytics/keywordoverview/?q=attracting%20customers%20and%20customer%20retention&db=us"",""attracting customers and customer retention​"")","n/a","n/a","0","0","","n/a","n/a","n/a","0.00","0.00","n/a","n/a","For metrics, refresh"
"attraction and retention of customer loyalty","=HYPERLINK(""https://smrs.toolsfrog.com/analytics/keywordoverview/?q=attraction%20and%20retention%20of%20customer%20loyalty&db=us"",""attraction and retention of customer loyalty​"")","n/a","n/a","0","0","","n/a","n/a","n/a","0.00","0.00","n/a","n/a","For metrics, refresh"
"attrition rate vs customer retention rate","=HYPERLINK(""https://smrs.toolsfrog.com/analytics/keywordoverview/?q=attrition%20rate%20vs%20customer%20retention%20rate&db=us"",""attrition rate vs customer retention rate​"")","n/a","n/a","0","0","","n/a","n/a","n/a","0.00","0.00","n/a","n/a","For metrics, refresh"
"audi customer resolution and retention","=HYPERLINK(""https://smrs.toolsfrog.com/analytics/keywordoverview/?q=audi%20customer%20resolution%20and%20retention&db=us"",""audi customer resolution and retention​"")","n/a","n/a","0","0","","n/a","n/a","n/a","0.00","0.00","n/a","n/a","For metrics, refresh"
"audience intelligence customer retention benefits","=HYPERLINK(""https://smrs.toolsfrog.com/analytics/keywordoverview/?q=audience%20intelligence%20customer%20retention%20benefits&db=us"",""audience intelligence customer retention benefits​"")","n/a","n/a","0","0","","n/a","n/a","n/a","0.00","0.00","n/a","n/a","For metrics, refresh"
"augmented reality and customer retention","=HYPERLINK(""https://smrs.toolsfrog.com/analytics/keywordoverview/?q=augmented%20reality%20and%20customer%20retention&db=us"",""augmented reality and customer retention​"")","n/a","n/a","0","0","","n/a","n/a","n/a","0.00","0.00","n/a","n/a","For metrics, refresh"
"augmented reality for customer retention","=HYPERLINK(""https://smrs.toolsfrog.com/analytics/keywordoverview/?q=augmented%20reality%20for%20customer%20retention&db=us"",""augmented reality for customer retention​"")","n/a","n/a","0","0","","n/a","n/a","n/a","0.00","0.00","n/a","n/a","For metrics, refresh"
"aunkur customer satisfaction assessment methods retention rate b2c b2b","=HYPERLINK(""https://smrs.toolsfrog.com/analytics/keywordoverview/?q=aunkur%20customer%20satisfaction%20assessment%20methods%20retention%20rate%20b2c%20b2b&db=us"",""aunkur customer satisfaction assessment methods retention rate b2c b2b​"")","n/a","n/a","0","0","","n/a","n/a","n/a","0.00","0.00","n/a","n/a","For metrics, refresh"
"auth solutions customer loyalty retention rates","=HYPERLINK(""https://smrs.toolsfrog.com/analytics/keywordoverview/?q=auth%20solutions%20customer%20loyalty%20retention%20rates&db=us"",""auth solutions customer loyalty retention rates​"")","n/a","n/a","0","0","","n/a","n/a","n/a","0.00","0.00","n/a","n/a","For metrics, refresh"
"auto customer retention manager salary","=HYPERLINK(""https://smrs.toolsfrog.com/analytics/keywordoverview/?q=auto%20customer%20retention%20manager%20salary&db=us"",""auto customer retention manager salary​"")","n/a","n/a","0","0","","n/a","n/a","n/a","0.00","0.00","n/a","n/a","For metrics, refresh"
"auto dealer customer retention programs","=HYPERLINK(""https://smrs.toolsfrog.com/analytics/keywordoverview/?q=auto%20dealer%20customer%20retention%20programs&db=us"",""auto dealer customer retention programs​"")","n/a","n/a","0","0","","n/a","n/a","n/a","0.00","0.00","n/a","n/a","For metrics, refresh"
"auto dealership customer retention","=HYPERLINK(""https://smrs.toolsfrog.com/analytics/keywordoverview/?q=auto%20dealership%20customer%20retention&db=us"",""auto dealership customer retention​"")","n/a","n/a","0","0","","n/a","n/a","n/a","0.00","0.00","n/a","n/a","For metrics, refresh"
"auto insurance customer retention","=HYPERLINK(""https://smrs.toolsfrog.com/analytics/keywordoverview/?q=auto%20insurance%20customer%20retention&db=us"",""auto insurance customer retention​"")","n/a","n/a","0","0","","n/a","n/a","n/a","0.00","0.00","n/a","n/a","For metrics, refresh"
"auto insurance customer retention rates","=HYPERLINK(""https://smrs.toolsfrog.com/analytics/keywordoverview/?q=auto%20insurance%20customer%20retention%20rates&db=us"",""auto insurance customer retention rates​"")","n/a","n/a","0","0","","n/a","n/a","n/a","0.00","0.00","n/a","n/a","For metrics, refresh"
"auto repair crm comparison customer retention features","=HYPERLINK(""https://smrs.toolsfrog.com/analytics/keywordoverview/?q=auto%20repair%20crm%20comparison%20customer%20retention%20features&db=us"",""auto repair crm comparison customer retention features​"")","n/a","n/a","0","0","","n/a","n/a","n/a","0.00","0.00","n/a","n/a","For metrics, refresh"
"auto repair customer retention","=HYPERLINK(""https://smrs.toolsfrog.com/analytics/keywordoverview/?q=auto%20repair%20customer%20retention&db=us"",""auto repair customer retention​"")","n/a","n/a","0","0","","n/a","n/a","n/a","0.00","0.00","n/a","n/a","For metrics, refresh"
"auto repair shop customer retention marketing","=HYPERLINK(""https://smrs.toolsfrog.com/analytics/keywordoverview/?q=auto%20repair%20shop%20customer%20retention%20marketing&db=us"",""auto repair shop customer retention marketing​"")","n/a","n/a","0","0","","n/a","n/a","n/a","0.00","0.00","n/a","n/a","For metrics, refresh"
"auto repair shop customer retention software","=HYPERLINK(""https://smrs.toolsfrog.com/analytics/keywordoverview/?q=auto%20repair%20shop%20customer%20retention%20software&db=us"",""auto repair shop customer retention software​"")","n/a","n/a","0","0","","n/a","n/a","n/a","0.00","0.00","n/a","n/a","For metrics, refresh"
"autodesk customer information and retention","=HYPERLINK(""https://smrs.toolsfrog.com/analytics/keywordoverview/?q=autodesk%20customer%20information%20and%20retention&db=us"",""autodesk customer information and retention​"")","n/a","n/a","0","0","","n/a","n/a","n/a","0.00","0.00","n/a","n/a","For metrics, refresh"
"autoleap customer retention features","=HYPERLINK(""https://smrs.toolsfrog.com/analytics/keywordoverview/?q=autoleap%20customer%20retention%20features&db=us"",""autoleap customer retention features​"")","n/a","n/a","0","0","","n/a","n/a","n/a","0.00","0.00","n/a","n/a","For metrics, refresh"
"automate customer retention agent","=HYPERLINK(""https://smrs.toolsfrog.com/analytics/keywordoverview/?q=automate%20customer%20retention%20agent&db=us"",""automate customer retention agent​"")","n/a","n/a","0","0","","n/a","n/a","n/a","0.00","0.00","n/a","n/a","For metrics, refresh"
"automate customer retention agent list","=HYPERLINK(""https://smrs.toolsfrog.com/analytics/keywordoverview/?q=automate%20customer%20retention%20agent%20list&db=us"",""automate customer retention agent list​"")","n/a","n/a","0","0","","n/a","n/a","n/a","0.00","0.00","n/a","n/a","For metrics, refresh"
"automate customer retention agents","=HYPERLINK(""https://smrs.toolsfrog.com/analytics/keywordoverview/?q=automate%20customer%20retention%20agents&db=us"",""automate customer retention agents​"")","n/a","n/a","0","0","","n/a","n/a","n/a","0.00","0.00","n/a","n/a","For metrics, refresh"
"automate customer retention agents list","=HYPERLINK(""https://smrs.toolsfrog.com/analytics/keywordoverview/?q=automate%20customer%20retention%20agents%20list&db=us"",""automate customer retention agents list​"")","n/a","n/a","0","0","","n/a","n/a","n/a","0.00","0.00","n/a","n/a","For metrics, refresh"
"automate customer retention comparison","=HYPERLINK(""https://smrs.toolsfrog.com/analytics/keywordoverview/?q=automate%20customer%20retention%20comparison&db=us"",""automate customer retention comparison​"")","n/a","n/a","0","0","","n/a","n/a","n/a","0.00","0.00","n/a","n/a","For metrics, refresh"
"automate customer retention comparison list","=HYPERLINK(""https://smrs.toolsfrog.com/analytics/keywordoverview/?q=automate%20customer%20retention%20comparison%20list&db=us"",""automate customer retention comparison list​"")","n/a","n/a","0","0","","n/a","n/a","n/a","0.00","0.00","n/a","n/a","For metrics, refresh"
"automate customer retention list","=HYPERLINK(""https://smrs.toolsfrog.com/analytics/keywordoverview/?q=automate%20customer%20retention%20list&db=us"",""automate customer retention list​"")","n/a","n/a","0","0","","n/a","n/a","n/a","0.00","0.00","n/a","n/a","For metrics, refresh"
"automate customer retention platform","=HYPERLINK(""https://smrs.toolsfrog.com/analytics/keywordoverview/?q=automate%20customer%20retention%20platform&db=us"",""automate customer retention platform​"")","n/a","n/a","0","0","","n/a","n/a","n/a","0.00","0.00","n/a","n/a","For metrics, refresh"
"automate customer retention platform list","=HYPERLINK(""https://smrs.toolsfrog.com/analytics/keywordoverview/?q=automate%20customer%20retention%20platform%20list&db=us"",""automate customer retention platform list​"")","n/a","n/a","0","0","","n/a","n/a","n/a","0.00","0.00","n/a","n/a","For metrics, refresh"
"automate customer retention platforms","=HYPERLINK(""https://smrs.toolsfrog.com/analytics/keywordoverview/?q=automate%20customer%20retention%20platforms&db=us"",""automate customer retention platforms​"")","n/a","n/a","0","0","","n/a","n/a","n/a","0.00","0.00","n/a","n/a","For metrics, refresh"
"automate customer retention platforms list","=HYPERLINK(""https://smrs.toolsfrog.com/analytics/keywordoverview/?q=automate%20customer%20retention%20platforms%20list&db=us"",""automate customer retention platforms list​"")","n/a","n/a","0","0","","n/a","n/a","n/a","0.00","0.00","n/a","n/a","For metrics, refresh"
"automate customer retention saas","=HYPERLINK(""https://smrs.toolsfrog.com/analytics/keywordoverview/?q=automate%20customer%20retention%20saas&db=us"",""automate customer retention saas​"")","n/a","n/a","0","0","","n/a","n/a","n/a","0.00","0.00","n/a","n/a","For metrics, refresh"
"automate customer retention saas list","=HYPERLINK(""https://smrs.toolsfrog.com/analytics/keywordoverview/?q=automate%20customer%20retention%20saas%20list&db=us"",""automate customer retention saas list​"")","n/a","n/a","0","0","","n/a","n/a","n/a","0.00","0.00","n/a","n/a","For metrics, refresh"
"automate customer retention service","=HYPERLINK(""https://smrs.toolsfrog.com/analytics/keywordoverview/?q=automate%20customer%20retention%20service&db=us"",""automate customer retention service​"")","n/a","n/a","0","0","","n/a","n/a","n/a","0.00","0.00","n/a","n/a","For metrics, refresh"
"automate customer retention service list","=HYPERLINK(""https://smrs.toolsfrog.com/analytics/keywordoverview/?q=automate%20customer%20retention%20service%20list&db=us"",""automate customer retention service list​"")","n/a","n/a","0","0","","n/a","n/a","n/a","0.00","0.00","n/a","n/a","For metrics, refresh"
"automate customer retention services","=HYPERLINK(""https://smrs.toolsfrog.com/analytics/keywordoverview/?q=automate%20customer%20retention%20services&db=us"",""automate customer retention services​"")","n/a","n/a","0","0","","n/a","n/a","n/a","0.00","0.00","n/a","n/a","For metrics, refresh"
"automate customer retention services list","=HYPERLINK(""https://smrs.toolsfrog.com/analytics/keywordoverview/?q=automate%20customer%20retention%20services%20list&db=us"",""automate customer retention services list​"")","n/a","n/a","0","0","","n/a","n/a","n/a","0.00","0.00","n/a","n/a","For metrics, refresh"
"automate customer retention software","=HYPERLINK(""https://smrs.toolsfrog.com/analytics/keywordoverview/?q=automate%20customer%20retention%20software&db=us"",""automate customer retention software​"")","n/a","n/a","0","0","","n/a","n/a","n/a","0.00","0.00","n/a","n/a","For metrics, refresh"
"automate customer retention software list","=HYPERLINK(""https://smrs.toolsfrog.com/analytics/keywordoverview/?q=automate%20customer%20retention%20software%20list&db=us"",""automate customer retention software list​"")","n/a","n/a","0","0","","n/a","n/a","n/a","0.00","0.00","n/a","n/a","For metrics, refresh"
"automate customer retention solution","=HYPERLINK(""https://smrs.toolsfrog.com/analytics/keywordoverview/?q=automate%20customer%20retention%20solution&db=us"",""automate customer retention solution​"")","n/a","n/a","0","0","","n/a","n/a","n/a","0.00","0.00","n/a","n/a","For metrics, refresh"
"automate customer retention solution list","=HYPERLINK(""https://smrs.toolsfrog.com/analytics/keywordoverview/?q=automate%20customer%20retention%20solution%20list&db=us"",""automate customer retention solution list​"")","n/a","n/a","0","0","","n/a","n/a","n/a","0.00","0.00","n/a","n/a","For metrics, refresh"
"automate customer retention solutions","=HYPERLINK(""https://smrs.toolsfrog.com/analytics/keywordoverview/?q=automate%20customer%20retention%20solutions&db=us"",""automate customer retention solutions​"")","n/a","n/a","0","0","","n/a","n/a","n/a","0.00","0.00","n/a","n/a","For metrics, refresh"
"automate customer retention solutions list","=HYPERLINK(""https://smrs.toolsfrog.com/analytics/keywordoverview/?q=automate%20customer%20retention%20solutions%20list&db=us"",""automate customer retention solutions list​"")","n/a","n/a","0","0","","n/a","n/a","n/a","0.00","0.00","n/a","n/a","For metrics, refresh"
"automate customer retention system","=HYPERLINK(""https://smrs.toolsfrog.com/analytics/keywordoverview/?q=automate%20customer%20retention%20system&db=us"",""automate customer retention system​"")","n/a","n/a","0","0","","n/a","n/a","n/a","26.77","0.08","n/a","n/a","For metrics, refresh"
"automate customer retention system list","=HYPERLINK(""https://smrs.toolsfrog.com/analytics/keywordoverview/?q=automate%20customer%20retention%20system%20list&db=us"",""automate customer retention system list​"")","n/a","n/a","0","0","","n/a","n/a","n/a","0.00","0.00","n/a","n/a","For metrics, refresh"
"automate customer retention systems","=HYPERLINK(""https://smrs.toolsfrog.com/analytics/keywordoverview/?q=automate%20customer%20retention%20systems&db=us"",""automate customer retention systems​"")","n/a","n/a","0","0","","n/a","n/a","n/a","0.00","0.00","n/a","n/a","For metrics, refresh"
"automate customer retention systems list","=HYPERLINK(""https://smrs.toolsfrog.com/analytics/keywordoverview/?q=automate%20customer%20retention%20systems%20list&db=us"",""automate customer retention systems list​"")","n/a","n/a","0","0","","n/a","n/a","n/a","0.00","0.00","n/a","n/a","For metrics, refresh"
"automate customer retention tool","=HYPERLINK(""https://smrs.toolsfrog.com/analytics/keywordoverview/?q=automate%20customer%20retention%20tool&db=us"",""automate customer retention tool​"")","n/a","n/a","0","0","","n/a","n/a","n/a","0.00","0.00","n/a","n/a","For metrics, refresh"
"automate customer retention tool list","=HYPERLINK(""https://smrs.toolsfrog.com/analytics/keywordoverview/?q=automate%20customer%20retention%20tool%20list&db=us"",""automate customer retention tool list​"")","n/a","n/a","0","0","","n/a","n/a","n/a","0.00","0.00","n/a","n/a","For metrics, refresh"
"automate customer retention tools","=HYPERLINK(""https://smrs.toolsfrog.com/analytics/keywordoverview/?q=automate%20customer%20retention%20tools&db=us"",""automate customer retention tools​"")","n/a","n/a","0","0","","n/a","n/a","n/a","0.00","0.00","n/a","n/a","For metrics, refresh"
"automate customer retention tools list","=HYPERLINK(""https://smrs.toolsfrog.com/analytics/keywordoverview/?q=automate%20customer%20retention%20tools%20list&db=us"",""automate customer retention tools list​"")","n/a","n/a","0","0","","n/a","n/a","n/a","0.00","0.00","n/a","n/a","For metrics, refresh"
"automated customer journeys retention rates improvement","=HYPERLINK(""https://smrs.toolsfrog.com/analytics/keywordoverview/?q=automated%20customer%20journeys%20retention%20rates%20improvement&db=us"",""automated customer journeys retention rates improvement​"")","n/a","n/a","0","0","","n/a","n/a","n/a","0.00","0.00","n/a","n/a","For metrics, refresh"
"automated customer retention agent","=HYPERLINK(""https://smrs.toolsfrog.com/analytics/keywordoverview/?q=automated%20customer%20retention%20agent&db=us"",""automated customer retention agent​"")","n/a","n/a","0","0","","n/a","n/a","n/a","0.00","0.00","n/a","n/a","For metrics, refresh"
"automated customer retention agent list","=HYPERLINK(""https://smrs.toolsfrog.com/analytics/keywordoverview/?q=automated%20customer%20retention%20agent%20list&db=us"",""automated customer retention agent list​"")","n/a","n/a","0","0","","n/a","n/a","n/a","0.00","0.00","n/a","n/a","For metrics, refresh"
"automated customer retention agents","=HYPERLINK(""https://smrs.toolsfrog.com/analytics/keywordoverview/?q=automated%20customer%20retention%20agents&db=us"",""automated customer retention agents​"")","n/a","n/a","0","0","","n/a","n/a","n/a","0.00","0.00","n/a","n/a","For metrics, refresh"
"automated customer retention agents list","=HYPERLINK(""https://smrs.toolsfrog.com/analytics/keywordoverview/?q=automated%20customer%20retention%20agents%20list&db=us"",""automated customer retention agents list​"")","n/a","n/a","0","0","","n/a","n/a","n/a","0.00","0.00","n/a","n/a","For metrics, refresh"
"automated customer retention comparison","=HYPERLINK(""https://smrs.toolsfrog.com/analytics/keywordoverview/?q=automated%20customer%20retention%20comparison&db=us"",""automated customer retention comparison​"")","n/a","n/a","0","0","","n/a","n/a","n/a","0.00","0.00","n/a","n/a","For metrics, refresh"
"automated customer retention comparison list","=HYPERLINK(""https://smrs.toolsfrog.com/analytics/keywordoverview/?q=automated%20customer%20retention%20comparison%20list&db=us"",""automated customer retention comparison list​"")","n/a","n/a","0","0","","n/a","n/a","n/a","0.00","0.00","n/a","n/a","For metrics, refresh"
"automated customer retention flows","=HYPERLINK(""https://smrs.toolsfrog.com/analytics/keywordoverview/?q=automated%20customer%20retention%20flows&db=us"",""automated customer retention flows​"")","n/a","n/a","0","0","","n/a","n/a","n/a","0.00","0.00","n/a","n/a","For metrics, refresh"
"automated customer retention for pizzerias","=HYPERLINK(""https://smrs.toolsfrog.com/analytics/keywordoverview/?q=automated%20customer%20retention%20for%20pizzerias&db=us"",""automated customer retention for pizzerias​"")","n/a","n/a","0","0","","n/a","n/a","n/a","0.00","0.00","n/a","n/a","For metrics, refresh"
"automated customer retention list","=HYPERLINK(""https://smrs.toolsfrog.com/analytics/keywordoverview/?q=automated%20customer%20retention%20list&db=us"",""automated customer retention list​"")","n/a","n/a","0","0","","n/a","n/a","n/a","0.00","0.00","n/a","n/a","For metrics, refresh"
"automated customer retention platform","=HYPERLINK(""https://smrs.toolsfrog.com/analytics/keywordoverview/?q=automated%20customer%20retention%20platform&db=us"",""automated customer retention platform​"")","n/a","n/a","0","0","","n/a","n/a","n/a","0.00","0.33","n/a","n/a","For metrics, refresh"
"automated customer retention platform list","=HYPERLINK(""https://smrs.toolsfrog.com/analytics/keywordoverview/?q=automated%20customer%20retention%20platform%20list&db=us"",""automated customer retention platform list​"")","n/a","n/a","0","0","","n/a","n/a","n/a","0.00","0.00","n/a","n/a","For metrics, refresh"
"automated customer retention platforms","=HYPERLINK(""https://smrs.toolsfrog.com/analytics/keywordoverview/?q=automated%20customer%20retention%20platforms&db=us"",""automated customer retention platforms​"")","n/a","n/a","0","0","","n/a","n/a","n/a","0.00","0.00","n/a","n/a","For metrics, refresh"
"automated customer retention platforms list","=HYPERLINK(""https://smrs.toolsfrog.com/analytics/keywordoverview/?q=automated%20customer%20retention%20platforms%20list&db=us"",""automated customer retention platforms list​"")","n/a","n/a","0","0","","n/a","n/a","n/a","0.00","0.00","n/a","n/a","For metrics, refresh"
"automated customer retention saas","=HYPERLINK(""https://smrs.toolsfrog.com/analytics/keywordoverview/?q=automated%20customer%20retention%20saas&db=us"",""automated customer retention saas​"")","n/a","n/a","0","0","","n/a","n/a","n/a","0.00","0.00","n/a","n/a","For metrics, refresh"
"automated customer retention saas list","=HYPERLINK(""https://smrs.toolsfrog.com/analytics/keywordoverview/?q=automated%20customer%20retention%20saas%20list&db=us"",""automated customer retention saas list​"")","n/a","n/a","0","0","","n/a","n/a","n/a","0.00","0.00","n/a","n/a","For metrics, refresh"
"automated customer retention service","=HYPERLINK(""https://smrs.toolsfrog.com/analytics/keywordoverview/?q=automated%20customer%20retention%20service&db=us"",""automated customer retention service​"")","n/a","n/a","0","0","","n/a","n/a","n/a","0.00","0.00","n/a","n/a","For metrics, refresh"
"automated customer retention service list","=HYPERLINK(""https://smrs.toolsfrog.com/analytics/keywordoverview/?q=automated%20customer%20retention%20service%20list&db=us"",""automated customer retention service list​"")","n/a","n/a","0","0","","n/a","n/a","n/a","0.00","0.00","n/a","n/a","For metrics, refresh"
"automated customer retention services","=HYPERLINK(""https://smrs.toolsfrog.com/analytics/keywordoverview/?q=automated%20customer%20retention%20services&db=us"",""automated customer retention services​"")","n/a","n/a","0","0","","n/a","n/a","n/a","0.00","0.00","n/a","n/a","For metrics, refresh"
"automated customer retention services list","=HYPERLINK(""https://smrs.toolsfrog.com/analytics/keywordoverview/?q=automated%20customer%20retention%20services%20list&db=us"",""automated customer retention services list​"")","n/a","n/a","0","0","","n/a","n/a","n/a","0.00","0.00","n/a","n/a","For metrics, refresh"
"automated customer retention software","=HYPERLINK(""https://smrs.toolsfrog.com/analytics/keywordoverview/?q=automated%20customer%20retention%20software&db=us"",""automated customer retention software​"")","n/a","n/a","0","0","","n/a","n/a","n/a","0.00","0.00","n/a","n/a","For metrics, refresh"
"automated customer retention software list","=HYPERLINK(""https://smrs.toolsfrog.com/analytics/keywordoverview/?q=automated%20customer%20retention%20software%20list&db=us"",""automated customer retention software list​"")","n/a","n/a","0","0","","n/a","n/a","n/a","0.00","0.00","n/a","n/a","For metrics, refresh"
"automated customer retention solution","=HYPERLINK(""https://smrs.toolsfrog.com/analytics/keywordoverview/?q=automated%20customer%20retention%20solution&db=us"",""automated customer retention solution​"")","n/a","n/a","0","0","","n/a","n/a","n/a","0.00","0.00","n/a","n/a","For metrics, refresh"
"automated customer retention solution list","=HYPERLINK(""https://smrs.toolsfrog.com/analytics/keywordoverview/?q=automated%20customer%20retention%20solution%20list&db=us"",""automated customer retention solution list​"")","n/a","n/a","0","0","","n/a","n/a","n/a","0.00","0.00","n/a","n/a","For metrics, refresh"
"automated customer retention solutions","=HYPERLINK(""https://smrs.toolsfrog.com/analytics/keywordoverview/?q=automated%20customer%20retention%20solutions&db=us"",""automated customer retention solutions​"")","n/a","n/a","0","0","","n/a","n/a","n/a","0.00","0.00","n/a","n/a","For metrics, refresh"
"automated customer retention solutions list","=HYPERLINK(""https://smrs.toolsfrog.com/analytics/keywordoverview/?q=automated%20customer%20retention%20solutions%20list&db=us"",""automated customer retention solutions list​"")","n/a","n/a","0","0","","n/a","n/a","n/a","0.00","0.00","n/a","n/a","For metrics, refresh"
"automated customer retention system","=HYPERLINK(""https://smrs.toolsfrog.com/analytics/keywordoverview/?q=automated%20customer%20retention%20system&db=us"",""automated customer retention system​"")","n/a","n/a","0","0","","n/a","n/a","n/a","0.00","0.00","n/a","n/a","For metrics, refresh"
"automated customer retention system list","=HYPERLINK(""https://smrs.toolsfrog.com/analytics/keywordoverview/?q=automated%20customer%20retention%20system%20list&db=us"",""automated customer retention system list​"")","n/a","n/a","0","0","","n/a","n/a","n/a","0.00","0.00","n/a","n/a","For metrics, refresh"
"automated customer retention systems","=HYPERLINK(""https://smrs.toolsfrog.com/analytics/keywordoverview/?q=automated%20customer%20retention%20systems&db=us"",""automated customer retention systems​"")","n/a","n/a","0","0","","n/a","n/a","n/a","0.00","0.00","n/a","n/a","For metrics, refresh"
"automated customer retention systems list","=HYPERLINK(""https://smrs.toolsfrog.com/analytics/keywordoverview/?q=automated%20customer%20retention%20systems%20list&db=us"",""automated customer retention systems list​"")","n/a","n/a","0","0","","n/a","n/a","n/a","0.00","0.00","n/a","n/a","For metrics, refresh"
"automated customer retention tool","=HYPERLINK(""https://smrs.toolsfrog.com/analytics/keywordoverview/?q=automated%20customer%20retention%20tool&db=us"",""automated customer retention tool​"")","n/a","n/a","0","0","","n/a","n/a","n/a","0.00","0.00","n/a","n/a","For metrics, refresh"
"automated customer retention tool list","=HYPERLINK(""https://smrs.toolsfrog.com/analytics/keywordoverview/?q=automated%20customer%20retention%20tool%20list&db=us"",""automated customer retention tool list​"")","n/a","n/a","0","0","","n/a","n/a","n/a","0.00","0.00","n/a","n/a","For metrics, refresh"
"automated customer retention tools","=HYPERLINK(""https://smrs.toolsfrog.com/analytics/keywordoverview/?q=automated%20customer%20retention%20tools&db=us"",""automated customer retention tools​"")","n/a","n/a","0","0","","n/a","n/a","n/a","0.00","0.00","n/a","n/a","For metrics, refresh"
"automated customer retention tools list","=HYPERLINK(""https://smrs.toolsfrog.com/analytics/keywordoverview/?q=automated%20customer%20retention%20tools%20list&db=us"",""automated customer retention tools list​"")","n/a","n/a","0","0","","n/a","n/a","n/a","0.00","0.00","n/a","n/a","For metrics, refresh"
"automated direct mail services for customer retention","=HYPERLINK(""https://smrs.toolsfrog.com/analytics/keywordoverview/?q=automated%20direct%20mail%20services%20for%20customer%20retention&db=us"",""automated direct mail services for customer retention​"")","n/a","n/a","0","0","","n/a","n/a","n/a","0.00","0.00","n/a","n/a","For metrics, refresh"
"automated email campaigns for customer retention","=HYPERLINK(""https://smrs.toolsfrog.com/analytics/keywordoverview/?q=automated%20email%20campaigns%20for%20customer%20retention&db=us"",""automated email campaigns for customer retention​"")","n/a","n/a","0","0","","n/a","n/a","n/a","0.00","0.00","n/a","n/a","For metrics, refresh"
"automated marketing tools for jewelry stores customer retention","=HYPERLINK(""https://smrs.toolsfrog.com/analytics/keywordoverview/?q=automated%20marketing%20tools%20for%20jewelry%20stores%20customer%20retention&db=us"",""automated marketing tools for jewelry stores customer retention​"")","n/a","n/a","0","0","","n/a","n/a","n/a","0.00","0.00","n/a","n/a","For metrics, refresh"
"automated thank you emails customer retention impact","=HYPERLINK(""https://smrs.toolsfrog.com/analytics/keywordoverview/?q=automated%20thank%20you%20emails%20customer%20retention%20impact&db=us"",""automated thank you emails customer retention impact​"")","n/a","n/a","0","0","","n/a","n/a","n/a","0.00","0.00","n/a","n/a","For metrics, refresh"
"automated thankyou emails customer retention impact","=HYPERLINK(""https://smrs.toolsfrog.com/analytics/keywordoverview/?q=automated%20thankyou%20emails%20customer%20retention%20impact&db=us"",""automated thankyou emails customer retention impact​"")","n/a","n/a","0","0","","n/a","n/a","n/a","0.00","0.00","n/a","n/a","For metrics, refresh"
"automating appointment reminders customer retention benefits","=HYPERLINK(""https://smrs.toolsfrog.com/analytics/keywordoverview/?q=automating%20appointment%20reminders%20customer%20retention%20benefits&db=us"",""automating appointment reminders customer retention benefits​"")","n/a","n/a","0","0","","n/a","n/a","n/a","0.00","0.00","n/a","n/a","For metrics, refresh"
"automating customer retention workflows options","=HYPERLINK(""https://smrs.toolsfrog.com/analytics/keywordoverview/?q=automating%20customer%20retention%20workflows%20options&db=us"",""automating customer retention workflows options​"")","n/a","n/a","0","0","","n/a","n/a","n/a","0.00","0.00","n/a","n/a","For metrics, refresh"
"automating customer support for better retention","=HYPERLINK(""https://smrs.toolsfrog.com/analytics/keywordoverview/?q=automating%20customer%20support%20for%20better%20retention&db=us"",""automating customer support for better retention​"")","n/a","n/a","0","0","","n/a","n/a","n/a","0.00","0.00","n/a","n/a","For metrics, refresh"
"automating customer support for better retention strategies","=HYPERLINK(""https://smrs.toolsfrog.com/analytics/keywordoverview/?q=automating%20customer%20support%20for%20better%20retention%20strategies&db=us"",""automating customer support for better retention strategies​"")","n/a","n/a","0","0","","n/a","n/a","n/a","0.00","0.00","n/a","n/a","For metrics, refresh"
"automation customer retention","=HYPERLINK(""https://smrs.toolsfrog.com/analytics/keywordoverview/?q=automation%20customer%20retention&db=us"",""automation customer retention​"")","n/a","n/a","0","0","","n/a","n/a","n/a","0.00","0.00","n/a","n/a","For metrics, refresh"
"automation on customer retention","=HYPERLINK(""https://smrs.toolsfrog.com/analytics/keywordoverview/?q=automation%20on%20customer%20retention&db=us"",""automation on customer retention​"")","n/a","n/a","0","0","","n/a","n/a","n/a","0.00","0.00","n/a","n/a","For metrics, refresh"
"automobile customer retention","=HYPERLINK(""https://smrs.toolsfrog.com/analytics/keywordoverview/?q=automobile%20customer%20retention&db=us"",""automobile customer retention​"")","n/a","n/a","0","0","","n/a","n/a","n/a","0.00","0.00","n/a","n/a","For metrics, refresh"
"automotive aftermarket software for online customer retention","=HYPERLINK(""https://smrs.toolsfrog.com/analytics/keywordoverview/?q=automotive%20aftermarket%20software%20for%20online%20customer%20retention&db=us"",""automotive aftermarket software for online customer retention​"")","n/a","n/a","0","0","","n/a","n/a","n/a","0.00","0.00","n/a","n/a","For metrics, refresh"
"automotive customer acquisition vs retention costs","=HYPERLINK(""https://smrs.toolsfrog.com/analytics/keywordoverview/?q=automotive%20customer%20acquisition%20vs%20retention%20costs&db=us"",""automotive customer acquisition vs retention costs​"")","n/a","n/a","0","0","","n/a","n/a","n/a","0.00","0.00","n/a","n/a","For metrics, refresh"
"automotive customer retention 0","=HYPERLINK(""https://smrs.toolsfrog.com/analytics/keywordoverview/?q=automotive%20customer%20retention%200&db=us"",""automotive customer retention 0​"")","n/a","n/a","0","0","","n/a","n/a","n/a","0.00","0.00","n/a","n/a","For metrics, refresh"
"automotive customer retention ratings","=HYPERLINK(""https://smrs.toolsfrog.com/analytics/keywordoverview/?q=automotive%20customer%20retention%20ratings&db=us"",""automotive customer retention ratings​"")","n/a","n/a","0","0","","n/a","n/a","n/a","0.00","0.00","n/a","n/a","For metrics, refresh"
"automotive customer retention solutions","=HYPERLINK(""https://smrs.toolsfrog.com/analytics/keywordoverview/?q=automotive%20customer%20retention%20solutions&db=us"",""automotive customer retention solutions​"")","n/a","n/a","0","0","","n/a","n/a","n/a","0.00","0.00","n/a","n/a","For metrics, refresh"
"automotive customer retention statistics","=HYPERLINK(""https://smrs.toolsfrog.com/analytics/keywordoverview/?q=automotive%20customer%20retention%20statistics&db=us"",""automotive customer retention statistics​"")","n/a","n/a","0","0","","n/a","n/a","n/a","0.00","0.00","n/a","n/a","For metrics, refresh"
"automotive service customer retention","=HYPERLINK(""https://smrs.toolsfrog.com/analytics/keywordoverview/?q=automotive%20service%20customer%20retention&db=us"",""automotive service customer retention​"")","n/a","n/a","0","0","","n/a","n/a","n/a","0.00","0.00","n/a","n/a","For metrics, refresh"
"autonation customer churn rate and retention 2025","=HYPERLINK(""https://smrs.toolsfrog.com/analytics/keywordoverview/?q=autonation%20customer%20churn%20rate%20and%20retention%202025&db=us"",""autonation customer churn rate and retention 2025​"")","n/a","n/a","0","0","","n/a","n/a","n/a","0.00","0.00","n/a","n/a","For metrics, refresh"
"autovitals customer retention","=HYPERLINK(""https://smrs.toolsfrog.com/analytics/keywordoverview/?q=autovitals%20customer%20retention&db=us"",""autovitals customer retention​"")","n/a","n/a","0","0","","n/a","n/a","n/a","0.00","0.00","n/a","n/a","For metrics, refresh"
"autozone customer churn rate and retention 2025","=HYPERLINK(""https://smrs.toolsfrog.com/analytics/keywordoverview/?q=autozone%20customer%20churn%20rate%20and%20retention%202025&db=us"",""autozone customer churn rate and retention 2025​"")","n/a","n/a","0","0","","n/a","n/a","n/a","0.00","0.00","n/a","n/a","For metrics, refresh"
"avaya infinity platform customer retention features","=HYPERLINK(""https://smrs.toolsfrog.com/analytics/keywordoverview/?q=avaya%20infinity%20platform%20customer%20retention%20features&db=us"",""avaya infinity platform customer retention features​"")","n/a","n/a","0","0","","n/a","n/a","n/a","0.00","0.00","n/a","n/a","For metrics, refresh"
"average customer life compared to customer retention","=HYPERLINK(""https://smrs.toolsfrog.com/analytics/keywordoverview/?q=average%20customer%20life%20compared%20to%20customer%20retention&db=us"",""average customer life compared to customer retention​"")","n/a","n/a","0","0","","n/a","n/a","n/a","0.00","0.00","n/a","n/a","For metrics, refresh"
"average customer life compared to customer retention equation","=HYPERLINK(""https://smrs.toolsfrog.com/analytics/keywordoverview/?q=average%20customer%20life%20compared%20to%20customer%20retention%20equation&db=us"",""average customer life compared to customer retention equation​"")","n/a","n/a","0","0","","n/a","n/a","n/a","0.00","0.00","n/a","n/a","For metrics, refresh"
"average customer retention by industry","=HYPERLINK(""https://smrs.toolsfrog.com/analytics/keywordoverview/?q=average%20customer%20retention%20by%20industry&db=us"",""average customer retention by industry​"")","n/a","n/a","0","0","","n/a","n/a","n/a","0.00","0.00","n/a","n/a","For metrics, refresh"
"average customer retention cost","=HYPERLINK(""https://smrs.toolsfrog.com/analytics/keywordoverview/?q=average%20customer%20retention%20cost&db=us"",""average customer retention cost​"")","n/a","n/a","0","0","","n/a","n/a","n/a","0.00","0.00","n/a","n/a","For metrics, refresh"
"average customer retention for retail","=HYPERLINK(""https://smrs.toolsfrog.com/analytics/keywordoverview/?q=average%20customer%20retention%20for%20retail&db=us"",""average customer retention for retail​"")","n/a","n/a","0","0","","n/a","n/a","n/a","0.00","0.00","n/a","n/a","For metrics, refresh"
"average customer retention rate across industries","=HYPERLINK(""https://smrs.toolsfrog.com/analytics/keywordoverview/?q=average%20customer%20retention%20rate%20across%20industries&db=us"",""average customer retention rate across industries​"")","n/a","n/a","0","0","","n/a","n/a","n/a","0.00","0.00","n/a","n/a","For metrics, refresh"
"average customer retention rate by industry saas","=HYPERLINK(""https://smrs.toolsfrog.com/analytics/keywordoverview/?q=average%20customer%20retention%20rate%20by%20industry%20saas&db=us"",""average customer retention rate by industry saas​"")","n/a","n/a","0","0","","n/a","n/a","n/a","0.00","0.00","n/a","n/a","For metrics, refresh"
"average customer retention rate by industry uk","=HYPERLINK(""https://smrs.toolsfrog.com/analytics/keywordoverview/?q=average%20customer%20retention%20rate%20by%20industry%20uk&db=us"",""average customer retention rate by industry uk​"")","n/a","n/a","0","0","","n/a","n/a","n/a","0.00","0.00","n/a","n/a","For metrics, refresh"
"average customer retention rate e commerce","=HYPERLINK(""https://smrs.toolsfrog.com/analytics/keywordoverview/?q=average%20customer%20retention%20rate%20e%20commerce&db=us"",""average customer retention rate e commerce​"")","n/a","n/a","0","0","","n/a","n/a","n/a","0.00","0.00","n/a","n/a","For metrics, refresh"
"average customer retention rate e-commerce","=HYPERLINK(""https://smrs.toolsfrog.com/analytics/keywordoverview/?q=average%20customer%20retention%20rate%20e-commerce&db=us"",""average customer retention rate e-commerce​"")","n/a","n/a","0","0","","n/a","n/a","n/a","0.00","0.00","n/a","n/a","For metrics, refresh"
"average customer retention rate fashion","=HYPERLINK(""https://smrs.toolsfrog.com/analytics/keywordoverview/?q=average%20customer%20retention%20rate%20fashion&db=us"",""average customer retention rate fashion​"")","n/a","n/a","0","0","","n/a","n/a","n/a","0.00","0.00","n/a","n/a","For metrics, refresh"
"average customer retention rate for bars","=HYPERLINK(""https://smrs.toolsfrog.com/analytics/keywordoverview/?q=average%20customer%20retention%20rate%20for%20bars&db=us"",""average customer retention rate for bars​"")","n/a","n/a","0","0","","n/a","n/a","n/a","0.00","0.00","n/a","n/a","For metrics, refresh"
"average customer retention rate for companies","=HYPERLINK(""https://smrs.toolsfrog.com/analytics/keywordoverview/?q=average%20customer%20retention%20rate%20for%20companies&db=us"",""average customer retention rate for companies​"")","n/a","n/a","0","0","","n/a","n/a","n/a","0.00","0.00","n/a","n/a","For metrics, refresh"
"average customer retention rate for ecommerce stores","=HYPERLINK(""https://smrs.toolsfrog.com/analytics/keywordoverview/?q=average%20customer%20retention%20rate%20for%20ecommerce%20stores&db=us"",""average customer retention rate for ecommerce stores​"")","n/a","n/a","0","0","","n/a","n/a","n/a","0.00","0.00","n/a","n/a","For metrics, refresh"
"average customer retention rate for toys","=HYPERLINK(""https://smrs.toolsfrog.com/analytics/keywordoverview/?q=average%20customer%20retention%20rate%20for%20toys&db=us"",""average customer retention rate for toys​"")","n/a","n/a","0","0","","n/a","n/a","n/a","0.00","0.00","n/a","n/a","For metrics, refresh"
"average customer retention rate for toys and games","=HYPERLINK(""https://smrs.toolsfrog.com/analytics/keywordoverview/?q=average%20customer%20retention%20rate%20for%20toys%20and%20games&db=us"",""average customer retention rate for toys and games​"")","n/a","n/a","0","0","","n/a","n/a","n/a","0.00","0.00","n/a","n/a","For metrics, refresh"
"average customer retention rate in ecommerce","=HYPERLINK(""https://smrs.toolsfrog.com/analytics/keywordoverview/?q=average%20customer%20retention%20rate%20in%20ecommerce&db=us"",""average customer retention rate in ecommerce​"")","n/a","n/a","0","0","","n/a","n/a","n/a","0.00","0.00","n/a","n/a","For metrics, refresh"
"average customer retention rate in food and beverage industry","=HYPERLINK(""https://smrs.toolsfrog.com/analytics/keywordoverview/?q=average%20customer%20retention%20rate%20in%20food%20and%20beverage%20industry&db=us"",""average customer retention rate in food and beverage industry​"")","n/a","n/a","0","0","","n/a","n/a","n/a","0.00","0.00","n/a","n/a","For metrics, refresh"
"average customer retention rate starbucks or coffee retail","=HYPERLINK(""https://smrs.toolsfrog.com/analytics/keywordoverview/?q=average%20customer%20retention%20rate%20starbucks%20or%20coffee%20retail&db=us"",""average customer retention rate starbucks or coffee retail​"")","n/a","n/a","0","0","","n/a","n/a","n/a","0.00","0.00","n/a","n/a","For metrics, refresh"
"average customer retention rates","=HYPERLINK(""https://smrs.toolsfrog.com/analytics/keywordoverview/?q=average%20customer%20retention%20rates&db=us"",""average customer retention rates​"")","n/a","n/a","0","0","","n/a","n/a","n/a","0.00","0.33","n/a","n/a","For metrics, refresh"
"average customer retention rates by industry","=HYPERLINK(""https://smrs.toolsfrog.com/analytics/keywordoverview/?q=average%20customer%20retention%20rates%20by%20industry&db=us"",""average customer retention rates by industry​"")","n/a","n/a","0","0","","n/a","n/a","n/a","0.00","0.00","n/a","n/a","For metrics, refresh"
"average ecommerce customer retention","=HYPERLINK(""https://smrs.toolsfrog.com/analytics/keywordoverview/?q=average%20ecommerce%20customer%20retention&db=us"",""average ecommerce customer retention​"")","n/a","n/a","0","0","","n/a","n/a","n/a","0.00","0.00","n/a","n/a","For metrics, refresh"
"average ecommerce customer retention b2b","=HYPERLINK(""https://smrs.toolsfrog.com/analytics/keywordoverview/?q=average%20ecommerce%20customer%20retention%20b2b&db=us"",""average ecommerce customer retention b2b​"")","n/a","n/a","0","0","","n/a","n/a","n/a","0.00","0.00","n/a","n/a","For metrics, refresh"
"average fashion industry customer retention","=HYPERLINK(""https://smrs.toolsfrog.com/analytics/keywordoverview/?q=average%20fashion%20industry%20customer%20retention&db=us"",""average fashion industry customer retention​"")","n/a","n/a","0","0","","n/a","n/a","n/a","0.00","0.00","n/a","n/a","For metrics, refresh"
"average online customer retention rate","=HYPERLINK(""https://smrs.toolsfrog.com/analytics/keywordoverview/?q=average%20online%20customer%20retention%20rate&db=us"",""average online customer retention rate​"")","n/a","n/a","0","0","","n/a","n/a","n/a","0.00","0.00","n/a","n/a","For metrics, refresh"
"average retail customer retention","=HYPERLINK(""https://smrs.toolsfrog.com/analytics/keywordoverview/?q=average%20retail%20customer%20retention&db=us"",""average retail customer retention​"")","n/a","n/a","0","0","","n/a","n/a","n/a","0.00","0.00","n/a","n/a","For metrics, refresh"
"average retention of customers when selling an oil heating business","=HYPERLINK(""https://smrs.toolsfrog.com/analytics/keywordoverview/?q=average%20retention%20of%20customers%20when%20selling%20an%20oil%20heating%20business&db=us"",""average retention of customers when selling an oil heating business​"")","n/a","n/a","0","0","","n/a","n/a","n/a","0.00","0.00","n/a","n/a","For metrics, refresh"
"average retention time customer wayfair","=HYPERLINK(""https://smrs.toolsfrog.com/analytics/keywordoverview/?q=average%20retention%20time%20customer%20wayfair&db=us"",""average retention time customer wayfair​"")","n/a","n/a","0","0","","n/a","n/a","n/a","0.00","0.00","n/a","n/a","For metrics, refresh"
"average roi time crm implementation customer retention","=HYPERLINK(""https://smrs.toolsfrog.com/analytics/keywordoverview/?q=average%20roi%20time%20crm%20implementation%20customer%20retention&db=us"",""average roi time crm implementation customer retention​"")","n/a","n/a","0","0","","n/a","n/a","n/a","0.00","0.00","n/a","n/a","For metrics, refresh"
"average salary for customer retention specialist","=HYPERLINK(""https://smrs.toolsfrog.com/analytics/keywordoverview/?q=average%20salary%20for%20customer%20retention%20specialist&db=us"",""average salary for customer retention specialist​"")","n/a","n/a","0","0","","n/a","n/a","n/a","0.00","0.00","n/a","n/a","For metrics, refresh"
"awareness of sales associate on customer retention","=HYPERLINK(""https://smrs.toolsfrog.com/analytics/keywordoverview/?q=awareness%20of%20sales%20associate%20on%20customer%20retention&db=us"",""awareness of sales associate on customer retention​"")","n/a","n/a","0","0","","n/a","n/a","n/a","0.00","0.00","n/a","n/a","For metrics, refresh"
"b2b customer acquisition vs retention cost","=HYPERLINK(""https://smrs.toolsfrog.com/analytics/keywordoverview/?q=b2b%20customer%20acquisition%20vs%20retention%20cost&db=us"",""b2b customer acquisition vs retention cost​"")","n/a","n/a","0","0","","n/a","n/a","n/a","0.00","0.00","n/a","n/a","For metrics, refresh"
"b2b customer retention & loyalty manager","=HYPERLINK(""https://smrs.toolsfrog.com/analytics/keywordoverview/?q=b2b%20customer%20retention%20%26%20loyalty%20manager&db=us"",""b2b customer retention & loyalty manager​"")","n/a","n/a","0","0","","n/a","n/a","n/a","0.00","0.00","n/a","n/a","For metrics, refresh"
"b2b customer retention business insider","=HYPERLINK(""https://smrs.toolsfrog.com/analytics/keywordoverview/?q=b2b%20customer%20retention%20business%20insider&db=us"",""b2b customer retention business insider​"")","n/a","n/a","0","0","","n/a","n/a","n/a","0.00","0.00","n/a","n/a","For metrics, refresh"
"b2b customer retention crm","=HYPERLINK(""https://smrs.toolsfrog.com/analytics/keywordoverview/?q=b2b%20customer%20retention%20crm&db=us"",""b2b customer retention crm​"")","n/a","n/a","0","0","","n/a","n/a","n/a","0.00","0.00","n/a","n/a","For metrics, refresh"
"b2b customer retention examples","=HYPERLINK(""https://smrs.toolsfrog.com/analytics/keywordoverview/?q=b2b%20customer%20retention%20examples&db=us"",""b2b customer retention examples​"")","n/a","n/a","0","0","","n/a","n/a","n/a","0.00","0.00","n/a","n/a","For metrics, refresh"
"b2b customer retention statistics 2018","=HYPERLINK(""https://smrs.toolsfrog.com/analytics/keywordoverview/?q=b2b%20customer%20retention%20statistics%202018&db=us"",""b2b customer retention statistics 2018​"")","n/a","n/a","0","0","","n/a","n/a","n/a","0.00","0.00","n/a","n/a","For metrics, refresh"
"b2b customer retention statistics 2019","=HYPERLINK(""https://smrs.toolsfrog.com/analytics/keywordoverview/?q=b2b%20customer%20retention%20statistics%202019&db=us"",""b2b customer retention statistics 2019​"")","n/a","n/a","0","0","","n/a","n/a","n/a","0.00","0.00","n/a","n/a","For metrics, refresh"
"b2b customer retention strategies 2025","=HYPERLINK(""https://smrs.toolsfrog.com/analytics/keywordoverview/?q=b2b%20customer%20retention%20strategies%202025&db=us"",""b2b customer retention strategies 2025​"")","n/a","n/a","0","0","","n/a","n/a","n/a","0.00","0.00","n/a","n/a","For metrics, refresh"
"b2b customer retention strategies digital experiences 2025 or 2026","=HYPERLINK(""https://smrs.toolsfrog.com/analytics/keywordoverview/?q=b2b%20customer%20retention%20strategies%20digital%20experiences%202025%20or%202026&db=us"",""b2b customer retention strategies digital experiences 2025 or 2026​"")","n/a","n/a","0","0","","n/a","n/a","n/a","0.00","0.00","n/a","n/a","For metrics, refresh"
"b2b customer retention strategy","=HYPERLINK(""https://smrs.toolsfrog.com/analytics/keywordoverview/?q=b2b%20customer%20retention%20strategy&db=us"",""b2b customer retention strategy​"")","n/a","n/a","0","0","","n/a","n/a","n/a","0.00","0.00","n/a","n/a","For metrics, refresh"
"b2b customer retention tactics","=HYPERLINK(""https://smrs.toolsfrog.com/analytics/keywordoverview/?q=b2b%20customer%20retention%20tactics&db=us"",""b2b customer retention tactics​"")","n/a","n/a","0","0","","n/a","n/a","n/a","0.00","0.00","n/a","n/a","For metrics, refresh"
"b2b customer success retention","=HYPERLINK(""https://smrs.toolsfrog.com/analytics/keywordoverview/?q=b2b%20customer%20success%20retention&db=us"",""b2b customer success retention​"")","n/a","n/a","0","0","","n/a","n/a","n/a","0.00","0.00","n/a","n/a","For metrics, refresh"
"b2b customers retention","=HYPERLINK(""https://smrs.toolsfrog.com/analytics/keywordoverview/?q=b2b%20customers%20retention&db=us"",""b2b customers retention​"")","n/a","n/a","0","0","","n/a","n/a","n/a","0.00","0.00","n/a","n/a","For metrics, refresh"
"b2b e commerce customer retention strategies","=HYPERLINK(""https://smrs.toolsfrog.com/analytics/keywordoverview/?q=b2b%20e%20commerce%20customer%20retention%20strategies&db=us"",""b2b e commerce customer retention strategies​"")","n/a","n/a","0","0","","n/a","n/a","n/a","0.00","0.00","n/a","n/a","For metrics, refresh"
"b2b e-commerce customer retention strategies","=HYPERLINK(""https://smrs.toolsfrog.com/analytics/keywordoverview/?q=b2b%20e-commerce%20customer%20retention%20strategies&db=us"",""b2b e-commerce customer retention strategies​"")","n/a","n/a","0","0","","n/a","n/a","n/a","0.00","0.00","n/a","n/a","For metrics, refresh"
"b2b mobile app features for customer retention and repeat business","=HYPERLINK(""https://smrs.toolsfrog.com/analytics/keywordoverview/?q=b2b%20mobile%20app%20features%20for%20customer%20retention%20and%20repeat%20business&db=us"",""b2b mobile app features for customer retention and repeat business​"")","n/a","n/a","0","0","","n/a","n/a","n/a","0.00","0.00","n/a","n/a","For metrics, refresh"
"b2b software tools for proactive customer retention","=HYPERLINK(""https://smrs.toolsfrog.com/analytics/keywordoverview/?q=b2b%20software%20tools%20for%20proactive%20customer%20retention&db=us"",""b2b software tools for proactive customer retention​"")","n/a","n/a","0","0","","n/a","n/a","n/a","0.00","0.00","n/a","n/a","For metrics, refresh"
"b2c customer retention","=HYPERLINK(""https://smrs.toolsfrog.com/analytics/keywordoverview/?q=b2c%20customer%20retention&db=us"",""b2c customer retention​"")","n/a","n/a","0","0","","n/a","n/a","n/a","0.00","0.00","n/a","n/a","For metrics, refresh"
"b2c customer retention strategies","=HYPERLINK(""https://smrs.toolsfrog.com/analytics/keywordoverview/?q=b2c%20customer%20retention%20strategies&db=us"",""b2c customer retention strategies​"")","n/a","n/a","0","0","","n/a","n/a","n/a","0.00","0.00","n/a","n/a","For metrics, refresh"
"b2c customer retention strategies marketers","=HYPERLINK(""https://smrs.toolsfrog.com/analytics/keywordoverview/?q=b2c%20customer%20retention%20strategies%20marketers&db=us"",""b2c customer retention strategies marketers​"")","n/a","n/a","0","0","","n/a","n/a","n/a","0.00","0.00","n/a","n/a","For metrics, refresh"
"back office sales and customer retention","=HYPERLINK(""https://smrs.toolsfrog.com/analytics/keywordoverview/?q=back%20office%20sales%20and%20customer%20retention&db=us"",""back office sales and customer retention​"")","n/a","n/a","0","0","","n/a","n/a","n/a","0.00","0.00","n/a","n/a","For metrics, refresh"
"background music in retail impact customer retention","=HYPERLINK(""https://smrs.toolsfrog.com/analytics/keywordoverview/?q=background%20music%20in%20retail%20impact%20customer%20retention&db=us"",""background music in retail impact customer retention​"")","n/a","n/a","0","0","","n/a","n/a","n/a","0.00","0.00","n/a","n/a","For metrics, refresh"
"background music is important in retail for customer retention","=HYPERLINK(""https://smrs.toolsfrog.com/analytics/keywordoverview/?q=background%20music%20is%20important%20in%20retail%20for%20customer%20retention&db=us"",""background music is important in retail for customer retention​"")","n/a","n/a","0","0","","n/a","n/a","n/a","0.00","0.00","n/a","n/a","For metrics, refresh"
"bad customer retention life insurance","=HYPERLINK(""https://smrs.toolsfrog.com/analytics/keywordoverview/?q=bad%20customer%20retention%20life%20insurance&db=us"",""bad customer retention life insurance​"")","n/a","n/a","0","0","","n/a","n/a","n/a","0.00","0.00","n/a","n/a","For metrics, refresh"
"bain & company customer retention cost vs acquisition","=HYPERLINK(""https://smrs.toolsfrog.com/analytics/keywordoverview/?q=bain%20%26%20company%20customer%20retention%20cost%20vs%20acquisition&db=us"",""bain & company customer retention cost vs acquisition​"")","n/a","n/a","0","0","","n/a","n/a","n/a","0.00","0.00","n/a","n/a","For metrics, refresh"
"bain and company 2000 customer retention and profitability","=HYPERLINK(""https://smrs.toolsfrog.com/analytics/keywordoverview/?q=bain%20and%20company%202000%20customer%20retention%20and%20profitability&db=us"",""bain and company 2000 customer retention and profitability​"")","n/a","n/a","0","0","","n/a","n/a","n/a","0.00","0.00","n/a","n/a","For metrics, refresh"
"bain and company customer retention and profit","=HYPERLINK(""https://smrs.toolsfrog.com/analytics/keywordoverview/?q=bain%20and%20company%20customer%20retention%20and%20profit&db=us"",""bain and company customer retention and profit​"")","n/a","n/a","0","0","","n/a","n/a","n/a","0.00","0.00","n/a","n/a","For metrics, refresh"
"bain and company customer retention and profitability","=HYPERLINK(""https://smrs.toolsfrog.com/analytics/keywordoverview/?q=bain%20and%20company%20customer%20retention%20and%20profitability&db=us"",""bain and company customer retention and profitability​"")","n/a","n/a","0","0","","n/a","n/a","n/a","0.00","0.00","n/a","n/a","For metrics, refresh"
"bain company 5 increase customer retention","=HYPERLINK(""https://smrs.toolsfrog.com/analytics/keywordoverview/?q=bain%20company%205%20increase%20customer%20retention&db=us"",""bain company 5 increase customer retention​"")","n/a","n/a","0","0","","n/a","n/a","n/a","0.00","0.00","n/a","n/a","For metrics, refresh"
"bain research on customer retention and profitability of loyal","=HYPERLINK(""https://smrs.toolsfrog.com/analytics/keywordoverview/?q=bain%20research%20on%20customer%20retention%20and%20profitability%20of%20loyal&db=us"",""bain research on customer retention and profitability of loyal​"")","n/a","n/a","0","0","","n/a","n/a","n/a","0.00","0.00","n/a","n/a","For metrics, refresh"
"bakery customer retention strategies","=HYPERLINK(""https://smrs.toolsfrog.com/analytics/keywordoverview/?q=bakery%20customer%20retention%20strategies&db=us"",""bakery customer retention strategies​"")","n/a","n/a","0","0","","n/a","n/a","n/a","0.00","0.00","n/a","n/a","For metrics, refresh"
"balancing customer acquisition and retention","=HYPERLINK(""https://smrs.toolsfrog.com/analytics/keywordoverview/?q=balancing%20customer%20acquisition%20and%20retention&db=us"",""balancing customer acquisition and retention​"")","n/a","n/a","0","0","","n/a","n/a","n/a","0.00","0.00","n/a","n/a","For metrics, refresh"
"bank america customer retention department","=HYPERLINK(""https://smrs.toolsfrog.com/analytics/keywordoverview/?q=bank%20america%20customer%20retention%20department&db=us"",""bank america customer retention department​"")","n/a","n/a","0","0","","n/a","n/a","n/a","0.00","0.00","n/a","n/a","For metrics, refresh"
"bank customer retention pdf","=HYPERLINK(""https://smrs.toolsfrog.com/analytics/keywordoverview/?q=bank%20customer%20retention%20pdf&db=us"",""bank customer retention pdf​"")","n/a","n/a","0","0","","n/a","n/a","n/a","0.00","0.00","n/a","n/a","For metrics, refresh"
"bank customer retention program","=HYPERLINK(""https://smrs.toolsfrog.com/analytics/keywordoverview/?q=bank%20customer%20retention%20program&db=us"",""bank customer retention program​"")","n/a","n/a","0","0","","n/a","n/a","n/a","0.00","0.00","n/a","n/a","For metrics, refresh"
"bank customer retention rate","=HYPERLINK(""https://smrs.toolsfrog.com/analytics/keywordoverview/?q=bank%20customer%20retention%20rate&db=us"",""bank customer retention rate​"")","n/a","n/a","0","0","","n/a","n/a","n/a","0.00","0.00","n/a","n/a","For metrics, refresh"
"bank customer retention rates","=HYPERLINK(""https://smrs.toolsfrog.com/analytics/keywordoverview/?q=bank%20customer%20retention%20rates&db=us"",""bank customer retention rates​"")","n/a","n/a","0","0","","n/a","n/a","n/a","0.00","0.00","n/a","n/a","For metrics, refresh"
"bank customer retention smes","=HYPERLINK(""https://smrs.toolsfrog.com/analytics/keywordoverview/?q=bank%20customer%20retention%20smes&db=us"",""bank customer retention smes​"")","n/a","n/a","0","0","","n/a","n/a","n/a","0.00","0.00","n/a","n/a","For metrics, refresh"
"bank customer retention strategy template","=HYPERLINK(""https://smrs.toolsfrog.com/analytics/keywordoverview/?q=bank%20customer%20retention%20strategy%20template&db=us"",""bank customer retention strategy template​"")","n/a","n/a","0","0","","n/a","n/a","n/a","0.00","0.00","n/a","n/a","For metrics, refresh"
"bank of america customer retention department","=HYPERLINK(""https://smrs.toolsfrog.com/analytics/keywordoverview/?q=bank%20of%20america%20customer%20retention%20department&db=us"",""bank of america customer retention department​"")","n/a","n/a","0","0","","n/a","n/a","n/a","0.00","0.00","n/a","n/a","For metrics, refresh"
"bank of america customer retention phone number","=HYPERLINK(""https://smrs.toolsfrog.com/analytics/keywordoverview/?q=bank%20of%20america%20customer%20retention%20phone%20number&db=us"",""bank of america customer retention phone number​"")","n/a","n/a","0","0","","n/a","n/a","n/a","0.00","0.00","n/a","n/a","For metrics, refresh"
"bank of amerifca customer retention","=HYPERLINK(""https://smrs.toolsfrog.com/analytics/keywordoverview/?q=bank%20of%20amerifca%20customer%20retention&db=us"",""bank of amerifca customer retention​"")","n/a","n/a","0","0","","n/a","n/a","n/a","0.00","0.00","n/a","n/a","For metrics, refresh"
"banking customer retention strategies","=HYPERLINK(""https://smrs.toolsfrog.com/analytics/keywordoverview/?q=banking%20customer%20retention%20strategies&db=us"",""banking customer retention strategies​"")","n/a","n/a","0","0","","n/a","n/a","n/a","0.00","0.00","n/a","n/a","For metrics, refresh"
"banks ai driven loyalty solutions customer retention engagement","=HYPERLINK(""https://smrs.toolsfrog.com/analytics/keywordoverview/?q=banks%20ai%20driven%20loyalty%20solutions%20customer%20retention%20engagement&db=us"",""banks ai driven loyalty solutions customer retention engagement​"")","n/a","n/a","0","0","","n/a","n/a","n/a","0.00","0.00","n/a","n/a","For metrics, refresh"
"banks ai driven loyalty solutions customer retention engagement strategies","=HYPERLINK(""https://smrs.toolsfrog.com/analytics/keywordoverview/?q=banks%20ai%20driven%20loyalty%20solutions%20customer%20retention%20engagement%20strategies&db=us"",""banks ai driven loyalty solutions customer retention engagement strategies​"")","n/a","n/a","0","0","","n/a","n/a","n/a","0.00","0.00","n/a","n/a","For metrics, refresh"
"banks ai-driven loyalty solutions customer retention engagement strategies","=HYPERLINK(""https://smrs.toolsfrog.com/analytics/keywordoverview/?q=banks%20ai-driven%20loyalty%20solutions%20customer%20retention%20engagement%20strategies&db=us"",""banks ai-driven loyalty solutions customer retention engagement strategies​"")","n/a","n/a","0","0","","n/a","n/a","n/a","0.00","0.00","n/a","n/a","For metrics, refresh"
"banks aidriven loyalty solutions customer retention engagement strategies","=HYPERLINK(""https://smrs.toolsfrog.com/analytics/keywordoverview/?q=banks%20aidriven%20loyalty%20solutions%20customer%20retention%20engagement%20strategies&db=us"",""banks aidriven loyalty solutions customer retention engagement strategies​"")","n/a","n/a","0","0","","n/a","n/a","n/a","0.00","0.00","n/a","n/a","For metrics, refresh"
"banks using ai for customer retention and loyalty","=HYPERLINK(""https://smrs.toolsfrog.com/analytics/keywordoverview/?q=banks%20using%20ai%20for%20customer%20retention%20and%20loyalty&db=us"",""banks using ai for customer retention and loyalty​"")","n/a","n/a","0","0","","n/a","n/a","n/a","0.00","0.00","n/a","n/a","For metrics, refresh"
"barber shop customer retention strategies","=HYPERLINK(""https://smrs.toolsfrog.com/analytics/keywordoverview/?q=barber%20shop%20customer%20retention%20strategies&db=us"",""barber shop customer retention strategies​"")","n/a","n/a","0","0","","n/a","n/a","n/a","0.00","0.00","n/a","n/a","For metrics, refresh"
"barclaycard customer retention","=HYPERLINK(""https://smrs.toolsfrog.com/analytics/keywordoverview/?q=barclaycard%20customer%20retention&db=us"",""barclaycard customer retention​"")","n/a","n/a","0","0","","n/a","n/a","n/a","0.00","0.00","n/a","n/a","For metrics, refresh"
"barclays customer retention","=HYPERLINK(""https://smrs.toolsfrog.com/analytics/keywordoverview/?q=barclays%20customer%20retention&db=us"",""barclays customer retention​"")","n/a","n/a","0","0","","n/a","n/a","n/a","0.00","0.00","n/a","n/a","For metrics, refresh"
"barkbox customer retention rate","=HYPERLINK(""https://smrs.toolsfrog.com/analytics/keywordoverview/?q=barkbox%20customer%20retention%20rate&db=us"",""barkbox customer retention rate​"")","n/a","n/a","0","0","","n/a","n/a","n/a","0.00","0.00","n/a","n/a","For metrics, refresh"
"barnes and noble customer retention 2016","=HYPERLINK(""https://smrs.toolsfrog.com/analytics/keywordoverview/?q=barnes%20and%20noble%20customer%20retention%202016&db=us"",""barnes and noble customer retention 2016​"")","n/a","n/a","0","0","","n/a","n/a","n/a","0.00","0.00","n/a","n/a","For metrics, refresh"
"basis for customer retention","=HYPERLINK(""https://smrs.toolsfrog.com/analytics/keywordoverview/?q=basis%20for%20customer%20retention&db=us"",""basis for customer retention​"")","n/a","n/a","0","0","","n/a","n/a","n/a","0.00","0.00","n/a","n/a","For metrics, refresh"
"bcg case customer retention","=HYPERLINK(""https://smrs.toolsfrog.com/analytics/keywordoverview/?q=bcg%20case%20customer%20retention&db=us"",""bcg case customer retention​"")","n/a","n/a","0","0","","n/a","n/a","n/a","0.00","0.00","n/a","n/a","For metrics, refresh"
"beating at&t customer retention strategy","=HYPERLINK(""https://smrs.toolsfrog.com/analytics/keywordoverview/?q=beating%20at%26t%20customer%20retention%20strategy&db=us"",""beating at&t customer retention strategy​"")","n/a","n/a","0","0","","n/a","n/a","n/a","0.00","0.00","n/a","n/a","For metrics, refresh"
"beauty e commerce customer retention companies","=HYPERLINK(""https://smrs.toolsfrog.com/analytics/keywordoverview/?q=beauty%20e%20commerce%20customer%20retention%20companies&db=us"",""beauty e commerce customer retention companies​"")","n/a","n/a","0","0","","n/a","n/a","n/a","0.00","0.00","n/a","n/a","For metrics, refresh"
"beauty e commerce customer retention strategies","=HYPERLINK(""https://smrs.toolsfrog.com/analytics/keywordoverview/?q=beauty%20e%20commerce%20customer%20retention%20strategies&db=us"",""beauty e commerce customer retention strategies​"")","n/a","n/a","0","0","","n/a","n/a","n/a","0.00","0.00","n/a","n/a","For metrics, refresh"
"beauty e-commerce customer retention companies","=HYPERLINK(""https://smrs.toolsfrog.com/analytics/keywordoverview/?q=beauty%20e-commerce%20customer%20retention%20companies&db=us"",""beauty e-commerce customer retention companies​"")","n/a","n/a","0","0","","n/a","n/a","n/a","0.00","0.00","n/a","n/a","For metrics, refresh"
"beauty e-commerce customer retention strategies","=HYPERLINK(""https://smrs.toolsfrog.com/analytics/keywordoverview/?q=beauty%20e-commerce%20customer%20retention%20strategies&db=us"",""beauty e-commerce customer retention strategies​"")","n/a","n/a","0","0","","n/a","n/a","n/a","0.00","0.00","n/a","n/a","For metrics, refresh"
"beauty ecommerce customer retention techniques","=HYPERLINK(""https://smrs.toolsfrog.com/analytics/keywordoverview/?q=beauty%20ecommerce%20customer%20retention%20techniques&db=us"",""beauty ecommerce customer retention techniques​"")","n/a","n/a","0","0","","n/a","n/a","n/a","0.00","0.00","n/a","n/a","For metrics, refresh"
"beauty industry customer retention","=HYPERLINK(""https://smrs.toolsfrog.com/analytics/keywordoverview/?q=beauty%20industry%20customer%20retention&db=us"",""beauty industry customer retention​"")","n/a","n/a","0","0","","n/a","n/a","n/a","0.00","0.00","n/a","n/a","For metrics, refresh"
"beauty industry customer retention consultants","=HYPERLINK(""https://smrs.toolsfrog.com/analytics/keywordoverview/?q=beauty%20industry%20customer%20retention%20consultants&db=us"",""beauty industry customer retention consultants​"")","n/a","n/a","0","0","","n/a","n/a","n/a","0.00","0.00","n/a","n/a","For metrics, refresh"
"beauty industry customer retention strategies","=HYPERLINK(""https://smrs.toolsfrog.com/analytics/keywordoverview/?q=beauty%20industry%20customer%20retention%20strategies&db=us"",""beauty industry customer retention strategies​"")","n/a","n/a","0","0","","n/a","n/a","n/a","0.00","0.00","n/a","n/a","For metrics, refresh"
"beauty salon customer retention","=HYPERLINK(""https://smrs.toolsfrog.com/analytics/keywordoverview/?q=beauty%20salon%20customer%20retention&db=us"",""beauty salon customer retention​"")","n/a","n/a","0","0","","n/a","n/a","n/a","0.00","0.00","n/a","n/a","For metrics, refresh"
"beauty salon customer retention strategies","=HYPERLINK(""https://smrs.toolsfrog.com/analytics/keywordoverview/?q=beauty%20salon%20customer%20retention%20strategies&db=us"",""beauty salon customer retention strategies​"")","n/a","n/a","0","0","","n/a","n/a","n/a","0.00","0.00","n/a","n/a","For metrics, refresh"
"beer brands highest customer retention rates","=HYPERLINK(""https://smrs.toolsfrog.com/analytics/keywordoverview/?q=beer%20brands%20highest%20customer%20retention%20rates&db=us"",""beer brands highest customer retention rates​"")","n/a","n/a","0","0","","n/a","n/a","n/a","0.00","0.00","n/a","n/a","For metrics, refresh"
"behavioral targeting is one of the key customer retention strategies","=HYPERLINK(""https://smrs.toolsfrog.com/analytics/keywordoverview/?q=behavioral%20targeting%20is%20one%20of%20the%20key%20customer%20retention%20strategies&db=us"",""behavioral targeting is one of the key customer retention strategies​"")","n/a","n/a","0","0","","n/a","n/a","n/a","0.00","0.00","n/a","n/a","For metrics, refresh"
"bell aliant customer retention","=HYPERLINK(""https://smrs.toolsfrog.com/analytics/keywordoverview/?q=bell%20aliant%20customer%20retention&db=us"",""bell aliant customer retention​"")","n/a","n/a","0","0","","n/a","n/a","n/a","0.00","0.00","n/a","n/a","For metrics, refresh"
"bell aliant customer retention number","=HYPERLINK(""https://smrs.toolsfrog.com/analytics/keywordoverview/?q=bell%20aliant%20customer%20retention%20number&db=us"",""bell aliant customer retention number​"")","n/a","n/a","0","0","","n/a","n/a","n/a","0.00","0.00","n/a","n/a","For metrics, refresh"
"bell business customer retention","=HYPERLINK(""https://smrs.toolsfrog.com/analytics/keywordoverview/?q=bell%20business%20customer%20retention&db=us"",""bell business customer retention​"")","n/a","n/a","0","0","","n/a","n/a","n/a","0.00","0.00","n/a","n/a","For metrics, refresh"
"bell canada customer retention department","=HYPERLINK(""https://smrs.toolsfrog.com/analytics/keywordoverview/?q=bell%20canada%20customer%20retention%20department&db=us"",""bell canada customer retention department​"")","n/a","n/a","0","0","","n/a","n/a","n/a","0.00","0.00","n/a","n/a","For metrics, refresh"
"bell customer loyalty line retention","=HYPERLINK(""https://smrs.toolsfrog.com/analytics/keywordoverview/?q=bell%20customer%20loyalty%20line%20retention&db=us"",""bell customer loyalty line retention​"")","n/a","n/a","0","0","","n/a","n/a","n/a","0.00","0.00","n/a","n/a","For metrics, refresh"
"bell customer retention 2017","=HYPERLINK(""https://smrs.toolsfrog.com/analytics/keywordoverview/?q=bell%20customer%20retention%202017&db=us"",""bell customer retention 2017​"")","n/a","n/a","0","0","","n/a","n/a","n/a","0.00","0.00","n/a","n/a","For metrics, refresh"
"bell customer retention deals","=HYPERLINK(""https://smrs.toolsfrog.com/analytics/keywordoverview/?q=bell%20customer%20retention%20deals&db=us"",""bell customer retention deals​"")","n/a","n/a","0","0","","n/a","n/a","n/a","0.00","0.00","n/a","n/a","For metrics, refresh"
"bell customer retention department","=HYPERLINK(""https://smrs.toolsfrog.com/analytics/keywordoverview/?q=bell%20customer%20retention%20department&db=us"",""bell customer retention department​"")","n/a","n/a","0","0","","n/a","n/a","n/a","0.00","0.00","n/a","n/a","For metrics, refresh"
"bell customer retention hours","=HYPERLINK(""https://smrs.toolsfrog.com/analytics/keywordoverview/?q=bell%20customer%20retention%20hours&db=us"",""bell customer retention hours​"")","n/a","n/a","0","0","","n/a","n/a","n/a","0.00","0.00","n/a","n/a","For metrics, refresh"
"bell customer retention line","=HYPERLINK(""https://smrs.toolsfrog.com/analytics/keywordoverview/?q=bell%20customer%20retention%20line&db=us"",""bell customer retention line​"")","n/a","n/a","0","0","","n/a","n/a","n/a","0.00","0.00","n/a","n/a","For metrics, refresh"
"bell customer retention plans","=HYPERLINK(""https://smrs.toolsfrog.com/analytics/keywordoverview/?q=bell%20customer%20retention%20plans&db=us"",""bell customer retention plans​"")","n/a","n/a","0","0","","n/a","n/a","n/a","0.00","0.00","n/a","n/a","For metrics, refresh"
"bell customer retention program","=HYPERLINK(""https://smrs.toolsfrog.com/analytics/keywordoverview/?q=bell%20customer%20retention%20program&db=us"",""bell customer retention program​"")","n/a","n/a","0","0","","n/a","n/a","n/a","0.00","0.00","n/a","n/a","For metrics, refresh"
"bell customer service retention number","=HYPERLINK(""https://smrs.toolsfrog.com/analytics/keywordoverview/?q=bell%20customer%20service%20retention%20number&db=us"",""bell customer service retention number​"")","n/a","n/a","0","0","","n/a","n/a","n/a","0.00","0.00","n/a","n/a","For metrics, refresh"
"bell fibe customer retention","=HYPERLINK(""https://smrs.toolsfrog.com/analytics/keywordoverview/?q=bell%20fibe%20customer%20retention&db=us"",""bell fibe customer retention​"")","n/a","n/a","0","0","","n/a","n/a","n/a","0.00","0.00","n/a","n/a","For metrics, refresh"
"bell internet customer retention","=HYPERLINK(""https://smrs.toolsfrog.com/analytics/keywordoverview/?q=bell%20internet%20customer%20retention&db=us"",""bell internet customer retention​"")","n/a","n/a","0","0","","n/a","n/a","n/a","0.00","0.00","n/a","n/a","For metrics, refresh"
"bell internet customer retention number","=HYPERLINK(""https://smrs.toolsfrog.com/analytics/keywordoverview/?q=bell%20internet%20customer%20retention%20number&db=us"",""bell internet customer retention number​"")","n/a","n/a","0","0","","n/a","n/a","n/a","0.00","0.00","n/a","n/a","For metrics, refresh"
"bell internet customer retention phone number","=HYPERLINK(""https://smrs.toolsfrog.com/analytics/keywordoverview/?q=bell%20internet%20customer%20retention%20phone%20number&db=us"",""bell internet customer retention phone number​"")","n/a","n/a","0","0","","n/a","n/a","n/a","0.00","0.00","n/a","n/a","For metrics, refresh"
"bell mobility customer retention","=HYPERLINK(""https://smrs.toolsfrog.com/analytics/keywordoverview/?q=bell%20mobility%20customer%20retention&db=us"",""bell mobility customer retention​"")","n/a","n/a","0","0","","n/a","n/a","n/a","0.00","0.00","n/a","n/a","For metrics, refresh"
"bell mobility customer retention contact","=HYPERLINK(""https://smrs.toolsfrog.com/analytics/keywordoverview/?q=bell%20mobility%20customer%20retention%20contact&db=us"",""bell mobility customer retention contact​"")","n/a","n/a","0","0","","n/a","n/a","n/a","0.00","0.00","n/a","n/a","For metrics, refresh"
"bell mobility customer retention department","=HYPERLINK(""https://smrs.toolsfrog.com/analytics/keywordoverview/?q=bell%20mobility%20customer%20retention%20department&db=us"",""bell mobility customer retention department​"")","n/a","n/a","0","0","","n/a","n/a","n/a","0.00","0.00","n/a","n/a","For metrics, refresh"
"bell mobility customer retention line","=HYPERLINK(""https://smrs.toolsfrog.com/analytics/keywordoverview/?q=bell%20mobility%20customer%20retention%20line&db=us"",""bell mobility customer retention line​"")","n/a","n/a","0","0","","n/a","n/a","n/a","0.00","0.00","n/a","n/a","For metrics, refresh"
"bell mobility customer retention number","=HYPERLINK(""https://smrs.toolsfrog.com/analytics/keywordoverview/?q=bell%20mobility%20customer%20retention%20number&db=us"",""bell mobility customer retention number​"")","n/a","n/a","0","0","","n/a","n/a","n/a","0.00","0.00","n/a","n/a","For metrics, refresh"
"bell mobility customer retention phone number","=HYPERLINK(""https://smrs.toolsfrog.com/analytics/keywordoverview/?q=bell%20mobility%20customer%20retention%20phone%20number&db=us"",""bell mobility customer retention phone number​"")","n/a","n/a","0","0","","n/a","n/a","n/a","0.00","0.00","n/a","n/a","For metrics, refresh"
"bell mobility customer service retention","=HYPERLINK(""https://smrs.toolsfrog.com/analytics/keywordoverview/?q=bell%20mobility%20customer%20service%20retention&db=us"",""bell mobility customer service retention​"")","n/a","n/a","0","0","","n/a","n/a","n/a","0.00","0.00","n/a","n/a","For metrics, refresh"
"bell tv customer retention deals","=HYPERLINK(""https://smrs.toolsfrog.com/analytics/keywordoverview/?q=bell%20tv%20customer%20retention%20deals&db=us"",""bell tv customer retention deals​"")","n/a","n/a","0","0","","n/a","n/a","n/a","0.00","0.00","n/a","n/a","For metrics, refresh"
"bell tv customer retention phone number","=HYPERLINK(""https://smrs.toolsfrog.com/analytics/keywordoverview/?q=bell%20tv%20customer%20retention%20phone%20number&db=us"",""bell tv customer retention phone number​"")","n/a","n/a","0","0","","n/a","n/a","n/a","0.00","0.00","n/a","n/a","For metrics, refresh"
"benchmark value for customer retention rate","=HYPERLINK(""https://smrs.toolsfrog.com/analytics/keywordoverview/?q=benchmark%20value%20for%20customer%20retention%20rate&db=us"",""benchmark value for customer retention rate​"")","n/a","n/a","0","0","","n/a","n/a","n/a","0.00","0.00","n/a","n/a","For metrics, refresh"
"benchmark value for customer retention rate for retail","=HYPERLINK(""https://smrs.toolsfrog.com/analytics/keywordoverview/?q=benchmark%20value%20for%20customer%20retention%20rate%20for%20retail&db=us"",""benchmark value for customer retention rate for retail​"")","n/a","n/a","0","0","","n/a","n/a","n/a","0.00","0.00","n/a","n/a","For metrics, refresh"
"benefit customers retentation","=HYPERLINK(""https://smrs.toolsfrog.com/analytics/keywordoverview/?q=benefit%20customers%20retentation&db=us"",""benefit customers retentation​"")","n/a","n/a","0","0","","n/a","n/a","n/a","0.00","0.00","n/a","n/a","For metrics, refresh"
"benefit of customer retention","=HYPERLINK(""https://smrs.toolsfrog.com/analytics/keywordoverview/?q=benefit%20of%20customer%20retention&db=us"",""benefit of customer retention​"")","n/a","n/a","0","0","","n/a","n/a","n/a","0.00","0.01","n/a","n/a","For metrics, refresh"
"benefits of automated messaging for insurance customer retention statistics","=HYPERLINK(""https://smrs.toolsfrog.com/analytics/keywordoverview/?q=benefits%20of%20automated%20messaging%20for%20insurance%20customer%20retention%20statistics&db=us"",""benefits of automated messaging for insurance customer retention statistics​"")","n/a","n/a","0","0","","n/a","n/a","n/a","0.00","0.00","n/a","n/a","For metrics, refresh"
"benefits of crypto cards for customer retention","=HYPERLINK(""https://smrs.toolsfrog.com/analytics/keywordoverview/?q=benefits%20of%20crypto%20cards%20for%20customer%20retention&db=us"",""benefits of crypto cards for customer retention​"")","n/a","n/a","0","0","","n/a","n/a","n/a","0.00","0.00","n/a","n/a","For metrics, refresh"
"benefits of customer loyalty and retention","=HYPERLINK(""https://smrs.toolsfrog.com/analytics/keywordoverview/?q=benefits%20of%20customer%20loyalty%20and%20retention&db=us"",""benefits of customer loyalty and retention​"")","n/a","n/a","0","0","","n/a","n/a","n/a","0.00","0.00","n/a","n/a","For metrics, refresh"
"benefits of customer retention forbes","=HYPERLINK(""https://smrs.toolsfrog.com/analytics/keywordoverview/?q=benefits%20of%20customer%20retention%20forbes&db=us"",""benefits of customer retention forbes​"")","n/a","n/a","0","0","","n/a","n/a","n/a","0.00","0.00","n/a","n/a","For metrics, refresh"
"benefits of customer retention management","=HYPERLINK(""https://smrs.toolsfrog.com/analytics/keywordoverview/?q=benefits%20of%20customer%20retention%20management&db=us"",""benefits of customer retention management​"")","n/a","n/a","0","0","","n/a","n/a","n/a","0.00","0.00","n/a","n/a","For metrics, refresh"
"benefits of customer retention pdf","=HYPERLINK(""https://smrs.toolsfrog.com/analytics/keywordoverview/?q=benefits%20of%20customer%20retention%20pdf&db=us"",""benefits of customer retention pdf​"")","n/a","n/a","0","0","","n/a","n/a","n/a","0.00","0.00","n/a","n/a","For metrics, refresh"
"benefits of customer retention ppt","=HYPERLINK(""https://smrs.toolsfrog.com/analytics/keywordoverview/?q=benefits%20of%20customer%20retention%20ppt&db=us"",""benefits of customer retention ppt​"")","n/a","n/a","0","0","","n/a","n/a","n/a","0.00","0.00","n/a","n/a","For metrics, refresh"
"benefits of customer retention statistics","=HYPERLINK(""https://smrs.toolsfrog.com/analytics/keywordoverview/?q=benefits%20of%20customer%20retention%20statistics&db=us"",""benefits of customer retention statistics​"")","n/a","n/a","0","0","","n/a","n/a","n/a","0.00","0.00","n/a","n/a","For metrics, refresh"
"benefits of customer retention strategies","=HYPERLINK(""https://smrs.toolsfrog.com/analytics/keywordoverview/?q=benefits%20of%20customer%20retention%20strategies&db=us"",""benefits of customer retention strategies​"")","n/a","n/a","0","0","","n/a","n/a","n/a","0.00","0.00","n/a","n/a","For metrics, refresh"
"benefits of customer retention strategy","=HYPERLINK(""https://smrs.toolsfrog.com/analytics/keywordoverview/?q=benefits%20of%20customer%20retention%20strategy&db=us"",""benefits of customer retention strategy​"")","n/a","n/a","0","0","","n/a","n/a","n/a","0.00","0.00","n/a","n/a","For metrics, refresh"
"benefits of customer retention to a business organisation","=HYPERLINK(""https://smrs.toolsfrog.com/analytics/keywordoverview/?q=benefits%20of%20customer%20retention%20to%20a%20business%20organisation&db=us"",""benefits of customer retention to a business organisation​"")","n/a","n/a","0","0","","n/a","n/a","n/a","0.00","0.00","n/a","n/a","For metrics, refresh"
"benefits of customer retention to an organization","=HYPERLINK(""https://smrs.toolsfrog.com/analytics/keywordoverview/?q=benefits%20of%20customer%20retention%20to%20an%20organization&db=us"",""benefits of customer retention to an organization​"")","n/a","n/a","0","0","","n/a","n/a","n/a","0.00","0.00","n/a","n/a","For metrics, refresh"
"benefits of customer retention to the company","=HYPERLINK(""https://smrs.toolsfrog.com/analytics/keywordoverview/?q=benefits%20of%20customer%20retention%20to%20the%20company&db=us"",""benefits of customer retention to the company​"")","n/a","n/a","0","0","","n/a","n/a","n/a","0.00","0.00","n/a","n/a","For metrics, refresh"
"benefits of email marketing for customer retention","=HYPERLINK(""https://smrs.toolsfrog.com/analytics/keywordoverview/?q=benefits%20of%20email%20marketing%20for%20customer%20retention&db=us"",""benefits of email marketing for customer retention​"")","n/a","n/a","0","0","","n/a","n/a","n/a","0.00","0.00","n/a","n/a","For metrics, refresh"
"benefits of flexible pricing for customer retention","=HYPERLINK(""https://smrs.toolsfrog.com/analytics/keywordoverview/?q=benefits%20of%20flexible%20pricing%20for%20customer%20retention&db=us"",""benefits of flexible pricing for customer retention​"")","n/a","n/a","0","0","","n/a","n/a","n/a","0.00","0.00","n/a","n/a","For metrics, refresh"
"benefits of high customer retention","=HYPERLINK(""https://smrs.toolsfrog.com/analytics/keywordoverview/?q=benefits%20of%20high%20customer%20retention&db=us"",""benefits of high customer retention​"")","n/a","n/a","0","0","","n/a","n/a","n/a","0.00","0.00","n/a","n/a","For metrics, refresh"
"benefits of increased customer retention","=HYPERLINK(""https://smrs.toolsfrog.com/analytics/keywordoverview/?q=benefits%20of%20increased%20customer%20retention&db=us"",""benefits of increased customer retention​"")","n/a","n/a","0","0","","n/a","n/a","n/a","0.00","0.00","n/a","n/a","For metrics, refresh"
"benefits of loyalty programs customer retention vacation rentals","=HYPERLINK(""https://smrs.toolsfrog.com/analytics/keywordoverview/?q=benefits%20of%20loyalty%20programs%20customer%20retention%20vacation%20rentals&db=us"",""benefits of loyalty programs customer retention vacation rentals​"")","n/a","n/a","0","0","","n/a","n/a","n/a","0.00","0.00","n/a","n/a","For metrics, refresh"
"benefits of outsourced customer experience for client retention","=HYPERLINK(""https://smrs.toolsfrog.com/analytics/keywordoverview/?q=benefits%20of%20outsourced%20customer%20experience%20for%20client%20retention&db=us"",""benefits of outsourced customer experience for client retention​"")","n/a","n/a","0","0","","n/a","n/a","n/a","0.00","0.00","n/a","n/a","For metrics, refresh"
"bespoke software solutions customer retention impact","=HYPERLINK(""https://smrs.toolsfrog.com/analytics/keywordoverview/?q=bespoke%20software%20solutions%20customer%20retention%20impact&db=us"",""bespoke software solutions customer retention impact​"")","n/a","n/a","0","0","","n/a","n/a","n/a","0.00","0.00","n/a","n/a","For metrics, refresh"
"best agency led strategies for customer retention","=HYPERLINK(""https://smrs.toolsfrog.com/analytics/keywordoverview/?q=best%20agency%20led%20strategies%20for%20customer%20retention&db=us"",""best agency led strategies for customer retention​"")","n/a","n/a","0","0","","n/a","n/a","n/a","0.00","0.00","n/a","n/a","For metrics, refresh"
"best agency-led strategies for customer retention","=HYPERLINK(""https://smrs.toolsfrog.com/analytics/keywordoverview/?q=best%20agency-led%20strategies%20for%20customer%20retention&db=us"",""best agency-led strategies for customer retention​"")","n/a","n/a","0","0","","n/a","n/a","n/a","0.00","0.00","n/a","n/a","For metrics, refresh"
"best ai strategies for customer retention 2024","=HYPERLINK(""https://smrs.toolsfrog.com/analytics/keywordoverview/?q=best%20ai%20strategies%20for%20customer%20retention%202024&db=us"",""best ai strategies for customer retention 2024​"")","n/a","n/a","0","0","","n/a","n/a","n/a","0.00","0.00","n/a","n/a","For metrics, refresh"
"best ai tools for competitive analysis and customer retention","=HYPERLINK(""https://smrs.toolsfrog.com/analytics/keywordoverview/?q=best%20ai%20tools%20for%20competitive%20analysis%20and%20customer%20retention&db=us"",""best ai tools for competitive analysis and customer retention​"")","n/a","n/a","0","0","","n/a","n/a","n/a","0.00","0.00","n/a","n/a","For metrics, refresh"
"best ai tools for competitive analysis and customer retention 2025","=HYPERLINK(""https://smrs.toolsfrog.com/analytics/keywordoverview/?q=best%20ai%20tools%20for%20competitive%20analysis%20and%20customer%20retention%202025&db=us"",""best ai tools for competitive analysis and customer retention 2025​"")","n/a","n/a","0","0","","n/a","n/a","n/a","0.00","0.00","n/a","n/a","For metrics, refresh"
"best ai tools for competitive analysis customer retention","=HYPERLINK(""https://smrs.toolsfrog.com/analytics/keywordoverview/?q=best%20ai%20tools%20for%20competitive%20analysis%20customer%20retention&db=us"",""best ai tools for competitive analysis customer retention​"")","n/a","n/a","0","0","","n/a","n/a","n/a","0.00","0.00","n/a","n/a","For metrics, refresh"
"best ai tools for competitor analysis and customer retention 2024","=HYPERLINK(""https://smrs.toolsfrog.com/analytics/keywordoverview/?q=best%20ai%20tools%20for%20competitor%20analysis%20and%20customer%20retention%202024&db=us"",""best ai tools for competitor analysis and customer retention 2024​"")","n/a","n/a","0","0","","n/a","n/a","n/a","0.00","0.00","n/a","n/a","For metrics, refresh"
"best ai tools for customer retention 2025","=HYPERLINK(""https://smrs.toolsfrog.com/analytics/keywordoverview/?q=best%20ai%20tools%20for%20customer%20retention%202025&db=us"",""best ai tools for customer retention 2025​"")","n/a","n/a","0","0","","n/a","n/a","n/a","0.00","0.00","n/a","n/a","For metrics, refresh"
"best ai tools for customer retention against competitors","=HYPERLINK(""https://smrs.toolsfrog.com/analytics/keywordoverview/?q=best%20ai%20tools%20for%20customer%20retention%20against%20competitors&db=us"",""best ai tools for customer retention against competitors​"")","n/a","n/a","0","0","","n/a","n/a","n/a","0.00","0.00","n/a","n/a","For metrics, refresh"
"best ai tools for customer retention against competitors 2024","=HYPERLINK(""https://smrs.toolsfrog.com/analytics/keywordoverview/?q=best%20ai%20tools%20for%20customer%20retention%20against%20competitors%202024&db=us"",""best ai tools for customer retention against competitors 2024​"")","n/a","n/a","0","0","","n/a","n/a","n/a","0.00","0.00","n/a","n/a","For metrics, refresh"
"best ai tools for e-commerce customer retention 2026","=HYPERLINK(""https://smrs.toolsfrog.com/analytics/keywordoverview/?q=best%20ai%20tools%20for%20e-commerce%20customer%20retention%202026&db=us"",""best ai tools for e-commerce customer retention 2026​"")","n/a","n/a","0","0","","n/a","n/a","n/a","0.00","0.00","n/a","n/a","For metrics, refresh"
"best ai-driven sms marketing tools for ecommerce customer retention 2025","=HYPERLINK(""https://smrs.toolsfrog.com/analytics/keywordoverview/?q=best%20ai-driven%20sms%20marketing%20tools%20for%20ecommerce%20customer%20retention%202025&db=us"",""best ai-driven sms marketing tools for ecommerce customer retention 2025​"")","n/a","n/a","0","0","","n/a","n/a","n/a","0.00","0.00","n/a","n/a","For metrics, refresh"
"best auto repair crm for increasing customer retention","=HYPERLINK(""https://smrs.toolsfrog.com/analytics/keywordoverview/?q=best%20auto%20repair%20crm%20for%20increasing%20customer%20retention&db=us"",""best auto repair crm for increasing customer retention​"")","n/a","n/a","0","0","","n/a","n/a","n/a","0.00","0.00","n/a","n/a","For metrics, refresh"
"best bank customer retention","=HYPERLINK(""https://smrs.toolsfrog.com/analytics/keywordoverview/?q=best%20bank%20customer%20retention&db=us"",""best bank customer retention​"")","n/a","n/a","0","0","","n/a","n/a","n/a","0.00","0.00","n/a","n/a","For metrics, refresh"
"best behavioral analytics tools for customer retention churn reduction","=HYPERLINK(""https://smrs.toolsfrog.com/analytics/keywordoverview/?q=best%20behavioral%20analytics%20tools%20for%20customer%20retention%20churn%20reduction&db=us"",""best behavioral analytics tools for customer retention churn reduction​"")","n/a","n/a","0","0","","n/a","n/a","n/a","0.00","0.00","n/a","n/a","For metrics, refresh"
"best book on customer retention","=HYPERLINK(""https://smrs.toolsfrog.com/analytics/keywordoverview/?q=best%20book%20on%20customer%20retention&db=us"",""best book on customer retention​"")","n/a","n/a","0","0","","n/a","n/a","n/a","0.00","0.00","n/a","n/a","For metrics, refresh"
"best bpo services for customer retention 2025 or 2026","=HYPERLINK(""https://smrs.toolsfrog.com/analytics/keywordoverview/?q=best%20bpo%20services%20for%20customer%20retention%202025%20or%202026&db=us"",""best bpo services for customer retention 2025 or 2026​"")","n/a","n/a","0","0","","n/a","n/a","n/a","0.00","0.00","n/a","n/a","For metrics, refresh"
"best buy customer churn rate and retention 2025","=HYPERLINK(""https://smrs.toolsfrog.com/analytics/keywordoverview/?q=best%20buy%20customer%20churn%20rate%20and%20retention%202025&db=us"",""best buy customer churn rate and retention 2025​"")","n/a","n/a","0","0","","n/a","n/a","n/a","0.00","0.00","n/a","n/a","For metrics, refresh"
"best chatbot platform for customer retention","=HYPERLINK(""https://smrs.toolsfrog.com/analytics/keywordoverview/?q=best%20chatbot%20platform%20for%20customer%20retention&db=us"",""best chatbot platform for customer retention​"")","n/a","n/a","0","0","","n/a","n/a","n/a","0.00","0.00","n/a","n/a","For metrics, refresh"
"best churn prediction software with proactive customer retention features","=HYPERLINK(""https://smrs.toolsfrog.com/analytics/keywordoverview/?q=best%20churn%20prediction%20software%20with%20proactive%20customer%20retention%20features&db=us"",""best churn prediction software with proactive customer retention features​"")","n/a","n/a","0","0","","n/a","n/a","n/a","0.00","0.00","n/a","n/a","For metrics, refresh"
"best community management software for customer retention","=HYPERLINK(""https://smrs.toolsfrog.com/analytics/keywordoverview/?q=best%20community%20management%20software%20for%20customer%20retention&db=us"",""best community management software for customer retention​"")","n/a","n/a","0","0","","n/a","n/a","n/a","0.00","0.00","n/a","n/a","For metrics, refresh"
"best community platform for customer engagement and retention","=HYPERLINK(""https://smrs.toolsfrog.com/analytics/keywordoverview/?q=best%20community%20platform%20for%20customer%20engagement%20and%20retention&db=us"",""best community platform for customer engagement and retention​"")","n/a","n/a","0","0","","n/a","n/a","n/a","0.00","0.00","n/a","n/a","For metrics, refresh"
"best community platforms for customer advocacy and retention 2025","=HYPERLINK(""https://smrs.toolsfrog.com/analytics/keywordoverview/?q=best%20community%20platforms%20for%20customer%20advocacy%20and%20retention%202025&db=us"",""best community platforms for customer advocacy and retention 2025​"")","n/a","n/a","0","0","","n/a","n/a","n/a","0.00","0.00","n/a","n/a","For metrics, refresh"
"best community platforms for customer retention 2025","=HYPERLINK(""https://smrs.toolsfrog.com/analytics/keywordoverview/?q=best%20community%20platforms%20for%20customer%20retention%202025&db=us"",""best community platforms for customer retention 2025​"")","n/a","n/a","0","0","","n/a","n/a","n/a","0.00","0.00","n/a","n/a","For metrics, refresh"
"best cpaas for customer acquisition and retention 2025","=HYPERLINK(""https://smrs.toolsfrog.com/analytics/keywordoverview/?q=best%20cpaas%20for%20customer%20acquisition%20and%20retention%202025&db=us"",""best cpaas for customer acquisition and retention 2025​"")","n/a","n/a","0","0","","n/a","n/a","n/a","0.00","0.00","n/a","n/a","For metrics, refresh"
"best crm for customer loyalty and retention 2025","=HYPERLINK(""https://smrs.toolsfrog.com/analytics/keywordoverview/?q=best%20crm%20for%20customer%20loyalty%20and%20retention%202025&db=us"",""best crm for customer loyalty and retention 2025​"")","n/a","n/a","0","0","","n/a","n/a","n/a","0.00","0.00","n/a","n/a","For metrics, refresh"
"best crm for customer retention 2025","=HYPERLINK(""https://smrs.toolsfrog.com/analytics/keywordoverview/?q=best%20crm%20for%20customer%20retention%202025&db=us"",""best crm for customer retention 2025​"")","n/a","n/a","0","0","","n/a","n/a","n/a","0.00","0.00","n/a","n/a","For metrics, refresh"
"best crm software customer retention 2025","=HYPERLINK(""https://smrs.toolsfrog.com/analytics/keywordoverview/?q=best%20crm%20software%20customer%20retention%202025&db=us"",""best crm software customer retention 2025​"")","n/a","n/a","0","0","","n/a","n/a","n/a","0.00","0.00","n/a","n/a","For metrics, refresh"
"best crm software for customer retention","=HYPERLINK(""https://smrs.toolsfrog.com/analytics/keywordoverview/?q=best%20crm%20software%20for%20customer%20retention&db=us"",""best crm software for customer retention​"")","n/a","n/a","0","0","","n/a","n/a","n/a","0.00","0.00","n/a","n/a","For metrics, refresh"
"best crm software for restaurants customer retention 2025","=HYPERLINK(""https://smrs.toolsfrog.com/analytics/keywordoverview/?q=best%20crm%20software%20for%20restaurants%20customer%20retention%202025&db=us"",""best crm software for restaurants customer retention 2025​"")","n/a","n/a","0","0","","n/a","n/a","n/a","0.00","0.00","n/a","n/a","For metrics, refresh"
"best crm software with ai agents for customer retention usa","=HYPERLINK(""https://smrs.toolsfrog.com/analytics/keywordoverview/?q=best%20crm%20software%20with%20ai%20agents%20for%20customer%20retention%20usa&db=us"",""best crm software with ai agents for customer retention usa​"")","n/a","n/a","0","0","","n/a","n/a","n/a","0.00","0.00","n/a","n/a","For metrics, refresh"
"best cup brands customer loyalty retention","=HYPERLINK(""https://smrs.toolsfrog.com/analytics/keywordoverview/?q=best%20cup%20brands%20customer%20loyalty%20retention&db=us"",""best cup brands customer loyalty retention​"")","n/a","n/a","0","0","","n/a","n/a","n/a","0.00","0.00","n/a","n/a","For metrics, refresh"
"best customer analytics tools a b testing retention analysis","=HYPERLINK(""https://smrs.toolsfrog.com/analytics/keywordoverview/?q=best%20customer%20analytics%20tools%20a%20b%20testing%20retention%20analysis&db=us"",""best customer analytics tools a b testing retention analysis​"")","n/a","n/a","0","0","","n/a","n/a","n/a","0.00","0.00","n/a","n/a","For metrics, refresh"
"best customer analytics tools a b testing retention dashboards","=HYPERLINK(""https://smrs.toolsfrog.com/analytics/keywordoverview/?q=best%20customer%20analytics%20tools%20a%20b%20testing%20retention%20dashboards&db=us"",""best customer analytics tools a b testing retention dashboards​"")","n/a","n/a","0","0","","n/a","n/a","n/a","0.00","0.00","n/a","n/a","For metrics, refresh"
"best customer analytics tools a/b testing retention analysis","=HYPERLINK(""https://smrs.toolsfrog.com/analytics/keywordoverview/?q=best%20customer%20analytics%20tools%20a%2Fb%20testing%20retention%20analysis&db=us"",""best customer analytics tools a/b testing retention analysis​"")","n/a","n/a","0","0","","n/a","n/a","n/a","0.00","0.00","n/a","n/a","For metrics, refresh"
"best customer analytics tools a/b testing retention dashboards","=HYPERLINK(""https://smrs.toolsfrog.com/analytics/keywordoverview/?q=best%20customer%20analytics%20tools%20a%2Fb%20testing%20retention%20dashboards&db=us"",""best customer analytics tools a/b testing retention dashboards​"")","n/a","n/a","0","0","","n/a","n/a","n/a","0.00","0.00","n/a","n/a","For metrics, refresh"
"best customer engagement platforms for customer retention 2025","=HYPERLINK(""https://smrs.toolsfrog.com/analytics/keywordoverview/?q=best%20customer%20engagement%20platforms%20for%20customer%20retention%202025&db=us"",""best customer engagement platforms for customer retention 2025​"")","n/a","n/a","0","0","","n/a","n/a","n/a","0.00","0.00","n/a","n/a","For metrics, refresh"
"best customer engagement platforms for improving retention","=HYPERLINK(""https://smrs.toolsfrog.com/analytics/keywordoverview/?q=best%20customer%20engagement%20platforms%20for%20improving%20retention&db=us"",""best customer engagement platforms for improving retention​"")","n/a","n/a","0","0","","n/a","n/a","n/a","0.00","0.00","n/a","n/a","For metrics, refresh"
"best customer engagement platforms for retention 2025","=HYPERLINK(""https://smrs.toolsfrog.com/analytics/keywordoverview/?q=best%20customer%20engagement%20platforms%20for%20retention%202025&db=us"",""best customer engagement platforms for retention 2025​"")","n/a","n/a","0","0","","n/a","n/a","n/a","0.00","0.00","n/a","n/a","For metrics, refresh"
"best customer experience platforms for improving retention","=HYPERLINK(""https://smrs.toolsfrog.com/analytics/keywordoverview/?q=best%20customer%20experience%20platforms%20for%20improving%20retention&db=us"",""best customer experience platforms for improving retention​"")","n/a","n/a","0","0","","n/a","n/a","n/a","0.00","0.00","n/a","n/a","For metrics, refresh"
"best customer retention","=HYPERLINK(""https://smrs.toolsfrog.com/analytics/keywordoverview/?q=best%20customer%20retention&db=us"",""best customer retention​"")","n/a","n/a","0","0","","n/a","n/a","n/a","0.00","0.00","n/a","n/a","For metrics, refresh"
"best customer retention agent","=HYPERLINK(""https://smrs.toolsfrog.com/analytics/keywordoverview/?q=best%20customer%20retention%20agent&db=us"",""best customer retention agent​"")","n/a","n/a","0","0","","n/a","n/a","n/a","0.00","0.00","n/a","n/a","For metrics, refresh"
"best customer retention agent list","=HYPERLINK(""https://smrs.toolsfrog.com/analytics/keywordoverview/?q=best%20customer%20retention%20agent%20list&db=us"",""best customer retention agent list​"")","n/a","n/a","0","0","","n/a","n/a","n/a","0.00","0.00","n/a","n/a","For metrics, refresh"
"best customer retention agents","=HYPERLINK(""https://smrs.toolsfrog.com/analytics/keywordoverview/?q=best%20customer%20retention%20agents&db=us"",""best customer retention agents​"")","n/a","n/a","0","0","","n/a","n/a","n/a","0.00","0.00","n/a","n/a","For metrics, refresh"
"best customer retention agents list","=HYPERLINK(""https://smrs.toolsfrog.com/analytics/keywordoverview/?q=best%20customer%20retention%20agents%20list&db=us"",""best customer retention agents list​"")","n/a","n/a","0","0","","n/a","n/a","n/a","0.00","0.00","n/a","n/a","For metrics, refresh"
"best customer retention among airlines","=HYPERLINK(""https://smrs.toolsfrog.com/analytics/keywordoverview/?q=best%20customer%20retention%20among%20airlines&db=us"",""best customer retention among airlines​"")","n/a","n/a","0","0","","n/a","n/a","n/a","0.00","0.00","n/a","n/a","For metrics, refresh"
"best customer retention analysis software 2025","=HYPERLINK(""https://smrs.toolsfrog.com/analytics/keywordoverview/?q=best%20customer%20retention%20analysis%20software%202025&db=us"",""best customer retention analysis software 2025​"")","n/a","n/a","0","0","","n/a","n/a","n/a","0.00","0.00","n/a","n/a","For metrics, refresh"
"best customer retention analysis tools","=HYPERLINK(""https://smrs.toolsfrog.com/analytics/keywordoverview/?q=best%20customer%20retention%20analysis%20tools&db=us"",""best customer retention analysis tools​"")","n/a","n/a","0","0","","n/a","n/a","n/a","0.00","0.00","n/a","n/a","For metrics, refresh"
"best customer retention app for shopify","=HYPERLINK(""https://smrs.toolsfrog.com/analytics/keywordoverview/?q=best%20customer%20retention%20app%20for%20shopify&db=us"",""best customer retention app for shopify​"")","n/a","n/a","0","0","","n/a","n/a","n/a","0.00","0.00","n/a","n/a","For metrics, refresh"
"best customer retention blog","=HYPERLINK(""https://smrs.toolsfrog.com/analytics/keywordoverview/?q=best%20customer%20retention%20blog&db=us"",""best customer retention blog​"")","n/a","n/a","0","0","","n/a","n/a","n/a","0.00","0.00","n/a","n/a","For metrics, refresh"
"best customer retention comparison","=HYPERLINK(""https://smrs.toolsfrog.com/analytics/keywordoverview/?q=best%20customer%20retention%20comparison&db=us"",""best customer retention comparison​"")","n/a","n/a","0","0","","n/a","n/a","n/a","0.00","0.00","n/a","n/a","For metrics, refresh"
"best customer retention comparison list","=HYPERLINK(""https://smrs.toolsfrog.com/analytics/keywordoverview/?q=best%20customer%20retention%20comparison%20list&db=us"",""best customer retention comparison list​"")","n/a","n/a","0","0","","n/a","n/a","n/a","0.00","0.00","n/a","n/a","For metrics, refresh"
"best customer retention courses","=HYPERLINK(""https://smrs.toolsfrog.com/analytics/keywordoverview/?q=best%20customer%20retention%20courses&db=us"",""best customer retention courses​"")","n/a","n/a","0","0","","n/a","n/a","n/a","0.00","0.00","n/a","n/a","For metrics, refresh"
"best customer retention email campaign examples","=HYPERLINK(""https://smrs.toolsfrog.com/analytics/keywordoverview/?q=best%20customer%20retention%20email%20campaign%20examples&db=us"",""best customer retention email campaign examples​"")","n/a","n/a","0","0","","n/a","n/a","n/a","0.00","0.00","n/a","n/a","For metrics, refresh"
"best customer retention emails","=HYPERLINK(""https://smrs.toolsfrog.com/analytics/keywordoverview/?q=best%20customer%20retention%20emails&db=us"",""best customer retention emails​"")","n/a","n/a","0","0","","n/a","n/a","n/a","0.00","0.00","n/a","n/a","For metrics, refresh"
"best customer retention for cosumer app","=HYPERLINK(""https://smrs.toolsfrog.com/analytics/keywordoverview/?q=best%20customer%20retention%20for%20cosumer%20app&db=us"",""best customer retention for cosumer app​"")","n/a","n/a","0","0","","n/a","n/a","n/a","0.00","0.00","n/a","n/a","For metrics, refresh"
"best customer retention list","=HYPERLINK(""https://smrs.toolsfrog.com/analytics/keywordoverview/?q=best%20customer%20retention%20list&db=us"",""best customer retention list​"")","n/a","n/a","0","0","","n/a","n/a","n/a","0.00","0.00","n/a","n/a","For metrics, refresh"
"best customer retention loyalty programs usa","=HYPERLINK(""https://smrs.toolsfrog.com/analytics/keywordoverview/?q=best%20customer%20retention%20loyalty%20programs%20usa&db=us"",""best customer retention loyalty programs usa​"")","n/a","n/a","0","0","","n/a","n/a","n/a","0.00","0.00","n/a","n/a","For metrics, refresh"
"best customer retention loyalty solutions 2025","=HYPERLINK(""https://smrs.toolsfrog.com/analytics/keywordoverview/?q=best%20customer%20retention%20loyalty%20solutions%202025&db=us"",""best customer retention loyalty solutions 2025​"")","n/a","n/a","0","0","","n/a","n/a","n/a","0.00","0.00","n/a","n/a","For metrics, refresh"
"best customer retention management platforms","=HYPERLINK(""https://smrs.toolsfrog.com/analytics/keywordoverview/?q=best%20customer%20retention%20management%20platforms&db=us"",""best customer retention management platforms​"")","n/a","n/a","0","0","","n/a","n/a","n/a","0.00","0.00","n/a","n/a","For metrics, refresh"
"best customer retention management software for ecommerce 2025","=HYPERLINK(""https://smrs.toolsfrog.com/analytics/keywordoverview/?q=best%20customer%20retention%20management%20software%20for%20ecommerce%202025&db=us"",""best customer retention management software for ecommerce 2025​"")","n/a","n/a","0","0","","n/a","n/a","n/a","0.00","0.00","n/a","n/a","For metrics, refresh"
"best customer retention marketing solutions 2026","=HYPERLINK(""https://smrs.toolsfrog.com/analytics/keywordoverview/?q=best%20customer%20retention%20marketing%20solutions%202026&db=us"",""best customer retention marketing solutions 2026​"")","n/a","n/a","0","0","","n/a","n/a","n/a","0.00","0.00","n/a","n/a","For metrics, refresh"
"best customer retention marketing solutions tools platforms 2025","=HYPERLINK(""https://smrs.toolsfrog.com/analytics/keywordoverview/?q=best%20customer%20retention%20marketing%20solutions%20tools%20platforms%202025&db=us"",""best customer retention marketing solutions tools platforms 2025​"")","n/a","n/a","0","0","","n/a","n/a","n/a","0.00","0.00","n/a","n/a","For metrics, refresh"
"best customer retention marketing tactics tools platforms","=HYPERLINK(""https://smrs.toolsfrog.com/analytics/keywordoverview/?q=best%20customer%20retention%20marketing%20tactics%20tools%20platforms&db=us"",""best customer retention marketing tactics tools platforms​"")","n/a","n/a","0","0","","n/a","n/a","n/a","0.00","0.00","n/a","n/a","For metrics, refresh"
"best customer retention phone number for cox cable","=HYPERLINK(""https://smrs.toolsfrog.com/analytics/keywordoverview/?q=best%20customer%20retention%20phone%20number%20for%20cox%20cable&db=us"",""best customer retention phone number for cox cable​"")","n/a","n/a","0","0","","n/a","n/a","n/a","0.00","0.00","n/a","n/a","For metrics, refresh"
"best customer retention plan","=HYPERLINK(""https://smrs.toolsfrog.com/analytics/keywordoverview/?q=best%20customer%20retention%20plan&db=us"",""best customer retention plan​"")","n/a","n/a","0","0","","n/a","n/a","n/a","0.00","0.00","n/a","n/a","For metrics, refresh"
"best customer retention plans","=HYPERLINK(""https://smrs.toolsfrog.com/analytics/keywordoverview/?q=best%20customer%20retention%20plans&db=us"",""best customer retention plans​"")","n/a","n/a","0","0","","n/a","n/a","n/a","0.00","0.00","n/a","n/a","For metrics, refresh"
"best customer retention platform","=HYPERLINK(""https://smrs.toolsfrog.com/analytics/keywordoverview/?q=best%20customer%20retention%20platform&db=us"",""best customer retention platform​"")","n/a","n/a","0","0","","n/a","n/a","n/a","0.00","0.00","n/a","n/a","For metrics, refresh"
"best customer retention platform for digital businesses","=HYPERLINK(""https://smrs.toolsfrog.com/analytics/keywordoverview/?q=best%20customer%20retention%20platform%20for%20digital%20businesses&db=us"",""best customer retention platform for digital businesses​"")","n/a","n/a","0","0","","n/a","n/a","n/a","0.00","0.00","n/a","n/a","For metrics, refresh"
"best customer retention platform list","=HYPERLINK(""https://smrs.toolsfrog.com/analytics/keywordoverview/?q=best%20customer%20retention%20platform%20list&db=us"",""best customer retention platform list​"")","n/a","n/a","0","0","","n/a","n/a","n/a","0.00","0.00","n/a","n/a","For metrics, refresh"
"best customer retention platform solutions 2026","=HYPERLINK(""https://smrs.toolsfrog.com/analytics/keywordoverview/?q=best%20customer%20retention%20platform%20solutions%202026&db=us"",""best customer retention platform solutions 2026​"")","n/a","n/a","0","0","","n/a","n/a","n/a","0.00","0.00","n/a","n/a","For metrics, refresh"
"best customer retention platforms","=HYPERLINK(""https://smrs.toolsfrog.com/analytics/keywordoverview/?q=best%20customer%20retention%20platforms&db=us"",""best customer retention platforms​"")","n/a","n/a","0","0","","n/a","n/a","n/a","0.00","0.00","n/a","n/a","For metrics, refresh"
"best customer retention platforms 2025","=HYPERLINK(""https://smrs.toolsfrog.com/analytics/keywordoverview/?q=best%20customer%20retention%20platforms%202025&db=us"",""best customer retention platforms 2025​"")","n/a","n/a","0","0","","n/a","n/a","n/a","0.00","0.00","n/a","n/a","For metrics, refresh"
"best customer retention platforms 2026","=HYPERLINK(""https://smrs.toolsfrog.com/analytics/keywordoverview/?q=best%20customer%20retention%20platforms%202026&db=us"",""best customer retention platforms 2026​"")","n/a","n/a","0","0","","n/a","n/a","n/a","0.00","0.00","n/a","n/a","For metrics, refresh"
"best customer retention platforms for businesses 2025","=HYPERLINK(""https://smrs.toolsfrog.com/analytics/keywordoverview/?q=best%20customer%20retention%20platforms%20for%20businesses%202025&db=us"",""best customer retention platforms for businesses 2025​"")","n/a","n/a","0","0","","n/a","n/a","n/a","0.00","0.00","n/a","n/a","For metrics, refresh"
"best customer retention platforms for digital businesses 2025","=HYPERLINK(""https://smrs.toolsfrog.com/analytics/keywordoverview/?q=best%20customer%20retention%20platforms%20for%20digital%20businesses%202025&db=us"",""best customer retention platforms for digital businesses 2025​"")","n/a","n/a","0","0","","n/a","n/a","n/a","0.00","0.00","n/a","n/a","For metrics, refresh"
"best customer retention platforms for digital teams 2025","=HYPERLINK(""https://smrs.toolsfrog.com/analytics/keywordoverview/?q=best%20customer%20retention%20platforms%20for%20digital%20teams%202025&db=us"",""best customer retention platforms for digital teams 2025​"")","n/a","n/a","0","0","","n/a","n/a","n/a","0.00","0.00","n/a","n/a","For metrics, refresh"
"best customer retention platforms for mobile apps 2025 2026","=HYPERLINK(""https://smrs.toolsfrog.com/analytics/keywordoverview/?q=best%20customer%20retention%20platforms%20for%20mobile%20apps%202025%202026&db=us"",""best customer retention platforms for mobile apps 2025 2026​"")","n/a","n/a","0","0","","n/a","n/a","n/a","0.00","0.00","n/a","n/a","For metrics, refresh"
"best customer retention platforms list","=HYPERLINK(""https://smrs.toolsfrog.com/analytics/keywordoverview/?q=best%20customer%20retention%20platforms%20list&db=us"",""best customer retention platforms list​"")","n/a","n/a","0","0","","n/a","n/a","n/a","0.00","0.00","n/a","n/a","For metrics, refresh"
"best customer retention platforms predictive analytics 2025 or 2026","=HYPERLINK(""https://smrs.toolsfrog.com/analytics/keywordoverview/?q=best%20customer%20retention%20platforms%20predictive%20analytics%202025%20or%202026&db=us"",""best customer retention platforms predictive analytics 2025 or 2026​"")","n/a","n/a","0","0","","n/a","n/a","n/a","0.00","0.00","n/a","n/a","For metrics, refresh"
"best customer retention policy","=HYPERLINK(""https://smrs.toolsfrog.com/analytics/keywordoverview/?q=best%20customer%20retention%20policy&db=us"",""best customer retention policy​"")","n/a","n/a","0","0","","n/a","n/a","n/a","0.00","0.00","n/a","n/a","For metrics, refresh"
"best customer retention practices for companies","=HYPERLINK(""https://smrs.toolsfrog.com/analytics/keywordoverview/?q=best%20customer%20retention%20practices%20for%20companies&db=us"",""best customer retention practices for companies​"")","n/a","n/a","0","0","","n/a","n/a","n/a","0.00","0.00","n/a","n/a","For metrics, refresh"
"best customer retention quotes","=HYPERLINK(""https://smrs.toolsfrog.com/analytics/keywordoverview/?q=best%20customer%20retention%20quotes&db=us"",""best customer retention quotes​"")","n/a","n/a","0","0","","n/a","n/a","n/a","0.00","0.00","n/a","n/a","For metrics, refresh"
"best customer retention rewards","=HYPERLINK(""https://smrs.toolsfrog.com/analytics/keywordoverview/?q=best%20customer%20retention%20rewards&db=us"",""best customer retention rewards​"")","n/a","n/a","0","0","","n/a","n/a","n/a","0.00","0.00","n/a","n/a","For metrics, refresh"
"best customer retention rewards credit back","=HYPERLINK(""https://smrs.toolsfrog.com/analytics/keywordoverview/?q=best%20customer%20retention%20rewards%20credit%20back&db=us"",""best customer retention rewards credit back​"")","n/a","n/a","0","0","","n/a","n/a","n/a","0.00","0.00","n/a","n/a","For metrics, refresh"
"best customer retention saas","=HYPERLINK(""https://smrs.toolsfrog.com/analytics/keywordoverview/?q=best%20customer%20retention%20saas&db=us"",""best customer retention saas​"")","n/a","n/a","0","0","","n/a","n/a","n/a","0.00","0.00","n/a","n/a","For metrics, refresh"
"best customer retention saas list","=HYPERLINK(""https://smrs.toolsfrog.com/analytics/keywordoverview/?q=best%20customer%20retention%20saas%20list&db=us"",""best customer retention saas list​"")","n/a","n/a","0","0","","n/a","n/a","n/a","0.00","0.00","n/a","n/a","For metrics, refresh"
"best customer retention service","=HYPERLINK(""https://smrs.toolsfrog.com/analytics/keywordoverview/?q=best%20customer%20retention%20service&db=us"",""best customer retention service​"")","n/a","n/a","0","0","","n/a","n/a","n/a","0.00","0.00","n/a","n/a","For metrics, refresh"
"best customer retention service list","=HYPERLINK(""https://smrs.toolsfrog.com/analytics/keywordoverview/?q=best%20customer%20retention%20service%20list&db=us"",""best customer retention service list​"")","n/a","n/a","0","0","","n/a","n/a","n/a","0.00","0.00","n/a","n/a","For metrics, refresh"
"best customer retention services","=HYPERLINK(""https://smrs.toolsfrog.com/analytics/keywordoverview/?q=best%20customer%20retention%20services&db=us"",""best customer retention services​"")","n/a","n/a","0","0","","n/a","n/a","n/a","0.00","0.33","n/a","n/a","For metrics, refresh"
"best customer retention services 2025","=HYPERLINK(""https://smrs.toolsfrog.com/analytics/keywordoverview/?q=best%20customer%20retention%20services%202025&db=us"",""best customer retention services 2025​"")","n/a","n/a","0","0","","n/a","n/a","n/a","0.00","0.00","n/a","n/a","For metrics, refresh"
"best customer retention services list","=HYPERLINK(""https://smrs.toolsfrog.com/analytics/keywordoverview/?q=best%20customer%20retention%20services%20list&db=us"",""best customer retention services list​"")","n/a","n/a","0","0","","n/a","n/a","n/a","0.00","0.00","n/a","n/a","For metrics, refresh"
"best customer retention software 2024","=HYPERLINK(""https://smrs.toolsfrog.com/analytics/keywordoverview/?q=best%20customer%20retention%20software%202024&db=us"",""best customer retention software 2024​"")","n/a","n/a","0","0","","n/a","n/a","n/a","0.00","0.00","n/a","n/a","For metrics, refresh"
"best customer retention software 2025","=HYPERLINK(""https://smrs.toolsfrog.com/analytics/keywordoverview/?q=best%20customer%20retention%20software%202025&db=us"",""best customer retention software 2025​"")","n/a","n/a","0","0","","n/a","n/a","n/a","0.00","0.00","n/a","n/a","For metrics, refresh"
"best customer retention software for retail jewelry stores","=HYPERLINK(""https://smrs.toolsfrog.com/analytics/keywordoverview/?q=best%20customer%20retention%20software%20for%20retail%20jewelry%20stores&db=us"",""best customer retention software for retail jewelry stores​"")","n/a","n/a","0","0","","n/a","n/a","n/a","0.00","0.00","n/a","n/a","For metrics, refresh"
"best customer retention software list","=HYPERLINK(""https://smrs.toolsfrog.com/analytics/keywordoverview/?q=best%20customer%20retention%20software%20list&db=us"",""best customer retention software list​"")","n/a","n/a","0","0","","n/a","n/a","n/a","0.00","0.00","n/a","n/a","For metrics, refresh"
"best customer retention softwares","=HYPERLINK(""https://smrs.toolsfrog.com/analytics/keywordoverview/?q=best%20customer%20retention%20softwares&db=us"",""best customer retention softwares​"")","n/a","n/a","0","0","","n/a","n/a","n/a","0.00","0.00","n/a","n/a","For metrics, refresh"
"best customer retention solution","=HYPERLINK(""https://smrs.toolsfrog.com/analytics/keywordoverview/?q=best%20customer%20retention%20solution&db=us"",""best customer retention solution​"")","n/a","n/a","0","0","","n/a","n/a","n/a","0.00","0.00","n/a","n/a","For metrics, refresh"
"best customer retention solution list","=HYPERLINK(""https://smrs.toolsfrog.com/analytics/keywordoverview/?q=best%20customer%20retention%20solution%20list&db=us"",""best customer retention solution list​"")","n/a","n/a","0","0","","n/a","n/a","n/a","0.00","0.00","n/a","n/a","For metrics, refresh"
"best customer retention solutions","=HYPERLINK(""https://smrs.toolsfrog.com/analytics/keywordoverview/?q=best%20customer%20retention%20solutions&db=us"",""best customer retention solutions​"")","n/a","n/a","0","0","","n/a","n/a","n/a","0.00","0.00","n/a","n/a","For metrics, refresh"
"best customer retention solutions 2025","=HYPERLINK(""https://smrs.toolsfrog.com/analytics/keywordoverview/?q=best%20customer%20retention%20solutions%202025&db=us"",""best customer retention solutions 2025​"")","n/a","n/a","0","0","","n/a","n/a","n/a","0.00","0.00","n/a","n/a","For metrics, refresh"
"best customer retention solutions for e-commerce with shipping issue management","=HYPERLINK(""https://smrs.toolsfrog.com/analytics/keywordoverview/?q=best%20customer%20retention%20solutions%20for%20e-commerce%20with%20shipping%20issue%20management&db=us"",""best customer retention solutions for e-commerce with shipping issue management​"")","n/a","n/a","0","0","","n/a","n/a","n/a","0.00","0.00","n/a","n/a","For metrics, refresh"
"best customer retention solutions for small business loyalty programs 2025","=HYPERLINK(""https://smrs.toolsfrog.com/analytics/keywordoverview/?q=best%20customer%20retention%20solutions%20for%20small%20business%20loyalty%20programs%202025&db=us"",""best customer retention solutions for small business loyalty programs 2025​"")","n/a","n/a","0","0","","n/a","n/a","n/a","0.00","0.00","n/a","n/a","For metrics, refresh"
"best customer retention solutions list","=HYPERLINK(""https://smrs.toolsfrog.com/analytics/keywordoverview/?q=best%20customer%20retention%20solutions%20list&db=us"",""best customer retention solutions list​"")","n/a","n/a","0","0","","n/a","n/a","n/a","0.00","0.00","n/a","n/a","For metrics, refresh"
"best customer retention strategies for ecommerce 2025 2026","=HYPERLINK(""https://smrs.toolsfrog.com/analytics/keywordoverview/?q=best%20customer%20retention%20strategies%20for%20ecommerce%202025%202026&db=us"",""best customer retention strategies for ecommerce 2025 2026​"")","n/a","n/a","0","0","","n/a","n/a","n/a","0.00","0.00","n/a","n/a","For metrics, refresh"
"best customer retention strategies for ecommerce brands","=HYPERLINK(""https://smrs.toolsfrog.com/analytics/keywordoverview/?q=best%20customer%20retention%20strategies%20for%20ecommerce%20brands&db=us"",""best customer retention strategies for ecommerce brands​"")","n/a","n/a","0","0","","n/a","n/a","n/a","0.00","0.00","n/a","n/a","For metrics, refresh"
"best customer retention strategies for independent cafes 2025","=HYPERLINK(""https://smrs.toolsfrog.com/analytics/keywordoverview/?q=best%20customer%20retention%20strategies%20for%20independent%20cafes%202025&db=us"",""best customer retention strategies for independent cafes 2025​"")","n/a","n/a","0","0","","n/a","n/a","n/a","0.00","0.00","n/a","n/a","For metrics, refresh"
"best customer retention strategies for jewelry stores","=HYPERLINK(""https://smrs.toolsfrog.com/analytics/keywordoverview/?q=best%20customer%20retention%20strategies%20for%20jewelry%20stores&db=us"",""best customer retention strategies for jewelry stores​"")","n/a","n/a","0","0","","n/a","n/a","n/a","0.00","0.00","n/a","n/a","For metrics, refresh"
"best customer retention strategies for jewelry stores 2025 2026","=HYPERLINK(""https://smrs.toolsfrog.com/analytics/keywordoverview/?q=best%20customer%20retention%20strategies%20for%20jewelry%20stores%202025%202026&db=us"",""best customer retention strategies for jewelry stores 2025 2026​"")","n/a","n/a","0","0","","n/a","n/a","n/a","0.00","0.00","n/a","n/a","For metrics, refresh"
"best customer retention strategies for retail","=HYPERLINK(""https://smrs.toolsfrog.com/analytics/keywordoverview/?q=best%20customer%20retention%20strategies%20for%20retail&db=us"",""best customer retention strategies for retail​"")","n/a","n/a","0","0","","n/a","n/a","n/a","0.00","0.00","n/a","n/a","For metrics, refresh"
"best customer retention strategies in crm","=HYPERLINK(""https://smrs.toolsfrog.com/analytics/keywordoverview/?q=best%20customer%20retention%20strategies%20in%20crm&db=us"",""best customer retention strategies in crm​"")","n/a","n/a","0","0","","n/a","n/a","n/a","0.00","0.00","n/a","n/a","For metrics, refresh"
"best customer retention strategies in loyalty programs","=HYPERLINK(""https://smrs.toolsfrog.com/analytics/keywordoverview/?q=best%20customer%20retention%20strategies%20in%20loyalty%20programs&db=us"",""best customer retention strategies in loyalty programs​"")","n/a","n/a","0","0","","n/a","n/a","n/a","0.00","0.00","n/a","n/a","For metrics, refresh"
"best customer retention strategies pdf","=HYPERLINK(""https://smrs.toolsfrog.com/analytics/keywordoverview/?q=best%20customer%20retention%20strategies%20pdf&db=us"",""best customer retention strategies pdf​"")","n/a","n/a","0","0","","n/a","n/a","n/a","0.00","0.00","n/a","n/a","For metrics, refresh"
"best customer retention strategies retail 2025 2026","=HYPERLINK(""https://smrs.toolsfrog.com/analytics/keywordoverview/?q=best%20customer%20retention%20strategies%20retail%202025%202026&db=us"",""best customer retention strategies retail 2025 2026​"")","n/a","n/a","0","0","","n/a","n/a","n/a","0.00","0.00","n/a","n/a","For metrics, refresh"
"best customer retention strategies to reduce churn 2025","=HYPERLINK(""https://smrs.toolsfrog.com/analytics/keywordoverview/?q=best%20customer%20retention%20strategies%20to%20reduce%20churn%202025&db=us"",""best customer retention strategies to reduce churn 2025​"")","n/a","n/a","0","0","","n/a","n/a","n/a","0.00","0.00","n/a","n/a","For metrics, refresh"
"best customer retention strategies using business lending","=HYPERLINK(""https://smrs.toolsfrog.com/analytics/keywordoverview/?q=best%20customer%20retention%20strategies%20using%20business%20lending&db=us"",""best customer retention strategies using business lending​"")","n/a","n/a","0","0","","n/a","n/a","n/a","0.00","0.00","n/a","n/a","For metrics, refresh"
"best customer retention system","=HYPERLINK(""https://smrs.toolsfrog.com/analytics/keywordoverview/?q=best%20customer%20retention%20system&db=us"",""best customer retention system​"")","n/a","n/a","0","0","","n/a","n/a","n/a","0.00","0.00","n/a","n/a","For metrics, refresh"
"best customer retention system list","=HYPERLINK(""https://smrs.toolsfrog.com/analytics/keywordoverview/?q=best%20customer%20retention%20system%20list&db=us"",""best customer retention system list​"")","n/a","n/a","0","0","","n/a","n/a","n/a","0.00","0.00","n/a","n/a","For metrics, refresh"
"best customer retention systems","=HYPERLINK(""https://smrs.toolsfrog.com/analytics/keywordoverview/?q=best%20customer%20retention%20systems&db=us"",""best customer retention systems​"")","n/a","n/a","0","0","","n/a","n/a","n/a","0.00","0.00","n/a","n/a","For metrics, refresh"
"best customer retention systems for ecommerce 2025","=HYPERLINK(""https://smrs.toolsfrog.com/analytics/keywordoverview/?q=best%20customer%20retention%20systems%20for%20ecommerce%202025&db=us"",""best customer retention systems for ecommerce 2025​"")","n/a","n/a","0","0","","n/a","n/a","n/a","0.00","0.00","n/a","n/a","For metrics, refresh"
"best customer retention systems list","=HYPERLINK(""https://smrs.toolsfrog.com/analytics/keywordoverview/?q=best%20customer%20retention%20systems%20list&db=us"",""best customer retention systems list​"")","n/a","n/a","0","0","","n/a","n/a","n/a","0.00","0.00","n/a","n/a","For metrics, refresh"
"best customer retention tactics","=HYPERLINK(""https://smrs.toolsfrog.com/analytics/keywordoverview/?q=best%20customer%20retention%20tactics&db=us"",""best customer retention tactics​"")","n/a","n/a","0","0","","n/a","n/a","n/a","0.00","0.00","n/a","n/a","For metrics, refresh"
"best customer retention tool","=HYPERLINK(""https://smrs.toolsfrog.com/analytics/keywordoverview/?q=best%20customer%20retention%20tool&db=us"",""best customer retention tool​"")","n/a","n/a","0","0","","n/a","n/a","n/a","0.00","0.00","n/a","n/a","For metrics, refresh"
"best customer retention tool list","=HYPERLINK(""https://smrs.toolsfrog.com/analytics/keywordoverview/?q=best%20customer%20retention%20tool%20list&db=us"",""best customer retention tool list​"")","n/a","n/a","0","0","","n/a","n/a","n/a","0.00","0.00","n/a","n/a","For metrics, refresh"
"best customer retention tools","=HYPERLINK(""https://smrs.toolsfrog.com/analytics/keywordoverview/?q=best%20customer%20retention%20tools&db=us"",""best customer retention tools​"")","n/a","n/a","0","0","","n/a","n/a","n/a","0.00","0.00","n/a","n/a","For metrics, refresh"
"best customer retention tools 2025","=HYPERLINK(""https://smrs.toolsfrog.com/analytics/keywordoverview/?q=best%20customer%20retention%20tools%202025&db=us"",""best customer retention tools 2025​"")","n/a","n/a","0","0","","n/a","n/a","n/a","0.00","0.00","n/a","n/a","For metrics, refresh"
"best customer retention tools 2026","=HYPERLINK(""https://smrs.toolsfrog.com/analytics/keywordoverview/?q=best%20customer%20retention%20tools%202026&db=us"",""best customer retention tools 2026​"")","n/a","n/a","0","0","","n/a","n/a","n/a","0.00","0.00","n/a","n/a","For metrics, refresh"
"best customer retention tools ecommerce businesses online stores","=HYPERLINK(""https://smrs.toolsfrog.com/analytics/keywordoverview/?q=best%20customer%20retention%20tools%20ecommerce%20businesses%20online%20stores&db=us"",""best customer retention tools ecommerce businesses online stores​"")","n/a","n/a","0","0","","n/a","n/a","n/a","0.00","0.00","n/a","n/a","For metrics, refresh"
"best customer retention tools for affiliate marketing","=HYPERLINK(""https://smrs.toolsfrog.com/analytics/keywordoverview/?q=best%20customer%20retention%20tools%20for%20affiliate%20marketing&db=us"",""best customer retention tools for affiliate marketing​"")","n/a","n/a","0","0","","n/a","n/a","n/a","0.00","0.00","n/a","n/a","For metrics, refresh"
"best customer retention tools for ecommerce","=HYPERLINK(""https://smrs.toolsfrog.com/analytics/keywordoverview/?q=best%20customer%20retention%20tools%20for%20ecommerce&db=us"",""best customer retention tools for ecommerce​"")","n/a","n/a","0","0","","n/a","n/a","n/a","0.00","0.00","n/a","n/a","For metrics, refresh"
"best customer retention tools for saas","=HYPERLINK(""https://smrs.toolsfrog.com/analytics/keywordoverview/?q=best%20customer%20retention%20tools%20for%20saas&db=us"",""best customer retention tools for saas​"")","n/a","n/a","0","0","","n/a","n/a","n/a","0.00","0.00","n/a","n/a","For metrics, refresh"
"best customer retention tools for woocommerce","=HYPERLINK(""https://smrs.toolsfrog.com/analytics/keywordoverview/?q=best%20customer%20retention%20tools%20for%20woocommerce&db=us"",""best customer retention tools for woocommerce​"")","n/a","n/a","0","0","","n/a","n/a","n/a","0.00","0.00","n/a","n/a","For metrics, refresh"
"best customer retention tools list","=HYPERLINK(""https://smrs.toolsfrog.com/analytics/keywordoverview/?q=best%20customer%20retention%20tools%20list&db=us"",""best customer retention tools list​"")","n/a","n/a","0","0","","n/a","n/a","n/a","0.00","0.00","n/a","n/a","For metrics, refresh"
"best customer segmentation software for increasing retention rates.","=HYPERLINK(""https://smrs.toolsfrog.com/analytics/keywordoverview/?q=best%20customer%20segmentation%20software%20for%20increasing%20retention%20rates.&db=us"",""best customer segmentation software for increasing retention rates.​"")","n/a","n/a","0","0","","n/a","n/a","n/a","0.00","0.00","n/a","n/a","For metrics, refresh"
"best customer success platforms for saas retention 2025","=HYPERLINK(""https://smrs.toolsfrog.com/analytics/keywordoverview/?q=best%20customer%20success%20platforms%20for%20saas%20retention%202025&db=us"",""best customer success platforms for saas retention 2025​"")","n/a","n/a","0","0","","n/a","n/a","n/a","0.00","0.00","n/a","n/a","For metrics, refresh"
"best customer success platforms for saas retention 2025 2026","=HYPERLINK(""https://smrs.toolsfrog.com/analytics/keywordoverview/?q=best%20customer%20success%20platforms%20for%20saas%20retention%202025%202026&db=us"",""best customer success platforms for saas retention 2025 2026​"")","n/a","n/a","0","0","","n/a","n/a","n/a","0.00","0.00","n/a","n/a","For metrics, refresh"
"best customer success platforms health scores retention analytics 2025 2026","=HYPERLINK(""https://smrs.toolsfrog.com/analytics/keywordoverview/?q=best%20customer%20success%20platforms%20health%20scores%20retention%20analytics%202025%202026&db=us"",""best customer success platforms health scores retention analytics 2025 2026​"")","n/a","n/a","0","0","","n/a","n/a","n/a","0.00","0.00","n/a","n/a","For metrics, refresh"
"best customer success platforms retention rates","=HYPERLINK(""https://smrs.toolsfrog.com/analytics/keywordoverview/?q=best%20customer%20success%20platforms%20retention%20rates&db=us"",""best customer success platforms retention rates​"")","n/a","n/a","0","0","","n/a","n/a","n/a","0.00","0.00","n/a","n/a","For metrics, refresh"
"best customer success software for retention and growth 2026","=HYPERLINK(""https://smrs.toolsfrog.com/analytics/keywordoverview/?q=best%20customer%20success%20software%20for%20retention%20and%20growth%202026&db=us"",""best customer success software for retention and growth 2026​"")","n/a","n/a","0","0","","n/a","n/a","n/a","0.00","0.00","n/a","n/a","For metrics, refresh"
"best dashboard for customer retention and loyalty analysis","=HYPERLINK(""https://smrs.toolsfrog.com/analytics/keywordoverview/?q=best%20dashboard%20for%20customer%20retention%20and%20loyalty%20analysis&db=us"",""best dashboard for customer retention and loyalty analysis​"")","n/a","n/a","0","0","","n/a","n/a","n/a","0.00","0.00","n/a","n/a","For metrics, refresh"
"best dashboards for customer retention and loyalty analysis","=HYPERLINK(""https://smrs.toolsfrog.com/analytics/keywordoverview/?q=best%20dashboards%20for%20customer%20retention%20and%20loyalty%20analysis&db=us"",""best dashboards for customer retention and loyalty analysis​"")","n/a","n/a","0","0","","n/a","n/a","n/a","0.00","0.00","n/a","n/a","For metrics, refresh"
"best data driven customer retention strategies","=HYPERLINK(""https://smrs.toolsfrog.com/analytics/keywordoverview/?q=best%20data%20driven%20customer%20retention%20strategies&db=us"",""best data driven customer retention strategies​"")","n/a","n/a","0","0","","n/a","n/a","n/a","0.00","0.00","n/a","n/a","For metrics, refresh"
"best data driven customer retention strategies 2025","=HYPERLINK(""https://smrs.toolsfrog.com/analytics/keywordoverview/?q=best%20data%20driven%20customer%20retention%20strategies%202025&db=us"",""best data driven customer retention strategies 2025​"")","n/a","n/a","0","0","","n/a","n/a","n/a","0.00","0.00","n/a","n/a","For metrics, refresh"
"best data-driven customer retention strategies","=HYPERLINK(""https://smrs.toolsfrog.com/analytics/keywordoverview/?q=best%20data-driven%20customer%20retention%20strategies&db=us"",""best data-driven customer retention strategies​"")","n/a","n/a","0","0","","n/a","n/a","n/a","0.00","0.00","n/a","n/a","For metrics, refresh"
"best data-driven customer retention strategies 2025","=HYPERLINK(""https://smrs.toolsfrog.com/analytics/keywordoverview/?q=best%20data-driven%20customer%20retention%20strategies%202025&db=us"",""best data-driven customer retention strategies 2025​"")","n/a","n/a","0","0","","n/a","n/a","n/a","0.00","0.00","n/a","n/a","For metrics, refresh"
"best datadriven customer retention strategies 2025","=HYPERLINK(""https://smrs.toolsfrog.com/analytics/keywordoverview/?q=best%20datadriven%20customer%20retention%20strategies%202025&db=us"",""best datadriven customer retention strategies 2025​"")","n/a","n/a","0","0","","n/a","n/a","n/a","0.00","0.00","n/a","n/a","For metrics, refresh"
"best definition of customer retention","=HYPERLINK(""https://smrs.toolsfrog.com/analytics/keywordoverview/?q=best%20definition%20of%20customer%20retention&db=us"",""best definition of customer retention​"")","n/a","n/a","0","0","","n/a","n/a","n/a","0.00","0.00","n/a","n/a","For metrics, refresh"
"best digital investing platforms customer loyalty retention","=HYPERLINK(""https://smrs.toolsfrog.com/analytics/keywordoverview/?q=best%20digital%20investing%20platforms%20customer%20loyalty%20retention&db=us"",""best digital investing platforms customer loyalty retention​"")","n/a","n/a","0","0","","n/a","n/a","n/a","0.00","0.00","n/a","n/a","For metrics, refresh"
"best email marketing automation software for customer retention","=HYPERLINK(""https://smrs.toolsfrog.com/analytics/keywordoverview/?q=best%20email%20marketing%20automation%20software%20for%20customer%20retention&db=us"",""best email marketing automation software for customer retention​"")","n/a","n/a","0","0","","n/a","n/a","n/a","0.00","0.00","n/a","n/a","For metrics, refresh"
"best email marketing automation software for customer retention 2025","=HYPERLINK(""https://smrs.toolsfrog.com/analytics/keywordoverview/?q=best%20email%20marketing%20automation%20software%20for%20customer%20retention%202025&db=us"",""best email marketing automation software for customer retention 2025​"")","n/a","n/a","0","0","","n/a","n/a","n/a","0.00","0.00","n/a","n/a","For metrics, refresh"
"best email marketing customer retention","=HYPERLINK(""https://smrs.toolsfrog.com/analytics/keywordoverview/?q=best%20email%20marketing%20customer%20retention&db=us"",""best email marketing customer retention​"")","n/a","n/a","0","0","","n/a","n/a","n/a","0.00","0.00","n/a","n/a","For metrics, refresh"
"best email marketing for customer retention and engagement","=HYPERLINK(""https://smrs.toolsfrog.com/analytics/keywordoverview/?q=best%20email%20marketing%20for%20customer%20retention%20and%20engagement&db=us"",""best email marketing for customer retention and engagement​"")","n/a","n/a","0","0","","n/a","n/a","n/a","0.00","0.00","n/a","n/a","For metrics, refresh"
"best email marketing platforms customer retention","=HYPERLINK(""https://smrs.toolsfrog.com/analytics/keywordoverview/?q=best%20email%20marketing%20platforms%20customer%20retention&db=us"",""best email marketing platforms customer retention​"")","n/a","n/a","0","0","","n/a","n/a","n/a","0.00","0.00","n/a","n/a","For metrics, refresh"
"best email marketing platforms for customer retention 2025","=HYPERLINK(""https://smrs.toolsfrog.com/analytics/keywordoverview/?q=best%20email%20marketing%20platforms%20for%20customer%20retention%202025&db=us"",""best email marketing platforms for customer retention 2025​"")","n/a","n/a","0","0","","n/a","n/a","n/a","0.00","0.00","n/a","n/a","For metrics, refresh"
"best email marketing platforms for customer retention 2025 2026","=HYPERLINK(""https://smrs.toolsfrog.com/analytics/keywordoverview/?q=best%20email%20marketing%20platforms%20for%20customer%20retention%202025%202026&db=us"",""best email marketing platforms for customer retention 2025 2026​"")","n/a","n/a","0","0","","n/a","n/a","n/a","0.00","0.00","n/a","n/a","For metrics, refresh"
"best email marketing software for customer retention 2025","=HYPERLINK(""https://smrs.toolsfrog.com/analytics/keywordoverview/?q=best%20email%20marketing%20software%20for%20customer%20retention%202025&db=us"",""best email marketing software for customer retention 2025​"")","n/a","n/a","0","0","","n/a","n/a","n/a","0.00","0.00","n/a","n/a","For metrics, refresh"
"best email marketing strategies for customer retention 2026","=HYPERLINK(""https://smrs.toolsfrog.com/analytics/keywordoverview/?q=best%20email%20marketing%20strategies%20for%20customer%20retention%202026&db=us"",""best email marketing strategies for customer retention 2026​"")","n/a","n/a","0","0","","n/a","n/a","n/a","0.00","0.00","n/a","n/a","For metrics, refresh"
"best email marketing tactics for customer retention 2026","=HYPERLINK(""https://smrs.toolsfrog.com/analytics/keywordoverview/?q=best%20email%20marketing%20tactics%20for%20customer%20retention%202026&db=us"",""best email marketing tactics for customer retention 2026​"")","n/a","n/a","0","0","","n/a","n/a","n/a","0.00","0.00","n/a","n/a","For metrics, refresh"
"best email marketing tools for customer retention 2025","=HYPERLINK(""https://smrs.toolsfrog.com/analytics/keywordoverview/?q=best%20email%20marketing%20tools%20for%20customer%20retention%202025&db=us"",""best email marketing tools for customer retention 2025​"")","n/a","n/a","0","0","","n/a","n/a","n/a","0.00","0.00","n/a","n/a","For metrics, refresh"
"best embedded lending platforms for small business customer loyalty retention","=HYPERLINK(""https://smrs.toolsfrog.com/analytics/keywordoverview/?q=best%20embedded%20lending%20platforms%20for%20small%20business%20customer%20loyalty%20retention&db=us"",""best embedded lending platforms for small business customer loyalty retention​"")","n/a","n/a","0","0","","n/a","n/a","n/a","0.00","0.00","n/a","n/a","For metrics, refresh"
"best enterprise tools for customer retention forecasting by segment","=HYPERLINK(""https://smrs.toolsfrog.com/analytics/keywordoverview/?q=best%20enterprise%20tools%20for%20customer%20retention%20forecasting%20by%20segment&db=us"",""best enterprise tools for customer retention forecasting by segment​"")","n/a","n/a","0","0","","n/a","n/a","n/a","0.00","0.00","n/a","n/a","For metrics, refresh"
"best enterprise tools for forecasting retention trends by customer segment","=HYPERLINK(""https://smrs.toolsfrog.com/analytics/keywordoverview/?q=best%20enterprise%20tools%20for%20forecasting%20retention%20trends%20by%20customer%20segment&db=us"",""best enterprise tools for forecasting retention trends by customer segment​"")","n/a","n/a","0","0","","n/a","n/a","n/a","0.00","0.00","n/a","n/a","For metrics, refresh"
"best fractional cmo for customer retention","=HYPERLINK(""https://smrs.toolsfrog.com/analytics/keywordoverview/?q=best%20fractional%20cmo%20for%20customer%20retention&db=us"",""best fractional cmo for customer retention​"")","n/a","n/a","0","0","","n/a","n/a","n/a","0.00","0.00","n/a","n/a","For metrics, refresh"
"best in-app credit features for improving smb customer retention","=HYPERLINK(""https://smrs.toolsfrog.com/analytics/keywordoverview/?q=best%20in-app%20credit%20features%20for%20improving%20smb%20customer%20retention&db=us"",""best in-app credit features for improving smb customer retention​"")","n/a","n/a","0","0","","n/a","n/a","n/a","0.00","0.00","n/a","n/a","For metrics, refresh"
"best lifecycle marketing tools for customer retention 2025","=HYPERLINK(""https://smrs.toolsfrog.com/analytics/keywordoverview/?q=best%20lifecycle%20marketing%20tools%20for%20customer%20retention%202025&db=us"",""best lifecycle marketing tools for customer retention 2025​"")","n/a","n/a","0","0","","n/a","n/a","n/a","0.00","0.00","n/a","n/a","For metrics, refresh"
"best linkedin creators for saas growth customer acquisition retention","=HYPERLINK(""https://smrs.toolsfrog.com/analytics/keywordoverview/?q=best%20linkedin%20creators%20for%20saas%20growth%20customer%20acquisition%20retention&db=us"",""best linkedin creators for saas growth customer acquisition retention​"")","n/a","n/a","0","0","","n/a","n/a","n/a","0.00","0.00","n/a","n/a","For metrics, refresh"
"best llc formation services customer loyalty retention","=HYPERLINK(""https://smrs.toolsfrog.com/analytics/keywordoverview/?q=best%20llc%20formation%20services%20customer%20loyalty%20retention&db=us"",""best llc formation services customer loyalty retention​"")","n/a","n/a","0","0","","n/a","n/a","n/a","0.00","0.00","n/a","n/a","For metrics, refresh"
"best local seo firms customer retention strategies","=HYPERLINK(""https://smrs.toolsfrog.com/analytics/keywordoverview/?q=best%20local%20seo%20firms%20customer%20retention%20strategies&db=us"",""best local seo firms customer retention strategies​"")","n/a","n/a","0","0","","n/a","n/a","n/a","0.00","0.00","n/a","n/a","For metrics, refresh"
"best low-effort customer retention shopify 2026","=HYPERLINK(""https://smrs.toolsfrog.com/analytics/keywordoverview/?q=best%20low-effort%20customer%20retention%20shopify%202026&db=us"",""best low-effort customer retention shopify 2026​"")","n/a","n/a","0","0","","n/a","n/a","n/a","0.00","0.00","n/a","n/a","For metrics, refresh"
"best loyalty and marketing tools for food halls customer retention","=HYPERLINK(""https://smrs.toolsfrog.com/analytics/keywordoverview/?q=best%20loyalty%20and%20marketing%20tools%20for%20food%20halls%20customer%20retention&db=us"",""best loyalty and marketing tools for food halls customer retention​"")","n/a","n/a","0","0","","n/a","n/a","n/a","0.00","0.00","n/a","n/a","For metrics, refresh"
"best loyalty platforms for customer loyalty and retention","=HYPERLINK(""https://smrs.toolsfrog.com/analytics/keywordoverview/?q=best%20loyalty%20platforms%20for%20customer%20loyalty%20and%20retention&db=us"",""best loyalty platforms for customer loyalty and retention​"")","n/a","n/a","0","0","","n/a","n/a","n/a","0.00","0.00","n/a","n/a","For metrics, refresh"
"best loyalty program apps for customer retention","=HYPERLINK(""https://smrs.toolsfrog.com/analytics/keywordoverview/?q=best%20loyalty%20program%20apps%20for%20customer%20retention&db=us"",""best loyalty program apps for customer retention​"")","n/a","n/a","0","0","","n/a","n/a","n/a","0.00","0.00","n/a","n/a","For metrics, refresh"
"best loyalty program apps for ecommerce customer retention 2025","=HYPERLINK(""https://smrs.toolsfrog.com/analytics/keywordoverview/?q=best%20loyalty%20program%20apps%20for%20ecommerce%20customer%20retention%202025&db=us"",""best loyalty program apps for ecommerce customer retention 2025​"")","n/a","n/a","0","0","","n/a","n/a","n/a","0.00","0.00","n/a","n/a","For metrics, refresh"
"best loyalty programs canada customer retention 2023","=HYPERLINK(""https://smrs.toolsfrog.com/analytics/keywordoverview/?q=best%20loyalty%20programs%20canada%20customer%20retention%202023&db=us"",""best loyalty programs canada customer retention 2023​"")","n/a","n/a","0","0","","n/a","n/a","n/a","0.00","0.00","n/a","n/a","For metrics, refresh"
"best loyalty programs for customer retention","=HYPERLINK(""https://smrs.toolsfrog.com/analytics/keywordoverview/?q=best%20loyalty%20programs%20for%20customer%20retention&db=us"",""best loyalty programs for customer retention​"")","n/a","n/a","0","0","","n/a","n/a","n/a","0.00","0.00","n/a","n/a","For metrics, refresh"
"best loyalty programs for customer retention 2025","=HYPERLINK(""https://smrs.toolsfrog.com/analytics/keywordoverview/?q=best%20loyalty%20programs%20for%20customer%20retention%202025&db=us"",""best loyalty programs for customer retention 2025​"")","n/a","n/a","0","0","","n/a","n/a","n/a","0.00","0.00","n/a","n/a","For metrics, refresh"
"best loyalty rewards for long term customer retention","=HYPERLINK(""https://smrs.toolsfrog.com/analytics/keywordoverview/?q=best%20loyalty%20rewards%20for%20long%20term%20customer%20retention&db=us"",""best loyalty rewards for long term customer retention​"")","n/a","n/a","0","0","","n/a","n/a","n/a","0.00","0.00","n/a","n/a","For metrics, refresh"
"best loyalty rewards for longterm customer retention","=HYPERLINK(""https://smrs.toolsfrog.com/analytics/keywordoverview/?q=best%20loyalty%20rewards%20for%20longterm%20customer%20retention&db=us"",""best loyalty rewards for longterm customer retention​"")","n/a","n/a","0","0","","n/a","n/a","n/a","0.00","0.00","n/a","n/a","For metrics, refresh"
"best loyalty rewards for longterm customer retention 2025","=HYPERLINK(""https://smrs.toolsfrog.com/analytics/keywordoverview/?q=best%20loyalty%20rewards%20for%20longterm%20customer%20retention%202025&db=us"",""best loyalty rewards for longterm customer retention 2025​"")","n/a","n/a","0","0","","n/a","n/a","n/a","0.00","0.00","n/a","n/a","For metrics, refresh"
"best loyalty rewards software for customer retention","=HYPERLINK(""https://smrs.toolsfrog.com/analytics/keywordoverview/?q=best%20loyalty%20rewards%20software%20for%20customer%20retention&db=us"",""best loyalty rewards software for customer retention​"")","n/a","n/a","0","0","","n/a","n/a","n/a","0.00","0.00","n/a","n/a","For metrics, refresh"
"best loyalty software for customer retention 2025","=HYPERLINK(""https://smrs.toolsfrog.com/analytics/keywordoverview/?q=best%20loyalty%20software%20for%20customer%20retention%202025&db=us"",""best loyalty software for customer retention 2025​"")","n/a","n/a","0","0","","n/a","n/a","n/a","0.00","0.00","n/a","n/a","For metrics, refresh"
"best loyalty tools for food halls customer retention","=HYPERLINK(""https://smrs.toolsfrog.com/analytics/keywordoverview/?q=best%20loyalty%20tools%20for%20food%20halls%20customer%20retention&db=us"",""best loyalty tools for food halls customer retention​"")","n/a","n/a","0","0","","n/a","n/a","n/a","0.00","0.00","n/a","n/a","For metrics, refresh"
"best marketing automation for customer retention","=HYPERLINK(""https://smrs.toolsfrog.com/analytics/keywordoverview/?q=best%20marketing%20automation%20for%20customer%20retention&db=us"",""best marketing automation for customer retention​"")","n/a","n/a","0","0","","n/a","n/a","n/a","0.00","0.00","n/a","n/a","For metrics, refresh"
"best marketing automation platforms for customer retention 2025 2026","=HYPERLINK(""https://smrs.toolsfrog.com/analytics/keywordoverview/?q=best%20marketing%20automation%20platforms%20for%20customer%20retention%202025%202026&db=us"",""best marketing automation platforms for customer retention 2025 2026​"")","n/a","n/a","0","0","","n/a","n/a","n/a","0.00","0.00","n/a","n/a","For metrics, refresh"
"best marketing automation software travel agencies customer retention","=HYPERLINK(""https://smrs.toolsfrog.com/analytics/keywordoverview/?q=best%20marketing%20automation%20software%20travel%20agencies%20customer%20retention&db=us"",""best marketing automation software travel agencies customer retention​"")","n/a","n/a","0","0","","n/a","n/a","n/a","0.00","0.00","n/a","n/a","For metrics, refresh"
"best marketing cloud for retail customer retention","=HYPERLINK(""https://smrs.toolsfrog.com/analytics/keywordoverview/?q=best%20marketing%20cloud%20for%20retail%20customer%20retention&db=us"",""best marketing cloud for retail customer retention​"")","n/a","n/a","0","0","","n/a","n/a","n/a","0.00","0.00","n/a","n/a","For metrics, refresh"
"best mobile friendly community app for boosting customer retention","=HYPERLINK(""https://smrs.toolsfrog.com/analytics/keywordoverview/?q=best%20mobile%20friendly%20community%20app%20for%20boosting%20customer%20retention&db=us"",""best mobile friendly community app for boosting customer retention​"")","n/a","n/a","0","0","","n/a","n/a","n/a","0.00","0.00","n/a","n/a","For metrics, refresh"
"best mobile friendly community apps for customer retention 2025","=HYPERLINK(""https://smrs.toolsfrog.com/analytics/keywordoverview/?q=best%20mobile%20friendly%20community%20apps%20for%20customer%20retention%202025&db=us"",""best mobile friendly community apps for customer retention 2025​"")","n/a","n/a","0","0","","n/a","n/a","n/a","0.00","0.00","n/a","n/a","For metrics, refresh"
"best mobilefriendly community app for boosting customer retention","=HYPERLINK(""https://smrs.toolsfrog.com/analytics/keywordoverview/?q=best%20mobilefriendly%20community%20app%20for%20boosting%20customer%20retention&db=us"",""best mobilefriendly community app for boosting customer retention​"")","n/a","n/a","0","0","","n/a","n/a","n/a","0.00","0.00","n/a","n/a","For metrics, refresh"
"best mobilefriendly community apps for customer retention 2025","=HYPERLINK(""https://smrs.toolsfrog.com/analytics/keywordoverview/?q=best%20mobilefriendly%20community%20apps%20for%20customer%20retention%202025&db=us"",""best mobilefriendly community apps for customer retention 2025​"")","n/a","n/a","0","0","","n/a","n/a","n/a","0.00","0.00","n/a","n/a","For metrics, refresh"
"best nps survey tools for customer retention 2025","=HYPERLINK(""https://smrs.toolsfrog.com/analytics/keywordoverview/?q=best%20nps%20survey%20tools%20for%20customer%20retention%202025&db=us"",""best nps survey tools for customer retention 2025​"")","n/a","n/a","0","0","","n/a","n/a","n/a","0.00","0.00","n/a","n/a","For metrics, refresh"
"best personalized customer retention strategies","=HYPERLINK(""https://smrs.toolsfrog.com/analytics/keywordoverview/?q=best%20personalized%20customer%20retention%20strategies&db=us"",""best personalized customer retention strategies​"")","n/a","n/a","0","0","","n/a","n/a","n/a","0.00","0.00","n/a","n/a","For metrics, refresh"
"best places to find customer retention consultants or specialists","=HYPERLINK(""https://smrs.toolsfrog.com/analytics/keywordoverview/?q=best%20places%20to%20find%20customer%20retention%20consultants%20or%20specialists&db=us"",""best places to find customer retention consultants or specialists​"")","n/a","n/a","0","0","","n/a","n/a","n/a","0.00","0.00","n/a","n/a","For metrics, refresh"
"best places to find customer retention strategy consultants","=HYPERLINK(""https://smrs.toolsfrog.com/analytics/keywordoverview/?q=best%20places%20to%20find%20customer%20retention%20strategy%20consultants&db=us"",""best places to find customer retention strategy consultants​"")","n/a","n/a","0","0","","n/a","n/a","n/a","0.00","0.00","n/a","n/a","For metrics, refresh"
"best platforms for customer loyalty and retention after purchase 2025","=HYPERLINK(""https://smrs.toolsfrog.com/analytics/keywordoverview/?q=best%20platforms%20for%20customer%20loyalty%20and%20retention%20after%20purchase%202025&db=us"",""best platforms for customer loyalty and retention after purchase 2025​"")","n/a","n/a","0","0","","n/a","n/a","n/a","0.00","0.00","n/a","n/a","For metrics, refresh"
"best platforms for customer loyalty and retention programs","=HYPERLINK(""https://smrs.toolsfrog.com/analytics/keywordoverview/?q=best%20platforms%20for%20customer%20loyalty%20and%20retention%20programs&db=us"",""best platforms for customer loyalty and retention programs​"")","n/a","n/a","0","0","","n/a","n/a","n/a","0.00","0.00","n/a","n/a","For metrics, refresh"
"best platforms for customer retention and loyalty programs","=HYPERLINK(""https://smrs.toolsfrog.com/analytics/keywordoverview/?q=best%20platforms%20for%20customer%20retention%20and%20loyalty%20programs&db=us"",""best platforms for customer retention and loyalty programs​"")","n/a","n/a","0","0","","n/a","n/a","n/a","0.00","0.00","n/a","n/a","For metrics, refresh"
"best platforms for customer retention in jewelry retail","=HYPERLINK(""https://smrs.toolsfrog.com/analytics/keywordoverview/?q=best%20platforms%20for%20customer%20retention%20in%20jewelry%20retail&db=us"",""best platforms for customer retention in jewelry retail​"")","n/a","n/a","0","0","","n/a","n/a","n/a","0.00","0.00","n/a","n/a","For metrics, refresh"
"best platforms for ecommerce customer retention","=HYPERLINK(""https://smrs.toolsfrog.com/analytics/keywordoverview/?q=best%20platforms%20for%20ecommerce%20customer%20retention&db=us"",""best platforms for ecommerce customer retention​"")","n/a","n/a","0","0","","n/a","n/a","n/a","0.00","0.00","n/a","n/a","For metrics, refresh"
"best pos systems for restaurants customer loyalty retention","=HYPERLINK(""https://smrs.toolsfrog.com/analytics/keywordoverview/?q=best%20pos%20systems%20for%20restaurants%20customer%20loyalty%20retention&db=us"",""best pos systems for restaurants customer loyalty retention​"")","n/a","n/a","0","0","","n/a","n/a","n/a","0.00","0.00","n/a","n/a","For metrics, refresh"
"best post purchase email strategies for customer retention 2025","=HYPERLINK(""https://smrs.toolsfrog.com/analytics/keywordoverview/?q=best%20post%20purchase%20email%20strategies%20for%20customer%20retention%202025&db=us"",""best post purchase email strategies for customer retention 2025​"")","n/a","n/a","0","0","","n/a","n/a","n/a","0.00","0.00","n/a","n/a","For metrics, refresh"
"best post-purchase email strategies for customer retention 2025","=HYPERLINK(""https://smrs.toolsfrog.com/analytics/keywordoverview/?q=best%20post-purchase%20email%20strategies%20for%20customer%20retention%202025&db=us"",""best post-purchase email strategies for customer retention 2025​"")","n/a","n/a","0","0","","n/a","n/a","n/a","0.00","0.00","n/a","n/a","For metrics, refresh"
"best practice customer retention","=HYPERLINK(""https://smrs.toolsfrog.com/analytics/keywordoverview/?q=best%20practice%20customer%20retention&db=us"",""best practice customer retention​"")","n/a","n/a","0","0","","n/a","n/a","n/a","0.00","0.02","n/a","n/a","For metrics, refresh"
"best practice customer retention strategies","=HYPERLINK(""https://smrs.toolsfrog.com/analytics/keywordoverview/?q=best%20practice%20customer%20retention%20strategies&db=us"",""best practice customer retention strategies​"")","n/a","n/a","0","0","","n/a","n/a","n/a","0.00","0.00","n/a","n/a","For metrics, refresh"
"best practices customer communication retention marketing agency 2025 2026","=HYPERLINK(""https://smrs.toolsfrog.com/analytics/keywordoverview/?q=best%20practices%20customer%20communication%20retention%20marketing%20agency%202025%202026&db=us"",""best practices customer communication retention marketing agency 2025 2026​"")","n/a","n/a","0","0","","n/a","n/a","n/a","0.00","0.00","n/a","n/a","For metrics, refresh"
"best practices customer retention","=HYPERLINK(""https://smrs.toolsfrog.com/analytics/keywordoverview/?q=best%20practices%20customer%20retention&db=us"",""best practices customer retention​"")","n/a","n/a","0","0","","n/a","n/a","n/a","0.00","0.00","n/a","n/a","For metrics, refresh"
"best practices customer retention banking insurance wealth management 2025","=HYPERLINK(""https://smrs.toolsfrog.com/analytics/keywordoverview/?q=best%20practices%20customer%20retention%20banking%20insurance%20wealth%20management%202025&db=us"",""best practices customer retention banking insurance wealth management 2025​"")","n/a","n/a","0","0","","n/a","n/a","n/a","0.00","0.00","n/a","n/a","For metrics, refresh"
"best practices customer retention car dealership after purchase","=HYPERLINK(""https://smrs.toolsfrog.com/analytics/keywordoverview/?q=best%20practices%20customer%20retention%20car%20dealership%20after%20purchase&db=us"",""best practices customer retention car dealership after purchase​"")","n/a","n/a","0","0","","n/a","n/a","n/a","0.00","0.00","n/a","n/a","For metrics, refresh"
"best practices customer retention hotel industry 2025 2026","=HYPERLINK(""https://smrs.toolsfrog.com/analytics/keywordoverview/?q=best%20practices%20customer%20retention%20hotel%20industry%202025%202026&db=us"",""best practices customer retention hotel industry 2025 2026​"")","n/a","n/a","0","0","","n/a","n/a","n/a","0.00","0.00","n/a","n/a","For metrics, refresh"
"best practices for allocating marketing budget customer acquisition retention","=HYPERLINK(""https://smrs.toolsfrog.com/analytics/keywordoverview/?q=best%20practices%20for%20allocating%20marketing%20budget%20customer%20acquisition%20retention&db=us"",""best practices for allocating marketing budget customer acquisition retention​"")","n/a","n/a","0","0","","n/a","n/a","n/a","0.00","0.00","n/a","n/a","For metrics, refresh"
"best practices for customer retention in loyalty programs","=HYPERLINK(""https://smrs.toolsfrog.com/analytics/keywordoverview/?q=best%20practices%20for%20customer%20retention%20in%20loyalty%20programs&db=us"",""best practices for customer retention in loyalty programs​"")","n/a","n/a","0","0","","n/a","n/a","n/a","0.00","0.00","n/a","n/a","For metrics, refresh"
"best practices for customer retention msps","=HYPERLINK(""https://smrs.toolsfrog.com/analytics/keywordoverview/?q=best%20practices%20for%20customer%20retention%20msps&db=us"",""best practices for customer retention msps​"")","n/a","n/a","0","0","","n/a","n/a","n/a","0.00","0.00","n/a","n/a","For metrics, refresh"
"best practices for customer retention using technology","=HYPERLINK(""https://smrs.toolsfrog.com/analytics/keywordoverview/?q=best%20practices%20for%20customer%20retention%20using%20technology&db=us"",""best practices for customer retention using technology​"")","n/a","n/a","0","0","","n/a","n/a","n/a","0.00","0.00","n/a","n/a","For metrics, refresh"
"best practices for customizing post checkout experiences customer retention","=HYPERLINK(""https://smrs.toolsfrog.com/analytics/keywordoverview/?q=best%20practices%20for%20customizing%20post%20checkout%20experiences%20customer%20retention&db=us"",""best practices for customizing post checkout experiences customer retention​"")","n/a","n/a","0","0","","n/a","n/a","n/a","0.00","0.00","n/a","n/a","For metrics, refresh"
"best practices for customizing postcheckout experiences customer retention","=HYPERLINK(""https://smrs.toolsfrog.com/analytics/keywordoverview/?q=best%20practices%20for%20customizing%20postcheckout%20experiences%20customer%20retention&db=us"",""best practices for customizing postcheckout experiences customer retention​"")","n/a","n/a","0","0","","n/a","n/a","n/a","0.00","0.00","n/a","n/a","For metrics, refresh"
"best practices for dealership customer retention survey","=HYPERLINK(""https://smrs.toolsfrog.com/analytics/keywordoverview/?q=best%20practices%20for%20dealership%20customer%20retention%20survey&db=us"",""best practices for dealership customer retention survey​"")","n/a","n/a","0","0","","n/a","n/a","n/a","0.00","0.00","n/a","n/a","For metrics, refresh"
"best practices for enhancing customer retention aeo services","=HYPERLINK(""https://smrs.toolsfrog.com/analytics/keywordoverview/?q=best%20practices%20for%20enhancing%20customer%20retention%20aeo%20services&db=us"",""best practices for enhancing customer retention aeo services​"")","n/a","n/a","0","0","","n/a","n/a","n/a","0.00","0.00","n/a","n/a","For metrics, refresh"
"best practices for measuring roi on customer retention initiatives","=HYPERLINK(""https://smrs.toolsfrog.com/analytics/keywordoverview/?q=best%20practices%20for%20measuring%20roi%20on%20customer%20retention%20initiatives&db=us"",""best practices for measuring roi on customer retention initiatives​"")","n/a","n/a","0","0","","n/a","n/a","n/a","0.00","0.00","n/a","n/a","For metrics, refresh"
"best practices personalized customer outreach for b2b retention 2025 2026","=HYPERLINK(""https://smrs.toolsfrog.com/analytics/keywordoverview/?q=best%20practices%20personalized%20customer%20outreach%20for%20b2b%20retention%202025%202026&db=us"",""best practices personalized customer outreach for b2b retention 2025 2026​"")","n/a","n/a","0","0","","n/a","n/a","n/a","0.00","0.00","n/a","n/a","For metrics, refresh"
"best practices personalized customer outreach retention enterprise b2b b2c","=HYPERLINK(""https://smrs.toolsfrog.com/analytics/keywordoverview/?q=best%20practices%20personalized%20customer%20outreach%20retention%20enterprise%20b2b%20b2c&db=us"",""best practices personalized customer outreach retention enterprise b2b b2c​"")","n/a","n/a","0","0","","n/a","n/a","n/a","0.00","0.00","n/a","n/a","For metrics, refresh"
"best practices personalized customer outreach retention enterprise b2b b2c 2025","=HYPERLINK(""https://smrs.toolsfrog.com/analytics/keywordoverview/?q=best%20practices%20personalized%20customer%20outreach%20retention%20enterprise%20b2b%20b2c%202025&db=us"",""best practices personalized customer outreach retention enterprise b2b b2c 2025​"")","n/a","n/a","0","0","","n/a","n/a","n/a","0.00","0.00","n/a","n/a","For metrics, refresh"
"best pricing strategy consultants for margin improvement customer retention","=HYPERLINK(""https://smrs.toolsfrog.com/analytics/keywordoverview/?q=best%20pricing%20strategy%20consultants%20for%20margin%20improvement%20customer%20retention&db=us"",""best pricing strategy consultants for margin improvement customer retention​"")","n/a","n/a","0","0","","n/a","n/a","n/a","0.00","0.00","n/a","n/a","For metrics, refresh"
"best proactive customer retention software vendors 2025 or 2026","=HYPERLINK(""https://smrs.toolsfrog.com/analytics/keywordoverview/?q=best%20proactive%20customer%20retention%20software%20vendors%202025%20or%202026&db=us"",""best proactive customer retention software vendors 2025 or 2026​"")","n/a","n/a","0","0","","n/a","n/a","n/a","0.00","0.00","n/a","n/a","For metrics, refresh"
"best product lifecycle email examples for customer retention","=HYPERLINK(""https://smrs.toolsfrog.com/analytics/keywordoverview/?q=best%20product%20lifecycle%20email%20examples%20for%20customer%20retention&db=us"",""best product lifecycle email examples for customer retention​"")","n/a","n/a","0","0","","n/a","n/a","n/a","0.00","0.00","n/a","n/a","For metrics, refresh"
"best promotional items for customer loyalty retention statistics","=HYPERLINK(""https://smrs.toolsfrog.com/analytics/keywordoverview/?q=best%20promotional%20items%20for%20customer%20loyalty%20retention%20statistics&db=us"",""best promotional items for customer loyalty retention statistics​"")","n/a","n/a","0","0","","n/a","n/a","n/a","0.00","0.00","n/a","n/a","For metrics, refresh"
"best promotional items for customer retention","=HYPERLINK(""https://smrs.toolsfrog.com/analytics/keywordoverview/?q=best%20promotional%20items%20for%20customer%20retention&db=us"",""best promotional items for customer retention​"")","n/a","n/a","0","0","","n/a","n/a","n/a","0.00","0.00","n/a","n/a","For metrics, refresh"
"best rated customer loyalty programs for retention","=HYPERLINK(""https://smrs.toolsfrog.com/analytics/keywordoverview/?q=best%20rated%20customer%20loyalty%20programs%20for%20retention&db=us"",""best rated customer loyalty programs for retention​"")","n/a","n/a","0","0","","n/a","n/a","n/a","0.00","0.00","n/a","n/a","For metrics, refresh"
"best rated lead generation and customer retention companies","=HYPERLINK(""https://smrs.toolsfrog.com/analytics/keywordoverview/?q=best%20rated%20lead%20generation%20and%20customer%20retention%20companies&db=us"",""best rated lead generation and customer retention companies​"")","n/a","n/a","0","0","","n/a","n/a","n/a","0.00","0.00","n/a","n/a","For metrics, refresh"