"Select all keywords","Keyword","Intent","Relevance","Related %","Volume","Trend","Pot. Traffic","PKD %","KD %","CPC (USD)","Com.","SF","Results","Updated"
"crm customer retention management","=HYPERLINK(""https://smrs.toolsfrog.com/analytics/keywordoverview/?q=crm%20customer%20retention%20management&db=us"",""crm customer retention management​"")","n/a","n/a","0","20","","n/a","n/a","n/a","0.00","0.79","n/a","n/a","For metrics, refresh"
"crm strategies for customer retention repeat business b2b manufacturing industry","=HYPERLINK(""https://smrs.toolsfrog.com/analytics/keywordoverview/?q=crm%20strategies%20for%20customer%20retention%20repeat%20business%20b2b%20manufacturing%20industry&db=us"",""crm strategies for customer retention repeat business b2b manufacturing industry​"")","n/a","n/a","0","20","","n/a","n/a","n/a","0.00","0.00","n/a","n/a","For metrics, refresh"
"crr customer retention rate","=HYPERLINK(""https://smrs.toolsfrog.com/analytics/keywordoverview/?q=crr%20customer%20retention%20rate&db=us"",""crr customer retention rate​"")","n/a","n/a","0","20","","n/a","n/a","n/a","0.00","0.33","n/a","n/a","For metrics, refresh"
"custom retention holster","=HYPERLINK(""https://smrs.toolsfrog.com/analytics/keywordoverview/?q=custom%20retention%20holster&db=us"",""custom retention holster​"")","n/a","n/a","0","20","","n/a","n/a","n/a","0.36","1.00","n/a","n/a","For metrics, refresh"
"custom retention holsters","=HYPERLINK(""https://smrs.toolsfrog.com/analytics/keywordoverview/?q=custom%20retention%20holsters&db=us"",""custom retention holsters​"")","n/a","n/a","0","20","","n/a","n/a","n/a","0.54","1.00","n/a","n/a","For metrics, refresh"
"custom retention meaning","=HYPERLINK(""https://smrs.toolsfrog.com/analytics/keywordoverview/?q=custom%20retention%20meaning&db=us"",""custom retention meaning​"")","n/a","n/a","0","20","","n/a","n/a","n/a","0.00","0.33","n/a","n/a","For metrics, refresh"
"custom retention solutions","=HYPERLINK(""https://smrs.toolsfrog.com/analytics/keywordoverview/?q=custom%20retention%20solutions&db=us"",""custom retention solutions​"")","n/a","n/a","0","20","","n/a","n/a","n/a","9.25","0.10","n/a","n/a","For metrics, refresh"
"customer acquisition and retention manager recruiters","=HYPERLINK(""https://smrs.toolsfrog.com/analytics/keywordoverview/?q=customer%20acquisition%20and%20retention%20manager%20recruiters&db=us"",""customer acquisition and retention manager recruiters​"")","n/a","n/a","0","20","","n/a","n/a","n/a","0.00","0.33","n/a","n/a","For metrics, refresh"
"customer acquisition and retention meaning","=HYPERLINK(""https://smrs.toolsfrog.com/analytics/keywordoverview/?q=customer%20acquisition%20and%20retention%20meaning&db=us"",""customer acquisition and retention meaning​"")","n/a","n/a","0","20","","n/a","n/a","n/a","0.00","0.33","n/a","n/a","For metrics, refresh"
"customer acquisition retention and development","=HYPERLINK(""https://smrs.toolsfrog.com/analytics/keywordoverview/?q=customer%20acquisition%20retention%20and%20development&db=us"",""customer acquisition retention and development​"")","n/a","n/a","0","20","","n/a","n/a","n/a","0.00","0.06","n/a","n/a","For metrics, refresh"
"customer acquisition vs retention costs","=HYPERLINK(""https://smrs.toolsfrog.com/analytics/keywordoverview/?q=customer%20acquisition%20vs%20retention%20costs&db=us"",""customer acquisition vs retention costs​"")","n/a","n/a","0","20","","n/a","n/a","n/a","0.00","0.29","n/a","n/a","For metrics, refresh"
"customer acquisition vs retention costs statistics and trends","=HYPERLINK(""https://smrs.toolsfrog.com/analytics/keywordoverview/?q=customer%20acquisition%20vs%20retention%20costs%20statistics%20and%20trends&db=us"",""customer acquisition vs retention costs statistics and trends​"")","n/a","n/a","0","20","","n/a","n/a","n/a","0.00","0.86","n/a","n/a","For metrics, refresh"
"customer care retention","=HYPERLINK(""https://smrs.toolsfrog.com/analytics/keywordoverview/?q=customer%20care%20retention&db=us"",""customer care retention​"")","n/a","n/a","0","20","","n/a","n/a","n/a","5.12","0.19","n/a","n/a","For metrics, refresh"
"customer care retention specialist","=HYPERLINK(""https://smrs.toolsfrog.com/analytics/keywordoverview/?q=customer%20care%20retention%20specialist&db=us"",""customer care retention specialist​"")","n/a","n/a","0","20","","n/a","n/a","n/a","0.00","0.33","n/a","n/a","For metrics, refresh"
"customer churn vs retention","=HYPERLINK(""https://smrs.toolsfrog.com/analytics/keywordoverview/?q=customer%20churn%20vs%20retention&db=us"",""customer churn vs retention​"")","n/a","n/a","0","20","","n/a","n/a","n/a","2.47","0.25","n/a","n/a","For metrics, refresh"
"customer data retention","=HYPERLINK(""https://smrs.toolsfrog.com/analytics/keywordoverview/?q=customer%20data%20retention&db=us"",""customer data retention​"")","n/a","n/a","0","20","","n/a","n/a","n/a","0.00","0.33","n/a","n/a","For metrics, refresh"
"customer data retention period","=HYPERLINK(""https://smrs.toolsfrog.com/analytics/keywordoverview/?q=customer%20data%20retention%20period&db=us"",""customer data retention period​"")","n/a","n/a","0","20","","n/a","n/a","n/a","0.00","0.33","n/a","n/a","For metrics, refresh"
"customer data retention policy","=HYPERLINK(""https://smrs.toolsfrog.com/analytics/keywordoverview/?q=customer%20data%20retention%20policy&db=us"",""customer data retention policy​"")","n/a","n/a","0","20","","n/a","n/a","n/a","0.00","0.29","n/a","n/a","For metrics, refresh"
"customer dollar retention","=HYPERLINK(""https://smrs.toolsfrog.com/analytics/keywordoverview/?q=customer%20dollar%20retention&db=us"",""customer dollar retention​"")","n/a","n/a","0","20","","n/a","n/a","n/a","0.00","0.07","n/a","n/a","For metrics, refresh"
"customer education impact on retention","=HYPERLINK(""https://smrs.toolsfrog.com/analytics/keywordoverview/?q=customer%20education%20impact%20on%20retention&db=us"",""customer education impact on retention​"")","n/a","n/a","0","20","","n/a","n/a","n/a","0.00","0.00","n/a","n/a","For metrics, refresh"
"customer experience retention","=HYPERLINK(""https://smrs.toolsfrog.com/analytics/keywordoverview/?q=customer%20experience%20retention&db=us"",""customer experience retention​"")","n/a","n/a","0","20","","n/a","n/a","n/a","8.82","0.13","n/a","n/a","For metrics, refresh"
"customer journey acquisition retention","=HYPERLINK(""https://smrs.toolsfrog.com/analytics/keywordoverview/?q=customer%20journey%20acquisition%20retention&db=us"",""customer journey acquisition retention​"")","n/a","n/a","0","20","","n/a","n/a","n/a","0.00","0.33","n/a","n/a","For metrics, refresh"
"customer journey awareness consideration purchase retention advocacy","=HYPERLINK(""https://smrs.toolsfrog.com/analytics/keywordoverview/?q=customer%20journey%20awareness%20consideration%20purchase%20retention%20advocacy&db=us"",""customer journey awareness consideration purchase retention advocacy​"")","n/a","n/a","0","20","","n/a","n/a","n/a","0.00","0.50","n/a","n/a","For metrics, refresh"
"customer journey map awareness consideration purchase retention advocacy","=HYPERLINK(""https://smrs.toolsfrog.com/analytics/keywordoverview/?q=customer%20journey%20map%20awareness%20consideration%20purchase%20retention%20advocacy&db=us"",""customer journey map awareness consideration purchase retention advocacy​"")","n/a","n/a","0","20","","n/a","n/a","n/a","0.00","0.29","n/a","n/a","For metrics, refresh"
"customer journey map retention","=HYPERLINK(""https://smrs.toolsfrog.com/analytics/keywordoverview/?q=customer%20journey%20map%20retention&db=us"",""customer journey map retention​"")","n/a","n/a","0","20","","n/a","n/a","n/a","0.00","0.00","n/a","n/a","For metrics, refresh"
"customer journey retention stage","=HYPERLINK(""https://smrs.toolsfrog.com/analytics/keywordoverview/?q=customer%20journey%20retention%20stage&db=us"",""customer journey retention stage​"")","n/a","n/a","0","20","","n/a","n/a","n/a","0.00","0.33","n/a","n/a","For metrics, refresh"
"customer lifecycle retention","=HYPERLINK(""https://smrs.toolsfrog.com/analytics/keywordoverview/?q=customer%20lifecycle%20retention&db=us"",""customer lifecycle retention​"")","n/a","n/a","0","20","","n/a","n/a","n/a","0.00","0.33","n/a","n/a","For metrics, refresh"
"customer lifetime value formula retention rate","=HYPERLINK(""https://smrs.toolsfrog.com/analytics/keywordoverview/?q=customer%20lifetime%20value%20formula%20retention%20rate&db=us"",""customer lifetime value formula retention rate​"")","n/a","n/a","0","20","","n/a","n/a","n/a","0.00","0.33","n/a","n/a","For metrics, refresh"
"customer lifetime value retention rate","=HYPERLINK(""https://smrs.toolsfrog.com/analytics/keywordoverview/?q=customer%20lifetime%20value%20retention%20rate&db=us"",""customer lifetime value retention rate​"")","n/a","n/a","0","20","","n/a","n/a","n/a","0.00","0.29","n/a","n/a","For metrics, refresh"
"customer loyalty strategies for high retention rates","=HYPERLINK(""https://smrs.toolsfrog.com/analytics/keywordoverview/?q=customer%20loyalty%20strategies%20for%20high%20retention%20rates&db=us"",""customer loyalty strategies for high retention rates​"")","n/a","n/a","0","20","","n/a","n/a","n/a","0.00","0.00","n/a","n/a","For metrics, refresh"
"customer loyalty vs customer retention","=HYPERLINK(""https://smrs.toolsfrog.com/analytics/keywordoverview/?q=customer%20loyalty%20vs%20customer%20retention&db=us"",""customer loyalty vs customer retention​"")","n/a","n/a","0","20","","n/a","n/a","n/a","0.00","0.33","n/a","n/a","For metrics, refresh"
"customer prospecting and retention","=HYPERLINK(""https://smrs.toolsfrog.com/analytics/keywordoverview/?q=customer%20prospecting%20and%20retention&db=us"",""customer prospecting and retention​"")","n/a","n/a","0","20","","n/a","n/a","n/a","0.00","0.00","n/a","n/a","For metrics, refresh"
"customer retention activities demonstrating care and concern","=HYPERLINK(""https://smrs.toolsfrog.com/analytics/keywordoverview/?q=customer%20retention%20activities%20demonstrating%20care%20and%20concern&db=us"",""customer retention activities demonstrating care and concern​"")","n/a","n/a","0","20","","n/a","n/a","n/a","0.00","0.00","n/a","n/a","For metrics, refresh"
"customer retention advisor","=HYPERLINK(""https://smrs.toolsfrog.com/analytics/keywordoverview/?q=customer%20retention%20advisor&db=us"",""customer retention advisor​"")","n/a","n/a","0","20","","n/a","n/a","n/a","0.00","0.10","n/a","n/a","For metrics, refresh"
"customer retention agent","=HYPERLINK(""https://smrs.toolsfrog.com/analytics/keywordoverview/?q=customer%20retention%20agent&db=us"",""customer retention agent​"")","n/a","n/a","0","20","","n/a","n/a","n/a","0.00","0.19","n/a","n/a","For metrics, refresh"
"customer retention agent job description","=HYPERLINK(""https://smrs.toolsfrog.com/analytics/keywordoverview/?q=customer%20retention%20agent%20job%20description&db=us"",""customer retention agent job description​"")","n/a","n/a","0","20","","n/a","n/a","n/a","0.00","0.00","n/a","n/a","For metrics, refresh"
"customer retention agent usps","=HYPERLINK(""https://smrs.toolsfrog.com/analytics/keywordoverview/?q=customer%20retention%20agent%20usps&db=us"",""customer retention agent usps​"")","n/a","n/a","0","20","","n/a","n/a","n/a","0.00","0.33","n/a","n/a","For metrics, refresh"
"customer retention amazon","=HYPERLINK(""https://smrs.toolsfrog.com/analytics/keywordoverview/?q=customer%20retention%20amazon&db=us"",""customer retention amazon​"")","n/a","n/a","0","20","","n/a","n/a","n/a","0.00","0.07","n/a","n/a","For metrics, refresh"
"customer retention analysis example","=HYPERLINK(""https://smrs.toolsfrog.com/analytics/keywordoverview/?q=customer%20retention%20analysis%20example&db=us"",""customer retention analysis example​"")","n/a","n/a","0","20","","n/a","n/a","n/a","0.00","0.57","n/a","n/a","For metrics, refresh"
"customer retention analysis excel","=HYPERLINK(""https://smrs.toolsfrog.com/analytics/keywordoverview/?q=customer%20retention%20analysis%20excel&db=us"",""customer retention analysis excel​"")","n/a","n/a","0","20","","n/a","n/a","n/a","0.00","0.00","n/a","n/a","For metrics, refresh"
"customer retention analysis model","=HYPERLINK(""https://smrs.toolsfrog.com/analytics/keywordoverview/?q=customer%20retention%20analysis%20model&db=us"",""customer retention analysis model​"")","n/a","n/a","0","20","","n/a","n/a","n/a","0.00","0.33","n/a","n/a","For metrics, refresh"
"customer retention and customer acquisition","=HYPERLINK(""https://smrs.toolsfrog.com/analytics/keywordoverview/?q=customer%20retention%20and%20customer%20acquisition&db=us"",""customer retention and customer acquisition​"")","n/a","n/a","0","20","","n/a","n/a","n/a","0.00","0.33","n/a","n/a","For metrics, refresh"
"customer retention and development","=HYPERLINK(""https://smrs.toolsfrog.com/analytics/keywordoverview/?q=customer%20retention%20and%20development&db=us"",""customer retention and development​"")","n/a","n/a","0","20","","n/a","n/a","n/a","0.00","0.33","n/a","n/a","For metrics, refresh"
"customer retention and engagement","=HYPERLINK(""https://smrs.toolsfrog.com/analytics/keywordoverview/?q=customer%20retention%20and%20engagement&db=us"",""customer retention and engagement​"")","n/a","n/a","0","20","","n/a","n/a","n/a","0.00","0.33","n/a","n/a","For metrics, refresh"
"customer retention and profitability","=HYPERLINK(""https://smrs.toolsfrog.com/analytics/keywordoverview/?q=customer%20retention%20and%20profitability&db=us"",""customer retention and profitability​"")","n/a","n/a","0","20","","n/a","n/a","n/a","0.00","0.14","n/a","n/a","For metrics, refresh"
"customer retention approaches","=HYPERLINK(""https://smrs.toolsfrog.com/analytics/keywordoverview/?q=customer%20retention%20approaches&db=us"",""customer retention approaches​"")","n/a","n/a","0","20","","n/a","n/a","n/a","0.00","0.29","n/a","n/a","For metrics, refresh"
"customer retention associate","=HYPERLINK(""https://smrs.toolsfrog.com/analytics/keywordoverview/?q=customer%20retention%20associate&db=us"",""customer retention associate​"")","n/a","n/a","0","20","","n/a","n/a","n/a","0.00","0.33","n/a","n/a","For metrics, refresh"
"customer retention b2b","=HYPERLINK(""https://smrs.toolsfrog.com/analytics/keywordoverview/?q=customer%20retention%20b2b&db=us"",""customer retention b2b​"")","n/a","n/a","0","20","","n/a","n/a","n/a","0.00","0.33","n/a","n/a","For metrics, refresh"
"customer retention benchmarks","=HYPERLINK(""https://smrs.toolsfrog.com/analytics/keywordoverview/?q=customer%20retention%20benchmarks&db=us"",""customer retention benchmarks​"")","n/a","n/a","0","20","","n/a","n/a","n/a","0.00","0.00","n/a","n/a","For metrics, refresh"
"customer retention best practices banking","=HYPERLINK(""https://smrs.toolsfrog.com/analytics/keywordoverview/?q=customer%20retention%20best%20practices%20banking&db=us"",""customer retention best practices banking​"")","n/a","n/a","0","20","","n/a","n/a","n/a","0.00","0.00","n/a","n/a","For metrics, refresh"
"customer retention best practices finance","=HYPERLINK(""https://smrs.toolsfrog.com/analytics/keywordoverview/?q=customer%20retention%20best%20practices%20finance&db=us"",""customer retention best practices finance​"")","n/a","n/a","0","20","","n/a","n/a","n/a","0.00","0.00","n/a","n/a","For metrics, refresh"
"customer retention books","=HYPERLINK(""https://smrs.toolsfrog.com/analytics/keywordoverview/?q=customer%20retention%20books&db=us"",""customer retention books​"")","n/a","n/a","0","20","","n/a","n/a","n/a","0.00","0.40","n/a","n/a","For metrics, refresh"
"customer retention call centers","=HYPERLINK(""https://smrs.toolsfrog.com/analytics/keywordoverview/?q=customer%20retention%20call%20centers&db=us"",""customer retention call centers​"")","n/a","n/a","0","20","","n/a","n/a","n/a","0.00","0.00","n/a","n/a","For metrics, refresh"
"customer retention calls","=HYPERLINK(""https://smrs.toolsfrog.com/analytics/keywordoverview/?q=customer%20retention%20calls&db=us"",""customer retention calls​"")","n/a","n/a","0","20","","n/a","n/a","n/a","0.00","0.33","n/a","n/a","For metrics, refresh"
"customer retention cards","=HYPERLINK(""https://smrs.toolsfrog.com/analytics/keywordoverview/?q=customer%20retention%20cards&db=us"",""customer retention cards​"")","n/a","n/a","0","20","","n/a","n/a","n/a","0.00","0.00","n/a","n/a","For metrics, refresh"
"customer retention cartoon","=HYPERLINK(""https://smrs.toolsfrog.com/analytics/keywordoverview/?q=customer%20retention%20cartoon&db=us"",""customer retention cartoon​"")","n/a","n/a","0","20","","n/a","n/a","n/a","0.00","0.33","n/a","n/a","For metrics, refresh"
"customer retention case studies","=HYPERLINK(""https://smrs.toolsfrog.com/analytics/keywordoverview/?q=customer%20retention%20case%20studies&db=us"",""customer retention case studies​"")","n/a","n/a","0","20","","n/a","n/a","n/a","0.00","0.33","n/a","n/a","For metrics, refresh"
"customer retention case study","=HYPERLINK(""https://smrs.toolsfrog.com/analytics/keywordoverview/?q=customer%20retention%20case%20study&db=us"",""customer retention case study​"")","n/a","n/a","0","20","","n/a","n/a","n/a","0.00","0.29","n/a","n/a","For metrics, refresh"
"customer retention center","=HYPERLINK(""https://smrs.toolsfrog.com/analytics/keywordoverview/?q=customer%20retention%20center&db=us"",""customer retention center​"")","n/a","n/a","0","20","","n/a","n/a","n/a","0.00","0.05","n/a","n/a","For metrics, refresh"
"customer retention certificate","=HYPERLINK(""https://smrs.toolsfrog.com/analytics/keywordoverview/?q=customer%20retention%20certificate&db=us"",""customer retention certificate​"")","n/a","n/a","0","20","","n/a","n/a","n/a","0.00","0.14","n/a","n/a","For metrics, refresh"
"customer retention challenges","=HYPERLINK(""https://smrs.toolsfrog.com/analytics/keywordoverview/?q=customer%20retention%20challenges&db=us"",""customer retention challenges​"")","n/a","n/a","0","20","","n/a","n/a","n/a","0.00","0.33","n/a","n/a","For metrics, refresh"
"customer retention chart","=HYPERLINK(""https://smrs.toolsfrog.com/analytics/keywordoverview/?q=customer%20retention%20chart&db=us"",""customer retention chart​"")","n/a","n/a","0","20","","n/a","n/a","n/a","0.00","0.09","n/a","n/a","For metrics, refresh"
"customer retention clover apps","=HYPERLINK(""https://smrs.toolsfrog.com/analytics/keywordoverview/?q=customer%20retention%20clover%20apps&db=us"",""customer retention clover apps​"")","n/a","n/a","0","20","","n/a","n/a","n/a","0.00","0.00","n/a","n/a","For metrics, refresh"
"customer retention cohort analysis","=HYPERLINK(""https://smrs.toolsfrog.com/analytics/keywordoverview/?q=customer%20retention%20cohort%20analysis&db=us"",""customer retention cohort analysis​"")","n/a","n/a","0","20","","n/a","n/a","n/a","5.72","0.37","n/a","n/a","For metrics, refresh"
"customer retention company","=HYPERLINK(""https://smrs.toolsfrog.com/analytics/keywordoverview/?q=customer%20retention%20company&db=us"",""customer retention company​"")","n/a","n/a","0","20","","n/a","n/a","n/a","0.00","0.26","n/a","n/a","For metrics, refresh"
"customer retention conference","=HYPERLINK(""https://smrs.toolsfrog.com/analytics/keywordoverview/?q=customer%20retention%20conference&db=us"",""customer retention conference​"")","n/a","n/a","0","20","","n/a","n/a","n/a","0.00","0.86","n/a","n/a","For metrics, refresh"
"customer retention consultant","=HYPERLINK(""https://smrs.toolsfrog.com/analytics/keywordoverview/?q=customer%20retention%20consultant&db=us"",""customer retention consultant​"")","n/a","n/a","0","20","","n/a","n/a","n/a","17.93","0.10","n/a","n/a","For metrics, refresh"
"customer retention contact center","=HYPERLINK(""https://smrs.toolsfrog.com/analytics/keywordoverview/?q=customer%20retention%20contact%20center&db=us"",""customer retention contact center​"")","n/a","n/a","0","20","","n/a","n/a","n/a","0.00","0.00","n/a","n/a","For metrics, refresh"
"customer retention coordinator","=HYPERLINK(""https://smrs.toolsfrog.com/analytics/keywordoverview/?q=customer%20retention%20coordinator&db=us"",""customer retention coordinator​"")","n/a","n/a","0","20","","n/a","n/a","n/a","0.00","0.07","n/a","n/a","For metrics, refresh"
"customer retention cost calculation","=HYPERLINK(""https://smrs.toolsfrog.com/analytics/keywordoverview/?q=customer%20retention%20cost%20calculation&db=us"",""customer retention cost calculation​"")","n/a","n/a","0","20","","n/a","n/a","n/a","3.17","0.12","n/a","n/a","For metrics, refresh"
"customer retention cost calculator","=HYPERLINK(""https://smrs.toolsfrog.com/analytics/keywordoverview/?q=customer%20retention%20cost%20calculator&db=us"",""customer retention cost calculator​"")","n/a","n/a","0","20","","n/a","n/a","n/a","3.17","0.12","n/a","n/a","For metrics, refresh"
"customer retention cost definition","=HYPERLINK(""https://smrs.toolsfrog.com/analytics/keywordoverview/?q=customer%20retention%20cost%20definition&db=us"",""customer retention cost definition​"")","n/a","n/a","0","20","","n/a","n/a","n/a","0.00","0.33","n/a","n/a","For metrics, refresh"
"customer retention cost examples","=HYPERLINK(""https://smrs.toolsfrog.com/analytics/keywordoverview/?q=customer%20retention%20cost%20examples&db=us"",""customer retention cost examples​"")","n/a","n/a","0","20","","n/a","n/a","n/a","0.00","0.01","n/a","n/a","For metrics, refresh"
"customer retention cost for banks","=HYPERLINK(""https://smrs.toolsfrog.com/analytics/keywordoverview/?q=customer%20retention%20cost%20for%20banks&db=us"",""customer retention cost for banks​"")","n/a","n/a","0","20","","n/a","n/a","n/a","0.00","0.33","n/a","n/a","For metrics, refresh"
"customer retention cost for insurances","=HYPERLINK(""https://smrs.toolsfrog.com/analytics/keywordoverview/?q=customer%20retention%20cost%20for%20insurances&db=us"",""customer retention cost for insurances​"")","n/a","n/a","0","20","","n/a","n/a","n/a","0.00","0.00","n/a","n/a","For metrics, refresh"
"customer retention course","=HYPERLINK(""https://smrs.toolsfrog.com/analytics/keywordoverview/?q=customer%20retention%20course&db=us"",""customer retention course​"")","n/a","n/a","0","20","","n/a","n/a","n/a","0.00","0.03","n/a","n/a","For metrics, refresh"
"customer retention customer loyalty","=HYPERLINK(""https://smrs.toolsfrog.com/analytics/keywordoverview/?q=customer%20retention%20customer%20loyalty&db=us"",""customer retention customer loyalty​"")","n/a","n/a","0","20","","n/a","n/a","n/a","0.00","0.00","n/a","n/a","For metrics, refresh"
"customer retention dashboard power bi","=HYPERLINK(""https://smrs.toolsfrog.com/analytics/keywordoverview/?q=customer%20retention%20dashboard%20power%20bi&db=us"",""customer retention dashboard power bi​"")","n/a","n/a","0","20","","n/a","n/a","n/a","0.00","0.71","n/a","n/a","For metrics, refresh"
"customer retention dashboard tableau","=HYPERLINK(""https://smrs.toolsfrog.com/analytics/keywordoverview/?q=customer%20retention%20dashboard%20tableau&db=us"",""customer retention dashboard tableau​"")","n/a","n/a","0","20","","n/a","n/a","n/a","0.00","0.43","n/a","n/a","For metrics, refresh"
"customer retention dataset","=HYPERLINK(""https://smrs.toolsfrog.com/analytics/keywordoverview/?q=customer%20retention%20dataset&db=us"",""customer retention dataset​"")","n/a","n/a","0","20","","n/a","n/a","n/a","0.00","0.33","n/a","n/a","For metrics, refresh"
"customer retention define","=HYPERLINK(""https://smrs.toolsfrog.com/analytics/keywordoverview/?q=customer%20retention%20define&db=us"",""customer retention define​"")","n/a","n/a","0","20","","n/a","n/a","n/a","1.29","0.02","n/a","n/a","For metrics, refresh"
"customer retention definition by authors","=HYPERLINK(""https://smrs.toolsfrog.com/analytics/keywordoverview/?q=customer%20retention%20definition%20by%20authors&db=us"",""customer retention definition by authors​"")","n/a","n/a","0","20","","n/a","n/a","n/a","0.00","0.14","n/a","n/a","For metrics, refresh"
"customer retention deutsch","=HYPERLINK(""https://smrs.toolsfrog.com/analytics/keywordoverview/?q=customer%20retention%20deutsch&db=us"",""customer retention deutsch​"")","n/a","n/a","0","20","","n/a","n/a","n/a","0.00","0.33","n/a","n/a","For metrics, refresh"
"customer retention digital marketing","=HYPERLINK(""https://smrs.toolsfrog.com/analytics/keywordoverview/?q=customer%20retention%20digital%20marketing&db=us"",""customer retention digital marketing​"")","n/a","n/a","0","20","","n/a","n/a","n/a","0.00","0.33","n/a","n/a","For metrics, refresh"
"customer retention direct mail platform","=HYPERLINK(""https://smrs.toolsfrog.com/analytics/keywordoverview/?q=customer%20retention%20direct%20mail%20platform&db=us"",""customer retention direct mail platform​"")","n/a","n/a","0","20","","n/a","n/a","n/a","0.00","0.33","n/a","n/a","For metrics, refresh"
"customer retention drivers","=HYPERLINK(""https://smrs.toolsfrog.com/analytics/keywordoverview/?q=customer%20retention%20drivers&db=us"",""customer retention drivers​"")","n/a","n/a","0","20","","n/a","n/a","n/a","0.00","0.33","n/a","n/a","For metrics, refresh"
"customer retention during a recession","=HYPERLINK(""https://smrs.toolsfrog.com/analytics/keywordoverview/?q=customer%20retention%20during%20a%20recession&db=us"",""customer retention during a recession​"")","n/a","n/a","0","20","","n/a","n/a","n/a","0.00","0.00","n/a","n/a","For metrics, refresh"
"customer retention efforts","=HYPERLINK(""https://smrs.toolsfrog.com/analytics/keywordoverview/?q=customer%20retention%20efforts&db=us"",""customer retention efforts​"")","n/a","n/a","0","20","","n/a","n/a","n/a","0.00","0.11","n/a","n/a","For metrics, refresh"
"customer retention email marketing","=HYPERLINK(""https://smrs.toolsfrog.com/analytics/keywordoverview/?q=customer%20retention%20email%20marketing&db=us"",""customer retention email marketing​"")","n/a","n/a","0","20","","n/a","n/a","n/a","9.61","0.07","n/a","n/a","For metrics, refresh"
"customer retention email sample","=HYPERLINK(""https://smrs.toolsfrog.com/analytics/keywordoverview/?q=customer%20retention%20email%20sample&db=us"",""customer retention email sample​"")","n/a","n/a","0","20","","n/a","n/a","n/a","0.00","0.33","n/a","n/a","For metrics, refresh"
"customer retention email strategies","=HYPERLINK(""https://smrs.toolsfrog.com/analytics/keywordoverview/?q=customer%20retention%20email%20strategies&db=us"",""customer retention email strategies​"")","n/a","n/a","0","20","","n/a","n/a","n/a","0.00","0.33","n/a","n/a","For metrics, refresh"
"customer retention email template","=HYPERLINK(""https://smrs.toolsfrog.com/analytics/keywordoverview/?q=customer%20retention%20email%20template&db=us"",""customer retention email template​"")","n/a","n/a","0","20","","n/a","n/a","n/a","0.00","0.33","n/a","n/a","For metrics, refresh"
"customer retention email templates","=HYPERLINK(""https://smrs.toolsfrog.com/analytics/keywordoverview/?q=customer%20retention%20email%20templates&db=us"",""customer retention email templates​"")","n/a","n/a","0","20","","n/a","n/a","n/a","0.00","0.33","n/a","n/a","For metrics, refresh"
"customer retention excel template","=HYPERLINK(""https://smrs.toolsfrog.com/analytics/keywordoverview/?q=customer%20retention%20excel%20template&db=us"",""customer retention excel template​"")","n/a","n/a","0","20","","n/a","n/a","n/a","0.00","0.66","n/a","n/a","For metrics, refresh"
"customer retention executive","=HYPERLINK(""https://smrs.toolsfrog.com/analytics/keywordoverview/?q=customer%20retention%20executive&db=us"",""customer retention executive​"")","n/a","n/a","0","20","","n/a","n/a","n/a","0.00","0.33","n/a","n/a","For metrics, refresh"
"customer retention fido","=HYPERLINK(""https://smrs.toolsfrog.com/analytics/keywordoverview/?q=customer%20retention%20fido&db=us"",""customer retention fido​"")","n/a","n/a","0","20","","n/a","n/a","n/a","0.00","0.33","n/a","n/a","For metrics, refresh"
"customer retention for carpet cleaning","=HYPERLINK(""https://smrs.toolsfrog.com/analytics/keywordoverview/?q=customer%20retention%20for%20carpet%20cleaning&db=us"",""customer retention for carpet cleaning​"")","n/a","n/a","0","20","","n/a","n/a","n/a","0.00","0.00","n/a","n/a","For metrics, refresh"
"customer retention for saas","=HYPERLINK(""https://smrs.toolsfrog.com/analytics/keywordoverview/?q=customer%20retention%20for%20saas&db=us"",""customer retention for saas​"")","n/a","n/a","0","20","","n/a","n/a","n/a","0.00","0.33","n/a","n/a","For metrics, refresh"
"customer retention gif","=HYPERLINK(""https://smrs.toolsfrog.com/analytics/keywordoverview/?q=customer%20retention%20gif&db=us"",""customer retention gif​"")","n/a","n/a","0","20","","n/a","n/a","n/a","0.00","0.33","n/a","n/a","For metrics, refresh"
"customer retention icon","=HYPERLINK(""https://smrs.toolsfrog.com/analytics/keywordoverview/?q=customer%20retention%20icon&db=us"",""customer retention icon​"")","n/a","n/a","0","20","","n/a","n/a","n/a","0.00","0.33","n/a","n/a","For metrics, refresh"
"customer retention icon png","=HYPERLINK(""https://smrs.toolsfrog.com/analytics/keywordoverview/?q=customer%20retention%20icon%20png&db=us"",""customer retention icon png​"")","n/a","n/a","0","20","","n/a","n/a","n/a","0.00","0.33","n/a","n/a","For metrics, refresh"
"customer retention illustration","=HYPERLINK(""https://smrs.toolsfrog.com/analytics/keywordoverview/?q=customer%20retention%20illustration&db=us"",""customer retention illustration​"")","n/a","n/a","0","20","","n/a","n/a","n/a","0.00","0.33","n/a","n/a","For metrics, refresh"
"customer retention images","=HYPERLINK(""https://smrs.toolsfrog.com/analytics/keywordoverview/?q=customer%20retention%20images&db=us"",""customer retention images​"")","n/a","n/a","0","20","","n/a","n/a","n/a","0.00","0.33","n/a","n/a","For metrics, refresh"
"customer retention importance business growth","=HYPERLINK(""https://smrs.toolsfrog.com/analytics/keywordoverview/?q=customer%20retention%20importance%20business%20growth&db=us"",""customer retention importance business growth​"")","n/a","n/a","0","20","","n/a","n/a","n/a","0.00","0.00","n/a","n/a","For metrics, refresh"
"customer retention important","=HYPERLINK(""https://smrs.toolsfrog.com/analytics/keywordoverview/?q=customer%20retention%20important&db=us"",""customer retention important​"")","n/a","n/a","0","20","","n/a","n/a","n/a","0.00","0.02","n/a","n/a","For metrics, refresh"
"customer retention in a sentence","=HYPERLINK(""https://smrs.toolsfrog.com/analytics/keywordoverview/?q=customer%20retention%20in%20a%20sentence&db=us"",""customer retention in a sentence​"")","n/a","n/a","0","20","","n/a","n/a","n/a","0.00","0.33","n/a","n/a","For metrics, refresh"
"customer retention in ai industry","=HYPERLINK(""https://smrs.toolsfrog.com/analytics/keywordoverview/?q=customer%20retention%20in%20ai%20industry&db=us"",""customer retention in ai industry​"")","n/a","n/a","0","20","","n/a","n/a","n/a","0.00","0.00","n/a","n/a","For metrics, refresh"
"customer retention in banking sector pdf","=HYPERLINK(""https://smrs.toolsfrog.com/analytics/keywordoverview/?q=customer%20retention%20in%20banking%20sector%20pdf&db=us"",""customer retention in banking sector pdf​"")","n/a","n/a","0","20","","n/a","n/a","n/a","0.00","0.43","n/a","n/a","For metrics, refresh"
"customer retention in digital marketing","=HYPERLINK(""https://smrs.toolsfrog.com/analytics/keywordoverview/?q=customer%20retention%20in%20digital%20marketing&db=us"",""customer retention in digital marketing​"")","n/a","n/a","0","20","","n/a","n/a","n/a","0.00","0.00","n/a","n/a","For metrics, refresh"
"customer retention in e-commerce","=HYPERLINK(""https://smrs.toolsfrog.com/analytics/keywordoverview/?q=customer%20retention%20in%20e-commerce&db=us"",""customer retention in e-commerce​"")","n/a","n/a","0","20","","n/a","n/a","n/a","12.46","0.01","n/a","n/a","For metrics, refresh"
"customer retention in finance","=HYPERLINK(""https://smrs.toolsfrog.com/analytics/keywordoverview/?q=customer%20retention%20in%20finance&db=us"",""customer retention in finance​"")","n/a","n/a","0","20","","n/a","n/a","n/a","0.00","0.00","n/a","n/a","For metrics, refresh"
"customer retention in healthtech apps","=HYPERLINK(""https://smrs.toolsfrog.com/analytics/keywordoverview/?q=customer%20retention%20in%20healthtech%20apps&db=us"",""customer retention in healthtech apps​"")","n/a","n/a","0","20","","n/a","n/a","n/a","0.00","0.33","n/a","n/a","For metrics, refresh"
"customer retention in hospitality industry","=HYPERLINK(""https://smrs.toolsfrog.com/analytics/keywordoverview/?q=customer%20retention%20in%20hospitality%20industry&db=us"",""customer retention in hospitality industry​"")","n/a","n/a","0","20","","n/a","n/a","n/a","0.00","0.00","n/a","n/a","For metrics, refresh"
"customer retention in hotel industry","=HYPERLINK(""https://smrs.toolsfrog.com/analytics/keywordoverview/?q=customer%20retention%20in%20hotel%20industry&db=us"",""customer retention in hotel industry​"")","n/a","n/a","0","20","","n/a","n/a","n/a","0.00","0.33","n/a","n/a","For metrics, refresh"
"customer retention in restaurant industry","=HYPERLINK(""https://smrs.toolsfrog.com/analytics/keywordoverview/?q=customer%20retention%20in%20restaurant%20industry&db=us"",""customer retention in restaurant industry​"")","n/a","n/a","0","20","","n/a","n/a","n/a","0.00","0.21","n/a","n/a","For metrics, refresh"
"customer retention in telecom","=HYPERLINK(""https://smrs.toolsfrog.com/analytics/keywordoverview/?q=customer%20retention%20in%20telecom&db=us"",""customer retention in telecom​"")","n/a","n/a","0","20","","n/a","n/a","n/a","0.00","0.03","n/a","n/a","For metrics, refresh"
"customer retention in the automotive industry","=HYPERLINK(""https://smrs.toolsfrog.com/analytics/keywordoverview/?q=customer%20retention%20in%20the%20automotive%20industry&db=us"",""customer retention in the automotive industry​"")","n/a","n/a","0","20","","n/a","n/a","n/a","0.00","0.33","n/a","n/a","For metrics, refresh"
"customer retention in tqm","=HYPERLINK(""https://smrs.toolsfrog.com/analytics/keywordoverview/?q=customer%20retention%20in%20tqm&db=us"",""customer retention in tqm​"")","n/a","n/a","0","20","","n/a","n/a","n/a","0.00","0.33","n/a","n/a","For metrics, refresh"
"customer retention index","=HYPERLINK(""https://smrs.toolsfrog.com/analytics/keywordoverview/?q=customer%20retention%20index&db=us"",""customer retention index​"")","n/a","n/a","0","20","","n/a","n/a","n/a","0.00","0.14","n/a","n/a","For metrics, refresh"
"customer retention infographic","=HYPERLINK(""https://smrs.toolsfrog.com/analytics/keywordoverview/?q=customer%20retention%20infographic&db=us"",""customer retention infographic​"")","n/a","n/a","0","20","","n/a","n/a","n/a","0.00","0.33","n/a","n/a","For metrics, refresh"
"customer retention initiatives","=HYPERLINK(""https://smrs.toolsfrog.com/analytics/keywordoverview/?q=customer%20retention%20initiatives&db=us"",""customer retention initiatives​"")","n/a","n/a","0","20","","n/a","n/a","n/a","0.00","0.19","n/a","n/a","For metrics, refresh"
"customer retention interview questions","=HYPERLINK(""https://smrs.toolsfrog.com/analytics/keywordoverview/?q=customer%20retention%20interview%20questions&db=us"",""customer retention interview questions​"")","n/a","n/a","0","20","","n/a","n/a","n/a","0.00","0.33","n/a","n/a","For metrics, refresh"
"customer retention is cheaper than customer acquisition","=HYPERLINK(""https://smrs.toolsfrog.com/analytics/keywordoverview/?q=customer%20retention%20is%20cheaper%20than%20customer%20acquisition&db=us"",""customer retention is cheaper than customer acquisition​"")","n/a","n/a","0","20","","n/a","n/a","n/a","0.00","0.33","n/a","n/a","For metrics, refresh"
"customer retention is critical for growth","=HYPERLINK(""https://smrs.toolsfrog.com/analytics/keywordoverview/?q=customer%20retention%20is%20critical%20for%20growth&db=us"",""customer retention is critical for growth​"")","n/a","n/a","0","20","","n/a","n/a","n/a","0.00","0.00","n/a","n/a","For metrics, refresh"
"customer retention job description","=HYPERLINK(""https://smrs.toolsfrog.com/analytics/keywordoverview/?q=customer%20retention%20job%20description&db=us"",""customer retention job description​"")","n/a","n/a","0","20","","n/a","n/a","n/a","0.00","0.33","n/a","n/a","For metrics, refresh"
"customer retention jobs remote","=HYPERLINK(""https://smrs.toolsfrog.com/analytics/keywordoverview/?q=customer%20retention%20jobs%20remote&db=us"",""customer retention jobs remote​"")","n/a","n/a","0","20","","n/a","n/a","n/a","0.00","0.21","n/a","n/a","For metrics, refresh"
"customer retention kpi examples","=HYPERLINK(""https://smrs.toolsfrog.com/analytics/keywordoverview/?q=customer%20retention%20kpi%20examples&db=us"",""customer retention kpi examples​"")","n/a","n/a","0","20","","n/a","n/a","n/a","0.00","0.66","n/a","n/a","For metrics, refresh"
"customer retention letter examples","=HYPERLINK(""https://smrs.toolsfrog.com/analytics/keywordoverview/?q=customer%20retention%20letter%20examples&db=us"",""customer retention letter examples​"")","n/a","n/a","0","20","","n/a","n/a","n/a","0.00","0.29","n/a","n/a","For metrics, refresh"
"customer retention letter sample","=HYPERLINK(""https://smrs.toolsfrog.com/analytics/keywordoverview/?q=customer%20retention%20letter%20sample&db=us"",""customer retention letter sample​"")","n/a","n/a","0","20","","n/a","n/a","n/a","0.00","0.00","n/a","n/a","For metrics, refresh"
"customer retention lifecycle","=HYPERLINK(""https://smrs.toolsfrog.com/analytics/keywordoverview/?q=customer%20retention%20lifecycle&db=us"",""customer retention lifecycle​"")","n/a","n/a","0","20","","n/a","n/a","n/a","0.00","0.33","n/a","n/a","For metrics, refresh"
"customer retention logo","=HYPERLINK(""https://smrs.toolsfrog.com/analytics/keywordoverview/?q=customer%20retention%20logo&db=us"",""customer retention logo​"")","n/a","n/a","0","20","","n/a","n/a","n/a","0.00","0.33","n/a","n/a","For metrics, refresh"
"customer retention loyalty program","=HYPERLINK(""https://smrs.toolsfrog.com/analytics/keywordoverview/?q=customer%20retention%20loyalty%20program&db=us"",""customer retention loyalty program​"")","n/a","n/a","0","20","","n/a","n/a","n/a","0.00","0.00","n/a","n/a","For metrics, refresh"
"customer retention loyalty solution","=HYPERLINK(""https://smrs.toolsfrog.com/analytics/keywordoverview/?q=customer%20retention%20loyalty%20solution&db=us"",""customer retention loyalty solution​"")","n/a","n/a","0","20","","n/a","n/a","n/a","0.00","0.00","n/a","n/a","For metrics, refresh"
"customer retention machine learning","=HYPERLINK(""https://smrs.toolsfrog.com/analytics/keywordoverview/?q=customer%20retention%20machine%20learning&db=us"",""customer retention machine learning​"")","n/a","n/a","0","20","","n/a","n/a","n/a","0.00","0.00","n/a","n/a","For metrics, refresh"
"customer retention management definition","=HYPERLINK(""https://smrs.toolsfrog.com/analytics/keywordoverview/?q=customer%20retention%20management%20definition&db=us"",""customer retention management definition​"")","n/a","n/a","0","20","","n/a","n/a","n/a","3.29","0.04","n/a","n/a","For metrics, refresh"
"customer retention management pdf","=HYPERLINK(""https://smrs.toolsfrog.com/analytics/keywordoverview/?q=customer%20retention%20management%20pdf&db=us"",""customer retention management pdf​"")","n/a","n/a","0","20","","n/a","n/a","n/a","0.00","0.03","n/a","n/a","For metrics, refresh"
"customer retention manager job description","=HYPERLINK(""https://smrs.toolsfrog.com/analytics/keywordoverview/?q=customer%20retention%20manager%20job%20description&db=us"",""customer retention manager job description​"")","n/a","n/a","0","20","","n/a","n/a","n/a","0.00","0.33","n/a","n/a","For metrics, refresh"
"customer retention manager jobs","=HYPERLINK(""https://smrs.toolsfrog.com/analytics/keywordoverview/?q=customer%20retention%20manager%20jobs&db=us"",""customer retention manager jobs​"")","n/a","n/a","0","20","","n/a","n/a","n/a","0.00","0.33","n/a","n/a","For metrics, refresh"
"customer retention manager salary","=HYPERLINK(""https://smrs.toolsfrog.com/analytics/keywordoverview/?q=customer%20retention%20manager%20salary&db=us"",""customer retention manager salary​"")","n/a","n/a","0","20","","n/a","n/a","n/a","0.00","0.01","n/a","n/a","For metrics, refresh"
"customer retention marketing definition","=HYPERLINK(""https://smrs.toolsfrog.com/analytics/keywordoverview/?q=customer%20retention%20marketing%20definition&db=us"",""customer retention marketing definition​"")","n/a","n/a","0","20","","n/a","n/a","n/a","0.00","0.33","n/a","n/a","For metrics, refresh"
"customer retention marketing tactics loyalty programs personalization","=HYPERLINK(""https://smrs.toolsfrog.com/analytics/keywordoverview/?q=customer%20retention%20marketing%20tactics%20loyalty%20programs%20personalization&db=us"",""customer retention marketing tactics loyalty programs personalization​"")","n/a","n/a","0","20","","n/a","n/a","n/a","0.00","0.00","n/a","n/a","For metrics, refresh"
"customer retention matrix","=HYPERLINK(""https://smrs.toolsfrog.com/analytics/keywordoverview/?q=customer%20retention%20matrix&db=us"",""customer retention matrix​"")","n/a","n/a","0","20","","n/a","n/a","n/a","0.00","0.36","n/a","n/a","For metrics, refresh"
"customer retention meaning in business","=HYPERLINK(""https://smrs.toolsfrog.com/analytics/keywordoverview/?q=customer%20retention%20meaning%20in%20business&db=us"",""customer retention meaning in business​"")","n/a","n/a","0","20","","n/a","n/a","n/a","0.00","0.33","n/a","n/a","For metrics, refresh"
"customer retention meaning in marketing","=HYPERLINK(""https://smrs.toolsfrog.com/analytics/keywordoverview/?q=customer%20retention%20meaning%20in%20marketing&db=us"",""customer retention meaning in marketing​"")","n/a","n/a","0","20","","n/a","n/a","n/a","0.00","0.00","n/a","n/a","For metrics, refresh"
"customer retention measure","=HYPERLINK(""https://smrs.toolsfrog.com/analytics/keywordoverview/?q=customer%20retention%20measure&db=us"",""customer retention measure​"")","n/a","n/a","0","20","","n/a","n/a","n/a","0.00","0.01","n/a","n/a","For metrics, refresh"
"customer retention meme","=HYPERLINK(""https://smrs.toolsfrog.com/analytics/keywordoverview/?q=customer%20retention%20meme&db=us"",""customer retention meme​"")","n/a","n/a","0","20","","n/a","n/a","n/a","0.00","0.33","n/a","n/a","For metrics, refresh"
"customer retention metrics ecommerce","=HYPERLINK(""https://smrs.toolsfrog.com/analytics/keywordoverview/?q=customer%20retention%20metrics%20ecommerce&db=us"",""customer retention metrics ecommerce​"")","n/a","n/a","0","20","","n/a","n/a","n/a","0.00","0.33","n/a","n/a","For metrics, refresh"
"customer retention model machine learning","=HYPERLINK(""https://smrs.toolsfrog.com/analytics/keywordoverview/?q=customer%20retention%20model%20machine%20learning&db=us"",""customer retention model machine learning​"")","n/a","n/a","0","20","","n/a","n/a","n/a","0.00","0.33","n/a","n/a","For metrics, refresh"
"customer retention models 2018-2019","=HYPERLINK(""https://smrs.toolsfrog.com/analytics/keywordoverview/?q=customer%20retention%20models%202018-2019&db=us"",""customer retention models 2018-2019​"")","n/a","n/a","0","20","","n/a","n/a","n/a","0.00","0.00","n/a","n/a","For metrics, refresh"
"customer retention occurs when customers","=HYPERLINK(""https://smrs.toolsfrog.com/analytics/keywordoverview/?q=customer%20retention%20occurs%20when%20customers&db=us"",""customer retention occurs when customers​"")","n/a","n/a","0","20","","n/a","n/a","n/a","0.00","0.33","n/a","n/a","For metrics, refresh"
"customer retention officer","=HYPERLINK(""https://smrs.toolsfrog.com/analytics/keywordoverview/?q=customer%20retention%20officer&db=us"",""customer retention officer​"")","n/a","n/a","0","20","","n/a","n/a","n/a","0.00","0.33","n/a","n/a","For metrics, refresh"
"customer retention officer job description","=HYPERLINK(""https://smrs.toolsfrog.com/analytics/keywordoverview/?q=customer%20retention%20officer%20job%20description&db=us"",""customer retention officer job description​"")","n/a","n/a","0","20","","n/a","n/a","n/a","0.00","0.33","n/a","n/a","For metrics, refresh"
"customer retention opposite","=HYPERLINK(""https://smrs.toolsfrog.com/analytics/keywordoverview/?q=customer%20retention%20opposite&db=us"",""customer retention opposite​"")","n/a","n/a","0","20","","n/a","n/a","n/a","0.00","0.33","n/a","n/a","For metrics, refresh"
"customer retention outsourcing services","=HYPERLINK(""https://smrs.toolsfrog.com/analytics/keywordoverview/?q=customer%20retention%20outsourcing%20services&db=us"",""customer retention outsourcing services​"")","n/a","n/a","0","20","","n/a","n/a","n/a","0.00","0.00","n/a","n/a","For metrics, refresh"
"customer retention pdf","=HYPERLINK(""https://smrs.toolsfrog.com/analytics/keywordoverview/?q=customer%20retention%20pdf&db=us"",""customer retention pdf​"")","n/a","n/a","0","20","","n/a","n/a","n/a","0.00","0.33","n/a","n/a","For metrics, refresh"
"customer retention percentage","=HYPERLINK(""https://smrs.toolsfrog.com/analytics/keywordoverview/?q=customer%20retention%20percentage&db=us"",""customer retention percentage​"")","n/a","n/a","0","20","","n/a","n/a","n/a","0.00","0.33","n/a","n/a","For metrics, refresh"
"customer retention pictures","=HYPERLINK(""https://smrs.toolsfrog.com/analytics/keywordoverview/?q=customer%20retention%20pictures&db=us"",""customer retention pictures​"")","n/a","n/a","0","20","","n/a","n/a","n/a","0.00","0.33","n/a","n/a","For metrics, refresh"
"customer retention plan example","=HYPERLINK(""https://smrs.toolsfrog.com/analytics/keywordoverview/?q=customer%20retention%20plan%20example&db=us"",""customer retention plan example​"")","n/a","n/a","0","20","","n/a","n/a","n/a","0.00","0.33","n/a","n/a","For metrics, refresh"
"customer retention plan template","=HYPERLINK(""https://smrs.toolsfrog.com/analytics/keywordoverview/?q=customer%20retention%20plan%20template&db=us"",""customer retention plan template​"")","n/a","n/a","0","20","","n/a","n/a","n/a","0.00","0.00","n/a","n/a","For metrics, refresh"
"customer retention plans examples","=HYPERLINK(""https://smrs.toolsfrog.com/analytics/keywordoverview/?q=customer%20retention%20plans%20examples&db=us"",""customer retention plans examples​"")","n/a","n/a","0","20","","n/a","n/a","n/a","0.00","0.00","n/a","n/a","For metrics, refresh"
"customer retention png","=HYPERLINK(""https://smrs.toolsfrog.com/analytics/keywordoverview/?q=customer%20retention%20png&db=us"",""customer retention png​"")","n/a","n/a","0","20","","n/a","n/a","n/a","0.00","0.33","n/a","n/a","For metrics, refresh"
"customer retention points","=HYPERLINK(""https://smrs.toolsfrog.com/analytics/keywordoverview/?q=customer%20retention%20points&db=us"",""customer retention points​"")","n/a","n/a","0","20","","n/a","n/a","n/a","0.00","0.00","n/a","n/a","For metrics, refresh"
"customer retention policy","=HYPERLINK(""https://smrs.toolsfrog.com/analytics/keywordoverview/?q=customer%20retention%20policy&db=us"",""customer retention policy​"")","n/a","n/a","0","20","","n/a","n/a","n/a","0.00","0.00","n/a","n/a","For metrics, refresh"
"customer retention predictive analytics","=HYPERLINK(""https://smrs.toolsfrog.com/analytics/keywordoverview/?q=customer%20retention%20predictive%20analytics&db=us"",""customer retention predictive analytics​"")","n/a","n/a","0","20","","n/a","n/a","n/a","0.00","0.01","n/a","n/a","For metrics, refresh"
"customer retention principles","=HYPERLINK(""https://smrs.toolsfrog.com/analytics/keywordoverview/?q=customer%20retention%20principles&db=us"",""customer retention principles​"")","n/a","n/a","0","20","","n/a","n/a","n/a","0.00","0.14","n/a","n/a","For metrics, refresh"
"customer retention process flow","=HYPERLINK(""https://smrs.toolsfrog.com/analytics/keywordoverview/?q=customer%20retention%20process%20flow&db=us"",""customer retention process flow​"")","n/a","n/a","0","20","","n/a","n/a","n/a","0.00","0.33","n/a","n/a","For metrics, refresh"
"customer retention process ppt","=HYPERLINK(""https://smrs.toolsfrog.com/analytics/keywordoverview/?q=customer%20retention%20process%20ppt&db=us"",""customer retention process ppt​"")","n/a","n/a","0","20","","n/a","n/a","n/a","0.00","0.00","n/a","n/a","For metrics, refresh"
"customer retention product strategies","=HYPERLINK(""https://smrs.toolsfrog.com/analytics/keywordoverview/?q=customer%20retention%20product%20strategies&db=us"",""customer retention product strategies​"")","n/a","n/a","0","20","","n/a","n/a","n/a","0.00","0.00","n/a","n/a","For metrics, refresh"
"customer retention profitability","=HYPERLINK(""https://smrs.toolsfrog.com/analytics/keywordoverview/?q=customer%20retention%20profitability&db=us"",""customer retention profitability​"")","n/a","n/a","0","20","","n/a","n/a","n/a","0.00","0.14","n/a","n/a","For metrics, refresh"
"customer retention programme","=HYPERLINK(""https://smrs.toolsfrog.com/analytics/keywordoverview/?q=customer%20retention%20programme&db=us"",""customer retention programme​"")","n/a","n/a","0","20","","n/a","n/a","n/a","14.59","0.04","n/a","n/a","For metrics, refresh"
"customer retention project","=HYPERLINK(""https://smrs.toolsfrog.com/analytics/keywordoverview/?q=customer%20retention%20project&db=us"",""customer retention project​"")","n/a","n/a","0","20","","n/a","n/a","n/a","0.00","0.33","n/a","n/a","For metrics, refresh"
"customer retention project report pdf","=HYPERLINK(""https://smrs.toolsfrog.com/analytics/keywordoverview/?q=customer%20retention%20project%20report%20pdf&db=us"",""customer retention project report pdf​"")","n/a","n/a","0","20","","n/a","n/a","n/a","0.00","0.00","n/a","n/a","For metrics, refresh"
"customer retention questionnaire pdf","=HYPERLINK(""https://smrs.toolsfrog.com/analytics/keywordoverview/?q=customer%20retention%20questionnaire%20pdf&db=us"",""customer retention questionnaire pdf​"")","n/a","n/a","0","20","","n/a","n/a","n/a","0.00","0.14","n/a","n/a","For metrics, refresh"
"customer retention questions","=HYPERLINK(""https://smrs.toolsfrog.com/analytics/keywordoverview/?q=customer%20retention%20questions&db=us"",""customer retention questions​"")","n/a","n/a","0","20","","n/a","n/a","n/a","0.00","0.86","n/a","n/a","For metrics, refresh"
"customer retention quotes","=HYPERLINK(""https://smrs.toolsfrog.com/analytics/keywordoverview/?q=customer%20retention%20quotes&db=us"",""customer retention quotes​"")","n/a","n/a","0","20","","n/a","n/a","n/a","0.00","0.02","n/a","n/a","For metrics, refresh"
"customer retention rate benchmark","=HYPERLINK(""https://smrs.toolsfrog.com/analytics/keywordoverview/?q=customer%20retention%20rate%20benchmark&db=us"",""customer retention rate benchmark​"")","n/a","n/a","0","20","","n/a","n/a","n/a","0.00","0.33","n/a","n/a","For metrics, refresh"
"customer retention rate calculation example","=HYPERLINK(""https://smrs.toolsfrog.com/analytics/keywordoverview/?q=customer%20retention%20rate%20calculation%20example&db=us"",""customer retention rate calculation example​"")","n/a","n/a","0","20","","n/a","n/a","n/a","0.00","0.33","n/a","n/a","For metrics, refresh"
"customer retention rate formula example","=HYPERLINK(""https://smrs.toolsfrog.com/analytics/keywordoverview/?q=customer%20retention%20rate%20formula%20example&db=us"",""customer retention rate formula example​"")","n/a","n/a","0","20","","n/a","n/a","n/a","0.00","0.33","n/a","n/a","For metrics, refresh"
"customer retention rate graph","=HYPERLINK(""https://smrs.toolsfrog.com/analytics/keywordoverview/?q=customer%20retention%20rate%20graph&db=us"",""customer retention rate graph​"")","n/a","n/a","0","20","","n/a","n/a","n/a","0.00","0.33","n/a","n/a","For metrics, refresh"
"customer retention rate icon","=HYPERLINK(""https://smrs.toolsfrog.com/analytics/keywordoverview/?q=customer%20retention%20rate%20icon&db=us"",""customer retention rate icon​"")","n/a","n/a","0","20","","n/a","n/a","n/a","0.00","0.33","n/a","n/a","For metrics, refresh"
"customer retention rate kpi","=HYPERLINK(""https://smrs.toolsfrog.com/analytics/keywordoverview/?q=customer%20retention%20rate%20kpi&db=us"",""customer retention rate kpi​"")","n/a","n/a","0","20","","n/a","n/a","n/a","5.93","0.30","n/a","n/a","For metrics, refresh"
"customer retention rate meaning","=HYPERLINK(""https://smrs.toolsfrog.com/analytics/keywordoverview/?q=customer%20retention%20rate%20meaning&db=us"",""customer retention rate meaning​"")","n/a","n/a","0","20","","n/a","n/a","n/a","0.00","0.01","n/a","n/a","For metrics, refresh"
"customer retention rates are found by","=HYPERLINK(""https://smrs.toolsfrog.com/analytics/keywordoverview/?q=customer%20retention%20rates%20are%20found%20by&db=us"",""customer retention rates are found by​"")","n/a","n/a","0","20","","n/a","n/a","n/a","0.00","0.33","n/a","n/a","For metrics, refresh"
"customer retention report","=HYPERLINK(""https://smrs.toolsfrog.com/analytics/keywordoverview/?q=customer%20retention%20report&db=us"",""customer retention report​"")","n/a","n/a","0","20","","n/a","n/a","n/a","5.34","0.33","n/a","n/a","For metrics, refresh"
"customer retention representative job description","=HYPERLINK(""https://smrs.toolsfrog.com/analytics/keywordoverview/?q=customer%20retention%20representative%20job%20description&db=us"",""customer retention representative job description​"")","n/a","n/a","0","20","","n/a","n/a","n/a","0.00","0.00","n/a","n/a","For metrics, refresh"
"customer retention representative jobs","=HYPERLINK(""https://smrs.toolsfrog.com/analytics/keywordoverview/?q=customer%20retention%20representative%20jobs&db=us"",""customer retention representative jobs​"")","n/a","n/a","0","20","","n/a","n/a","n/a","0.00","0.00","n/a","n/a","For metrics, refresh"
"customer retention representative salary","=HYPERLINK(""https://smrs.toolsfrog.com/analytics/keywordoverview/?q=customer%20retention%20representative%20salary&db=us"",""customer retention representative salary​"")","n/a","n/a","0","20","","n/a","n/a","n/a","0.00","0.00","n/a","n/a","For metrics, refresh"
"customer retention research","=HYPERLINK(""https://smrs.toolsfrog.com/analytics/keywordoverview/?q=customer%20retention%20research&db=us"",""customer retention research​"")","n/a","n/a","0","20","","n/a","n/a","n/a","0.00","0.33","n/a","n/a","For metrics, refresh"
"customer retention research paper","=HYPERLINK(""https://smrs.toolsfrog.com/analytics/keywordoverview/?q=customer%20retention%20research%20paper&db=us"",""customer retention research paper​"")","n/a","n/a","0","20","","n/a","n/a","n/a","0.00","0.00","n/a","n/a","For metrics, refresh"
"customer retention resume","=HYPERLINK(""https://smrs.toolsfrog.com/analytics/keywordoverview/?q=customer%20retention%20resume&db=us"",""customer retention resume​"")","n/a","n/a","0","20","","n/a","n/a","n/a","0.00","0.33","n/a","n/a","For metrics, refresh"
"customer retention rewards effectiveness","=HYPERLINK(""https://smrs.toolsfrog.com/analytics/keywordoverview/?q=customer%20retention%20rewards%20effectiveness&db=us"",""customer retention rewards effectiveness​"")","n/a","n/a","0","20","","n/a","n/a","n/a","0.00","0.00","n/a","n/a","For metrics, refresh"
"customer retention risk","=HYPERLINK(""https://smrs.toolsfrog.com/analytics/keywordoverview/?q=customer%20retention%20risk&db=us"",""customer retention risk​"")","n/a","n/a","0","20","","n/a","n/a","n/a","0.00","0.33","n/a","n/a","For metrics, refresh"
"customer retention role","=HYPERLINK(""https://smrs.toolsfrog.com/analytics/keywordoverview/?q=customer%20retention%20role&db=us"",""customer retention role​"")","n/a","n/a","0","20","","n/a","n/a","n/a","0.00","0.33","n/a","n/a","For metrics, refresh"
"customer retention salary","=HYPERLINK(""https://smrs.toolsfrog.com/analytics/keywordoverview/?q=customer%20retention%20salary&db=us"",""customer retention salary​"")","n/a","n/a","0","20","","n/a","n/a","n/a","0.00","0.33","n/a","n/a","For metrics, refresh"
"customer retention salesforce","=HYPERLINK(""https://smrs.toolsfrog.com/analytics/keywordoverview/?q=customer%20retention%20salesforce&db=us"",""customer retention salesforce​"")","n/a","n/a","0","20","","n/a","n/a","n/a","0.00","0.00","n/a","n/a","For metrics, refresh"
"customer retention scheme","=HYPERLINK(""https://smrs.toolsfrog.com/analytics/keywordoverview/?q=customer%20retention%20scheme&db=us"",""customer retention scheme​"")","n/a","n/a","0","20","","n/a","n/a","n/a","0.00","0.33","n/a","n/a","For metrics, refresh"
"customer retention schemes","=HYPERLINK(""https://smrs.toolsfrog.com/analytics/keywordoverview/?q=customer%20retention%20schemes&db=us"",""customer retention schemes​"")","n/a","n/a","0","20","","n/a","n/a","n/a","0.00","0.33","n/a","n/a","For metrics, refresh"
"customer retention score","=HYPERLINK(""https://smrs.toolsfrog.com/analytics/keywordoverview/?q=customer%20retention%20score&db=us"",""customer retention score​"")","n/a","n/a","0","20","","n/a","n/a","n/a","0.00","0.61","n/a","n/a","For metrics, refresh"
"customer retention script","=HYPERLINK(""https://smrs.toolsfrog.com/analytics/keywordoverview/?q=customer%20retention%20script&db=us"",""customer retention script​"")","n/a","n/a","0","20","","n/a","n/a","n/a","0.00","0.00","n/a","n/a","For metrics, refresh"
"customer retention services provider","=HYPERLINK(""https://smrs.toolsfrog.com/analytics/keywordoverview/?q=customer%20retention%20services%20provider&db=us"",""customer retention services provider​"")","n/a","n/a","0","20","","n/a","n/a","n/a","0.00","0.00","n/a","n/a","For metrics, refresh"
"customer retention shopify","=HYPERLINK(""https://smrs.toolsfrog.com/analytics/keywordoverview/?q=customer%20retention%20shopify&db=us"",""customer retention shopify​"")","n/a","n/a","0","20","","n/a","n/a","n/a","0.00","0.33","n/a","n/a","For metrics, refresh"
"customer retention skills","=HYPERLINK(""https://smrs.toolsfrog.com/analytics/keywordoverview/?q=customer%20retention%20skills&db=us"",""customer retention skills​"")","n/a","n/a","0","20","","n/a","n/a","n/a","0.00","0.11","n/a","n/a","For metrics, refresh"
"customer retention skills for resume","=HYPERLINK(""https://smrs.toolsfrog.com/analytics/keywordoverview/?q=customer%20retention%20skills%20for%20resume&db=us"",""customer retention skills for resume​"")","n/a","n/a","0","20","","n/a","n/a","n/a","0.00","0.00","n/a","n/a","For metrics, refresh"
"customer retention social media","=HYPERLINK(""https://smrs.toolsfrog.com/analytics/keywordoverview/?q=customer%20retention%20social%20media&db=us"",""customer retention social media​"")","n/a","n/a","0","20","","n/a","n/a","n/a","0.00","0.33","n/a","n/a","For metrics, refresh"
"customer retention software for auto dealers","=HYPERLINK(""https://smrs.toolsfrog.com/analytics/keywordoverview/?q=customer%20retention%20software%20for%20auto%20dealers&db=us"",""customer retention software for auto dealers​"")","n/a","n/a","0","20","","n/a","n/a","n/a","0.00","0.00","n/a","n/a","For metrics, refresh"
"customer retention software for insurance","=HYPERLINK(""https://smrs.toolsfrog.com/analytics/keywordoverview/?q=customer%20retention%20software%20for%20insurance&db=us"",""customer retention software for insurance​"")","n/a","n/a","0","20","","n/a","n/a","n/a","0.00","0.00","n/a","n/a","For metrics, refresh"
"customer retention software for insurance agents","=HYPERLINK(""https://smrs.toolsfrog.com/analytics/keywordoverview/?q=customer%20retention%20software%20for%20insurance%20agents&db=us"",""customer retention software for insurance agents​"")","n/a","n/a","0","20","","n/a","n/a","n/a","0.00","0.00","n/a","n/a","For metrics, refresh"
"customer retention solutions for banks","=HYPERLINK(""https://smrs.toolsfrog.com/analytics/keywordoverview/?q=customer%20retention%20solutions%20for%20banks&db=us"",""customer retention solutions for banks​"")","n/a","n/a","0","20","","n/a","n/a","n/a","0.00","0.00","n/a","n/a","For metrics, refresh"
"customer retention solutions inc","=HYPERLINK(""https://smrs.toolsfrog.com/analytics/keywordoverview/?q=customer%20retention%20solutions%20inc&db=us"",""customer retention solutions inc​"")","n/a","n/a","0","20","","n/a","n/a","n/a","0.00","0.33","n/a","n/a","For metrics, refresh"
"customer retention specialist interview questions","=HYPERLINK(""https://smrs.toolsfrog.com/analytics/keywordoverview/?q=customer%20retention%20specialist%20interview%20questions&db=us"",""customer retention specialist interview questions​"")","n/a","n/a","0","20","","n/a","n/a","n/a","0.00","0.43","n/a","n/a","For metrics, refresh"
"customer retention specialist job description for resume","=HYPERLINK(""https://smrs.toolsfrog.com/analytics/keywordoverview/?q=customer%20retention%20specialist%20job%20description%20for%20resume&db=us"",""customer retention specialist job description for resume​"")","n/a","n/a","0","20","","n/a","n/a","n/a","0.00","0.33","n/a","n/a","For metrics, refresh"
"customer retention specialist jobs","=HYPERLINK(""https://smrs.toolsfrog.com/analytics/keywordoverview/?q=customer%20retention%20specialist%20jobs&db=us"",""customer retention specialist jobs​"")","n/a","n/a","0","20","","n/a","n/a","n/a","0.39","0.14","n/a","n/a","For metrics, refresh"
"customer retention specialist resume","=HYPERLINK(""https://smrs.toolsfrog.com/analytics/keywordoverview/?q=customer%20retention%20specialist%20resume&db=us"",""customer retention specialist resume​"")","n/a","n/a","0","20","","n/a","n/a","n/a","0.00","0.33","n/a","n/a","For metrics, refresh"
"customer retention specialist salary","=HYPERLINK(""https://smrs.toolsfrog.com/analytics/keywordoverview/?q=customer%20retention%20specialist%20salary&db=us"",""customer retention specialist salary​"")","n/a","n/a","0","20","","n/a","n/a","n/a","0.00","0.01","n/a","n/a","For metrics, refresh"
"customer retention spending","=HYPERLINK(""https://smrs.toolsfrog.com/analytics/keywordoverview/?q=customer%20retention%20spending&db=us"",""customer retention spending​"")","n/a","n/a","0","20","","n/a","n/a","n/a","0.00","0.33","n/a","n/a","For metrics, refresh"
"customer retention statistics 2025","=HYPERLINK(""https://smrs.toolsfrog.com/analytics/keywordoverview/?q=customer%20retention%20statistics%202025&db=us"",""customer retention statistics 2025​"")","n/a","n/a","0","20","","n/a","n/a","n/a","0.00","0.00","n/a","n/a","For metrics, refresh"
"customer retention statistics forbes","=HYPERLINK(""https://smrs.toolsfrog.com/analytics/keywordoverview/?q=customer%20retention%20statistics%20forbes&db=us"",""customer retention statistics forbes​"")","n/a","n/a","0","20","","n/a","n/a","n/a","0.00","0.33","n/a","n/a","For metrics, refresh"
"customer retention statistics small businesses","=HYPERLINK(""https://smrs.toolsfrog.com/analytics/keywordoverview/?q=customer%20retention%20statistics%20small%20businesses&db=us"",""customer retention statistics small businesses​"")","n/a","n/a","0","20","","n/a","n/a","n/a","0.00","0.00","n/a","n/a","For metrics, refresh"
"customer retention statistics small businesses 2025","=HYPERLINK(""https://smrs.toolsfrog.com/analytics/keywordoverview/?q=customer%20retention%20statistics%20small%20businesses%202025&db=us"",""customer retention statistics small businesses 2025​"")","n/a","n/a","0","20","","n/a","n/a","n/a","0.00","0.00","n/a","n/a","For metrics, refresh"
"customer retention strategies after first purchase","=HYPERLINK(""https://smrs.toolsfrog.com/analytics/keywordoverview/?q=customer%20retention%20strategies%20after%20first%20purchase&db=us"",""customer retention strategies after first purchase​"")","n/a","n/a","0","20","","n/a","n/a","n/a","0.00","0.00","n/a","n/a","For metrics, refresh"
"customer retention strategies banking","=HYPERLINK(""https://smrs.toolsfrog.com/analytics/keywordoverview/?q=customer%20retention%20strategies%20banking&db=us"",""customer retention strategies banking​"")","n/a","n/a","0","20","","n/a","n/a","n/a","0.00","0.00","n/a","n/a","For metrics, refresh"
"customer retention strategies business success amelcs","=HYPERLINK(""https://smrs.toolsfrog.com/analytics/keywordoverview/?q=customer%20retention%20strategies%20business%20success%20amelcs&db=us"",""customer retention strategies business success amelcs​"")","n/a","n/a","0","20","","n/a","n/a","n/a","0.00","0.00","n/a","n/a","For metrics, refresh"
"customer retention strategies e commerce","=HYPERLINK(""https://smrs.toolsfrog.com/analytics/keywordoverview/?q=customer%20retention%20strategies%20e%20commerce&db=us"",""customer retention strategies e commerce​"")","n/a","n/a","0","20","","n/a","n/a","n/a","8.67","0.06","n/a","n/a","For metrics, refresh"
"customer retention strategies effectiveness","=HYPERLINK(""https://smrs.toolsfrog.com/analytics/keywordoverview/?q=customer%20retention%20strategies%20effectiveness&db=us"",""customer retention strategies effectiveness​"")","n/a","n/a","0","20","","n/a","n/a","n/a","0.00","0.00","n/a","n/a","For metrics, refresh"
"customer retention strategies finance","=HYPERLINK(""https://smrs.toolsfrog.com/analytics/keywordoverview/?q=customer%20retention%20strategies%20finance&db=us"",""customer retention strategies finance​"")","n/a","n/a","0","20","","n/a","n/a","n/a","0.00","0.00","n/a","n/a","For metrics, refresh"
"customer retention strategies for dtc brands","=HYPERLINK(""https://smrs.toolsfrog.com/analytics/keywordoverview/?q=customer%20retention%20strategies%20for%20dtc%20brands&db=us"",""customer retention strategies for dtc brands​"")","n/a","n/a","0","20","","n/a","n/a","n/a","0.00","0.00","n/a","n/a","For metrics, refresh"
"customer retention strategies for ecommerce","=HYPERLINK(""https://smrs.toolsfrog.com/analytics/keywordoverview/?q=customer%20retention%20strategies%20for%20ecommerce&db=us"",""customer retention strategies for ecommerce​"")","n/a","n/a","0","20","","n/a","n/a","n/a","0.00","0.33","n/a","n/a","For metrics, refresh"
"customer retention strategies for jewelry retail","=HYPERLINK(""https://smrs.toolsfrog.com/analytics/keywordoverview/?q=customer%20retention%20strategies%20for%20jewelry%20retail&db=us"",""customer retention strategies for jewelry retail​"")","n/a","n/a","0","20","","n/a","n/a","n/a","0.00","0.00","n/a","n/a","For metrics, refresh"
"customer retention strategies for service industry","=HYPERLINK(""https://smrs.toolsfrog.com/analytics/keywordoverview/?q=customer%20retention%20strategies%20for%20service%20industry&db=us"",""customer retention strategies for service industry​"")","n/a","n/a","0","20","","n/a","n/a","n/a","0.00","0.00","n/a","n/a","For metrics, refresh"
"customer retention strategies holiday sales","=HYPERLINK(""https://smrs.toolsfrog.com/analytics/keywordoverview/?q=customer%20retention%20strategies%20holiday%20sales&db=us"",""customer retention strategies holiday sales​"")","n/a","n/a","0","20","","n/a","n/a","n/a","0.00","0.00","n/a","n/a","For metrics, refresh"
"customer retention strategies in healthcare","=HYPERLINK(""https://smrs.toolsfrog.com/analytics/keywordoverview/?q=customer%20retention%20strategies%20in%20healthcare&db=us"",""customer retention strategies in healthcare​"")","n/a","n/a","0","20","","n/a","n/a","n/a","0.00","0.33","n/a","n/a","For metrics, refresh"
"customer retention strategies in service marketing","=HYPERLINK(""https://smrs.toolsfrog.com/analytics/keywordoverview/?q=customer%20retention%20strategies%20in%20service%20marketing&db=us"",""customer retention strategies in service marketing​"")","n/a","n/a","0","20","","n/a","n/a","n/a","0.00","0.33","n/a","n/a","For metrics, refresh"
"customer retention strategies in services","=HYPERLINK(""https://smrs.toolsfrog.com/analytics/keywordoverview/?q=customer%20retention%20strategies%20in%20services&db=us"",""customer retention strategies in services​"")","n/a","n/a","0","20","","n/a","n/a","n/a","0.00","0.33","n/a","n/a","For metrics, refresh"
"customer retention strategies in telecom industry","=HYPERLINK(""https://smrs.toolsfrog.com/analytics/keywordoverview/?q=customer%20retention%20strategies%20in%20telecom%20industry&db=us"",""customer retention strategies in telecom industry​"")","n/a","n/a","0","20","","n/a","n/a","n/a","0.00","0.33","n/a","n/a","For metrics, refresh"
"customer retention strategies increase sales","=HYPERLINK(""https://smrs.toolsfrog.com/analytics/keywordoverview/?q=customer%20retention%20strategies%20increase%20sales&db=us"",""customer retention strategies increase sales​"")","n/a","n/a","0","20","","n/a","n/a","n/a","0.00","0.00","n/a","n/a","For metrics, refresh"
"customer retention strategies local business","=HYPERLINK(""https://smrs.toolsfrog.com/analytics/keywordoverview/?q=customer%20retention%20strategies%20local%20business&db=us"",""customer retention strategies local business​"")","n/a","n/a","0","20","","n/a","n/a","n/a","0.00","0.00","n/a","n/a","For metrics, refresh"
"customer retention strategies meaning","=HYPERLINK(""https://smrs.toolsfrog.com/analytics/keywordoverview/?q=customer%20retention%20strategies%20meaning&db=us"",""customer retention strategies meaning​"")","n/a","n/a","0","20","","n/a","n/a","n/a","0.00","0.33","n/a","n/a","For metrics, refresh"
"customer retention strategies ppt","=HYPERLINK(""https://smrs.toolsfrog.com/analytics/keywordoverview/?q=customer%20retention%20strategies%20ppt&db=us"",""customer retention strategies ppt​"")","n/a","n/a","0","20","","n/a","n/a","n/a","0.00","0.33","n/a","n/a","For metrics, refresh"
"customer retention strategies techniques best practices","=HYPERLINK(""https://smrs.toolsfrog.com/analytics/keywordoverview/?q=customer%20retention%20strategies%20techniques%20best%20practices&db=us"",""customer retention strategies techniques best practices​"")","n/a","n/a","0","20","","n/a","n/a","n/a","0.00","0.00","n/a","n/a","For metrics, refresh"
"customer retention strategies tutorials forums","=HYPERLINK(""https://smrs.toolsfrog.com/analytics/keywordoverview/?q=customer%20retention%20strategies%20tutorials%20forums&db=us"",""customer retention strategies tutorials forums​"")","n/a","n/a","0","20","","n/a","n/a","n/a","0.00","0.00","n/a","n/a","For metrics, refresh"
"customer retention strategy definition","=HYPERLINK(""https://smrs.toolsfrog.com/analytics/keywordoverview/?q=customer%20retention%20strategy%20definition&db=us"",""customer retention strategy definition​"")","n/a","n/a","0","20","","n/a","n/a","n/a","0.00","0.33","n/a","n/a","For metrics, refresh"
"customer retention strategy for black friday","=HYPERLINK(""https://smrs.toolsfrog.com/analytics/keywordoverview/?q=customer%20retention%20strategy%20for%20black%20friday&db=us"",""customer retention strategy for black friday​"")","n/a","n/a","0","20","","n/a","n/a","n/a","0.00","0.00","n/a","n/a","For metrics, refresh"
"customer retention strategy plan","=HYPERLINK(""https://smrs.toolsfrog.com/analytics/keywordoverview/?q=customer%20retention%20strategy%20plan&db=us"",""customer retention strategy plan​"")","n/a","n/a","0","20","","n/a","n/a","n/a","0.00","0.33","n/a","n/a","For metrics, refresh"
"customer retention strategy template","=HYPERLINK(""https://smrs.toolsfrog.com/analytics/keywordoverview/?q=customer%20retention%20strategy%20template&db=us"",""customer retention strategy template​"")","n/a","n/a","0","20","","n/a","n/a","n/a","0.00","0.52","n/a","n/a","For metrics, refresh"
"customer retention study","=HYPERLINK(""https://smrs.toolsfrog.com/analytics/keywordoverview/?q=customer%20retention%20study&db=us"",""customer retention study​"")","n/a","n/a","0","20","","n/a","n/a","n/a","0.00","0.33","n/a","n/a","For metrics, refresh"
"customer retention survey template","=HYPERLINK(""https://smrs.toolsfrog.com/analytics/keywordoverview/?q=customer%20retention%20survey%20template&db=us"",""customer retention survey template​"")","n/a","n/a","0","20","","n/a","n/a","n/a","0.00","0.33","n/a","n/a","For metrics, refresh"
"customer retention synonym","=HYPERLINK(""https://smrs.toolsfrog.com/analytics/keywordoverview/?q=customer%20retention%20synonym&db=us"",""customer retention synonym​"")","n/a","n/a","0","20","","n/a","n/a","n/a","0.00","0.33","n/a","n/a","For metrics, refresh"
"customer retention systems","=HYPERLINK(""https://smrs.toolsfrog.com/analytics/keywordoverview/?q=customer%20retention%20systems&db=us"",""customer retention systems​"")","n/a","n/a","0","20","","n/a","n/a","n/a","16.18","0.10","n/a","n/a","For metrics, refresh"
"customer retention tactics for martial arts gyms","=HYPERLINK(""https://smrs.toolsfrog.com/analytics/keywordoverview/?q=customer%20retention%20tactics%20for%20martial%20arts%20gyms&db=us"",""customer retention tactics for martial arts gyms​"")","n/a","n/a","0","20","","n/a","n/a","n/a","0.00","0.00","n/a","n/a","For metrics, refresh"
"customer retention team","=HYPERLINK(""https://smrs.toolsfrog.com/analytics/keywordoverview/?q=customer%20retention%20team&db=us"",""customer retention team​"")","n/a","n/a","0","20","","n/a","n/a","n/a","0.00","0.02","n/a","n/a","For metrics, refresh"
"customer retention techniques ppt","=HYPERLINK(""https://smrs.toolsfrog.com/analytics/keywordoverview/?q=customer%20retention%20techniques%20ppt&db=us"",""customer retention techniques ppt​"")","n/a","n/a","0","20","","n/a","n/a","n/a","0.00","0.00","n/a","n/a","For metrics, refresh"
"customer retention telus","=HYPERLINK(""https://smrs.toolsfrog.com/analytics/keywordoverview/?q=customer%20retention%20telus&db=us"",""customer retention telus​"")","n/a","n/a","0","20","","n/a","n/a","n/a","0.00","0.14","n/a","n/a","For metrics, refresh"
"customer retention template","=HYPERLINK(""https://smrs.toolsfrog.com/analytics/keywordoverview/?q=customer%20retention%20template&db=us"",""customer retention template​"")","n/a","n/a","0","20","","n/a","n/a","n/a","0.00","0.21","n/a","n/a","For metrics, refresh"
"customer retention theories","=HYPERLINK(""https://smrs.toolsfrog.com/analytics/keywordoverview/?q=customer%20retention%20theories&db=us"",""customer retention theories​"")","n/a","n/a","0","20","","n/a","n/a","n/a","0.00","0.33","n/a","n/a","For metrics, refresh"
"customer retention theory","=HYPERLINK(""https://smrs.toolsfrog.com/analytics/keywordoverview/?q=customer%20retention%20theory&db=us"",""customer retention theory​"")","n/a","n/a","0","20","","n/a","n/a","n/a","0.00","0.33","n/a","n/a","For metrics, refresh"
"customer retention through co-marketing","=HYPERLINK(""https://smrs.toolsfrog.com/analytics/keywordoverview/?q=customer%20retention%20through%20co-marketing&db=us"",""customer retention through co-marketing​"")","n/a","n/a","0","20","","n/a","n/a","n/a","0.00","0.00","n/a","n/a","For metrics, refresh"
"customer retention tools for failed payments","=HYPERLINK(""https://smrs.toolsfrog.com/analytics/keywordoverview/?q=customer%20retention%20tools%20for%20failed%20payments&db=us"",""customer retention tools for failed payments​"")","n/a","n/a","0","20","","n/a","n/a","n/a","0.00","0.00","n/a","n/a","For metrics, refresh"
"customer retention training courses","=HYPERLINK(""https://smrs.toolsfrog.com/analytics/keywordoverview/?q=customer%20retention%20training%20courses&db=us"",""customer retention training courses​"")","n/a","n/a","0","20","","n/a","n/a","n/a","0.00","0.99","n/a","n/a","For metrics, refresh"
"customer retention vs acquisition cost","=HYPERLINK(""https://smrs.toolsfrog.com/analytics/keywordoverview/?q=customer%20retention%20vs%20acquisition%20cost&db=us"",""customer retention vs acquisition cost​"")","n/a","n/a","0","20","","n/a","n/a","n/a","4.46","0.09","n/a","n/a","For metrics, refresh"
"customer retention vs acquisition cost comparison","=HYPERLINK(""https://smrs.toolsfrog.com/analytics/keywordoverview/?q=customer%20retention%20vs%20acquisition%20cost%20comparison&db=us"",""customer retention vs acquisition cost comparison​"")","n/a","n/a","0","20","","n/a","n/a","n/a","0.00","0.00","n/a","n/a","For metrics, refresh"
"customer retention vs loyalty","=HYPERLINK(""https://smrs.toolsfrog.com/analytics/keywordoverview/?q=customer%20retention%20vs%20loyalty&db=us"",""customer retention vs loyalty​"")","n/a","n/a","0","20","","n/a","n/a","n/a","0.00","0.33","n/a","n/a","For metrics, refresh"
"customer retention vs new customer acquisition","=HYPERLINK(""https://smrs.toolsfrog.com/analytics/keywordoverview/?q=customer%20retention%20vs%20new%20customer%20acquisition&db=us"",""customer retention vs new customer acquisition​"")","n/a","n/a","0","20","","n/a","n/a","n/a","0.00","0.29","n/a","n/a","For metrics, refresh"
"customer retention wealth management","=HYPERLINK(""https://smrs.toolsfrog.com/analytics/keywordoverview/?q=customer%20retention%20wealth%20management&db=us"",""customer retention wealth management​"")","n/a","n/a","0","20","","n/a","n/a","n/a","0.00","0.00","n/a","n/a","For metrics, refresh"
"customer retention 中文","=HYPERLINK(""https://smrs.toolsfrog.com/analytics/keywordoverview/?q=customer%20retention%20%E4%B8%AD%E6%96%87&db=us"",""customer retention 中文​"")","n/a","n/a","0","20","","n/a","n/a","n/a","0.00","0.33","n/a","n/a","For metrics, refresh"
"customer retention 意味","=HYPERLINK(""https://smrs.toolsfrog.com/analytics/keywordoverview/?q=customer%20retention%20%E6%84%8F%E5%91%B3&db=us"",""customer retention 意味​"")","n/a","n/a","0","20","","n/a","n/a","n/a","0.00","0.33","n/a","n/a","For metrics, refresh"
"customer retention 뜻","=HYPERLINK(""https://smrs.toolsfrog.com/analytics/keywordoverview/?q=customer%20retention%20%EB%9C%BB&db=us"",""customer retention 뜻​"")","n/a","n/a","0","20","","n/a","n/a","n/a","0.00","0.00","n/a","n/a","For metrics, refresh"
"customer service representative retention","=HYPERLINK(""https://smrs.toolsfrog.com/analytics/keywordoverview/?q=customer%20service%20representative%20retention&db=us"",""customer service representative retention​"")","n/a","n/a","0","20","","n/a","n/a","n/a","0.00","0.33","n/a","n/a","For metrics, refresh"
"customer service retention job description","=HYPERLINK(""https://smrs.toolsfrog.com/analytics/keywordoverview/?q=customer%20service%20retention%20job%20description&db=us"",""customer service retention job description​"")","n/a","n/a","0","20","","n/a","n/a","n/a","0.00","0.33","n/a","n/a","For metrics, refresh"
"customer service retention meaning","=HYPERLINK(""https://smrs.toolsfrog.com/analytics/keywordoverview/?q=customer%20service%20retention%20meaning&db=us"",""customer service retention meaning​"")","n/a","n/a","0","20","","n/a","n/a","n/a","0.00","0.14","n/a","n/a","For metrics, refresh"
"customer service retention specialist","=HYPERLINK(""https://smrs.toolsfrog.com/analytics/keywordoverview/?q=customer%20service%20retention%20specialist&db=us"",""customer service retention specialist​"")","n/a","n/a","0","20","","n/a","n/a","n/a","0.00","0.33","n/a","n/a","For metrics, refresh"
"customer service retention specialist job description","=HYPERLINK(""https://smrs.toolsfrog.com/analytics/keywordoverview/?q=customer%20service%20retention%20specialist%20job%20description&db=us"",""customer service retention specialist job description​"")","n/a","n/a","0","20","","n/a","n/a","n/a","0.00","0.33","n/a","n/a","For metrics, refresh"
"customer service retention tips","=HYPERLINK(""https://smrs.toolsfrog.com/analytics/keywordoverview/?q=customer%20service%20retention%20tips&db=us"",""customer service retention tips​"")","n/a","n/a","0","20","","n/a","n/a","n/a","5.11","0.66","n/a","n/a","For metrics, refresh"
"customers retention","=HYPERLINK(""https://smrs.toolsfrog.com/analytics/keywordoverview/?q=customers%20retention&db=us"",""customers retention​"")","n/a","n/a","0","20","","n/a","n/a","n/a","5.87","0.05","n/a","n/a","For metrics, refresh"
"customized coaching services for employee retention","=HYPERLINK(""https://smrs.toolsfrog.com/analytics/keywordoverview/?q=customized%20coaching%20services%20for%20employee%20retention&db=us"",""customized coaching services for employee retention​"")","n/a","n/a","0","20","","n/a","n/a","n/a","0.00","0.00","n/a","n/a","For metrics, refresh"
"customized merchandise for retention marketing","=HYPERLINK(""https://smrs.toolsfrog.com/analytics/keywordoverview/?q=customized%20merchandise%20for%20retention%20marketing&db=us"",""customized merchandise for retention marketing​"")","n/a","n/a","0","20","","n/a","n/a","n/a","0.00","0.00","n/a","n/a","For metrics, refresh"
"customs retention","=HYPERLINK(""https://smrs.toolsfrog.com/analytics/keywordoverview/?q=customs%20retention&db=us"",""customs retention​"")","n/a","n/a","0","20","","n/a","n/a","n/a","0.00","0.33","n/a","n/a","For metrics, refresh"
"customs retention or investigation ebay","=HYPERLINK(""https://smrs.toolsfrog.com/analytics/keywordoverview/?q=customs%20retention%20or%20investigation%20ebay&db=us"",""customs retention or investigation ebay​"")","n/a","n/a","0","20","","n/a","n/a","n/a","0.00","0.00","n/a","n/a","For metrics, refresh"
"customs retention or investigation meaning","=HYPERLINK(""https://smrs.toolsfrog.com/analytics/keywordoverview/?q=customs%20retention%20or%20investigation%20meaning&db=us"",""customs retention or investigation meaning​"")","n/a","n/a","0","20","","n/a","n/a","n/a","0.00","0.33","n/a","n/a","For metrics, refresh"
"data-driven direct mail strategies for retail customer retention","=HYPERLINK(""https://smrs.toolsfrog.com/analytics/keywordoverview/?q=data-driven%20direct%20mail%20strategies%20for%20retail%20customer%20retention&db=us"",""data-driven direct mail strategies for retail customer retention​"")","n/a","n/a","0","20","","n/a","n/a","n/a","0.00","0.00","n/a","n/a","For metrics, refresh"
"datadog custom metrics retention","=HYPERLINK(""https://smrs.toolsfrog.com/analytics/keywordoverview/?q=datadog%20custom%20metrics%20retention&db=us"",""datadog custom metrics retention​"")","n/a","n/a","0","20","","n/a","n/a","n/a","0.00","0.33","n/a","n/a","For metrics, refresh"
"dealership customer retention strategy","=HYPERLINK(""https://smrs.toolsfrog.com/analytics/keywordoverview/?q=dealership%20customer%20retention%20strategy&db=us"",""dealership customer retention strategy​"")","n/a","n/a","0","20","","n/a","n/a","n/a","0.00","0.33","n/a","n/a","For metrics, refresh"
"define customer retention:","=HYPERLINK(""https://smrs.toolsfrog.com/analytics/keywordoverview/?q=define%20customer%20retention%3A&db=us"",""define customer retention:​"")","n/a","n/a","0","20","","n/a","n/a","n/a","1.29","0.02","n/a","n/a","For metrics, refresh"
"difference between customer acquisition and customer retention","=HYPERLINK(""https://smrs.toolsfrog.com/analytics/keywordoverview/?q=difference%20between%20customer%20acquisition%20and%20customer%20retention&db=us"",""difference between customer acquisition and customer retention​"")","n/a","n/a","0","20","","n/a","n/a","n/a","0.00","0.33","n/a","n/a","For metrics, refresh"
"difference between customer loyalty and customer retention","=HYPERLINK(""https://smrs.toolsfrog.com/analytics/keywordoverview/?q=difference%20between%20customer%20loyalty%20and%20customer%20retention&db=us"",""difference between customer loyalty and customer retention​"")","n/a","n/a","0","20","","n/a","n/a","n/a","0.00","0.33","n/a","n/a","For metrics, refresh"
"difference between customer retention and customer acquisition","=HYPERLINK(""https://smrs.toolsfrog.com/analytics/keywordoverview/?q=difference%20between%20customer%20retention%20and%20customer%20acquisition&db=us"",""difference between customer retention and customer acquisition​"")","n/a","n/a","0","20","","n/a","n/a","n/a","0.00","0.00","n/a","n/a","For metrics, refresh"
"digital customer retention","=HYPERLINK(""https://smrs.toolsfrog.com/analytics/keywordoverview/?q=digital%20customer%20retention&db=us"",""digital customer retention​"")","n/a","n/a","0","20","","n/a","n/a","n/a","0.00","0.00","n/a","n/a","For metrics, refresh"
"digital marketing agencies' customer retention","=HYPERLINK(""https://smrs.toolsfrog.com/analytics/keywordoverview/?q=digital%20marketing%20agencies'%20customer%20retention&db=us"",""digital marketing agencies' customer retention​"")","n/a","n/a","0","20","","n/a","n/a","n/a","0.00","0.00","n/a","n/a","For metrics, refresh"
"dine brands global customer churn rate and retention 2025","=HYPERLINK(""https://smrs.toolsfrog.com/analytics/keywordoverview/?q=dine%20brands%20global%20customer%20churn%20rate%20and%20retention%202025&db=us"",""dine brands global customer churn rate and retention 2025​"")","n/a","n/a","0","20","","n/a","n/a","n/a","0.00","0.00","n/a","n/a","For metrics, refresh"
"direct to consumer customer retention strategies","=HYPERLINK(""https://smrs.toolsfrog.com/analytics/keywordoverview/?q=direct%20to%20consumer%20customer%20retention%20strategies&db=us"",""direct to consumer customer retention strategies​"")","n/a","n/a","0","20","","n/a","n/a","n/a","0.00","0.00","n/a","n/a","For metrics, refresh"
"direct tv customer retention","=HYPERLINK(""https://smrs.toolsfrog.com/analytics/keywordoverview/?q=direct%20tv%20customer%20retention&db=us"",""direct tv customer retention​"")","n/a","n/a","0","20","","n/a","n/a","n/a","0.00","0.04","n/a","n/a","For metrics, refresh"
"directv customer retention department phone number","=HYPERLINK(""https://smrs.toolsfrog.com/analytics/keywordoverview/?q=directv%20customer%20retention%20department%20phone%20number&db=us"",""directv customer retention department phone number​"")","n/a","n/a","0","20","","n/a","n/a","n/a","0.00","0.33","n/a","n/a","For metrics, refresh"
"directv customer retention line","=HYPERLINK(""https://smrs.toolsfrog.com/analytics/keywordoverview/?q=directv%20customer%20retention%20line&db=us"",""directv customer retention line​"")","n/a","n/a","0","20","","n/a","n/a","n/a","0.00","0.33","n/a","n/a","For metrics, refresh"
"directv customer retention telephone number","=HYPERLINK(""https://smrs.toolsfrog.com/analytics/keywordoverview/?q=directv%20customer%20retention%20telephone%20number&db=us"",""directv customer retention telephone number​"")","n/a","n/a","0","20","","n/a","n/a","n/a","0.00","0.33","n/a","n/a","For metrics, refresh"
"directv customer service retention","=HYPERLINK(""https://smrs.toolsfrog.com/analytics/keywordoverview/?q=directv%20customer%20service%20retention&db=us"",""directv customer service retention​"")","n/a","n/a","0","20","","n/a","n/a","n/a","0.00","0.33","n/a","n/a","For metrics, refresh"
"dish customer retention","=HYPERLINK(""https://smrs.toolsfrog.com/analytics/keywordoverview/?q=dish%20customer%20retention&db=us"",""dish customer retention​"")","n/a","n/a","0","20","","n/a","n/a","n/a","0.00","0.01","n/a","n/a","For metrics, refresh"
"dish customer retention number","=HYPERLINK(""https://smrs.toolsfrog.com/analytics/keywordoverview/?q=dish%20customer%20retention%20number&db=us"",""dish customer retention number​"")","n/a","n/a","0","20","","n/a","n/a","n/a","0.00","0.33","n/a","n/a","For metrics, refresh"
"dish customer retention phone number","=HYPERLINK(""https://smrs.toolsfrog.com/analytics/keywordoverview/?q=dish%20customer%20retention%20phone%20number&db=us"",""dish customer retention phone number​"")","n/a","n/a","0","20","","n/a","n/a","n/a","0.00","0.01","n/a","n/a","For metrics, refresh"
"dish network customer retention","=HYPERLINK(""https://smrs.toolsfrog.com/analytics/keywordoverview/?q=dish%20network%20customer%20retention&db=us"",""dish network customer retention​"")","n/a","n/a","0","20","","n/a","n/a","n/a","0.00","0.33","n/a","n/a","For metrics, refresh"
"dish network customer retention department","=HYPERLINK(""https://smrs.toolsfrog.com/analytics/keywordoverview/?q=dish%20network%20customer%20retention%20department&db=us"",""dish network customer retention department​"")","n/a","n/a","0","20","","n/a","n/a","n/a","0.00","0.33","n/a","n/a","For metrics, refresh"
"dish network customer retention number","=HYPERLINK(""https://smrs.toolsfrog.com/analytics/keywordoverview/?q=dish%20network%20customer%20retention%20number&db=us"",""dish network customer retention number​"")","n/a","n/a","0","20","","n/a","n/a","n/a","0.00","0.33","n/a","n/a","For metrics, refresh"
"dish network customer retention phone number","=HYPERLINK(""https://smrs.toolsfrog.com/analytics/keywordoverview/?q=dish%20network%20customer%20retention%20phone%20number&db=us"",""dish network customer retention phone number​"")","n/a","n/a","0","20","","n/a","n/a","n/a","0.00","0.01","n/a","n/a","For metrics, refresh"
"dispensary customer retention","=HYPERLINK(""https://smrs.toolsfrog.com/analytics/keywordoverview/?q=dispensary%20customer%20retention&db=us"",""dispensary customer retention​"")","n/a","n/a","0","20","","n/a","n/a","n/a","0.00","0.33","n/a","n/a","For metrics, refresh"
"do loyalty programs actually increase customer retention","=HYPERLINK(""https://smrs.toolsfrog.com/analytics/keywordoverview/?q=do%20loyalty%20programs%20actually%20increase%20customer%20retention&db=us"",""do loyalty programs actually increase customer retention​"")","n/a","n/a","0","20","","n/a","n/a","n/a","0.00","0.00","n/a","n/a","For metrics, refresh"
"do loyalty programs help with customer acquisition or just retention","=HYPERLINK(""https://smrs.toolsfrog.com/analytics/keywordoverview/?q=do%20loyalty%20programs%20help%20with%20customer%20acquisition%20or%20just%20retention&db=us"",""do loyalty programs help with customer acquisition or just retention​"")","n/a","n/a","0","20","","n/a","n/a","n/a","0.00","0.00","n/a","n/a","For metrics, refresh"
"does at&t have a customer retention department","=HYPERLINK(""https://smrs.toolsfrog.com/analytics/keywordoverview/?q=does%20at%26t%20have%20a%20customer%20retention%20department&db=us"",""does at&t have a customer retention department​"")","n/a","n/a","0","20","","n/a","n/a","n/a","0.00","0.33","n/a","n/a","For metrics, refresh"
"does comcast have a customer retention department","=HYPERLINK(""https://smrs.toolsfrog.com/analytics/keywordoverview/?q=does%20comcast%20have%20a%20customer%20retention%20department&db=us"",""does comcast have a customer retention department​"")","n/a","n/a","0","20","","n/a","n/a","n/a","0.00","0.33","n/a","n/a","For metrics, refresh"
"does net revenue retention include new customers","=HYPERLINK(""https://smrs.toolsfrog.com/analytics/keywordoverview/?q=does%20net%20revenue%20retention%20include%20new%20customers&db=us"",""does net revenue retention include new customers​"")","n/a","n/a","0","20","","n/a","n/a","n/a","0.00","0.06","n/a","n/a","For metrics, refresh"
"does spectrum have a customer retention department","=HYPERLINK(""https://smrs.toolsfrog.com/analytics/keywordoverview/?q=does%20spectrum%20have%20a%20customer%20retention%20department&db=us"",""does spectrum have a customer retention department​"")","n/a","n/a","0","20","","n/a","n/a","n/a","0.00","0.03","n/a","n/a","For metrics, refresh"
"does verizon have a customer retention department","=HYPERLINK(""https://smrs.toolsfrog.com/analytics/keywordoverview/?q=does%20verizon%20have%20a%20customer%20retention%20department&db=us"",""does verizon have a customer retention department​"")","n/a","n/a","0","20","","n/a","n/a","n/a","0.00","0.01","n/a","n/a","For metrics, refresh"
"drivers of customer retention","=HYPERLINK(""https://smrs.toolsfrog.com/analytics/keywordoverview/?q=drivers%20of%20customer%20retention&db=us"",""drivers of customer retention​"")","n/a","n/a","0","20","","n/a","n/a","n/a","0.00","0.33","n/a","n/a","For metrics, refresh"
"e commerce customer retention","=HYPERLINK(""https://smrs.toolsfrog.com/analytics/keywordoverview/?q=e%20commerce%20customer%20retention&db=us"",""e commerce customer retention​"")","n/a","n/a","0","20","","n/a","n/a","n/a","12.46","0.01","n/a","n/a","For metrics, refresh"
"e-commerce customer retention","=HYPERLINK(""https://smrs.toolsfrog.com/analytics/keywordoverview/?q=e-commerce%20customer%20retention&db=us"",""e-commerce customer retention​"")","n/a","n/a","0","20","","n/a","n/a","n/a","12.46","0.01","n/a","n/a","For metrics, refresh"
"ecommerce customer retention rate","=HYPERLINK(""https://smrs.toolsfrog.com/analytics/keywordoverview/?q=ecommerce%20customer%20retention%20rate&db=us"",""ecommerce customer retention rate​"")","n/a","n/a","0","20","","n/a","n/a","n/a","0.00","0.29","n/a","n/a","For metrics, refresh"
"effective ai strategies for customer retention","=HYPERLINK(""https://smrs.toolsfrog.com/analytics/keywordoverview/?q=effective%20ai%20strategies%20for%20customer%20retention&db=us"",""effective ai strategies for customer retention​"")","n/a","n/a","0","20","","n/a","n/a","n/a","0.00","0.00","n/a","n/a","For metrics, refresh"
"effective customer loyalty and retention strategies 2025 2026","=HYPERLINK(""https://smrs.toolsfrog.com/analytics/keywordoverview/?q=effective%20customer%20loyalty%20and%20retention%20strategies%202025%202026&db=us"",""effective customer loyalty and retention strategies 2025 2026​"")","n/a","n/a","0","20","","n/a","n/a","n/a","0.00","0.00","n/a","n/a","For metrics, refresh"
"effective rewards strategies for neobanks customer retention 2025 or 2026","=HYPERLINK(""https://smrs.toolsfrog.com/analytics/keywordoverview/?q=effective%20rewards%20strategies%20for%20neobanks%20customer%20retention%202025%20or%202026&db=us"",""effective rewards strategies for neobanks customer retention 2025 or 2026​"")","n/a","n/a","0","20","","n/a","n/a","n/a","0.00","0.00","n/a","n/a","For metrics, refresh"
"effective strategies to improve customer loyalty and retention 2025 2026","=HYPERLINK(""https://smrs.toolsfrog.com/analytics/keywordoverview/?q=effective%20strategies%20to%20improve%20customer%20loyalty%20and%20retention%202025%202026&db=us"",""effective strategies to improve customer loyalty and retention 2025 2026​"")","n/a","n/a","0","20","","n/a","n/a","n/a","0.00","0.00","n/a","n/a","For metrics, refresh"
"email marketing customer retention","=HYPERLINK(""https://smrs.toolsfrog.com/analytics/keywordoverview/?q=email%20marketing%20customer%20retention&db=us"",""email marketing customer retention​"")","n/a","n/a","0","20","","n/a","n/a","n/a","0.00","0.06","n/a","n/a","For metrics, refresh"
"email marketing customer retention statistics 2025 or 2026","=HYPERLINK(""https://smrs.toolsfrog.com/analytics/keywordoverview/?q=email%20marketing%20customer%20retention%20statistics%202025%20or%202026&db=us"",""email marketing customer retention statistics 2025 or 2026​"")","n/a","n/a","0","20","","n/a","n/a","n/a","0.00","0.00","n/a","n/a","For metrics, refresh"
"email marketing customer retention strategies","=HYPERLINK(""https://smrs.toolsfrog.com/analytics/keywordoverview/?q=email%20marketing%20customer%20retention%20strategies&db=us"",""email marketing customer retention strategies​"")","n/a","n/a","0","20","","n/a","n/a","n/a","0.00","0.00","n/a","n/a","For metrics, refresh"
"email marketing customer retention strategies best practices 2025 2026","=HYPERLINK(""https://smrs.toolsfrog.com/analytics/keywordoverview/?q=email%20marketing%20customer%20retention%20strategies%20best%20practices%202025%202026&db=us"",""email marketing customer retention strategies best practices 2025 2026​"")","n/a","n/a","0","20","","n/a","n/a","n/a","0.00","0.00","n/a","n/a","For metrics, refresh"
"email marketing for customer retention","=HYPERLINK(""https://smrs.toolsfrog.com/analytics/keywordoverview/?q=email%20marketing%20for%20customer%20retention&db=us"",""email marketing for customer retention​"")","n/a","n/a","0","20","","n/a","n/a","n/a","9.61","0.07","n/a","n/a","For metrics, refresh"
"email marketing strategies for customer retention 2025 2026","=HYPERLINK(""https://smrs.toolsfrog.com/analytics/keywordoverview/?q=email%20marketing%20strategies%20for%20customer%20retention%202025%202026&db=us"",""email marketing strategies for customer retention 2025 2026​"")","n/a","n/a","0","20","","n/a","n/a","n/a","0.00","0.00","n/a","n/a","For metrics, refresh"
"employee retention solutions customer support community forums","=HYPERLINK(""https://smrs.toolsfrog.com/analytics/keywordoverview/?q=employee%20retention%20solutions%20customer%20support%20community%20forums&db=us"",""employee retention solutions customer support community forums​"")","n/a","n/a","0","20","","n/a","n/a","n/a","0.00","0.00","n/a","n/a","For metrics, refresh"
"evaluate the e-commerce platforms v2 company woocommerce on customer retention","=HYPERLINK(""https://smrs.toolsfrog.com/analytics/keywordoverview/?q=evaluate%20the%20e-commerce%20platforms%20v2%20company%20woocommerce%20on%20customer%20retention&db=us"",""evaluate the e-commerce platforms v2 company woocommerce on customer retention​"")","n/a","n/a","0","20","","n/a","n/a","n/a","0.00","0.00","n/a","n/a","For metrics, refresh"
"evaluate the real estate company movoto on customer retention rate","=HYPERLINK(""https://smrs.toolsfrog.com/analytics/keywordoverview/?q=evaluate%20the%20real%20estate%20company%20movoto%20on%20customer%20retention%20rate&db=us"",""evaluate the real estate company movoto on customer retention rate​"")","n/a","n/a","0","20","","n/a","n/a","n/a","0.00","0.00","n/a","n/a","For metrics, refresh"
"evaluate the sms messaging company community on subscriber/customer retention","=HYPERLINK(""https://smrs.toolsfrog.com/analytics/keywordoverview/?q=evaluate%20the%20sms%20messaging%20company%20community%20on%20subscriber%2Fcustomer%20retention&db=us"",""evaluate the sms messaging company community on subscriber/customer retention​"")","n/a","n/a","0","20","","n/a","n/a","n/a","0.00","0.00","n/a","n/a","For metrics, refresh"
"evaluate the sms messaging company subtext on subscriber/customer retention","=HYPERLINK(""https://smrs.toolsfrog.com/analytics/keywordoverview/?q=evaluate%20the%20sms%20messaging%20company%20subtext%20on%20subscriber%2Fcustomer%20retention&db=us"",""evaluate the sms messaging company subtext on subscriber/customer retention​"")","n/a","n/a","0","20","","n/a","n/a","n/a","0.00","0.00","n/a","n/a","For metrics, refresh"
"examples of customer retention plans","=HYPERLINK(""https://smrs.toolsfrog.com/analytics/keywordoverview/?q=examples%20of%20customer%20retention%20plans&db=us"",""examples of customer retention plans​"")","n/a","n/a","0","20","","n/a","n/a","n/a","0.00","0.00","n/a","n/a","For metrics, refresh"
"existing customer retention","=HYPERLINK(""https://smrs.toolsfrog.com/analytics/keywordoverview/?q=existing%20customer%20retention&db=us"",""existing customer retention​"")","n/a","n/a","0","20","","n/a","n/a","n/a","0.00","0.33","n/a","n/a","For metrics, refresh"
"explain the value of customer loyalty and retention","=HYPERLINK(""https://smrs.toolsfrog.com/analytics/keywordoverview/?q=explain%20the%20value%20of%20customer%20loyalty%20and%20retention&db=us"",""explain the value of customer loyalty and retention​"")","n/a","n/a","0","20","","n/a","n/a","n/a","0.00","0.00","n/a","n/a","For metrics, refresh"
"family fun centers customer retention","=HYPERLINK(""https://smrs.toolsfrog.com/analytics/keywordoverview/?q=family%20fun%20centers%20customer%20retention&db=us"",""family fun centers customer retention​"")","n/a","n/a","0","20","","n/a","n/a","n/a","0.00","0.33","n/a","n/a","For metrics, refresh"
"features that boost customer loyalty in e-commerce retention marketing","=HYPERLINK(""https://smrs.toolsfrog.com/analytics/keywordoverview/?q=features%20that%20boost%20customer%20loyalty%20in%20e-commerce%20retention%20marketing&db=us"",""features that boost customer loyalty in e-commerce retention marketing​"")","n/a","n/a","0","20","","n/a","n/a","n/a","0.00","0.00","n/a","n/a","For metrics, refresh"
"financial institution customer retention","=HYPERLINK(""https://smrs.toolsfrog.com/analytics/keywordoverview/?q=financial%20institution%20customer%20retention&db=us"",""financial institution customer retention​"")","n/a","n/a","0","20","","n/a","n/a","n/a","0.00","0.00","n/a","n/a","For metrics, refresh"
"fios customer retention","=HYPERLINK(""https://smrs.toolsfrog.com/analytics/keywordoverview/?q=fios%20customer%20retention&db=us"",""fios customer retention​"")","n/a","n/a","0","20","","n/a","n/a","n/a","0.00","0.12","n/a","n/a","For metrics, refresh"
"fios customer retention phone number","=HYPERLINK(""https://smrs.toolsfrog.com/analytics/keywordoverview/?q=fios%20customer%20retention%20phone%20number&db=us"",""fios customer retention phone number​"")","n/a","n/a","0","20","","n/a","n/a","n/a","0.00","0.33","n/a","n/a","For metrics, refresh"
"focus on customer retention","=HYPERLINK(""https://smrs.toolsfrog.com/analytics/keywordoverview/?q=focus%20on%20customer%20retention&db=us"",""focus on customer retention​"")","n/a","n/a","0","20","","n/a","n/a","n/a","0.00","0.29","n/a","n/a","For metrics, refresh"
"formula customer retention rate","=HYPERLINK(""https://smrs.toolsfrog.com/analytics/keywordoverview/?q=formula%20customer%20retention%20rate&db=us"",""formula customer retention rate​"")","n/a","n/a","0","20","","n/a","n/a","n/a","0.00","0.71","n/a","n/a","For metrics, refresh"
"frontier communications customer retention","=HYPERLINK(""https://smrs.toolsfrog.com/analytics/keywordoverview/?q=frontier%20communications%20customer%20retention&db=us"",""frontier communications customer retention​"")","n/a","n/a","0","20","","n/a","n/a","n/a","0.00","0.03","n/a","n/a","For metrics, refresh"
"frontier communications customer retention phone number","=HYPERLINK(""https://smrs.toolsfrog.com/analytics/keywordoverview/?q=frontier%20communications%20customer%20retention%20phone%20number&db=us"",""frontier communications customer retention phone number​"")","n/a","n/a","0","20","","n/a","n/a","n/a","0.00","0.01","n/a","n/a","For metrics, refresh"
"frontier internet customer retention phone number","=HYPERLINK(""https://smrs.toolsfrog.com/analytics/keywordoverview/?q=frontier%20internet%20customer%20retention%20phone%20number&db=us"",""frontier internet customer retention phone number​"")","n/a","n/a","0","20","","n/a","n/a","n/a","0.00","0.01","n/a","n/a","For metrics, refresh"
"full service restaurant trends customer retention in restaurant industry","=HYPERLINK(""https://smrs.toolsfrog.com/analytics/keywordoverview/?q=full%20service%20restaurant%20trends%20customer%20retention%20in%20restaurant%20industry&db=us"",""full service restaurant trends customer retention in restaurant industry​"")","n/a","n/a","0","20","","n/a","n/a","n/a","0.00","0.33","n/a","n/a","For metrics, refresh"
"geico customer retention","=HYPERLINK(""https://smrs.toolsfrog.com/analytics/keywordoverview/?q=geico%20customer%20retention&db=us"",""geico customer retention​"")","n/a","n/a","0","20","","n/a","n/a","n/a","0.00","0.37","n/a","n/a","For metrics, refresh"
"generative ai for customer retention analysis","=HYPERLINK(""https://smrs.toolsfrog.com/analytics/keywordoverview/?q=generative%20ai%20for%20customer%20retention%20analysis&db=us"",""generative ai for customer retention analysis​"")","n/a","n/a","0","20","","n/a","n/a","n/a","0.00","0.00","n/a","n/a","For metrics, refresh"
"good customer retention rate","=HYPERLINK(""https://smrs.toolsfrog.com/analytics/keywordoverview/?q=good%20customer%20retention%20rate&db=us"",""good customer retention rate​"")","n/a","n/a","0","20","","n/a","n/a","n/a","0.00","0.14","n/a","n/a","For metrics, refresh"
"grocery store customer retention","=HYPERLINK(""https://smrs.toolsfrog.com/analytics/keywordoverview/?q=grocery%20store%20customer%20retention&db=us"",""grocery store customer retention​"")","n/a","n/a","0","20","","n/a","n/a","n/a","0.00","0.00","n/a","n/a","For metrics, refresh"
"gross customer retention","=HYPERLINK(""https://smrs.toolsfrog.com/analytics/keywordoverview/?q=gross%20customer%20retention&db=us"",""gross customer retention​"")","n/a","n/a","0","20","","n/a","n/a","n/a","0.00","0.64","n/a","n/a","For metrics, refresh"
"harvard business review customer retention","=HYPERLINK(""https://smrs.toolsfrog.com/analytics/keywordoverview/?q=harvard%20business%20review%20customer%20retention&db=us"",""harvard business review customer retention​"")","n/a","n/a","0","20","","n/a","n/a","n/a","0.00","0.33","n/a","n/a","For metrics, refresh"
"healthtech customer retention","=HYPERLINK(""https://smrs.toolsfrog.com/analytics/keywordoverview/?q=healthtech%20customer%20retention&db=us"",""healthtech customer retention​"")","n/a","n/a","0","20","","n/a","n/a","n/a","0.00","0.00","n/a","n/a","For metrics, refresh"
"high customer retention","=HYPERLINK(""https://smrs.toolsfrog.com/analytics/keywordoverview/?q=high%20customer%20retention&db=us"",""high customer retention​"")","n/a","n/a","0","20","","n/a","n/a","n/a","0.00","0.04","n/a","n/a","For metrics, refresh"
"high customer retention meaning","=HYPERLINK(""https://smrs.toolsfrog.com/analytics/keywordoverview/?q=high%20customer%20retention%20meaning&db=us"",""high customer retention meaning​"")","n/a","n/a","0","20","","n/a","n/a","n/a","0.00","0.33","n/a","n/a","For metrics, refresh"
"high customer retention rate","=HYPERLINK(""https://smrs.toolsfrog.com/analytics/keywordoverview/?q=high%20customer%20retention%20rate&db=us"",""high customer retention rate​"")","n/a","n/a","0","20","","n/a","n/a","n/a","0.00","0.00","n/a","n/a","For metrics, refresh"
"high value customer retention","=HYPERLINK(""https://smrs.toolsfrog.com/analytics/keywordoverview/?q=high%20value%20customer%20retention&db=us"",""high value customer retention​"")","n/a","n/a","0","20","","n/a","n/a","n/a","0.00","0.33","n/a","n/a","For metrics, refresh"
"higher customer retention","=HYPERLINK(""https://smrs.toolsfrog.com/analytics/keywordoverview/?q=higher%20customer%20retention&db=us"",""higher customer retention​"")","n/a","n/a","0","20","","n/a","n/a","n/a","0.00","0.04","n/a","n/a","For metrics, refresh"
"how ai product design improves customer retention retailers","=HYPERLINK(""https://smrs.toolsfrog.com/analytics/keywordoverview/?q=how%20ai%20product%20design%20improves%20customer%20retention%20retailers&db=us"",""how ai product design improves customer retention retailers​"")","n/a","n/a","0","20","","n/a","n/a","n/a","0.00","0.00","n/a","n/a","For metrics, refresh"
"how can a small business improve customer retention","=HYPERLINK(""https://smrs.toolsfrog.com/analytics/keywordoverview/?q=how%20can%20a%20small%20business%20improve%20customer%20retention&db=us"",""how can a small business improve customer retention​"")","n/a","n/a","0","20","","n/a","n/a","n/a","0.00","0.00","n/a","n/a","For metrics, refresh"
"how can crm improve customer retention","=HYPERLINK(""https://smrs.toolsfrog.com/analytics/keywordoverview/?q=how%20can%20crm%20improve%20customer%20retention&db=us"",""how can crm improve customer retention​"")","n/a","n/a","0","20","","n/a","n/a","n/a","0.00","0.00","n/a","n/a","For metrics, refresh"
"how can customer retention be improved","=HYPERLINK(""https://smrs.toolsfrog.com/analytics/keywordoverview/?q=how%20can%20customer%20retention%20be%20improved&db=us"",""how can customer retention be improved​"")","n/a","n/a","0","20","","n/a","n/a","n/a","0.00","0.33","n/a","n/a","For metrics, refresh"
"how can customers retention rate improve business outcomes","=HYPERLINK(""https://smrs.toolsfrog.com/analytics/keywordoverview/?q=how%20can%20customers%20retention%20rate%20improve%20business%20outcomes&db=us"",""how can customers retention rate improve business outcomes​"")","n/a","n/a","0","20","","n/a","n/a","n/a","0.00","0.00","n/a","n/a","For metrics, refresh"
"how can email marketing help with customer retention","=HYPERLINK(""https://smrs.toolsfrog.com/analytics/keywordoverview/?q=how%20can%20email%20marketing%20help%20with%20customer%20retention&db=us"",""how can email marketing help with customer retention​"")","n/a","n/a","0","20","","n/a","n/a","n/a","0.00","0.33","n/a","n/a","For metrics, refresh"
"how can retention of customers improve business outcomes","=HYPERLINK(""https://smrs.toolsfrog.com/analytics/keywordoverview/?q=how%20can%20retention%20of%20customers%20improve%20business%20outcomes&db=us"",""how can retention of customers improve business outcomes​"")","n/a","n/a","0","20","","n/a","n/a","n/a","0.00","0.00","n/a","n/a","For metrics, refresh"
"how companies reduce customer churn improve retention strategies 2024 2025","=HYPERLINK(""https://smrs.toolsfrog.com/analytics/keywordoverview/?q=how%20companies%20reduce%20customer%20churn%20improve%20retention%20strategies%202024%202025&db=us"",""how companies reduce customer churn improve retention strategies 2024 2025​"")","n/a","n/a","0","20","","n/a","n/a","n/a","0.00","0.00","n/a","n/a","For metrics, refresh"
"how crm with email marketing improves customer retention","=HYPERLINK(""https://smrs.toolsfrog.com/analytics/keywordoverview/?q=how%20crm%20with%20email%20marketing%20improves%20customer%20retention&db=us"",""how crm with email marketing improves customer retention​"")","n/a","n/a","0","20","","n/a","n/a","n/a","0.00","0.00","n/a","n/a","For metrics, refresh"
"how delivery updates influence customer retention","=HYPERLINK(""https://smrs.toolsfrog.com/analytics/keywordoverview/?q=how%20delivery%20updates%20influence%20customer%20retention&db=us"",""how delivery updates influence customer retention​"")","n/a","n/a","0","20","","n/a","n/a","n/a","0.00","0.00","n/a","n/a","For metrics, refresh"
"how do credit card rewards programs increase customer retention","=HYPERLINK(""https://smrs.toolsfrog.com/analytics/keywordoverview/?q=how%20do%20credit%20card%20rewards%20programs%20increase%20customer%20retention&db=us"",""how do credit card rewards programs increase customer retention​"")","n/a","n/a","0","20","","n/a","n/a","n/a","0.00","0.00","n/a","n/a","For metrics, refresh"
"how do delivery updates influence customer retention","=HYPERLINK(""https://smrs.toolsfrog.com/analytics/keywordoverview/?q=how%20do%20delivery%20updates%20influence%20customer%20retention&db=us"",""how do delivery updates influence customer retention​"")","n/a","n/a","0","20","","n/a","n/a","n/a","0.00","0.00","n/a","n/a","For metrics, refresh"
"how do rewards features enhance customer retention in credit cards","=HYPERLINK(""https://smrs.toolsfrog.com/analytics/keywordoverview/?q=how%20do%20rewards%20features%20enhance%20customer%20retention%20in%20credit%20cards&db=us"",""how do rewards features enhance customer retention in credit cards​"")","n/a","n/a","0","20","","n/a","n/a","n/a","0.00","0.00","n/a","n/a","For metrics, refresh"
"how do rewards programs enhance customer retention credit cards","=HYPERLINK(""https://smrs.toolsfrog.com/analytics/keywordoverview/?q=how%20do%20rewards%20programs%20enhance%20customer%20retention%20credit%20cards&db=us"",""how do rewards programs enhance customer retention credit cards​"")","n/a","n/a","0","20","","n/a","n/a","n/a","0.00","0.00","n/a","n/a","For metrics, refresh"
"how do you calculate customer retention cost","=HYPERLINK(""https://smrs.toolsfrog.com/analytics/keywordoverview/?q=how%20do%20you%20calculate%20customer%20retention%20cost&db=us"",""how do you calculate customer retention cost​"")","n/a","n/a","0","20","","n/a","n/a","n/a","0.00","0.07","n/a","n/a","For metrics, refresh"
"how do you handle customer retention","=HYPERLINK(""https://smrs.toolsfrog.com/analytics/keywordoverview/?q=how%20do%20you%20handle%20customer%20retention&db=us"",""how do you handle customer retention​"")","n/a","n/a","0","20","","n/a","n/a","n/a","0.00","0.33","n/a","n/a","For metrics, refresh"
"how does loyalty software improve customer retention","=HYPERLINK(""https://smrs.toolsfrog.com/analytics/keywordoverview/?q=how%20does%20loyalty%20software%20improve%20customer%20retention&db=us"",""how does loyalty software improve customer retention​"")","n/a","n/a","0","20","","n/a","n/a","n/a","0.00","0.00","n/a","n/a","For metrics, refresh"
"how does netflix maintain a high customer retention rate","=HYPERLINK(""https://smrs.toolsfrog.com/analytics/keywordoverview/?q=how%20does%20netflix%20maintain%20a%20high%20customer%20retention%20rate&db=us"",""how does netflix maintain a high customer retention rate​"")","n/a","n/a","0","20","","n/a","n/a","n/a","0.00","0.33","n/a","n/a","For metrics, refresh"
"how embedded finance improves customer retention in saas","=HYPERLINK(""https://smrs.toolsfrog.com/analytics/keywordoverview/?q=how%20embedded%20finance%20improves%20customer%20retention%20in%20saas&db=us"",""how embedded finance improves customer retention in saas​"")","n/a","n/a","0","20","","n/a","n/a","n/a","0.00","0.00","n/a","n/a","For metrics, refresh"
"how embedded finance improves customer retention saas","=HYPERLINK(""https://smrs.toolsfrog.com/analytics/keywordoverview/?q=how%20embedded%20finance%20improves%20customer%20retention%20saas&db=us"",""how embedded finance improves customer retention saas​"")","n/a","n/a","0","20","","n/a","n/a","n/a","0.00","0.00","n/a","n/a","For metrics, refresh"
"how important is customer retention","=HYPERLINK(""https://smrs.toolsfrog.com/analytics/keywordoverview/?q=how%20important%20is%20customer%20retention&db=us"",""how important is customer retention​"")","n/a","n/a","0","20","","n/a","n/a","n/a","0.00","0.37","n/a","n/a","For metrics, refresh"
"how is marketing segmentation used in customer retention","=HYPERLINK(""https://smrs.toolsfrog.com/analytics/keywordoverview/?q=how%20is%20marketing%20segmentation%20used%20in%20customer%20retention&db=us"",""how is marketing segmentation used in customer retention​"")","n/a","n/a","0","20","","n/a","n/a","n/a","0.00","0.33","n/a","n/a","For metrics, refresh"
"how marketing personalization increases customer retention","=HYPERLINK(""https://smrs.toolsfrog.com/analytics/keywordoverview/?q=how%20marketing%20personalization%20increases%20customer%20retention&db=us"",""how marketing personalization increases customer retention​"")","n/a","n/a","0","20","","n/a","n/a","n/a","0.00","0.00","n/a","n/a","For metrics, refresh"
"how much do loyalty programs increase customer retention percentage","=HYPERLINK(""https://smrs.toolsfrog.com/analytics/keywordoverview/?q=how%20much%20do%20loyalty%20programs%20increase%20customer%20retention%20percentage&db=us"",""how much do loyalty programs increase customer retention percentage​"")","n/a","n/a","0","20","","n/a","n/a","n/a","0.00","0.00","n/a","n/a","For metrics, refresh"
"how much do loyalty programs increase customer retention rate","=HYPERLINK(""https://smrs.toolsfrog.com/analytics/keywordoverview/?q=how%20much%20do%20loyalty%20programs%20increase%20customer%20retention%20rate&db=us"",""how much do loyalty programs increase customer retention rate​"")","n/a","n/a","0","20","","n/a","n/a","n/a","0.00","0.00","n/a","n/a","For metrics, refresh"
"how personalized shopping improves customer retention","=HYPERLINK(""https://smrs.toolsfrog.com/analytics/keywordoverview/?q=how%20personalized%20shopping%20improves%20customer%20retention&db=us"",""how personalized shopping improves customer retention​"")","n/a","n/a","0","20","","n/a","n/a","n/a","0.00","0.00","n/a","n/a","For metrics, refresh"
"how to achieve customer retention","=HYPERLINK(""https://smrs.toolsfrog.com/analytics/keywordoverview/?q=how%20to%20achieve%20customer%20retention&db=us"",""how to achieve customer retention​"")","n/a","n/a","0","20","","n/a","n/a","n/a","0.00","0.33","n/a","n/a","For metrics, refresh"
"how to allocate marketing budget between customer acquisition and retention","=HYPERLINK(""https://smrs.toolsfrog.com/analytics/keywordoverview/?q=how%20to%20allocate%20marketing%20budget%20between%20customer%20acquisition%20and%20retention&db=us"",""how to allocate marketing budget between customer acquisition and retention​"")","n/a","n/a","0","20","","n/a","n/a","n/a","0.00","0.00","n/a","n/a","For metrics, refresh"
"how to boost customer retention","=HYPERLINK(""https://smrs.toolsfrog.com/analytics/keywordoverview/?q=how%20to%20boost%20customer%20retention&db=us"",""how to boost customer retention​"")","n/a","n/a","0","20","","n/a","n/a","n/a","0.00","0.57","n/a","n/a","For metrics, refresh"
"how to calculate customer retention rate in excel","=HYPERLINK(""https://smrs.toolsfrog.com/analytics/keywordoverview/?q=how%20to%20calculate%20customer%20retention%20rate%20in%20excel&db=us"",""how to calculate customer retention rate in excel​"")","n/a","n/a","0","20","","n/a","n/a","n/a","0.00","0.04","n/a","n/a","For metrics, refresh"
"how to calculate the customer retention rate","=HYPERLINK(""https://smrs.toolsfrog.com/analytics/keywordoverview/?q=how%20to%20calculate%20the%20customer%20retention%20rate&db=us"",""how to calculate the customer retention rate​"")","n/a","n/a","0","20","","n/a","n/a","n/a","0.00","0.33","n/a","n/a","For metrics, refresh"
"how to create sops for small business customer retention","=HYPERLINK(""https://smrs.toolsfrog.com/analytics/keywordoverview/?q=how%20to%20create%20sops%20for%20small%20business%20customer%20retention&db=us"",""how to create sops for small business customer retention​"")","n/a","n/a","0","20","","n/a","n/a","n/a","0.00","0.00","n/a","n/a","For metrics, refresh"
"how to determine customer retention rate","=HYPERLINK(""https://smrs.toolsfrog.com/analytics/keywordoverview/?q=how%20to%20determine%20customer%20retention%20rate&db=us"",""how to determine customer retention rate​"")","n/a","n/a","0","20","","n/a","n/a","n/a","0.00","0.00","n/a","n/a","For metrics, refresh"
"how to develop sops for customer onboarding and retention","=HYPERLINK(""https://smrs.toolsfrog.com/analytics/keywordoverview/?q=how%20to%20develop%20sops%20for%20customer%20onboarding%20and%20retention&db=us"",""how to develop sops for customer onboarding and retention​"")","n/a","n/a","0","20","","n/a","n/a","n/a","0.00","0.00","n/a","n/a","For metrics, refresh"
"how to do customer retention","=HYPERLINK(""https://smrs.toolsfrog.com/analytics/keywordoverview/?q=how%20to%20do%20customer%20retention&db=us"",""how to do customer retention​"")","n/a","n/a","0","20","","n/a","n/a","n/a","0.00","0.00","n/a","n/a","For metrics, refresh"
"how to enhance customer retention","=HYPERLINK(""https://smrs.toolsfrog.com/analytics/keywordoverview/?q=how%20to%20enhance%20customer%20retention&db=us"",""how to enhance customer retention​"")","n/a","n/a","0","20","","n/a","n/a","n/a","0.00","0.43","n/a","n/a","For metrics, refresh"
"how to ensure customer retention","=HYPERLINK(""https://smrs.toolsfrog.com/analytics/keywordoverview/?q=how%20to%20ensure%20customer%20retention&db=us"",""how to ensure customer retention​"")","n/a","n/a","0","20","","n/a","n/a","n/a","0.00","0.36","n/a","n/a","For metrics, refresh"
"how to find customer retention cost","=HYPERLINK(""https://smrs.toolsfrog.com/analytics/keywordoverview/?q=how%20to%20find%20customer%20retention%20cost&db=us"",""how to find customer retention cost​"")","n/a","n/a","0","20","","n/a","n/a","n/a","0.00","0.06","n/a","n/a","For metrics, refresh"
"how to improve banking customer retention","=HYPERLINK(""https://smrs.toolsfrog.com/analytics/keywordoverview/?q=how%20to%20improve%20banking%20customer%20retention&db=us"",""how to improve banking customer retention​"")","n/a","n/a","0","20","","n/a","n/a","n/a","0.00","0.00","n/a","n/a","For metrics, refresh"
"how to improve customer retention using outsourced customer experience cx","=HYPERLINK(""https://smrs.toolsfrog.com/analytics/keywordoverview/?q=how%20to%20improve%20customer%20retention%20using%20outsourced%20customer%20experience%20cx&db=us"",""how to improve customer retention using outsourced customer experience cx​"")","n/a","n/a","0","20","","n/a","n/a","n/a","0.00","0.00","n/a","n/a","For metrics, refresh"
"how to increase customer retention and loyalty","=HYPERLINK(""https://smrs.toolsfrog.com/analytics/keywordoverview/?q=how%20to%20increase%20customer%20retention%20and%20loyalty&db=us"",""how to increase customer retention and loyalty​"")","n/a","n/a","0","20","","n/a","n/a","n/a","0.00","0.33","n/a","n/a","For metrics, refresh"
"how to increase customer retention in beauty store","=HYPERLINK(""https://smrs.toolsfrog.com/analytics/keywordoverview/?q=how%20to%20increase%20customer%20retention%20in%20beauty%20store&db=us"",""how to increase customer retention in beauty store​"")","n/a","n/a","0","20","","n/a","n/a","n/a","0.00","0.00","n/a","n/a","For metrics, refresh"
"how to increase customer retention rate","=HYPERLINK(""https://smrs.toolsfrog.com/analytics/keywordoverview/?q=how%20to%20increase%20customer%20retention%20rate&db=us"",""how to increase customer retention rate​"")","n/a","n/a","0","20","","n/a","n/a","n/a","0.00","0.33","n/a","n/a","For metrics, refresh"
"how to lower cac using customer retention strategies","=HYPERLINK(""https://smrs.toolsfrog.com/analytics/keywordoverview/?q=how%20to%20lower%20cac%20using%20customer%20retention%20strategies&db=us"",""how to lower cac using customer retention strategies​"")","n/a","n/a","0","20","","n/a","n/a","n/a","0.00","0.00","n/a","n/a","For metrics, refresh"
"how to maintain customer retention","=HYPERLINK(""https://smrs.toolsfrog.com/analytics/keywordoverview/?q=how%20to%20maintain%20customer%20retention&db=us"",""how to maintain customer retention​"")","n/a","n/a","0","20","","n/a","n/a","n/a","0.00","0.33","n/a","n/a","For metrics, refresh"
"how to project customer retention","=HYPERLINK(""https://smrs.toolsfrog.com/analytics/keywordoverview/?q=how%20to%20project%20customer%20retention&db=us"",""how to project customer retention​"")","n/a","n/a","0","20","","n/a","n/a","n/a","0.00","0.64","n/a","n/a","For metrics, refresh"
"how to track customer retention","=HYPERLINK(""https://smrs.toolsfrog.com/analytics/keywordoverview/?q=how%20to%20track%20customer%20retention&db=us"",""how to track customer retention​"")","n/a","n/a","0","20","","n/a","n/a","n/a","4.86","0.99","n/a","n/a","For metrics, refresh"
"how to turn customer complaints into upsell or retention opportunities","=HYPERLINK(""https://smrs.toolsfrog.com/analytics/keywordoverview/?q=how%20to%20turn%20customer%20complaints%20into%20upsell%20or%20retention%20opportunities&db=us"",""how to turn customer complaints into upsell or retention opportunities​"")","n/a","n/a","0","20","","n/a","n/a","n/a","0.00","0.00","n/a","n/a","For metrics, refresh"
"how to use email marketing for customer retention","=HYPERLINK(""https://smrs.toolsfrog.com/analytics/keywordoverview/?q=how%20to%20use%20email%20marketing%20for%20customer%20retention&db=us"",""how to use email marketing for customer retention​"")","n/a","n/a","0","20","","n/a","n/a","n/a","0.00","0.00","n/a","n/a","For metrics, refresh"
"how to use virtual assistants for customer retention strategies","=HYPERLINK(""https://smrs.toolsfrog.com/analytics/keywordoverview/?q=how%20to%20use%20virtual%20assistants%20for%20customer%20retention%20strategies&db=us"",""how to use virtual assistants for customer retention strategies​"")","n/a","n/a","0","20","","n/a","n/a","n/a","0.00","0.00","n/a","n/a","For metrics, refresh"
"how to work out customer retention rate","=HYPERLINK(""https://smrs.toolsfrog.com/analytics/keywordoverview/?q=how%20to%20work%20out%20customer%20retention%20rate&db=us"",""how to work out customer retention rate​"")","n/a","n/a","0","20","","n/a","n/a","n/a","0.00","0.03","n/a","n/a","For metrics, refresh"
"how travel companies can improve customer retention rates","=HYPERLINK(""https://smrs.toolsfrog.com/analytics/keywordoverview/?q=how%20travel%20companies%20can%20improve%20customer%20retention%20rates&db=us"",""how travel companies can improve customer retention rates​"")","n/a","n/a","0","20","","n/a","n/a","n/a","0.00","0.00","n/a","n/a","For metrics, refresh"
"hubspot customer retention","=HYPERLINK(""https://smrs.toolsfrog.com/analytics/keywordoverview/?q=hubspot%20customer%20retention&db=us"",""hubspot customer retention​"")","n/a","n/a","0","20","","n/a","n/a","n/a","0.00","0.43","n/a","n/a","For metrics, refresh"
"hvac sales and customer retention","=HYPERLINK(""https://smrs.toolsfrog.com/analytics/keywordoverview/?q=hvac%20sales%20and%20customer%20retention&db=us"",""hvac sales and customer retention​"")","n/a","n/a","0","20","","n/a","n/a","n/a","0.00","0.00","n/a","n/a","For metrics, refresh"
"ideal customer retention rate","=HYPERLINK(""https://smrs.toolsfrog.com/analytics/keywordoverview/?q=ideal%20customer%20retention%20rate&db=us"",""ideal customer retention rate​"")","n/a","n/a","0","20","","n/a","n/a","n/a","0.00","0.36","n/a","n/a","For metrics, refresh"
"ideas for small business customer retention strategies","=HYPERLINK(""https://smrs.toolsfrog.com/analytics/keywordoverview/?q=ideas%20for%20small%20business%20customer%20retention%20strategies&db=us"",""ideas for small business customer retention strategies​"")","n/a","n/a","0","20","","n/a","n/a","n/a","0.00","0.00","n/a","n/a","For metrics, refresh"
"impact of customer relationship management on customer retention","=HYPERLINK(""https://smrs.toolsfrog.com/analytics/keywordoverview/?q=impact%20of%20customer%20relationship%20management%20on%20customer%20retention&db=us"",""impact of customer relationship management on customer retention​"")","n/a","n/a","0","20","","n/a","n/a","n/a","0.00","0.33","n/a","n/a","For metrics, refresh"
"importance of customer retention in business","=HYPERLINK(""https://smrs.toolsfrog.com/analytics/keywordoverview/?q=importance%20of%20customer%20retention%20in%20business&db=us"",""importance of customer retention in business​"")","n/a","n/a","0","20","","n/a","n/a","n/a","0.00","0.26","n/a","n/a","For metrics, refresh"
"importance of customer retention pdf","=HYPERLINK(""https://smrs.toolsfrog.com/analytics/keywordoverview/?q=importance%20of%20customer%20retention%20pdf&db=us"",""importance of customer retention pdf​"")","n/a","n/a","0","20","","n/a","n/a","n/a","0.00","0.00","n/a","n/a","For metrics, refresh"
"importance of customer retention strategies","=HYPERLINK(""https://smrs.toolsfrog.com/analytics/keywordoverview/?q=importance%20of%20customer%20retention%20strategies&db=us"",""importance of customer retention strategies​"")","n/a","n/a","0","20","","n/a","n/a","n/a","0.00","0.33","n/a","n/a","For metrics, refresh"
"importance of flexible billing for customer retention statistics","=HYPERLINK(""https://smrs.toolsfrog.com/analytics/keywordoverview/?q=importance%20of%20flexible%20billing%20for%20customer%20retention%20statistics&db=us"",""importance of flexible billing for customer retention statistics​"")","n/a","n/a","0","20","","n/a","n/a","n/a","0.00","0.00","n/a","n/a","For metrics, refresh"
"improve customer retention and growth","=HYPERLINK(""https://smrs.toolsfrog.com/analytics/keywordoverview/?q=improve%20customer%20retention%20and%20growth&db=us"",""improve customer retention and growth​"")","n/a","n/a","0","20","","n/a","n/a","n/a","0.00","0.00","n/a","n/a","For metrics, refresh"
"improve customer retention meaning","=HYPERLINK(""https://smrs.toolsfrog.com/analytics/keywordoverview/?q=improve%20customer%20retention%20meaning&db=us"",""improve customer retention meaning​"")","n/a","n/a","0","20","","n/a","n/a","n/a","0.00","0.34","n/a","n/a","For metrics, refresh"
"improve customer retention rates","=HYPERLINK(""https://smrs.toolsfrog.com/analytics/keywordoverview/?q=improve%20customer%20retention%20rates&db=us"",""improve customer retention rates​"")","n/a","n/a","0","20","","n/a","n/a","n/a","0.00","0.04","n/a","n/a","For metrics, refresh"
"improving customer retention banking","=HYPERLINK(""https://smrs.toolsfrog.com/analytics/keywordoverview/?q=improving%20customer%20retention%20banking&db=us"",""improving customer retention banking​"")","n/a","n/a","0","20","","n/a","n/a","n/a","0.00","0.00","n/a","n/a","For metrics, refresh"
"improving customer retention finance","=HYPERLINK(""https://smrs.toolsfrog.com/analytics/keywordoverview/?q=improving%20customer%20retention%20finance&db=us"",""improving customer retention finance​"")","n/a","n/a","0","20","","n/a","n/a","n/a","0.00","0.00","n/a","n/a","For metrics, refresh"
"improving customer retention with digital tools","=HYPERLINK(""https://smrs.toolsfrog.com/analytics/keywordoverview/?q=improving%20customer%20retention%20with%20digital%20tools&db=us"",""improving customer retention with digital tools​"")","n/a","n/a","0","20","","n/a","n/a","n/a","0.00","0.33","n/a","n/a","For metrics, refresh"
"inbound customer retention","=HYPERLINK(""https://smrs.toolsfrog.com/analytics/keywordoverview/?q=inbound%20customer%20retention&db=us"",""inbound customer retention​"")","n/a","n/a","0","20","","n/a","n/a","n/a","0.00","0.00","n/a","n/a","For metrics, refresh"
"increase customer retention meaning","=HYPERLINK(""https://smrs.toolsfrog.com/analytics/keywordoverview/?q=increase%20customer%20retention%20meaning&db=us"",""increase customer retention meaning​"")","n/a","n/a","0","20","","n/a","n/a","n/a","0.00","0.33","n/a","n/a","For metrics, refresh"
"increase customer retention rate","=HYPERLINK(""https://smrs.toolsfrog.com/analytics/keywordoverview/?q=increase%20customer%20retention%20rate&db=us"",""increase customer retention rate​"")","n/a","n/a","0","20","","n/a","n/a","n/a","0.00","0.04","n/a","n/a","For metrics, refresh"
"increase customer retention small business","=HYPERLINK(""https://smrs.toolsfrog.com/analytics/keywordoverview/?q=increase%20customer%20retention%20small%20business&db=us"",""increase customer retention small business​"")","n/a","n/a","0","20","","n/a","n/a","n/a","0.00","0.00","n/a","n/a","For metrics, refresh"
"indicators of customer retention","=HYPERLINK(""https://smrs.toolsfrog.com/analytics/keywordoverview/?q=indicators%20of%20customer%20retention&db=us"",""indicators of customer retention​"")","n/a","n/a","0","20","","n/a","n/a","n/a","0.00","0.00","n/a","n/a","For metrics, refresh"
"innovative approaches to customer retention with loyalty programs","=HYPERLINK(""https://smrs.toolsfrog.com/analytics/keywordoverview/?q=innovative%20approaches%20to%20customer%20retention%20with%20loyalty%20programs&db=us"",""innovative approaches to customer retention with loyalty programs​"")","n/a","n/a","0","20","","n/a","n/a","n/a","0.00","0.00","n/a","n/a","For metrics, refresh"
"innovative loyalty strategies for customer retention","=HYPERLINK(""https://smrs.toolsfrog.com/analytics/keywordoverview/?q=innovative%20loyalty%20strategies%20for%20customer%20retention&db=us"",""innovative loyalty strategies for customer retention​"")","n/a","n/a","0","20","","n/a","n/a","n/a","0.00","0.00","n/a","n/a","For metrics, refresh"
"is customer retention","=HYPERLINK(""https://smrs.toolsfrog.com/analytics/keywordoverview/?q=is%20customer%20retention&db=us"",""is customer retention​"")","n/a","n/a","0","20","","n/a","n/a","n/a","0.00","0.33","n/a","n/a","For metrics, refresh"
"jeep customer retention","=HYPERLINK(""https://smrs.toolsfrog.com/analytics/keywordoverview/?q=jeep%20customer%20retention&db=us"",""jeep customer retention​"")","n/a","n/a","0","20","","n/a","n/a","n/a","0.00","0.39","n/a","n/a","For metrics, refresh"
"jeep customer retention phone number","=HYPERLINK(""https://smrs.toolsfrog.com/analytics/keywordoverview/?q=jeep%20customer%20retention%20phone%20number&db=us"",""jeep customer retention phone number​"")","n/a","n/a","0","20","","n/a","n/a","n/a","0.00","0.04","n/a","n/a","For metrics, refresh"
"key challenges business-to-consumer customer retention","=HYPERLINK(""https://smrs.toolsfrog.com/analytics/keywordoverview/?q=key%20challenges%20business-to-consumer%20customer%20retention&db=us"",""key challenges business-to-consumer customer retention​"")","n/a","n/a","0","20","","n/a","n/a","n/a","0.00","0.00","n/a","n/a","For metrics, refresh"
"key components factors of customer retention rate","=HYPERLINK(""https://smrs.toolsfrog.com/analytics/keywordoverview/?q=key%20components%20factors%20of%20customer%20retention%20rate&db=us"",""key components factors of customer retention rate​"")","n/a","n/a","0","20","","n/a","n/a","n/a","0.00","0.00","n/a","n/a","For metrics, refresh"
"key customer retention metrics","=HYPERLINK(""https://smrs.toolsfrog.com/analytics/keywordoverview/?q=key%20customer%20retention%20metrics&db=us"",""key customer retention metrics​"")","n/a","n/a","0","20","","n/a","n/a","n/a","0.00","0.00","n/a","n/a","For metrics, refresh"
"keys to customer retention","=HYPERLINK(""https://smrs.toolsfrog.com/analytics/keywordoverview/?q=keys%20to%20customer%20retention&db=us"",""keys to customer retention​"")","n/a","n/a","0","20","","n/a","n/a","n/a","0.00","0.17","n/a","n/a","For metrics, refresh"
"kpi for customer retention","=HYPERLINK(""https://smrs.toolsfrog.com/analytics/keywordoverview/?q=kpi%20for%20customer%20retention&db=us"",""kpi for customer retention​"")","n/a","n/a","0","20","","n/a","n/a","n/a","0.00","0.29","n/a","n/a","For metrics, refresh"
"latest trends in ai for customer support retention","=HYPERLINK(""https://smrs.toolsfrog.com/analytics/keywordoverview/?q=latest%20trends%20in%20ai%20for%20customer%20support%20retention&db=us"",""latest trends in ai for customer support retention​"")","n/a","n/a","0","20","","n/a","n/a","n/a","0.00","0.00","n/a","n/a","For metrics, refresh"
"latest trends in customer retention for subscription products 2025","=HYPERLINK(""https://smrs.toolsfrog.com/analytics/keywordoverview/?q=latest%20trends%20in%20customer%20retention%20for%20subscription%20products%202025&db=us"",""latest trends in customer retention for subscription products 2025​"")","n/a","n/a","0","20","","n/a","n/a","n/a","0.00","0.00","n/a","n/a","For metrics, refresh"
"lead-gen real estate sites with highest customer retention","=HYPERLINK(""https://smrs.toolsfrog.com/analytics/keywordoverview/?q=lead-gen%20real%20estate%20sites%20with%20highest%20customer%20retention&db=us"",""lead-gen real estate sites with highest customer retention​"")","n/a","n/a","0","20","","n/a","n/a","n/a","0.00","0.00","n/a","n/a","For metrics, refresh"
"list the most popular omnichannel marketing tools for customer retention","=HYPERLINK(""https://smrs.toolsfrog.com/analytics/keywordoverview/?q=list%20the%20most%20popular%20omnichannel%20marketing%20tools%20for%20customer%20retention&db=us"",""list the most popular omnichannel marketing tools for customer retention​"")","n/a","n/a","0","20","","n/a","n/a","n/a","0.00","0.00","n/a","n/a","For metrics, refresh"
"local business customer retention strategies","=HYPERLINK(""https://smrs.toolsfrog.com/analytics/keywordoverview/?q=local%20business%20customer%20retention%20strategies&db=us"",""local business customer retention strategies​"")","n/a","n/a","0","20","","n/a","n/a","n/a","0.00","0.00","n/a","n/a","For metrics, refresh"
"long term customer retention","=HYPERLINK(""https://smrs.toolsfrog.com/analytics/keywordoverview/?q=long%20term%20customer%20retention&db=us"",""long term customer retention​"")","n/a","n/a","0","20","","n/a","n/a","n/a","0.00","0.21","n/a","n/a","For metrics, refresh"
"long-term customer retention","=HYPERLINK(""https://smrs.toolsfrog.com/analytics/keywordoverview/?q=long-term%20customer%20retention&db=us"",""long-term customer retention​"")","n/a","n/a","0","20","","n/a","n/a","n/a","0.00","0.21","n/a","n/a","For metrics, refresh"
"loyalty program customer retention","=HYPERLINK(""https://smrs.toolsfrog.com/analytics/keywordoverview/?q=loyalty%20program%20customer%20retention&db=us"",""loyalty program customer retention​"")","n/a","n/a","0","20","","n/a","n/a","n/a","0.00","0.02","n/a","n/a","For metrics, refresh"
"loyalty program impact on customer retention statistics 2024 2025","=HYPERLINK(""https://smrs.toolsfrog.com/analytics/keywordoverview/?q=loyalty%20program%20impact%20on%20customer%20retention%20statistics%202024%202025&db=us"",""loyalty program impact on customer retention statistics 2024 2025​"")","n/a","n/a","0","20","","n/a","n/a","n/a","0.00","0.00","n/a","n/a","For metrics, refresh"
"loyalty programs customer retention benefits","=HYPERLINK(""https://smrs.toolsfrog.com/analytics/keywordoverview/?q=loyalty%20programs%20customer%20retention%20benefits&db=us"",""loyalty programs customer retention benefits​"")","n/a","n/a","0","20","","n/a","n/a","n/a","0.00","0.00","n/a","n/a","For metrics, refresh"
"lululemon customer retention rate","=HYPERLINK(""https://smrs.toolsfrog.com/analytics/keywordoverview/?q=lululemon%20customer%20retention%20rate&db=us"",""lululemon customer retention rate​"")","n/a","n/a","0","20","","n/a","n/a","n/a","0.00","0.33","n/a","n/a","For metrics, refresh"
"magento adobe commerce customer retention features","=HYPERLINK(""https://smrs.toolsfrog.com/analytics/keywordoverview/?q=magento%20adobe%20commerce%20customer%20retention%20features&db=us"",""magento adobe commerce customer retention features​"")","n/a","n/a","0","20","","n/a","n/a","n/a","0.00","0.00","n/a","n/a","For metrics, refresh"
"main challenges in b2c customer retention 2025 2026","=HYPERLINK(""https://smrs.toolsfrog.com/analytics/keywordoverview/?q=main%20challenges%20in%20b2c%20customer%20retention%202025%202026&db=us"",""main challenges in b2c customer retention 2025 2026​"")","n/a","n/a","0","20","","n/a","n/a","n/a","0.00","0.00","n/a","n/a","For metrics, refresh"
"manash pratim kashyap customer retention 2018 2019 model","=HYPERLINK(""https://smrs.toolsfrog.com/analytics/keywordoverview/?q=manash%20pratim%20kashyap%20customer%20retention%202018%202019%20model&db=us"",""manash pratim kashyap customer retention 2018 2019 model​"")","n/a","n/a","0","20","","n/a","n/a","n/a","0.00","0.00","n/a","n/a","For metrics, refresh"
"manash pratim kashyap customer retention 2018-2019 model","=HYPERLINK(""https://smrs.toolsfrog.com/analytics/keywordoverview/?q=manash%20pratim%20kashyap%20customer%20retention%202018-2019%20model&db=us"",""manash pratim kashyap customer retention 2018-2019 model​"")","n/a","n/a","0","20","","n/a","n/a","n/a","0.00","0.00","n/a","n/a","For metrics, refresh"
"manash pratim kashyap customer retention model","=HYPERLINK(""https://smrs.toolsfrog.com/analytics/keywordoverview/?q=manash%20pratim%20kashyap%20customer%20retention%20model&db=us"",""manash pratim kashyap customer retention model​"")","n/a","n/a","0","20","","n/a","n/a","n/a","0.00","0.00","n/a","n/a","For metrics, refresh"
"manash pratim kashyap customer retention studies 2018-2019","=HYPERLINK(""https://smrs.toolsfrog.com/analytics/keywordoverview/?q=manash%20pratim%20kashyap%20customer%20retention%20studies%202018-2019&db=us"",""manash pratim kashyap customer retention studies 2018-2019​"")","n/a","n/a","0","20","","n/a","n/a","n/a","0.00","0.00","n/a","n/a","For metrics, refresh"
"marine customer retention strategies","=HYPERLINK(""https://smrs.toolsfrog.com/analytics/keywordoverview/?q=marine%20customer%20retention%20strategies&db=us"",""marine customer retention strategies​"")","n/a","n/a","0","20","","n/a","n/a","n/a","0.00","0.00","n/a","n/a","For metrics, refresh"
"marketing strategies for customer retention","=HYPERLINK(""https://smrs.toolsfrog.com/analytics/keywordoverview/?q=marketing%20strategies%20for%20customer%20retention&db=us"",""marketing strategies for customer retention​"")","n/a","n/a","0","20","","n/a","n/a","n/a","0.00","0.86","n/a","n/a","For metrics, refresh"
"marriott customer retention","=HYPERLINK(""https://smrs.toolsfrog.com/analytics/keywordoverview/?q=marriott%20customer%20retention&db=us"",""marriott customer retention​"")","n/a","n/a","0","20","","n/a","n/a","n/a","0.00","0.05","n/a","n/a","For metrics, refresh"
"marriott customer retention email","=HYPERLINK(""https://smrs.toolsfrog.com/analytics/keywordoverview/?q=marriott%20customer%20retention%20email&db=us"",""marriott customer retention email​"")","n/a","n/a","0","20","","n/a","n/a","n/a","0.00","0.33","n/a","n/a","For metrics, refresh"
"measure customer retention rate","=HYPERLINK(""https://smrs.toolsfrog.com/analytics/keywordoverview/?q=measure%20customer%20retention%20rate&db=us"",""measure customer retention rate​"")","n/a","n/a","0","20","","n/a","n/a","n/a","0.00","1.00","n/a","n/a","For metrics, refresh"
"measures of customer retention","=HYPERLINK(""https://smrs.toolsfrog.com/analytics/keywordoverview/?q=measures%20of%20customer%20retention&db=us"",""measures of customer retention​"")","n/a","n/a","0","20","","n/a","n/a","n/a","0.00","0.00","n/a","n/a","For metrics, refresh"
"measuring customer loyalty and retention","=HYPERLINK(""https://smrs.toolsfrog.com/analytics/keywordoverview/?q=measuring%20customer%20loyalty%20and%20retention&db=us"",""measuring customer loyalty and retention​"")","n/a","n/a","0","20","","n/a","n/a","n/a","0.00","0.33","n/a","n/a","For metrics, refresh"
"med spas customer retention","=HYPERLINK(""https://smrs.toolsfrog.com/analytics/keywordoverview/?q=med%20spas%20customer%20retention&db=us"",""med spas customer retention​"")","n/a","n/a","0","20","","n/a","n/a","n/a","0.00","0.33","n/a","n/a","For metrics, refresh"
"mediacom customer retention","=HYPERLINK(""https://smrs.toolsfrog.com/analytics/keywordoverview/?q=mediacom%20customer%20retention&db=us"",""mediacom customer retention​"")","n/a","n/a","0","20","","n/a","n/a","n/a","0.00","0.05","n/a","n/a","For metrics, refresh"
"mediacom customer retention number","=HYPERLINK(""https://smrs.toolsfrog.com/analytics/keywordoverview/?q=mediacom%20customer%20retention%20number&db=us"",""mediacom customer retention number​"")","n/a","n/a","0","20","","n/a","n/a","n/a","0.00","0.33","n/a","n/a","For metrics, refresh"
"mediacom customer retention phone number","=HYPERLINK(""https://smrs.toolsfrog.com/analytics/keywordoverview/?q=mediacom%20customer%20retention%20phone%20number&db=us"",""mediacom customer retention phone number​"")","n/a","n/a","0","20","","n/a","n/a","n/a","0.00","0.05","n/a","n/a","For metrics, refresh"
"meta business help center website custom audience retention 180 days","=HYPERLINK(""https://smrs.toolsfrog.com/analytics/keywordoverview/?q=meta%20business%20help%20center%20website%20custom%20audience%20retention%20180%20days&db=us"",""meta business help center website custom audience retention 180 days​"")","n/a","n/a","0","20","","n/a","n/a","n/a","0.00","0.00","n/a","n/a","For metrics, refresh"
"meta website custom audience retention 180 days maximum","=HYPERLINK(""https://smrs.toolsfrog.com/analytics/keywordoverview/?q=meta%20website%20custom%20audience%20retention%20180%20days%20maximum&db=us"",""meta website custom audience retention 180 days maximum​"")","n/a","n/a","0","20","","n/a","n/a","n/a","0.00","0.00","n/a","n/a","For metrics, refresh"
"methods to improve customer retention","=HYPERLINK(""https://smrs.toolsfrog.com/analytics/keywordoverview/?q=methods%20to%20improve%20customer%20retention&db=us"",""methods to improve customer retention​"")","n/a","n/a","0","20","","n/a","n/a","n/a","0.00","0.33","n/a","n/a","For metrics, refresh"
"metrics for customer retention","=HYPERLINK(""https://smrs.toolsfrog.com/analytics/keywordoverview/?q=metrics%20for%20customer%20retention&db=us"",""metrics for customer retention​"")","n/a","n/a","0","20","","n/a","n/a","n/a","0.00","0.12","n/a","n/a","For metrics, refresh"
"metrics to measure customer retention","=HYPERLINK(""https://smrs.toolsfrog.com/analytics/keywordoverview/?q=metrics%20to%20measure%20customer%20retention&db=us"",""metrics to measure customer retention​"")","n/a","n/a","0","20","","n/a","n/a","n/a","0.00","0.00","n/a","n/a","For metrics, refresh"
"mms for customer retention","=HYPERLINK(""https://smrs.toolsfrog.com/analytics/keywordoverview/?q=mms%20for%20customer%20retention&db=us"",""mms for customer retention​"")","n/a","n/a","0","20","","n/a","n/a","n/a","0.00","0.00","n/a","n/a","For metrics, refresh"
"most banks implement customer retention programs","=HYPERLINK(""https://smrs.toolsfrog.com/analytics/keywordoverview/?q=most%20banks%20implement%20customer%20retention%20programs&db=us"",""most banks implement customer retention programs​"")","n/a","n/a","0","20","","n/a","n/a","n/a","0.00","0.33","n/a","n/a","For metrics, refresh"
"need a firm to measure customer loyalty and retention drivers","=HYPERLINK(""https://smrs.toolsfrog.com/analytics/keywordoverview/?q=need%20a%20firm%20to%20measure%20customer%20loyalty%20and%20retention%20drivers&db=us"",""need a firm to measure customer loyalty and retention drivers​"")","n/a","n/a","0","20","","n/a","n/a","n/a","0.00","0.00","n/a","n/a","For metrics, refresh"
"net customer retention rate","=HYPERLINK(""https://smrs.toolsfrog.com/analytics/keywordoverview/?q=net%20customer%20retention%20rate&db=us"",""net customer retention rate​"")","n/a","n/a","0","20","","n/a","n/a","n/a","0.00","0.05","n/a","n/a","For metrics, refresh"
"net promoter score customer retention relationship","=HYPERLINK(""https://smrs.toolsfrog.com/analytics/keywordoverview/?q=net%20promoter%20score%20customer%20retention%20relationship&db=us"",""net promoter score customer retention relationship​"")","n/a","n/a","0","20","","n/a","n/a","n/a","0.00","0.00","n/a","n/a","For metrics, refresh"
"netflix customer retention","=HYPERLINK(""https://smrs.toolsfrog.com/analytics/keywordoverview/?q=netflix%20customer%20retention&db=us"",""netflix customer retention​"")","n/a","n/a","0","20","","n/a","n/a","n/a","0.00","0.33","n/a","n/a","For metrics, refresh"
"netflix customer retention rate","=HYPERLINK(""https://smrs.toolsfrog.com/analytics/keywordoverview/?q=netflix%20customer%20retention%20rate&db=us"",""netflix customer retention rate​"")","n/a","n/a","0","20","","n/a","n/a","n/a","0.00","0.33","n/a","n/a","For metrics, refresh"
"news corp customer churn rate and retention 2025","=HYPERLINK(""https://smrs.toolsfrog.com/analytics/keywordoverview/?q=news%20corp%20customer%20churn%20rate%20and%20retention%202025&db=us"",""news corp customer churn rate and retention 2025​"")","n/a","n/a","0","20","","n/a","n/a","n/a","0.00","0.00","n/a","n/a","For metrics, refresh"
"nike customer retention rate","=HYPERLINK(""https://smrs.toolsfrog.com/analytics/keywordoverview/?q=nike%20customer%20retention%20rate&db=us"",""nike customer retention rate​"")","n/a","n/a","0","20","","n/a","n/a","n/a","0.00","0.33","n/a","n/a","For metrics, refresh"
"objectives of customer retention","=HYPERLINK(""https://smrs.toolsfrog.com/analytics/keywordoverview/?q=objectives%20of%20customer%20retention&db=us"",""objectives of customer retention​"")","n/a","n/a","0","20","","n/a","n/a","n/a","0.00","0.03","n/a","n/a","For metrics, refresh"
"ollie's bargain outlet hlds customer churn rate and retention 2025","=HYPERLINK(""https://smrs.toolsfrog.com/analytics/keywordoverview/?q=ollie's%20bargain%20outlet%20hlds%20customer%20churn%20rate%20and%20retention%202025&db=us"",""ollie's bargain outlet hlds customer churn rate and retention 2025​"")","n/a","n/a","0","20","","n/a","n/a","n/a","0.00","0.00","n/a","n/a","For metrics, refresh"
"online customer retention strategies","=HYPERLINK(""https://smrs.toolsfrog.com/analytics/keywordoverview/?q=online%20customer%20retention%20strategies&db=us"",""online customer retention strategies​"")","n/a","n/a","0","20","","n/a","n/a","n/a","0.00","0.33","n/a","n/a","For metrics, refresh"
"opposite of customer retention","=HYPERLINK(""https://smrs.toolsfrog.com/analytics/keywordoverview/?q=opposite%20of%20customer%20retention&db=us"",""opposite of customer retention​"")","n/a","n/a","0","20","","n/a","n/a","n/a","0.00","0.33","n/a","n/a","For metrics, refresh"
"optimum customer retention department","=HYPERLINK(""https://smrs.toolsfrog.com/analytics/keywordoverview/?q=optimum%20customer%20retention%20department&db=us"",""optimum customer retention department​"")","n/a","n/a","0","20","","n/a","n/a","n/a","2.71","0.24","n/a","n/a","For metrics, refresh"
"optimum customer retention number","=HYPERLINK(""https://smrs.toolsfrog.com/analytics/keywordoverview/?q=optimum%20customer%20retention%20number&db=us"",""optimum customer retention number​"")","n/a","n/a","0","20","","n/a","n/a","n/a","2.23","0.36","n/a","n/a","For metrics, refresh"
"optimum customer retention phone number usa","=HYPERLINK(""https://smrs.toolsfrog.com/analytics/keywordoverview/?q=optimum%20customer%20retention%20phone%20number%20usa&db=us"",""optimum customer retention phone number usa​"")","n/a","n/a","0","20","","n/a","n/a","n/a","0.00","0.29","n/a","n/a","For metrics, refresh"
"optimum customer retention specialist phone number","=HYPERLINK(""https://smrs.toolsfrog.com/analytics/keywordoverview/?q=optimum%20customer%20retention%20specialist%20phone%20number&db=us"",""optimum customer retention specialist phone number​"")","n/a","n/a","0","20","","n/a","n/a","n/a","0.00","0.43","n/a","n/a","For metrics, refresh"
"optimum customer service retention","=HYPERLINK(""https://smrs.toolsfrog.com/analytics/keywordoverview/?q=optimum%20customer%20service%20retention&db=us"",""optimum customer service retention​"")","n/a","n/a","0","20","","n/a","n/a","n/a","0.48","0.39","n/a","n/a","For metrics, refresh"
"optimum customer service retention number","=HYPERLINK(""https://smrs.toolsfrog.com/analytics/keywordoverview/?q=optimum%20customer%20service%20retention%20number&db=us"",""optimum customer service retention number​"")","n/a","n/a","0","20","","n/a","n/a","n/a","0.00","0.33","n/a","n/a","For metrics, refresh"
"optimum online customer retention","=HYPERLINK(""https://smrs.toolsfrog.com/analytics/keywordoverview/?q=optimum%20online%20customer%20retention&db=us"",""optimum online customer retention​"")","n/a","n/a","0","20","","n/a","n/a","n/a","0.00","0.00","n/a","n/a","For metrics, refresh"
"optimum retention customer service","=HYPERLINK(""https://smrs.toolsfrog.com/analytics/keywordoverview/?q=optimum%20retention%20customer%20service&db=us"",""optimum retention customer service​"")","n/a","n/a","0","20","","n/a","n/a","n/a","0.00","0.57","n/a","n/a","For metrics, refresh"
"oracle customer data and device retention","=HYPERLINK(""https://smrs.toolsfrog.com/analytics/keywordoverview/?q=oracle%20customer%20data%20and%20device%20retention&db=us"",""oracle customer data and device retention​"")","n/a","n/a","0","20","","n/a","n/a","n/a","0.00","0.33","n/a","n/a","For metrics, refresh"
"outsourcing customer retention","=HYPERLINK(""https://smrs.toolsfrog.com/analytics/keywordoverview/?q=outsourcing%20customer%20retention&db=us"",""outsourcing customer retention​"")","n/a","n/a","0","20","","n/a","n/a","n/a","0.00","0.00","n/a","n/a","For metrics, refresh"
"patch customer retention","=HYPERLINK(""https://smrs.toolsfrog.com/analytics/keywordoverview/?q=patch%20customer%20retention&db=us"",""patch customer retention​"")","n/a","n/a","0","20","","n/a","n/a","n/a","11.33","0.33","n/a","n/a","For metrics, refresh"
"peloton customer retention rate","=HYPERLINK(""https://smrs.toolsfrog.com/analytics/keywordoverview/?q=peloton%20customer%20retention%20rate&db=us"",""peloton customer retention rate​"")","n/a","n/a","0","20","","n/a","n/a","n/a","0.00","0.00","n/a","n/a","For metrics, refresh"
"personalized video for customer retention","=HYPERLINK(""https://smrs.toolsfrog.com/analytics/keywordoverview/?q=personalized%20video%20for%20customer%20retention&db=us"",""personalized video for customer retention​"")","n/a","n/a","0","20","","n/a","n/a","n/a","0.00","0.00","n/a","n/a","For metrics, refresh"
"platforms for behavior-based campaigns customer retention","=HYPERLINK(""https://smrs.toolsfrog.com/analytics/keywordoverview/?q=platforms%20for%20behavior-based%20campaigns%20customer%20retention&db=us"",""platforms for behavior-based campaigns customer retention​"")","n/a","n/a","0","20","","n/a","n/a","n/a","0.00","0.00","n/a","n/a","For metrics, refresh"
"point of sale system apparel brand customer retention","=HYPERLINK(""https://smrs.toolsfrog.com/analytics/keywordoverview/?q=point%20of%20sale%20system%20apparel%20brand%20customer%20retention&db=us"",""point of sale system apparel brand customer retention​"")","n/a","n/a","0","20","","n/a","n/a","n/a","0.00","0.00","n/a","n/a","For metrics, refresh"
"poor customer retention","=HYPERLINK(""https://smrs.toolsfrog.com/analytics/keywordoverview/?q=poor%20customer%20retention&db=us"",""poor customer retention​"")","n/a","n/a","0","20","","n/a","n/a","n/a","0.00","0.00","n/a","n/a","For metrics, refresh"
"pos-integrated customer retention tools with mobile app support","=HYPERLINK(""https://smrs.toolsfrog.com/analytics/keywordoverview/?q=pos-integrated%20customer%20retention%20tools%20with%20mobile%20app%20support&db=us"",""pos-integrated customer retention tools with mobile app support​"")","n/a","n/a","0","20","","n/a","n/a","n/a","0.00","0.00","n/a","n/a","For metrics, refresh"
"positive customer retention strategies","=HYPERLINK(""https://smrs.toolsfrog.com/analytics/keywordoverview/?q=positive%20customer%20retention%20strategies&db=us"",""positive customer retention strategies​"")","n/a","n/a","0","20","","n/a","n/a","n/a","0.00","0.33","n/a","n/a","For metrics, refresh"
"post-holiday customer retention","=HYPERLINK(""https://smrs.toolsfrog.com/analytics/keywordoverview/?q=post-holiday%20customer%20retention&db=us"",""post-holiday customer retention​"")","n/a","n/a","0","20","","n/a","n/a","n/a","0.00","0.00","n/a","n/a","For metrics, refresh"
"power bi customer retention","=HYPERLINK(""https://smrs.toolsfrog.com/analytics/keywordoverview/?q=power%20bi%20customer%20retention&db=us"",""power bi customer retention​"")","n/a","n/a","0","20","","n/a","n/a","n/a","0.00","0.00","n/a","n/a","For metrics, refresh"
"predict customer retention","=HYPERLINK(""https://smrs.toolsfrog.com/analytics/keywordoverview/?q=predict%20customer%20retention&db=us"",""predict customer retention​"")","n/a","n/a","0","20","","n/a","n/a","n/a","0.00","0.33","n/a","n/a","For metrics, refresh"
"premium enterprise cloud providers for customer retention","=HYPERLINK(""https://smrs.toolsfrog.com/analytics/keywordoverview/?q=premium%20enterprise%20cloud%20providers%20for%20customer%20retention&db=us"",""premium enterprise cloud providers for customer retention​"")","n/a","n/a","0","20","","n/a","n/a","n/a","0.00","0.00","n/a","n/a","For metrics, refresh"
"proactive customer retention software","=HYPERLINK(""https://smrs.toolsfrog.com/analytics/keywordoverview/?q=proactive%20customer%20retention%20software&db=us"",""proactive customer retention software​"")","n/a","n/a","0","20","","n/a","n/a","n/a","0.00","0.00","n/a","n/a","For metrics, refresh"
"profitable saas small team revenue milestone customer retention b2b","=HYPERLINK(""https://smrs.toolsfrog.com/analytics/keywordoverview/?q=profitable%20saas%20small%20team%20revenue%20milestone%20customer%20retention%20b2b&db=us"",""profitable saas small team revenue milestone customer retention b2b​"")","n/a","n/a","0","20","","n/a","n/a","n/a","0.00","0.00","n/a","n/a","For metrics, refresh"
"promotional products for customer retention","=HYPERLINK(""https://smrs.toolsfrog.com/analytics/keywordoverview/?q=promotional%20products%20for%20customer%20retention&db=us"",""promotional products for customer retention​"")","n/a","n/a","0","20","","n/a","n/a","n/a","0.00","0.00","n/a","n/a","For metrics, refresh"
"promotions are a way to improve customer retention","=HYPERLINK(""https://smrs.toolsfrog.com/analytics/keywordoverview/?q=promotions%20are%20a%20way%20to%20improve%20customer%20retention&db=us"",""promotions are a way to improve customer retention​"")","n/a","n/a","0","20","","n/a","n/a","n/a","0.00","0.33","n/a","n/a","For metrics, refresh"
"providers using machine learning for customer retention","=HYPERLINK(""https://smrs.toolsfrog.com/analytics/keywordoverview/?q=providers%20using%20machine%20learning%20for%20customer%20retention&db=us"",""providers using machine learning for customer retention​"")","n/a","n/a","0","20","","n/a","n/a","n/a","0.00","0.00","n/a","n/a","For metrics, refresh"
"ps fader customer retention model 2019","=HYPERLINK(""https://smrs.toolsfrog.com/analytics/keywordoverview/?q=ps%20fader%20customer%20retention%20model%202019&db=us"",""ps fader customer retention model 2019​"")","n/a","n/a","0","20","","n/a","n/a","n/a","0.00","0.00","n/a","n/a","For metrics, refresh"
"ps fader customer retention model type 2018-2019","=HYPERLINK(""https://smrs.toolsfrog.com/analytics/keywordoverview/?q=ps%20fader%20customer%20retention%20model%20type%202018-2019&db=us"",""ps fader customer retention model type 2018-2019​"")","n/a","n/a","0","20","","n/a","n/a","n/a","0.00","0.00","n/a","n/a","For metrics, refresh"
"ps fader customer retention studies 2018-2019 model","=HYPERLINK(""https://smrs.toolsfrog.com/analytics/keywordoverview/?q=ps%20fader%20customer%20retention%20studies%202018-2019%20model&db=us"",""ps fader customer retention studies 2018-2019 model​"")","n/a","n/a","0","20","","n/a","n/a","n/a","0.00","0.00","n/a","n/a","For metrics, refresh"
"qsr customer retention","=HYPERLINK(""https://smrs.toolsfrog.com/analytics/keywordoverview/?q=qsr%20customer%20retention&db=us"",""qsr customer retention​"")","n/a","n/a","0","20","","n/a","n/a","n/a","0.00","0.00","n/a","n/a","For metrics, refresh"
"real estate brokerage customer retention rate comparison","=HYPERLINK(""https://smrs.toolsfrog.com/analytics/keywordoverview/?q=real%20estate%20brokerage%20customer%20retention%20rate%20comparison&db=us"",""real estate brokerage customer retention rate comparison​"")","n/a","n/a","0","20","","n/a","n/a","n/a","0.00","0.00","n/a","n/a","For metrics, refresh"
"record item reason for retention by customs","=HYPERLINK(""https://smrs.toolsfrog.com/analytics/keywordoverview/?q=record%20item%20reason%20for%20retention%20by%20customs&db=us"",""record item reason for retention by customs​"")","n/a","n/a","0","20","","n/a","n/a","n/a","0.00","0.33","n/a","n/a","For metrics, refresh"
"record item reason for retention by customs otb","=HYPERLINK(""https://smrs.toolsfrog.com/analytics/keywordoverview/?q=record%20item%20reason%20for%20retention%20by%20customs%20otb&db=us"",""record item reason for retention by customs otb​"")","n/a","n/a","0","20","","n/a","n/a","n/a","0.00","0.33","n/a","n/a","For metrics, refresh"
"record item reason for retention by customs otb meaning","=HYPERLINK(""https://smrs.toolsfrog.com/analytics/keywordoverview/?q=record%20item%20reason%20for%20retention%20by%20customs%20otb%20meaning&db=us"",""record item reason for retention by customs otb meaning​"")","n/a","n/a","0","20","","n/a","n/a","n/a","0.00","0.33","n/a","n/a","For metrics, refresh"
"relationship marketing and customer retention","=HYPERLINK(""https://smrs.toolsfrog.com/analytics/keywordoverview/?q=relationship%20marketing%20and%20customer%20retention&db=us"",""relationship marketing and customer retention​"")","n/a","n/a","0","20","","n/a","n/a","n/a","0.00","0.00","n/a","n/a","For metrics, refresh"
"reseller customer retention strategies","=HYPERLINK(""https://smrs.toolsfrog.com/analytics/keywordoverview/?q=reseller%20customer%20retention%20strategies&db=us"",""reseller customer retention strategies​"")","n/a","n/a","0","20","","n/a","n/a","n/a","0.00","0.00","n/a","n/a","For metrics, refresh"
"retain the customer retention podcast","=HYPERLINK(""https://smrs.toolsfrog.com/analytics/keywordoverview/?q=retain%20the%20customer%20retention%20podcast&db=us"",""retain the customer retention podcast​"")","n/a","n/a","0","20","","n/a","n/a","n/a","0.00","0.33","n/a","n/a","For metrics, refresh"
"retention and customer service representative adt","=HYPERLINK(""https://smrs.toolsfrog.com/analytics/keywordoverview/?q=retention%20and%20customer%20service%20representative%20adt&db=us"",""retention and customer service representative adt​"")","n/a","n/a","0","20","","n/a","n/a","n/a","0.00","0.33","n/a","n/a","For metrics, refresh"
"retention customer meaning","=HYPERLINK(""https://smrs.toolsfrog.com/analytics/keywordoverview/?q=retention%20customer%20meaning&db=us"",""retention customer meaning​"")","n/a","n/a","0","20","","n/a","n/a","n/a","0.00","0.33","n/a","n/a","For metrics, refresh"
"retention customers","=HYPERLINK(""https://smrs.toolsfrog.com/analytics/keywordoverview/?q=retention%20customers&db=us"",""retention customers​"")","n/a","n/a","0","20","","n/a","n/a","n/a","5.87","0.05","n/a","n/a","For metrics, refresh"
"retention of customer","=HYPERLINK(""https://smrs.toolsfrog.com/analytics/keywordoverview/?q=retention%20of%20customer&db=us"",""retention of customer​"")","n/a","n/a","0","20","","n/a","n/a","n/a","5.87","0.05","n/a","n/a","For metrics, refresh"
"retention of customers meaning","=HYPERLINK(""https://smrs.toolsfrog.com/analytics/keywordoverview/?q=retention%20of%20customers%20meaning&db=us"",""retention of customers meaning​"")","n/a","n/a","0","20","","n/a","n/a","n/a","0.00","0.33","n/a","n/a","For metrics, refresh"
"retention of existing customers","=HYPERLINK(""https://smrs.toolsfrog.com/analytics/keywordoverview/?q=retention%20of%20existing%20customers&db=us"",""retention of existing customers​"")","n/a","n/a","0","20","","n/a","n/a","n/a","0.00","0.33","n/a","n/a","For metrics, refresh"
"retention of overseas import customs is to be tested","=HYPERLINK(""https://smrs.toolsfrog.com/analytics/keywordoverview/?q=retention%20of%20overseas%20import%20customs%20is%20to%20be%20tested&db=us"",""retention of overseas import customs is to be tested​"")","n/a","n/a","0","20","","n/a","n/a","n/a","0.00","0.00","n/a","n/a","For metrics, refresh"
"retention phase customer journey","=HYPERLINK(""https://smrs.toolsfrog.com/analytics/keywordoverview/?q=retention%20phase%20customer%20journey&db=us"",""retention phase customer journey​"")","n/a","n/a","0","20","","n/a","n/a","n/a","0.00","0.00","n/a","n/a","For metrics, refresh"
"retention rate customer","=HYPERLINK(""https://smrs.toolsfrog.com/analytics/keywordoverview/?q=retention%20rate%20customer&db=us"",""retention rate customer​"")","n/a","n/a","0","20","","n/a","n/a","n/a","0.00","0.05","n/a","n/a","For metrics, refresh"
"retention stage of customer journey","=HYPERLINK(""https://smrs.toolsfrog.com/analytics/keywordoverview/?q=retention%20stage%20of%20customer%20journey&db=us"",""retention stage of customer journey​"")","n/a","n/a","0","20","","n/a","n/a","n/a","0.00","0.71","n/a","n/a","For metrics, refresh"
"rfm analysis customer retention definition","=HYPERLINK(""https://smrs.toolsfrog.com/analytics/keywordoverview/?q=rfm%20analysis%20customer%20retention%20definition&db=us"",""rfm analysis customer retention definition​"")","n/a","n/a","0","20","","n/a","n/a","n/a","0.00","0.00","n/a","n/a","For metrics, refresh"
"rh customer churn rate and retention 2025","=HYPERLINK(""https://smrs.toolsfrog.com/analytics/keywordoverview/?q=rh%20customer%20churn%20rate%20and%20retention%202025&db=us"",""rh customer churn rate and retention 2025​"")","n/a","n/a","0","20","","n/a","n/a","n/a","0.00","0.00","n/a","n/a","For metrics, refresh"
"rogers customer retention","=HYPERLINK(""https://smrs.toolsfrog.com/analytics/keywordoverview/?q=rogers%20customer%20retention&db=us"",""rogers customer retention​"")","n/a","n/a","0","20","","n/a","n/a","n/a","0.00","0.33","n/a","n/a","For metrics, refresh"
"rogers customer retention number","=HYPERLINK(""https://smrs.toolsfrog.com/analytics/keywordoverview/?q=rogers%20customer%20retention%20number&db=us"",""rogers customer retention number​"")","n/a","n/a","0","20","","n/a","n/a","n/a","0.00","0.33","n/a","n/a","For metrics, refresh"
"rogers customer retention phone number","=HYPERLINK(""https://smrs.toolsfrog.com/analytics/keywordoverview/?q=rogers%20customer%20retention%20phone%20number&db=us"",""rogers customer retention phone number​"")","n/a","n/a","0","20","","n/a","n/a","n/a","0.00","0.33","n/a","n/a","For metrics, refresh"
"rogers wireless customer retention","=HYPERLINK(""https://smrs.toolsfrog.com/analytics/keywordoverview/?q=rogers%20wireless%20customer%20retention&db=us"",""rogers wireless customer retention​"")","n/a","n/a","0","20","","n/a","n/a","n/a","0.00","0.33","n/a","n/a","For metrics, refresh"
"roofing customer retention","=HYPERLINK(""https://smrs.toolsfrog.com/analytics/keywordoverview/?q=roofing%20customer%20retention&db=us"",""roofing customer retention​"")","n/a","n/a","0","20","","n/a","n/a","n/a","0.00","0.33","n/a","n/a","For metrics, refresh"
"saas customer acquisition cost vs customer retention cost 2026","=HYPERLINK(""https://smrs.toolsfrog.com/analytics/keywordoverview/?q=saas%20customer%20acquisition%20cost%20vs%20customer%20retention%20cost%202026&db=us"",""saas customer acquisition cost vs customer retention cost 2026​"")","n/a","n/a","0","20","","n/a","n/a","n/a","0.00","0.00","n/a","n/a","For metrics, refresh"
"saas customer acquisition cost vs retention cost 2024","=HYPERLINK(""https://smrs.toolsfrog.com/analytics/keywordoverview/?q=saas%20customer%20acquisition%20cost%20vs%20retention%20cost%202024&db=us"",""saas customer acquisition cost vs retention cost 2024​"")","n/a","n/a","0","20","","n/a","n/a","n/a","0.00","0.00","n/a","n/a","For metrics, refresh"
"saas customer retention essentials","=HYPERLINK(""https://smrs.toolsfrog.com/analytics/keywordoverview/?q=saas%20customer%20retention%20essentials&db=us"",""saas customer retention essentials​"")","n/a","n/a","0","20","","n/a","n/a","n/a","0.00","0.33","n/a","n/a","For metrics, refresh"
"salesforce customer retention","=HYPERLINK(""https://smrs.toolsfrog.com/analytics/keywordoverview/?q=salesforce%20customer%20retention&db=us"",""salesforce customer retention​"")","n/a","n/a","0","20","","n/a","n/a","n/a","0.00","0.33","n/a","n/a","For metrics, refresh"
"salesforce customer retention rate","=HYPERLINK(""https://smrs.toolsfrog.com/analytics/keywordoverview/?q=salesforce%20customer%20retention%20rate&db=us"",""salesforce customer retention rate​"")","n/a","n/a","0","20","","n/a","n/a","n/a","10.37","0.19","n/a","n/a","For metrics, refresh"
"salesforce einstein ai features predictive analytics customer retention impact","=HYPERLINK(""https://smrs.toolsfrog.com/analytics/keywordoverview/?q=salesforce%20einstein%20ai%20features%20predictive%20analytics%20customer%20retention%20impact&db=us"",""salesforce einstein ai features predictive analytics customer retention impact​"")","n/a","n/a","0","20","","n/a","n/a","n/a","0.00","0.00","n/a","n/a","For metrics, refresh"
"samsung customer retention","=HYPERLINK(""https://smrs.toolsfrog.com/analytics/keywordoverview/?q=samsung%20customer%20retention&db=us"",""samsung customer retention​"")","n/a","n/a","0","20","","n/a","n/a","n/a","0.00","0.33","n/a","n/a","For metrics, refresh"
"samsung customer retention program","=HYPERLINK(""https://smrs.toolsfrog.com/analytics/keywordoverview/?q=samsung%20customer%20retention%20program&db=us"",""samsung customer retention program​"")","n/a","n/a","0","20","","n/a","n/a","n/a","0.00","0.00","n/a","n/a","For metrics, refresh"
"sanofi customer retention programs","=HYPERLINK(""https://smrs.toolsfrog.com/analytics/keywordoverview/?q=sanofi%20customer%20retention%20programs&db=us"",""sanofi customer retention programs​"")","n/a","n/a","0","20","","n/a","n/a","n/a","0.00","0.00","n/a","n/a","For metrics, refresh"
"self-employed customer retention for banks","=HYPERLINK(""https://smrs.toolsfrog.com/analytics/keywordoverview/?q=self-employed%20customer%20retention%20for%20banks&db=us"",""self-employed customer retention for banks​"")","n/a","n/a","0","20","","n/a","n/a","n/a","0.00","0.00","n/a","n/a","For metrics, refresh"
"shopify customer retention rate","=HYPERLINK(""https://smrs.toolsfrog.com/analytics/keywordoverview/?q=shopify%20customer%20retention%20rate&db=us"",""shopify customer retention rate​"")","n/a","n/a","0","20","","n/a","n/a","n/a","0.00","0.07","n/a","n/a","For metrics, refresh"
"short code for customer retention","=HYPERLINK(""https://smrs.toolsfrog.com/analytics/keywordoverview/?q=short%20code%20for%20customer%20retention&db=us"",""short code for customer retention​"")","n/a","n/a","0","20","","n/a","n/a","n/a","0.00","0.00","n/a","n/a","For metrics, refresh"
"sirius customer retention","=HYPERLINK(""https://smrs.toolsfrog.com/analytics/keywordoverview/?q=sirius%20customer%20retention&db=us"",""sirius customer retention​"")","n/a","n/a","0","20","","n/a","n/a","n/a","0.00","0.13","n/a","n/a","For metrics, refresh"
"sirius customer retention number","=HYPERLINK(""https://smrs.toolsfrog.com/analytics/keywordoverview/?q=sirius%20customer%20retention%20number&db=us"",""sirius customer retention number​"")","n/a","n/a","0","20","","n/a","n/a","n/a","0.00","0.07","n/a","n/a","For metrics, refresh"
"sirius customer retention phone number","=HYPERLINK(""https://smrs.toolsfrog.com/analytics/keywordoverview/?q=sirius%20customer%20retention%20phone%20number&db=us"",""sirius customer retention phone number​"")","n/a","n/a","0","20","","n/a","n/a","n/a","0.00","0.09","n/a","n/a","For metrics, refresh"
"siriusxm customer retention","=HYPERLINK(""https://smrs.toolsfrog.com/analytics/keywordoverview/?q=siriusxm%20customer%20retention&db=us"",""siriusxm customer retention​"")","n/a","n/a","0","20","","n/a","n/a","n/a","2.23","0.13","n/a","n/a","For metrics, refresh"
"siriusxm customer retention number","=HYPERLINK(""https://smrs.toolsfrog.com/analytics/keywordoverview/?q=siriusxm%20customer%20retention%20number&db=us"",""siriusxm customer retention number​"")","n/a","n/a","0","20","","n/a","n/a","n/a","0.00","0.07","n/a","n/a","For metrics, refresh"
"siriusxm customer retention phone number","=HYPERLINK(""https://smrs.toolsfrog.com/analytics/keywordoverview/?q=siriusxm%20customer%20retention%20phone%20number&db=us"",""siriusxm customer retention phone number​"")","n/a","n/a","0","20","","n/a","n/a","n/a","0.00","0.06","n/a","n/a","For metrics, refresh"
"small gestures that benefit and improve customer retention","=HYPERLINK(""https://smrs.toolsfrog.com/analytics/keywordoverview/?q=small%20gestures%20that%20benefit%20and%20improve%20customer%20retention&db=us"",""small gestures that benefit and improve customer retention​"")","n/a","n/a","0","20","","n/a","n/a","n/a","0.00","0.00","n/a","n/a","For metrics, refresh"
"software companies leading proactive customer retention and churn prevention","=HYPERLINK(""https://smrs.toolsfrog.com/analytics/keywordoverview/?q=software%20companies%20leading%20proactive%20customer%20retention%20and%20churn%20prevention&db=us"",""software companies leading proactive customer retention and churn prevention​"")","n/a","n/a","0","20","","n/a","n/a","n/a","0.00","0.00","n/a","n/a","For metrics, refresh"
"spectrum cable customer retention","=HYPERLINK(""https://smrs.toolsfrog.com/analytics/keywordoverview/?q=spectrum%20cable%20customer%20retention&db=us"",""spectrum cable customer retention​"")","n/a","n/a","0","20","","n/a","n/a","n/a","0.00","0.33","n/a","n/a","For metrics, refresh"
"spectrum customer retention hours","=HYPERLINK(""https://smrs.toolsfrog.com/analytics/keywordoverview/?q=spectrum%20customer%20retention%20hours&db=us"",""spectrum customer retention hours​"")","n/a","n/a","0","20","","n/a","n/a","n/a","0.00","0.33","n/a","n/a","For metrics, refresh"
"spectrum customer retention line","=HYPERLINK(""https://smrs.toolsfrog.com/analytics/keywordoverview/?q=spectrum%20customer%20retention%20line&db=us"",""spectrum customer retention line​"")","n/a","n/a","0","20","","n/a","n/a","n/a","0.00","0.07","n/a","n/a","For metrics, refresh"
"spectrum customer retention reddit","=HYPERLINK(""https://smrs.toolsfrog.com/analytics/keywordoverview/?q=spectrum%20customer%20retention%20reddit&db=us"",""spectrum customer retention reddit​"")","n/a","n/a","0","20","","n/a","n/a","n/a","0.00","0.33","n/a","n/a","For metrics, refresh"
"spectrum customer retention telephone number","=HYPERLINK(""https://smrs.toolsfrog.com/analytics/keywordoverview/?q=spectrum%20customer%20retention%20telephone%20number&db=us"",""spectrum customer retention telephone number​"")","n/a","n/a","0","20","","n/a","n/a","n/a","0.00","0.33","n/a","n/a","For metrics, refresh"
"spectrum customer service retention department","=HYPERLINK(""https://smrs.toolsfrog.com/analytics/keywordoverview/?q=spectrum%20customer%20service%20retention%20department&db=us"",""spectrum customer service retention department​"")","n/a","n/a","0","20","","n/a","n/a","n/a","0.80","0.11","n/a","n/a","For metrics, refresh"
"spectrum customer service retention number","=HYPERLINK(""https://smrs.toolsfrog.com/analytics/keywordoverview/?q=spectrum%20customer%20service%20retention%20number&db=us"",""spectrum customer service retention number​"")","n/a","n/a","0","20","","n/a","n/a","n/a","0.00","0.02","n/a","n/a","For metrics, refresh"
"spectrum customer service retention phone number","=HYPERLINK(""https://smrs.toolsfrog.com/analytics/keywordoverview/?q=spectrum%20customer%20service%20retention%20phone%20number&db=us"",""spectrum customer service retention phone number​"")","n/a","n/a","0","20","","n/a","n/a","n/a","0.00","0.00","n/a","n/a","For metrics, refresh"
"spectrum internet customer retention","=HYPERLINK(""https://smrs.toolsfrog.com/analytics/keywordoverview/?q=spectrum%20internet%20customer%20retention&db=us"",""spectrum internet customer retention​"")","n/a","n/a","0","20","","n/a","n/a","n/a","0.00","0.10","n/a","n/a","For metrics, refresh"
"spectrum internet customer retention phone number","=HYPERLINK(""https://smrs.toolsfrog.com/analytics/keywordoverview/?q=spectrum%20internet%20customer%20retention%20phone%20number&db=us"",""spectrum internet customer retention phone number​"")","n/a","n/a","0","20","","n/a","n/a","n/a","0.84","0.12","n/a","n/a","For metrics, refresh"
"spectrum retention customer service","=HYPERLINK(""https://smrs.toolsfrog.com/analytics/keywordoverview/?q=spectrum%20retention%20customer%20service&db=us"",""spectrum retention customer service​"")","n/a","n/a","0","20","","n/a","n/a","n/a","0.00","0.33","n/a","n/a","For metrics, refresh"
"spotify customer retention","=HYPERLINK(""https://smrs.toolsfrog.com/analytics/keywordoverview/?q=spotify%20customer%20retention&db=us"",""spotify customer retention​"")","n/a","n/a","0","20","","n/a","n/a","n/a","0.00","0.33","n/a","n/a","For metrics, refresh"
"spotify customer retention rate","=HYPERLINK(""https://smrs.toolsfrog.com/analytics/keywordoverview/?q=spotify%20customer%20retention%20rate&db=us"",""spotify customer retention rate​"")","n/a","n/a","0","20","","n/a","n/a","n/a","0.00","0.33","n/a","n/a","For metrics, refresh"
"sprint customer retention phone number","=HYPERLINK(""https://smrs.toolsfrog.com/analytics/keywordoverview/?q=sprint%20customer%20retention%20phone%20number&db=us"",""sprint customer retention phone number​"")","n/a","n/a","0","20","","n/a","n/a","n/a","0.00","0.00","n/a","n/a","For metrics, refresh"
"starbucks customer retention","=HYPERLINK(""https://smrs.toolsfrog.com/analytics/keywordoverview/?q=starbucks%20customer%20retention&db=us"",""starbucks customer retention​"")","n/a","n/a","0","20","","n/a","n/a","n/a","0.00","0.33","n/a","n/a","For metrics, refresh"
"starbucks customer retention rate","=HYPERLINK(""https://smrs.toolsfrog.com/analytics/keywordoverview/?q=starbucks%20customer%20retention%20rate&db=us"",""starbucks customer retention rate​"")","n/a","n/a","0","20","","n/a","n/a","n/a","0.00","0.33","n/a","n/a","For metrics, refresh"
"stellantis customer retention team","=HYPERLINK(""https://smrs.toolsfrog.com/analytics/keywordoverview/?q=stellantis%20customer%20retention%20team&db=us"",""stellantis customer retention team​"")","n/a","n/a","0","20","","n/a","n/a","n/a","0.00","0.33","n/a","n/a","For metrics, refresh"
"stitch fix customer retention","=HYPERLINK(""https://smrs.toolsfrog.com/analytics/keywordoverview/?q=stitch%20fix%20customer%20retention&db=us"",""stitch fix customer retention​"")","n/a","n/a","0","20","","n/a","n/a","n/a","0.00","0.00","n/a","n/a","For metrics, refresh"
"store credit customer retention strategies","=HYPERLINK(""https://smrs.toolsfrog.com/analytics/keywordoverview/?q=store%20credit%20customer%20retention%20strategies&db=us"",""store credit customer retention strategies​"")","n/a","n/a","0","20","","n/a","n/a","n/a","0.00","0.00","n/a","n/a","For metrics, refresh"
"strategies for post-transaction engagement customer retention","=HYPERLINK(""https://smrs.toolsfrog.com/analytics/keywordoverview/?q=strategies%20for%20post-transaction%20engagement%20customer%20retention&db=us"",""strategies for post-transaction engagement customer retention​"")","n/a","n/a","0","20","","n/a","n/a","n/a","0.00","0.00","n/a","n/a","For metrics, refresh"
"streaming services customer retention","=HYPERLINK(""https://smrs.toolsfrog.com/analytics/keywordoverview/?q=streaming%20services%20customer%20retention&db=us"",""streaming services customer retention​"")","n/a","n/a","0","20","","n/a","n/a","n/a","0.00","0.33","n/a","n/a","For metrics, refresh"
"subscribfy customer retention platform features","=HYPERLINK(""https://smrs.toolsfrog.com/analytics/keywordoverview/?q=subscribfy%20customer%20retention%20platform%20features&db=us"",""subscribfy customer retention platform features​"")","n/a","n/a","0","20","","n/a","n/a","n/a","0.00","0.00","n/a","n/a","For metrics, refresh"
"suddenlink customer retention","=HYPERLINK(""https://smrs.toolsfrog.com/analytics/keywordoverview/?q=suddenlink%20customer%20retention&db=us"",""suddenlink customer retention​"")","n/a","n/a","0","20","","n/a","n/a","n/a","0.00","0.29","n/a","n/a","For metrics, refresh"
"survival analysis for customer retention","=HYPERLINK(""https://smrs.toolsfrog.com/analytics/keywordoverview/?q=survival%20analysis%20for%20customer%20retention&db=us"",""survival analysis for customer retention​"")","n/a","n/a","0","20","","n/a","n/a","n/a","0.00","0.05","n/a","n/a","For metrics, refresh"
"synonyms for customer retention","=HYPERLINK(""https://smrs.toolsfrog.com/analytics/keywordoverview/?q=synonyms%20for%20customer%20retention&db=us"",""synonyms for customer retention​"")","n/a","n/a","0","20","","n/a","n/a","n/a","0.00","0.33","n/a","n/a","For metrics, refresh"
"t mobile customer retention deals","=HYPERLINK(""https://smrs.toolsfrog.com/analytics/keywordoverview/?q=t%20mobile%20customer%20retention%20deals&db=us"",""t mobile customer retention deals​"")","n/a","n/a","0","20","","n/a","n/a","n/a","0.00","0.13","n/a","n/a","For metrics, refresh"
"t mobile customer retention department","=HYPERLINK(""https://smrs.toolsfrog.com/analytics/keywordoverview/?q=t%20mobile%20customer%20retention%20department&db=us"",""t mobile customer retention department​"")","n/a","n/a","0","20","","n/a","n/a","n/a","0.00","0.33","n/a","n/a","For metrics, refresh"
"t mobile customer retention number","=HYPERLINK(""https://smrs.toolsfrog.com/analytics/keywordoverview/?q=t%20mobile%20customer%20retention%20number&db=us"",""t mobile customer retention number​"")","n/a","n/a","0","20","","n/a","n/a","n/a","0.00","0.33","n/a","n/a","For metrics, refresh"
"t mobile customer retention phone number","=HYPERLINK(""https://smrs.toolsfrog.com/analytics/keywordoverview/?q=t%20mobile%20customer%20retention%20phone%20number&db=us"",""t mobile customer retention phone number​"")","n/a","n/a","0","20","","n/a","n/a","n/a","0.00","0.33","n/a","n/a","For metrics, refresh"
"t-mobile customer retention plans","=HYPERLINK(""https://smrs.toolsfrog.com/analytics/keywordoverview/?q=t-mobile%20customer%20retention%20plans&db=us"",""t-mobile customer retention plans​"")","n/a","n/a","0","20","","n/a","n/a","n/a","0.00","0.29","n/a","n/a","For metrics, refresh"
"tableau customer retention","=HYPERLINK(""https://smrs.toolsfrog.com/analytics/keywordoverview/?q=tableau%20customer%20retention&db=us"",""tableau customer retention​"")","n/a","n/a","0","20","","n/a","n/a","n/a","0.00","0.33","n/a","n/a","For metrics, refresh"
"techniques of customer retention","=HYPERLINK(""https://smrs.toolsfrog.com/analytics/keywordoverview/?q=techniques%20of%20customer%20retention&db=us"",""techniques of customer retention​"")","n/a","n/a","0","20","","n/a","n/a","n/a","0.00","0.33","n/a","n/a","For metrics, refresh"
"technologies that improve customer retention rate","=HYPERLINK(""https://smrs.toolsfrog.com/analytics/keywordoverview/?q=technologies%20that%20improve%20customer%20retention%20rate&db=us"",""technologies that improve customer retention rate​"")","n/a","n/a","0","20","","n/a","n/a","n/a","0.00","0.00","n/a","n/a","For metrics, refresh"
"telco customer retention","=HYPERLINK(""https://smrs.toolsfrog.com/analytics/keywordoverview/?q=telco%20customer%20retention&db=us"",""telco customer retention​"")","n/a","n/a","0","20","","n/a","n/a","n/a","0.00","0.00","n/a","n/a","For metrics, refresh"
"telus customer retention","=HYPERLINK(""https://smrs.toolsfrog.com/analytics/keywordoverview/?q=telus%20customer%20retention&db=us"",""telus customer retention​"")","n/a","n/a","0","20","","n/a","n/a","n/a","0.00","0.00","n/a","n/a","For metrics, refresh"
"telus customer retention number","=HYPERLINK(""https://smrs.toolsfrog.com/analytics/keywordoverview/?q=telus%20customer%20retention%20number&db=us"",""telus customer retention number​"")","n/a","n/a","0","20","","n/a","n/a","n/a","0.00","0.33","n/a","n/a","For metrics, refresh"
"telus customer retention phone number","=HYPERLINK(""https://smrs.toolsfrog.com/analytics/keywordoverview/?q=telus%20customer%20retention%20phone%20number&db=us"",""telus customer retention phone number​"")","n/a","n/a","0","20","","n/a","n/a","n/a","0.00","0.33","n/a","n/a","For metrics, refresh"
"tesla customer retention rate","=HYPERLINK(""https://smrs.toolsfrog.com/analytics/keywordoverview/?q=tesla%20customer%20retention%20rate&db=us"",""tesla customer retention rate​"")","n/a","n/a","0","20","","n/a","n/a","n/a","0.00","0.33","n/a","n/a","For metrics, refresh"
"thca user experience repeat purchases or customer retention or loyalty","=HYPERLINK(""https://smrs.toolsfrog.com/analytics/keywordoverview/?q=thca%20user%20experience%20repeat%20purchases%20or%20customer%20retention%20or%20loyalty&db=us"",""thca user experience repeat purchases or customer retention or loyalty​"")","n/a","n/a","0","20","","n/a","n/a","n/a","0.00","0.00","n/a","n/a","For metrics, refresh"
"the right customers acquisition retention and development","=HYPERLINK(""https://smrs.toolsfrog.com/analytics/keywordoverview/?q=the%20right%20customers%20acquisition%20retention%20and%20development&db=us"",""the right customers acquisition retention and development​"")","n/a","n/a","0","20","","n/a","n/a","n/a","0.00","0.00","n/a","n/a","For metrics, refresh"
"theories of customer retention","=HYPERLINK(""https://smrs.toolsfrog.com/analytics/keywordoverview/?q=theories%20of%20customer%20retention&db=us"",""theories of customer retention​"")","n/a","n/a","0","20","","n/a","n/a","n/a","0.00","0.19","n/a","n/a","For metrics, refresh"
"tips for customer retention","=HYPERLINK(""https://smrs.toolsfrog.com/analytics/keywordoverview/?q=tips%20for%20customer%20retention&db=us"",""tips for customer retention​"")","n/a","n/a","0","20","","n/a","n/a","n/a","2.76","0.28","n/a","n/a","For metrics, refresh"
"top brokerages by customer retention rate","=HYPERLINK(""https://smrs.toolsfrog.com/analytics/keywordoverview/?q=top%20brokerages%20by%20customer%20retention%20rate&db=us"",""top brokerages by customer retention rate​"")","n/a","n/a","0","20","","n/a","n/a","n/a","0.00","0.00","n/a","n/a","For metrics, refresh"
"top customer retention strategies statistics 2025","=HYPERLINK(""https://smrs.toolsfrog.com/analytics/keywordoverview/?q=top%20customer%20retention%20strategies%20statistics%202025&db=us"",""top customer retention strategies statistics 2025​"")","n/a","n/a","0","20","","n/a","n/a","n/a","0.00","0.00","n/a","n/a","For metrics, refresh"
"top marketing automation platforms for travel agencies customer retention","=HYPERLINK(""https://smrs.toolsfrog.com/analytics/keywordoverview/?q=top%20marketing%20automation%20platforms%20for%20travel%20agencies%20customer%20retention&db=us"",""top marketing automation platforms for travel agencies customer retention​"")","n/a","n/a","0","20","","n/a","n/a","n/a","0.00","0.00","n/a","n/a","For metrics, refresh"
"top marketing solutions strategies for driving customer retention 2025 2026","=HYPERLINK(""https://smrs.toolsfrog.com/analytics/keywordoverview/?q=top%20marketing%20solutions%20strategies%20for%20driving%20customer%20retention%202025%202026&db=us"",""top marketing solutions strategies for driving customer retention 2025 2026​"")","n/a","n/a","0","20","","n/a","n/a","n/a","0.00","0.00","n/a","n/a","For metrics, refresh"
"toyota customer retention","=HYPERLINK(""https://smrs.toolsfrog.com/analytics/keywordoverview/?q=toyota%20customer%20retention&db=us"",""toyota customer retention​"")","n/a","n/a","0","20","","n/a","n/a","n/a","0.00","0.33","n/a","n/a","For metrics, refresh"
"two metrics used to measure customer retention are","=HYPERLINK(""https://smrs.toolsfrog.com/analytics/keywordoverview/?q=two%20metrics%20used%20to%20measure%20customer%20retention%20are&db=us"",""two metrics used to measure customer retention are​"")","n/a","n/a","0","20","","n/a","n/a","n/a","0.00","0.33","n/a","n/a","For metrics, refresh"
"types of customer retention","=HYPERLINK(""https://smrs.toolsfrog.com/analytics/keywordoverview/?q=types%20of%20customer%20retention&db=us"",""types of customer retention​"")","n/a","n/a","0","20","","n/a","n/a","n/a","0.00","0.33","n/a","n/a","For metrics, refresh"
"u verse customer retention number","=HYPERLINK(""https://smrs.toolsfrog.com/analytics/keywordoverview/?q=u%20verse%20customer%20retention%20number&db=us"",""u verse customer retention number​"")","n/a","n/a","0","20","","n/a","n/a","n/a","0.00","0.33","n/a","n/a","For metrics, refresh"
"uber customer retention","=HYPERLINK(""https://smrs.toolsfrog.com/analytics/keywordoverview/?q=uber%20customer%20retention&db=us"",""uber customer retention​"")","n/a","n/a","0","20","","n/a","n/a","n/a","0.00","0.00","n/a","n/a","For metrics, refresh"
"uber customer retention rate","=HYPERLINK(""https://smrs.toolsfrog.com/analytics/keywordoverview/?q=uber%20customer%20retention%20rate&db=us"",""uber customer retention rate​"")","n/a","n/a","0","20","","n/a","n/a","n/a","0.00","0.00","n/a","n/a","For metrics, refresh"
"usps customer retention agent","=HYPERLINK(""https://smrs.toolsfrog.com/analytics/keywordoverview/?q=usps%20customer%20retention%20agent&db=us"",""usps customer retention agent​"")","n/a","n/a","0","20","","n/a","n/a","n/a","0.00","0.01","n/a","n/a","For metrics, refresh"
"uverse customer retention","=HYPERLINK(""https://smrs.toolsfrog.com/analytics/keywordoverview/?q=uverse%20customer%20retention&db=us"",""uverse customer retention​"")","n/a","n/a","0","20","","n/a","n/a","n/a","0.00","0.33","n/a","n/a","For metrics, refresh"
"value of customer retention","=HYPERLINK(""https://smrs.toolsfrog.com/analytics/keywordoverview/?q=value%20of%20customer%20retention&db=us"",""value of customer retention​"")","n/a","n/a","0","20","","n/a","n/a","n/a","2.53","0.27","n/a","n/a","For metrics, refresh"
"verizon customer retention deals","=HYPERLINK(""https://smrs.toolsfrog.com/analytics/keywordoverview/?q=verizon%20customer%20retention%20deals&db=us"",""verizon customer retention deals​"")","n/a","n/a","0","20","","n/a","n/a","n/a","0.00","0.25","n/a","n/a","For metrics, refresh"
"verizon customer retention department","=HYPERLINK(""https://smrs.toolsfrog.com/analytics/keywordoverview/?q=verizon%20customer%20retention%20department&db=us"",""verizon customer retention department​"")","n/a","n/a","0","20","","n/a","n/a","n/a","0.00","0.33","n/a","n/a","For metrics, refresh"
"verizon customer retention discount","=HYPERLINK(""https://smrs.toolsfrog.com/analytics/keywordoverview/?q=verizon%20customer%20retention%20discount&db=us"",""verizon customer retention discount​"")","n/a","n/a","0","20","","n/a","n/a","n/a","0.00","0.29","n/a","n/a","For metrics, refresh"
"verizon customer retention number","=HYPERLINK(""https://smrs.toolsfrog.com/analytics/keywordoverview/?q=verizon%20customer%20retention%20number&db=us"",""verizon customer retention number​"")","n/a","n/a","0","20","","n/a","n/a","n/a","0.00","0.03","n/a","n/a","For metrics, refresh"
"verizon customer retention rate","=HYPERLINK(""https://smrs.toolsfrog.com/analytics/keywordoverview/?q=verizon%20customer%20retention%20rate&db=us"",""verizon customer retention rate​"")","n/a","n/a","0","20","","n/a","n/a","n/a","0.00","0.14","n/a","n/a","For metrics, refresh"
"verizon customer retention strategies","=HYPERLINK(""https://smrs.toolsfrog.com/analytics/keywordoverview/?q=verizon%20customer%20retention%20strategies&db=us"",""verizon customer retention strategies​"")","n/a","n/a","0","20","","n/a","n/a","n/a","0.00","0.00","n/a","n/a","For metrics, refresh"
"verizon customer retention strategy","=HYPERLINK(""https://smrs.toolsfrog.com/analytics/keywordoverview/?q=verizon%20customer%20retention%20strategy&db=us"",""verizon customer retention strategy​"")","n/a","n/a","0","20","","n/a","n/a","n/a","0.00","0.21","n/a","n/a","For metrics, refresh"
"verizon customer service retention number","=HYPERLINK(""https://smrs.toolsfrog.com/analytics/keywordoverview/?q=verizon%20customer%20service%20retention%20number&db=us"",""verizon customer service retention number​"")","n/a","n/a","0","20","","n/a","n/a","n/a","0.00","0.06","n/a","n/a","For metrics, refresh"
"verizon fios customer retention","=HYPERLINK(""https://smrs.toolsfrog.com/analytics/keywordoverview/?q=verizon%20fios%20customer%20retention&db=us"",""verizon fios customer retention​"")","n/a","n/a","0","20","","n/a","n/a","n/a","0.00","0.12","n/a","n/a","For metrics, refresh"
"verizon fios customer retention department","=HYPERLINK(""https://smrs.toolsfrog.com/analytics/keywordoverview/?q=verizon%20fios%20customer%20retention%20department&db=us"",""verizon fios customer retention department​"")","n/a","n/a","0","20","","n/a","n/a","n/a","0.00","0.33","n/a","n/a","For metrics, refresh"
"verizon fios customer retention number","=HYPERLINK(""https://smrs.toolsfrog.com/analytics/keywordoverview/?q=verizon%20fios%20customer%20retention%20number&db=us"",""verizon fios customer retention number​"")","n/a","n/a","0","20","","n/a","n/a","n/a","0.00","0.07","n/a","n/a","For metrics, refresh"
"verizon fios customer retention phone number","=HYPERLINK(""https://smrs.toolsfrog.com/analytics/keywordoverview/?q=verizon%20fios%20customer%20retention%20phone%20number&db=us"",""verizon fios customer retention phone number​"")","n/a","n/a","0","20","","n/a","n/a","n/a","0.00","0.33","n/a","n/a","For metrics, refresh"
"verizon wireless customer retention deals","=HYPERLINK(""https://smrs.toolsfrog.com/analytics/keywordoverview/?q=verizon%20wireless%20customer%20retention%20deals&db=us"",""verizon wireless customer retention deals​"")","n/a","n/a","0","20","","n/a","n/a","n/a","0.00","0.25","n/a","n/a","For metrics, refresh"
"verizon wireless customer retention department","=HYPERLINK(""https://smrs.toolsfrog.com/analytics/keywordoverview/?q=verizon%20wireless%20customer%20retention%20department&db=us"",""verizon wireless customer retention department​"")","n/a","n/a","0","20","","n/a","n/a","n/a","0.00","0.33","n/a","n/a","For metrics, refresh"
"verizon wireless customer retention number","=HYPERLINK(""https://smrs.toolsfrog.com/analytics/keywordoverview/?q=verizon%20wireless%20customer%20retention%20number&db=us"",""verizon wireless customer retention number​"")","n/a","n/a","0","20","","n/a","n/a","n/a","0.00","0.02","n/a","n/a","For metrics, refresh"
"vivint customer retention","=HYPERLINK(""https://smrs.toolsfrog.com/analytics/keywordoverview/?q=vivint%20customer%20retention&db=us"",""vivint customer retention​"")","n/a","n/a","0","20","","n/a","n/a","n/a","0.00","0.33","n/a","n/a","For metrics, refresh"
"walmart customer retention","=HYPERLINK(""https://smrs.toolsfrog.com/analytics/keywordoverview/?q=walmart%20customer%20retention&db=us"",""walmart customer retention​"")","n/a","n/a","0","20","","n/a","n/a","n/a","0.00","0.33","n/a","n/a","For metrics, refresh"
"walmart customer retention rate","=HYPERLINK(""https://smrs.toolsfrog.com/analytics/keywordoverview/?q=walmart%20customer%20retention%20rate&db=us"",""walmart customer retention rate​"")","n/a","n/a","0","20","","n/a","n/a","n/a","0.00","0.33","n/a","n/a","For metrics, refresh"
"waste hauler customer retention","=HYPERLINK(""https://smrs.toolsfrog.com/analytics/keywordoverview/?q=waste%20hauler%20customer%20retention&db=us"",""waste hauler customer retention​"")","n/a","n/a","0","20","","n/a","n/a","n/a","0.00","0.00","n/a","n/a","For metrics, refresh"
"ways to modernize customer retention with ai insurance","=HYPERLINK(""https://smrs.toolsfrog.com/analytics/keywordoverview/?q=ways%20to%20modernize%20customer%20retention%20with%20ai%20insurance&db=us"",""ways to modernize customer retention with ai insurance​"")","n/a","n/a","0","20","","n/a","n/a","n/a","0.00","0.00","n/a","n/a","For metrics, refresh"
"wells fargo customer retention","=HYPERLINK(""https://smrs.toolsfrog.com/analytics/keywordoverview/?q=wells%20fargo%20customer%20retention&db=us"",""wells fargo customer retention​"")","n/a","n/a","0","20","","n/a","n/a","n/a","0.00","0.33","n/a","n/a","For metrics, refresh"
"what are the benefits of customer retention","=HYPERLINK(""https://smrs.toolsfrog.com/analytics/keywordoverview/?q=what%20are%20the%20benefits%20of%20customer%20retention&db=us"",""what are the benefits of customer retention​"")","n/a","n/a","0","20","","n/a","n/a","n/a","0.00","0.33","n/a","n/a","For metrics, refresh"
"what are the customer retention strategies","=HYPERLINK(""https://smrs.toolsfrog.com/analytics/keywordoverview/?q=what%20are%20the%20customer%20retention%20strategies&db=us"",""what are the customer retention strategies​"")","n/a","n/a","0","20","","n/a","n/a","n/a","0.00","0.00","n/a","n/a","For metrics, refresh"
"what challenges exist when implementing customer retention strategies","=HYPERLINK(""https://smrs.toolsfrog.com/analytics/keywordoverview/?q=what%20challenges%20exist%20when%20implementing%20customer%20retention%20strategies&db=us"",""what challenges exist when implementing customer retention strategies​"")","n/a","n/a","0","20","","n/a","n/a","n/a","0.00","0.00","n/a","n/a","For metrics, refresh"
"what challenges exist when implementing retention of customers","=HYPERLINK(""https://smrs.toolsfrog.com/analytics/keywordoverview/?q=what%20challenges%20exist%20when%20implementing%20retention%20of%20customers&db=us"",""what challenges exist when implementing retention of customers​"")","n/a","n/a","0","20","","n/a","n/a","n/a","0.00","0.00","n/a","n/a","For metrics, refresh"
"what does a customer retention specialist do","=HYPERLINK(""https://smrs.toolsfrog.com/analytics/keywordoverview/?q=what%20does%20a%20customer%20retention%20specialist%20do&db=us"",""what does a customer retention specialist do​"")","n/a","n/a","0","20","","n/a","n/a","n/a","0.00","0.06","n/a","n/a","For metrics, refresh"
"what does customer service retention mean","=HYPERLINK(""https://smrs.toolsfrog.com/analytics/keywordoverview/?q=what%20does%20customer%20service%20retention%20mean&db=us"",""what does customer service retention mean​"")","n/a","n/a","0","20","","n/a","n/a","n/a","0.00","0.33","n/a","n/a","For metrics, refresh"
"what does customs retention or investigation mean","=HYPERLINK(""https://smrs.toolsfrog.com/analytics/keywordoverview/?q=what%20does%20customs%20retention%20or%20investigation%20mean&db=us"",""what does customs retention or investigation mean​"")","n/a","n/a","0","20","","n/a","n/a","n/a","0.00","0.33","n/a","n/a","For metrics, refresh"
"what is a customer retention","=HYPERLINK(""https://smrs.toolsfrog.com/analytics/keywordoverview/?q=what%20is%20a%20customer%20retention&db=us"",""what is a customer retention​"")","n/a","n/a","0","20","","n/a","n/a","n/a","0.00","0.01","n/a","n/a","For metrics, refresh"
"what is a customer retention manager","=HYPERLINK(""https://smrs.toolsfrog.com/analytics/keywordoverview/?q=what%20is%20a%20customer%20retention%20manager&db=us"",""what is a customer retention manager​"")","n/a","n/a","0","20","","n/a","n/a","n/a","0.00","0.33","n/a","n/a","For metrics, refresh"
"what is a customer retention rate","=HYPERLINK(""https://smrs.toolsfrog.com/analytics/keywordoverview/?q=what%20is%20a%20customer%20retention%20rate&db=us"",""what is a customer retention rate​"")","n/a","n/a","0","20","","n/a","n/a","n/a","0.00","0.07","n/a","n/a","For metrics, refresh"
"what is a customer retention specialist","=HYPERLINK(""https://smrs.toolsfrog.com/analytics/keywordoverview/?q=what%20is%20a%20customer%20retention%20specialist&db=us"",""what is a customer retention specialist​"")","n/a","n/a","0","20","","n/a","n/a","n/a","0.00","0.02","n/a","n/a","For metrics, refresh"
"what is a customer retention strategy","=HYPERLINK(""https://smrs.toolsfrog.com/analytics/keywordoverview/?q=what%20is%20a%20customer%20retention%20strategy&db=us"",""what is a customer retention strategy​"")","n/a","n/a","0","20","","n/a","n/a","n/a","0.00","0.11","n/a","n/a","For metrics, refresh"
"what is a good customer retention rate for a company","=HYPERLINK(""https://smrs.toolsfrog.com/analytics/keywordoverview/?q=what%20is%20a%20good%20customer%20retention%20rate%20for%20a%20company&db=us"",""what is a good customer retention rate for a company​"")","n/a","n/a","0","20","","n/a","n/a","n/a","0.00","0.00","n/a","n/a","For metrics, refresh"
"what is a good customer retention rate for ecommerce","=HYPERLINK(""https://smrs.toolsfrog.com/analytics/keywordoverview/?q=what%20is%20a%20good%20customer%20retention%20rate%20for%20ecommerce&db=us"",""what is a good customer retention rate for ecommerce​"")","n/a","n/a","0","20","","n/a","n/a","n/a","0.00","0.07","n/a","n/a","For metrics, refresh"
"what is a good retention rate for customers","=HYPERLINK(""https://smrs.toolsfrog.com/analytics/keywordoverview/?q=what%20is%20a%20good%20retention%20rate%20for%20customers&db=us"",""what is a good retention rate for customers​"")","n/a","n/a","0","20","","n/a","n/a","n/a","0.00","0.09","n/a","n/a","For metrics, refresh"
"what is a high customer retention rate","=HYPERLINK(""https://smrs.toolsfrog.com/analytics/keywordoverview/?q=what%20is%20a%20high%20customer%20retention%20rate&db=us"",""what is a high customer retention rate​"")","n/a","n/a","0","20","","n/a","n/a","n/a","0.00","0.29","n/a","n/a","For metrics, refresh"
"what is customer acquisition and retention","=HYPERLINK(""https://smrs.toolsfrog.com/analytics/keywordoverview/?q=what%20is%20customer%20acquisition%20and%20retention&db=us"",""what is customer acquisition and retention​"")","n/a","n/a","0","20","","n/a","n/a","n/a","0.00","0.33","n/a","n/a","For metrics, refresh"
"what is customer retention and why is it important","=HYPERLINK(""https://smrs.toolsfrog.com/analytics/keywordoverview/?q=what%20is%20customer%20retention%20and%20why%20is%20it%20important&db=us"",""what is customer retention and why is it important​"")","n/a","n/a","0","20","","n/a","n/a","n/a","0.00","0.33","n/a","n/a","For metrics, refresh"
"what is customer retention brainly","=HYPERLINK(""https://smrs.toolsfrog.com/analytics/keywordoverview/?q=what%20is%20customer%20retention%20brainly&db=us"",""what is customer retention brainly​"")","n/a","n/a","0","20","","n/a","n/a","n/a","0.00","0.00","n/a","n/a","For metrics, refresh"
"what is customer retention definition","=HYPERLINK(""https://smrs.toolsfrog.com/analytics/keywordoverview/?q=what%20is%20customer%20retention%20definition&db=us"",""what is customer retention definition​"")","n/a","n/a","0","20","","n/a","n/a","n/a","0.00","0.14","n/a","n/a","For metrics, refresh"
"what is customer retention examples","=HYPERLINK(""https://smrs.toolsfrog.com/analytics/keywordoverview/?q=what%20is%20customer%20retention%20examples&db=us"",""what is customer retention examples​"")","n/a","n/a","0","20","","n/a","n/a","n/a","0.00","0.33","n/a","n/a","For metrics, refresh"
"what is customer retention experience","=HYPERLINK(""https://smrs.toolsfrog.com/analytics/keywordoverview/?q=what%20is%20customer%20retention%20experience&db=us"",""what is customer retention experience​"")","n/a","n/a","0","20","","n/a","n/a","n/a","0.00","0.03","n/a","n/a","For metrics, refresh"
"what is customer retention in business","=HYPERLINK(""https://smrs.toolsfrog.com/analytics/keywordoverview/?q=what%20is%20customer%20retention%20in%20business&db=us"",""what is customer retention in business​"")","n/a","n/a","0","20","","n/a","n/a","n/a","0.00","0.33","n/a","n/a","For metrics, refresh"
"what is customer retention in crm","=HYPERLINK(""https://smrs.toolsfrog.com/analytics/keywordoverview/?q=what%20is%20customer%20retention%20in%20crm&db=us"",""what is customer retention in crm​"")","n/a","n/a","0","20","","n/a","n/a","n/a","0.00","0.00","n/a","n/a","For metrics, refresh"
"what is customer retention in marketing","=HYPERLINK(""https://smrs.toolsfrog.com/analytics/keywordoverview/?q=what%20is%20customer%20retention%20in%20marketing&db=us"",""what is customer retention in marketing​"")","n/a","n/a","0","20","","n/a","n/a","n/a","0.00","0.33","n/a","n/a","For metrics, refresh"
"what is customer retention management","=HYPERLINK(""https://smrs.toolsfrog.com/analytics/keywordoverview/?q=what%20is%20customer%20retention%20management&db=us"",""what is customer retention management​"")","n/a","n/a","0","20","","n/a","n/a","n/a","0.00","0.33","n/a","n/a","For metrics, refresh"
"what is customer retention marketing","=HYPERLINK(""https://smrs.toolsfrog.com/analytics/keywordoverview/?q=what%20is%20customer%20retention%20marketing&db=us"",""what is customer retention marketing​"")","n/a","n/a","0","20","","n/a","n/a","n/a","0.00","0.33","n/a","n/a","For metrics, refresh"
"what is customer retention mean","=HYPERLINK(""https://smrs.toolsfrog.com/analytics/keywordoverview/?q=what%20is%20customer%20retention%20mean&db=us"",""what is customer retention mean​"")","n/a","n/a","0","20","","n/a","n/a","n/a","0.00","0.01","n/a","n/a","For metrics, refresh"
"what is customer retention means","=HYPERLINK(""https://smrs.toolsfrog.com/analytics/keywordoverview/?q=what%20is%20customer%20retention%20means&db=us"",""what is customer retention means​"")","n/a","n/a","0","20","","n/a","n/a","n/a","0.00","0.13","n/a","n/a","For metrics, refresh"
"what is customer retention read more","=HYPERLINK(""https://smrs.toolsfrog.com/analytics/keywordoverview/?q=what%20is%20customer%20retention%20read%20more&db=us"",""what is customer retention read more​"")","n/a","n/a","0","20","","n/a","n/a","n/a","0.00","0.33","n/a","n/a","For metrics, refresh"
"what is customer retention specialist","=HYPERLINK(""https://smrs.toolsfrog.com/analytics/keywordoverview/?q=what%20is%20customer%20retention%20specialist&db=us"",""what is customer retention specialist​"")","n/a","n/a","0","20","","n/a","n/a","n/a","0.00","0.33","n/a","n/a","For metrics, refresh"
"what is customer service retention","=HYPERLINK(""https://smrs.toolsfrog.com/analytics/keywordoverview/?q=what%20is%20customer%20service%20retention&db=us"",""what is customer service retention​"")","n/a","n/a","0","20","","n/a","n/a","n/a","0.00","0.19","n/a","n/a","For metrics, refresh"
"what is good customer retention rate","=HYPERLINK(""https://smrs.toolsfrog.com/analytics/keywordoverview/?q=what%20is%20good%20customer%20retention%20rate&db=us"",""what is good customer retention rate​"")","n/a","n/a","0","20","","n/a","n/a","n/a","0.00","1.00","n/a","n/a","For metrics, refresh"
"what is meant by customer retention","=HYPERLINK(""https://smrs.toolsfrog.com/analytics/keywordoverview/?q=what%20is%20meant%20by%20customer%20retention&db=us"",""what is meant by customer retention​"")","n/a","n/a","0","20","","n/a","n/a","n/a","0.00","0.01","n/a","n/a","For metrics, refresh"
"what is retention in customer service","=HYPERLINK(""https://smrs.toolsfrog.com/analytics/keywordoverview/?q=what%20is%20retention%20in%20customer%20service&db=us"",""what is retention in customer service​"")","n/a","n/a","0","20","","n/a","n/a","n/a","0.00","0.04","n/a","n/a","For metrics, refresh"
"what is the average customer retention rate","=HYPERLINK(""https://smrs.toolsfrog.com/analytics/keywordoverview/?q=what%20is%20the%20average%20customer%20retention%20rate&db=us"",""what is the average customer retention rate​"")","n/a","n/a","0","20","","n/a","n/a","n/a","0.00","0.36","n/a","n/a","For metrics, refresh"
"what is the customer retention rate","=HYPERLINK(""https://smrs.toolsfrog.com/analytics/keywordoverview/?q=what%20is%20the%20customer%20retention%20rate&db=us"",""what is the customer retention rate​"")","n/a","n/a","0","20","","n/a","n/a","n/a","0.00","0.33","n/a","n/a","For metrics, refresh"
"what is the formula for customer retention rate","=HYPERLINK(""https://smrs.toolsfrog.com/analytics/keywordoverview/?q=what%20is%20the%20formula%20for%20customer%20retention%20rate&db=us"",""what is the formula for customer retention rate​"")","n/a","n/a","0","20","","n/a","n/a","n/a","0.00","0.03","n/a","n/a","For metrics, refresh"
"what is the importance of customer retention","=HYPERLINK(""https://smrs.toolsfrog.com/analytics/keywordoverview/?q=what%20is%20the%20importance%20of%20customer%20retention&db=us"",""what is the importance of customer retention​"")","n/a","n/a","0","20","","n/a","n/a","n/a","0.00","0.33","n/a","n/a","For metrics, refresh"
"what is the meaning of customer retention","=HYPERLINK(""https://smrs.toolsfrog.com/analytics/keywordoverview/?q=what%20is%20the%20meaning%20of%20customer%20retention&db=us"",""what is the meaning of customer retention​"")","n/a","n/a","0","20","","n/a","n/a","n/a","0.00","0.01","n/a","n/a","For metrics, refresh"
"what is the relationship between customer retention and clv","=HYPERLINK(""https://smrs.toolsfrog.com/analytics/keywordoverview/?q=what%20is%20the%20relationship%20between%20customer%20retention%20and%20clv&db=us"",""what is the relationship between customer retention and clv​"")","n/a","n/a","0","20","","n/a","n/a","n/a","0.00","0.17","n/a","n/a","For metrics, refresh"
"what's a good customer retention rate","=HYPERLINK(""https://smrs.toolsfrog.com/analytics/keywordoverview/?q=what's%20a%20good%20customer%20retention%20rate&db=us"",""what's a good customer retention rate​"")","n/a","n/a","0","20","","n/a","n/a","n/a","0.00","0.29","n/a","n/a","For metrics, refresh"
"whats a good customer retention rate","=HYPERLINK(""https://smrs.toolsfrog.com/analytics/keywordoverview/?q=whats%20a%20good%20customer%20retention%20rate&db=us"",""whats a good customer retention rate​"")","n/a","n/a","0","20","","n/a","n/a","n/a","0.00","0.07","n/a","n/a","For metrics, refresh"
"which action is best suited for growth through customer retention","=HYPERLINK(""https://smrs.toolsfrog.com/analytics/keywordoverview/?q=which%20action%20is%20best%20suited%20for%20growth%20through%20customer%20retention&db=us"",""which action is best suited for growth through customer retention​"")","n/a","n/a","0","20","","n/a","n/a","n/a","0.00","0.33","n/a","n/a","For metrics, refresh"
"which concept is the basis for customer retention programs","=HYPERLINK(""https://smrs.toolsfrog.com/analytics/keywordoverview/?q=which%20concept%20is%20the%20basis%20for%20customer%20retention%20programs&db=us"",""which concept is the basis for customer retention programs​"")","n/a","n/a","0","20","","n/a","n/a","n/a","0.00","0.33","n/a","n/a","For metrics, refresh"
"which is the best tools for customer retention in saas","=HYPERLINK(""https://smrs.toolsfrog.com/analytics/keywordoverview/?q=which%20is%20the%20best%20tools%20for%20customer%20retention%20in%20saas&db=us"",""which is the best tools for customer retention in saas​"")","n/a","n/a","0","20","","n/a","n/a","n/a","0.00","0.00","n/a","n/a","For metrics, refresh"
"which two answer options about customer retention spending are true","=HYPERLINK(""https://smrs.toolsfrog.com/analytics/keywordoverview/?q=which%20two%20answer%20options%20about%20customer%20retention%20spending%20are%20true&db=us"",""which two answer options about customer retention spending are true​"")","n/a","n/a","0","20","","n/a","n/a","n/a","0.00","0.33","n/a","n/a","For metrics, refresh"
"why customer retention is important to a business","=HYPERLINK(""https://smrs.toolsfrog.com/analytics/keywordoverview/?q=why%20customer%20retention%20is%20important%20to%20a%20business&db=us"",""why customer retention is important to a business​"")","n/a","n/a","0","20","","n/a","n/a","n/a","0.00","0.46","n/a","n/a","For metrics, refresh"
"why customer retention is so important","=HYPERLINK(""https://smrs.toolsfrog.com/analytics/keywordoverview/?q=why%20customer%20retention%20is%20so%20important&db=us"",""why customer retention is so important​"")","n/a","n/a","0","20","","n/a","n/a","n/a","0.00","0.00","n/a","n/a","For metrics, refresh"
"why is customer retention important for a business","=HYPERLINK(""https://smrs.toolsfrog.com/analytics/keywordoverview/?q=why%20is%20customer%20retention%20important%20for%20a%20business&db=us"",""why is customer retention important for a business​"")","n/a","n/a","0","20","","n/a","n/a","n/a","0.00","0.08","n/a","n/a","For metrics, refresh"
"why is customer retention rate important","=HYPERLINK(""https://smrs.toolsfrog.com/analytics/keywordoverview/?q=why%20is%20customer%20retention%20rate%20important&db=us"",""why is customer retention rate important​"")","n/a","n/a","0","20","","n/a","n/a","n/a","0.00","0.33","n/a","n/a","For metrics, refresh"
"why is customer retention so important","=HYPERLINK(""https://smrs.toolsfrog.com/analytics/keywordoverview/?q=why%20is%20customer%20retention%20so%20important&db=us"",""why is customer retention so important​"")","n/a","n/a","0","20","","n/a","n/a","n/a","0.00","0.06","n/a","n/a","For metrics, refresh"
"wow customer retention phone number","=HYPERLINK(""https://smrs.toolsfrog.com/analytics/keywordoverview/?q=wow%20customer%20retention%20phone%20number&db=us"",""wow customer retention phone number​"")","n/a","n/a","0","20","","n/a","n/a","n/a","0.00","0.09","n/a","n/a","For metrics, refresh"
"xfinity customer retention deals","=HYPERLINK(""https://smrs.toolsfrog.com/analytics/keywordoverview/?q=xfinity%20customer%20retention%20deals&db=us"",""xfinity customer retention deals​"")","n/a","n/a","0","20","","n/a","n/a","n/a","1.33","0.29","n/a","n/a","For metrics, refresh"
"xfinity customer retention hours","=HYPERLINK(""https://smrs.toolsfrog.com/analytics/keywordoverview/?q=xfinity%20customer%20retention%20hours&db=us"",""xfinity customer retention hours​"")","n/a","n/a","0","20","","n/a","n/a","n/a","0.00","0.33","n/a","n/a","For metrics, refresh"
"xfinity customer retention phone number reddit","=HYPERLINK(""https://smrs.toolsfrog.com/analytics/keywordoverview/?q=xfinity%20customer%20retention%20phone%20number%20reddit&db=us"",""xfinity customer retention phone number reddit​"")","n/a","n/a","0","20","","n/a","n/a","n/a","0.00","0.33","n/a","n/a","For metrics, refresh"
"xfinity customer retention phone number usa","=HYPERLINK(""https://smrs.toolsfrog.com/analytics/keywordoverview/?q=xfinity%20customer%20retention%20phone%20number%20usa&db=us"",""xfinity customer retention phone number usa​"")","n/a","n/a","0","20","","n/a","n/a","n/a","0.00","0.01","n/a","n/a","For metrics, refresh"
"xfinity customer service retention","=HYPERLINK(""https://smrs.toolsfrog.com/analytics/keywordoverview/?q=xfinity%20customer%20service%20retention&db=us"",""xfinity customer service retention​"")","n/a","n/a","0","20","","n/a","n/a","n/a","0.00","0.05","n/a","n/a","For metrics, refresh"
"xfinity customer service retention department","=HYPERLINK(""https://smrs.toolsfrog.com/analytics/keywordoverview/?q=xfinity%20customer%20service%20retention%20department&db=us"",""xfinity customer service retention department​"")","n/a","n/a","0","20","","n/a","n/a","n/a","0.00","0.03","n/a","n/a","For metrics, refresh"
"xm customer retention phone number","=HYPERLINK(""https://smrs.toolsfrog.com/analytics/keywordoverview/?q=xm%20customer%20retention%20phone%20number&db=us"",""xm customer retention phone number​"")","n/a","n/a","0","20","","n/a","n/a","n/a","0.00","0.33","n/a","n/a","For metrics, refresh"
"xm radio customer retention","=HYPERLINK(""https://smrs.toolsfrog.com/analytics/keywordoverview/?q=xm%20radio%20customer%20retention&db=us"",""xm radio customer retention​"")","n/a","n/a","0","20","","n/a","n/a","n/a","0.00","0.33","n/a","n/a","For metrics, refresh"
"+customer +acquisition +and +retention","=HYPERLINK(""https://smrs.toolsfrog.com/analytics/keywordoverview/?q=%2Bcustomer%20%2Bacquisition%20%2Band%20%2Bretention&db=us"",""+customer +acquisition +and +retention​"")","n/a","n/a","0","10","","n/a","n/a","n/a","0.00","0.00","n/a","n/a","For metrics, refresh"
"+customer +acquisition +retention","=HYPERLINK(""https://smrs.toolsfrog.com/analytics/keywordoverview/?q=%2Bcustomer%20%2Bacquisition%20%2Bretention&db=us"",""+customer +acquisition +retention​"")","n/a","n/a","0","10","","n/a","n/a","n/a","0.00","0.00","n/a","n/a","For metrics, refresh"
"1-800-flowers.com customer churn rate and retention 2025","=HYPERLINK(""https://smrs.toolsfrog.com/analytics/keywordoverview/?q=1-800-flowers.com%20customer%20churn%20rate%20and%20retention%202025&db=us"",""1-800-flowers.com customer churn rate and retention 2025​"")","n/a","n/a","0","10","","n/a","n/a","n/a","0.00","0.00","n/a","n/a","For metrics, refresh"
"10 customer success best practices to improve retention","=HYPERLINK(""https://smrs.toolsfrog.com/analytics/keywordoverview/?q=10%20customer%20success%20best%20practices%20to%20improve%20retention&db=us"",""10 customer success best practices to improve retention​"")","n/a","n/a","0","10","","n/a","n/a","n/a","0.00","0.00","n/a","n/a","For metrics, refresh"
"100 customer retention","=HYPERLINK(""https://smrs.toolsfrog.com/analytics/keywordoverview/?q=100%20customer%20retention&db=us"",""100 customer retention​"")","n/a","n/a","0","10","","n/a","n/a","n/a","0.00","0.33","n/a","n/a","For metrics, refresh"
"10dlc for customer retention","=HYPERLINK(""https://smrs.toolsfrog.com/analytics/keywordoverview/?q=10dlc%20for%20customer%20retention&db=us"",""10dlc for customer retention​"")","n/a","n/a","0","10","","n/a","n/a","n/a","0.00","0.00","n/a","n/a","For metrics, refresh"
"5 increase in customer retention","=HYPERLINK(""https://smrs.toolsfrog.com/analytics/keywordoverview/?q=5%20increase%20in%20customer%20retention&db=us"",""5 increase in customer retention​"")","n/a","n/a","0","10","","n/a","n/a","n/a","0.00","0.33","n/a","n/a","For metrics, refresh"
"90-day customer retention plan shopify store loyalty referrals","=HYPERLINK(""https://smrs.toolsfrog.com/analytics/keywordoverview/?q=90-day%20customer%20retention%20plan%20shopify%20store%20loyalty%20referrals&db=us"",""90-day customer retention plan shopify store loyalty referrals​"")","n/a","n/a","0","10","","n/a","n/a","n/a","0.00","0.00","n/a","n/a","For metrics, refresh"
"academy sports and outdoors customer churn rate and retention 2025","=HYPERLINK(""https://smrs.toolsfrog.com/analytics/keywordoverview/?q=academy%20sports%20and%20outdoors%20customer%20churn%20rate%20and%20retention%202025&db=us"",""academy sports and outdoors customer churn rate and retention 2025​"")","n/a","n/a","0","10","","n/a","n/a","n/a","0.00","0.00","n/a","n/a","For metrics, refresh"
"accenture client retention rate or customer churn","=HYPERLINK(""https://smrs.toolsfrog.com/analytics/keywordoverview/?q=accenture%20client%20retention%20rate%20or%20customer%20churn&db=us"",""accenture client retention rate or customer churn​"")","n/a","n/a","0","10","","n/a","n/a","n/a","0.00","0.00","n/a","n/a","For metrics, refresh"
"accenture client retention rate or customer loyalty metrics","=HYPERLINK(""https://smrs.toolsfrog.com/analytics/keywordoverview/?q=accenture%20client%20retention%20rate%20or%20customer%20loyalty%20metrics&db=us"",""accenture client retention rate or customer loyalty metrics​"")","n/a","n/a","0","10","","n/a","n/a","n/a","0.00","0.00","n/a","n/a","For metrics, refresh"
"adidas customer retention","=HYPERLINK(""https://smrs.toolsfrog.com/analytics/keywordoverview/?q=adidas%20customer%20retention&db=us"",""adidas customer retention​"")","n/a","n/a","0","10","","n/a","n/a","n/a","0.00","0.00","n/a","n/a","For metrics, refresh"
"advantages and disadvantages of customer retention","=HYPERLINK(""https://smrs.toolsfrog.com/analytics/keywordoverview/?q=advantages%20and%20disadvantages%20of%20customer%20retention&db=us"",""advantages and disadvantages of customer retention​"")","n/a","n/a","0","10","","n/a","n/a","n/a","0.00","0.00","n/a","n/a","For metrics, refresh"
"affiliate networks b2b affiliate marketing customer loyalty retention rates","=HYPERLINK(""https://smrs.toolsfrog.com/analytics/keywordoverview/?q=affiliate%20networks%20b2b%20affiliate%20marketing%20customer%20loyalty%20retention%20rates&db=us"",""affiliate networks b2b affiliate marketing customer loyalty retention rates​"")","n/a","n/a","0","10","","n/a","n/a","n/a","0.00","0.00","n/a","n/a","For metrics, refresh"
"after sales service customer retention strategies","=HYPERLINK(""https://smrs.toolsfrog.com/analytics/keywordoverview/?q=after%20sales%20service%20customer%20retention%20strategies&db=us"",""after sales service customer retention strategies​"")","n/a","n/a","0","10","","n/a","n/a","n/a","0.00","0.00","n/a","n/a","For metrics, refresh"
"aftershave balm brands customer loyalty retention rates","=HYPERLINK(""https://smrs.toolsfrog.com/analytics/keywordoverview/?q=aftershave%20balm%20brands%20customer%20loyalty%20retention%20rates&db=us"",""aftershave balm brands customer loyalty retention rates​"")","n/a","n/a","0","10","","n/a","n/a","n/a","0.00","0.00","n/a","n/a","For metrics, refresh"
"agencies that integrate email marketing with crm for customer retention","=HYPERLINK(""https://smrs.toolsfrog.com/analytics/keywordoverview/?q=agencies%20that%20integrate%20email%20marketing%20with%20crm%20for%20customer%20retention&db=us"",""agencies that integrate email marketing with crm for customer retention​"")","n/a","n/a","0","10","","n/a","n/a","n/a","0.00","0.00","n/a","n/a","For metrics, refresh"
"agencies that integrate email with crm for customer retention","=HYPERLINK(""https://smrs.toolsfrog.com/analytics/keywordoverview/?q=agencies%20that%20integrate%20email%20with%20crm%20for%20customer%20retention&db=us"",""agencies that integrate email with crm for customer retention​"")","n/a","n/a","0","10","","n/a","n/a","n/a","0.00","0.00","n/a","n/a","For metrics, refresh"
"agenic ai customer retention","=HYPERLINK(""https://smrs.toolsfrog.com/analytics/keywordoverview/?q=agenic%20ai%20customer%20retention&db=us"",""agenic ai customer retention​"")","n/a","n/a","0","10","","n/a","n/a","n/a","0.00","0.00","n/a","n/a","For metrics, refresh"
"ai call center for customer retention and loyalty the techvine","=HYPERLINK(""https://smrs.toolsfrog.com/analytics/keywordoverview/?q=ai%20call%20center%20for%20customer%20retention%20and%20loyalty%20the%20techvine&db=us"",""ai call center for customer retention and loyalty the techvine​"")","n/a","n/a","0","10","","n/a","n/a","n/a","0.00","0.00","n/a","n/a","For metrics, refresh"
"ai casino customer retention","=HYPERLINK(""https://smrs.toolsfrog.com/analytics/keywordoverview/?q=ai%20casino%20customer%20retention&db=us"",""ai casino customer retention​"")","n/a","n/a","0","10","","n/a","n/a","n/a","0.00","0.00","n/a","n/a","For metrics, refresh"
"ai customer retention automotive industry","=HYPERLINK(""https://smrs.toolsfrog.com/analytics/keywordoverview/?q=ai%20customer%20retention%20automotive%20industry&db=us"",""ai customer retention automotive industry​"")","n/a","n/a","0","10","","n/a","n/a","n/a","0.00","0.00","n/a","n/a","For metrics, refresh"
"ai customer retention examples","=HYPERLINK(""https://smrs.toolsfrog.com/analytics/keywordoverview/?q=ai%20customer%20retention%20examples&db=us"",""ai customer retention examples​"")","n/a","n/a","0","10","","n/a","n/a","n/a","0.00","0.00","n/a","n/a","For metrics, refresh"
"ai customer retention platform availability","=HYPERLINK(""https://smrs.toolsfrog.com/analytics/keywordoverview/?q=ai%20customer%20retention%20platform%20availability&db=us"",""ai customer retention platform availability​"")","n/a","n/a","0","10","","n/a","n/a","n/a","0.00","0.00","n/a","n/a","For metrics, refresh"
"ai customer retention strategies","=HYPERLINK(""https://smrs.toolsfrog.com/analytics/keywordoverview/?q=ai%20customer%20retention%20strategies&db=us"",""ai customer retention strategies​"")","n/a","n/a","0","10","","n/a","n/a","n/a","0.00","0.00","n/a","n/a","For metrics, refresh"
"ai customer retention tools","=HYPERLINK(""https://smrs.toolsfrog.com/analytics/keywordoverview/?q=ai%20customer%20retention%20tools&db=us"",""ai customer retention tools​"")","n/a","n/a","0","10","","n/a","n/a","n/a","0.00","0.00","n/a","n/a","For metrics, refresh"
"ai customer retention vs traditional methods","=HYPERLINK(""https://smrs.toolsfrog.com/analytics/keywordoverview/?q=ai%20customer%20retention%20vs%20traditional%20methods&db=us"",""ai customer retention vs traditional methods​"")","n/a","n/a","0","10","","n/a","n/a","n/a","0.00","0.00","n/a","n/a","For metrics, refresh"
"ai developments customer retention strategies 2025","=HYPERLINK(""https://smrs.toolsfrog.com/analytics/keywordoverview/?q=ai%20developments%20customer%20retention%20strategies%202025&db=us"",""ai developments customer retention strategies 2025​"")","n/a","n/a","0","10","","n/a","n/a","n/a","0.00","0.00","n/a","n/a","For metrics, refresh"
"ai improve customer retention targeted content","=HYPERLINK(""https://smrs.toolsfrog.com/analytics/keywordoverview/?q=ai%20improve%20customer%20retention%20targeted%20content&db=us"",""ai improve customer retention targeted content​"")","n/a","n/a","0","10","","n/a","n/a","n/a","0.00","0.00","n/a","n/a","For metrics, refresh"
"ai in retail product design customer retention case studies","=HYPERLINK(""https://smrs.toolsfrog.com/analytics/keywordoverview/?q=ai%20in%20retail%20product%20design%20customer%20retention%20case%20studies&db=us"",""ai in retail product design customer retention case studies​"")","n/a","n/a","0","10","","n/a","n/a","n/a","0.00","0.00","n/a","n/a","For metrics, refresh"
"ai optimization brands with high customer retention","=HYPERLINK(""https://smrs.toolsfrog.com/analytics/keywordoverview/?q=ai%20optimization%20brands%20with%20high%20customer%20retention&db=us"",""ai optimization brands with high customer retention​"")","n/a","n/a","0","10","","n/a","n/a","n/a","0.00","0.00","n/a","n/a","For metrics, refresh"
"ai personalized video content customer retention","=HYPERLINK(""https://smrs.toolsfrog.com/analytics/keywordoverview/?q=ai%20personalized%20video%20content%20customer%20retention&db=us"",""ai personalized video content customer retention​"")","n/a","n/a","0","10","","n/a","n/a","n/a","0.00","0.00","n/a","n/a","For metrics, refresh"
"ai pricing customer retention","=HYPERLINK(""https://smrs.toolsfrog.com/analytics/keywordoverview/?q=ai%20pricing%20customer%20retention&db=us"",""ai pricing customer retention​"")","n/a","n/a","0","10","","n/a","n/a","n/a","0.00","0.00","n/a","n/a","For metrics, refresh"
"ai role in modern customer retention strategies","=HYPERLINK(""https://smrs.toolsfrog.com/analytics/keywordoverview/?q=ai%20role%20in%20modern%20customer%20retention%20strategies&db=us"",""ai role in modern customer retention strategies​"")","n/a","n/a","0","10","","n/a","n/a","n/a","0.00","0.00","n/a","n/a","For metrics, refresh"
"ai solutions for customer retention","=HYPERLINK(""https://smrs.toolsfrog.com/analytics/keywordoverview/?q=ai%20solutions%20for%20customer%20retention&db=us"",""ai solutions for customer retention​"")","n/a","n/a","0","10","","n/a","n/a","n/a","0.00","0.00","n/a","n/a","For metrics, refresh"
"ai startup customer retention optimization","=HYPERLINK(""https://smrs.toolsfrog.com/analytics/keywordoverview/?q=ai%20startup%20customer%20retention%20optimization&db=us"",""ai startup customer retention optimization​"")","n/a","n/a","0","10","","n/a","n/a","n/a","0.00","0.00","n/a","n/a","For metrics, refresh"
"ai tools for customer retention 2025","=HYPERLINK(""https://smrs.toolsfrog.com/analytics/keywordoverview/?q=ai%20tools%20for%20customer%20retention%202025&db=us"",""ai tools for customer retention 2025​"")","n/a","n/a","0","10","","n/a","n/a","n/a","0.00","0.00","n/a","n/a","For metrics, refresh"
"ai tools for e-commerce customer retention","=HYPERLINK(""https://smrs.toolsfrog.com/analytics/keywordoverview/?q=ai%20tools%20for%20e-commerce%20customer%20retention&db=us"",""ai tools for e-commerce customer retention​"")","n/a","n/a","0","10","","n/a","n/a","n/a","0.00","0.00","n/a","n/a","For metrics, refresh"
"ai tools for improving e-commerce customer retention 2025 2026","=HYPERLINK(""https://smrs.toolsfrog.com/analytics/keywordoverview/?q=ai%20tools%20for%20improving%20e-commerce%20customer%20retention%202025%202026&db=us"",""ai tools for improving e-commerce customer retention 2025 2026​"")","n/a","n/a","0","10","","n/a","n/a","n/a","0.00","0.00","n/a","n/a","For metrics, refresh"
"ai vs human support for customer retention","=HYPERLINK(""https://smrs.toolsfrog.com/analytics/keywordoverview/?q=ai%20vs%20human%20support%20for%20customer%20retention&db=us"",""ai vs human support for customer retention​"")","n/a","n/a","0","10","","n/a","n/a","n/a","0.00","0.00","n/a","n/a","For metrics, refresh"
"ai vs non-ai customer retention strategies","=HYPERLINK(""https://smrs.toolsfrog.com/analytics/keywordoverview/?q=ai%20vs%20non-ai%20customer%20retention%20strategies&db=us"",""ai vs non-ai customer retention strategies​"")","n/a","n/a","0","10","","n/a","n/a","n/a","0.00","0.00","n/a","n/a","For metrics, refresh"
"ai vs traditional methods for customer retention","=HYPERLINK(""https://smrs.toolsfrog.com/analytics/keywordoverview/?q=ai%20vs%20traditional%20methods%20for%20customer%20retention&db=us"",""ai vs traditional methods for customer retention​"")","n/a","n/a","0","10","","n/a","n/a","n/a","0.00","0.00","n/a","n/a","For metrics, refresh"
"ai-driven churn analysis and customer retention bpo","=HYPERLINK(""https://smrs.toolsfrog.com/analytics/keywordoverview/?q=ai-driven%20churn%20analysis%20and%20customer%20retention%20bpo&db=us"",""ai-driven churn analysis and customer retention bpo​"")","n/a","n/a","0","10","","n/a","n/a","n/a","0.00","0.00","n/a","n/a","For metrics, refresh"
"ai-driven customer retention","=HYPERLINK(""https://smrs.toolsfrog.com/analytics/keywordoverview/?q=ai-driven%20customer%20retention&db=us"",""ai-driven customer retention​"")","n/a","n/a","0","10","","n/a","n/a","n/a","0.00","0.00","n/a","n/a","For metrics, refresh"
"ai-driven customer retention banking","=HYPERLINK(""https://smrs.toolsfrog.com/analytics/keywordoverview/?q=ai-driven%20customer%20retention%20banking&db=us"",""ai-driven customer retention banking​"")","n/a","n/a","0","10","","n/a","n/a","n/a","0.00","0.00","n/a","n/a","For metrics, refresh"
"ai-driven loyalty programs banks customer retention engagement 2024 2025","=HYPERLINK(""https://smrs.toolsfrog.com/analytics/keywordoverview/?q=ai-driven%20loyalty%20programs%20banks%20customer%20retention%20engagement%202024%202025&db=us"",""ai-driven loyalty programs banks customer retention engagement 2024 2025​"")","n/a","n/a","0","10","","n/a","n/a","n/a","0.00","0.00","n/a","n/a","For metrics, refresh"
"ai-powered customer retention strategies","=HYPERLINK(""https://smrs.toolsfrog.com/analytics/keywordoverview/?q=ai-powered%20customer%20retention%20strategies&db=us"",""ai-powered customer retention strategies​"")","n/a","n/a","0","10","","n/a","n/a","n/a","0.00","0.00","n/a","n/a","For metrics, refresh"
"ai-powered email and sms automation for customer retention","=HYPERLINK(""https://smrs.toolsfrog.com/analytics/keywordoverview/?q=ai-powered%20email%20and%20sms%20automation%20for%20customer%20retention&db=us"",""ai-powered email and sms automation for customer retention​"")","n/a","n/a","0","10","","n/a","n/a","n/a","0.00","0.00","n/a","n/a","For metrics, refresh"
"american home shield customer retention phone number","=HYPERLINK(""https://smrs.toolsfrog.com/analytics/keywordoverview/?q=american%20home%20shield%20customer%20retention%20phone%20number&db=us"",""american home shield customer retention phone number​"")","n/a","n/a","0","10","","n/a","n/a","n/a","0.00","0.00","n/a","n/a","For metrics, refresh"
"analyze customer acquisition costs and retention costs","=HYPERLINK(""https://smrs.toolsfrog.com/analytics/keywordoverview/?q=analyze%20customer%20acquisition%20costs%20and%20retention%20costs&db=us"",""analyze customer acquisition costs and retention costs​"")","n/a","n/a","0","10","","n/a","n/a","n/a","0.00","0.00","n/a","n/a","For metrics, refresh"
"ap automation vendors customer retention rates","=HYPERLINK(""https://smrs.toolsfrog.com/analytics/keywordoverview/?q=ap%20automation%20vendors%20customer%20retention%20rates&db=us"",""ap automation vendors customer retention rates​"")","n/a","n/a","0","10","","n/a","n/a","n/a","0.00","0.00","n/a","n/a","For metrics, refresh"
"app customer retention agency","=HYPERLINK(""https://smrs.toolsfrog.com/analytics/keywordoverview/?q=app%20customer%20retention%20agency&db=us"",""app customer retention agency​"")","n/a","n/a","0","10","","n/a","n/a","n/a","0.00","0.00","n/a","n/a","For metrics, refresh"
"app customer retention agency uk","=HYPERLINK(""https://smrs.toolsfrog.com/analytics/keywordoverview/?q=app%20customer%20retention%20agency%20uk&db=us"",""app customer retention agency uk​"")","n/a","n/a","0","10","","n/a","n/a","n/a","0.00","0.00","n/a","n/a","For metrics, refresh"
"appcard inc. customer retention","=HYPERLINK(""https://smrs.toolsfrog.com/analytics/keywordoverview/?q=appcard%20inc.%20customer%20retention&db=us"",""appcard inc. customer retention​"")","n/a","n/a","0","10","","n/a","n/a","n/a","0.00","0.00","n/a","n/a","For metrics, refresh"
"arko customer churn rate and retention 2025","=HYPERLINK(""https://smrs.toolsfrog.com/analytics/keywordoverview/?q=arko%20customer%20churn%20rate%20and%20retention%202025&db=us"",""arko customer churn rate and retention 2025​"")","n/a","n/a","0","10","","n/a","n/a","n/a","0.00","0.00","n/a","n/a","For metrics, refresh"
"article customer retention","=HYPERLINK(""https://smrs.toolsfrog.com/analytics/keywordoverview/?q=article%20customer%20retention&db=us"",""article customer retention​"")","n/a","n/a","0","10","","n/a","n/a","n/a","0.00","0.00","n/a","n/a","For metrics, refresh"
"article on customer retention","=HYPERLINK(""https://smrs.toolsfrog.com/analytics/keywordoverview/?q=article%20on%20customer%20retention&db=us"",""article on customer retention​"")","n/a","n/a","0","10","","n/a","n/a","n/a","0.00","0.00","n/a","n/a","For metrics, refresh"
"articles customer retention","=HYPERLINK(""https://smrs.toolsfrog.com/analytics/keywordoverview/?q=articles%20customer%20retention&db=us"",""articles customer retention​"")","n/a","n/a","0","10","","n/a","n/a","n/a","0.00","0.00","n/a","n/a","For metrics, refresh"
"articles on customer retention","=HYPERLINK(""https://smrs.toolsfrog.com/analytics/keywordoverview/?q=articles%20on%20customer%20retention&db=us"",""articles on customer retention​"")","n/a","n/a","0","10","","n/a","n/a","n/a","2.91","0.71","n/a","n/a","For metrics, refresh"
"articles on customer retention pdf","=HYPERLINK(""https://smrs.toolsfrog.com/analytics/keywordoverview/?q=articles%20on%20customer%20retention%20pdf&db=us"",""articles on customer retention pdf​"")","n/a","n/a","0","10","","n/a","n/a","n/a","0.00","0.00","n/a","n/a","For metrics, refresh"
"artificial intelligence customer retention strategies","=HYPERLINK(""https://smrs.toolsfrog.com/analytics/keywordoverview/?q=artificial%20intelligence%20customer%20retention%20strategies&db=us"",""artificial intelligence customer retention strategies​"")","n/a","n/a","0","10","","n/a","n/a","n/a","0.00","0.00","n/a","n/a","For metrics, refresh"
"at&t customer retention specialist phone number","=HYPERLINK(""https://smrs.toolsfrog.com/analytics/keywordoverview/?q=at%26t%20customer%20retention%20specialist%20phone%20number&db=us"",""at&t customer retention specialist phone number​"")","n/a","n/a","0","10","","n/a","n/a","n/a","0.00","0.00","n/a","n/a","For metrics, refresh"
"at&t retention customer service","=HYPERLINK(""https://smrs.toolsfrog.com/analytics/keywordoverview/?q=at%26t%20retention%20customer%20service&db=us"",""at&t retention customer service​"")","n/a","n/a","0","10","","n/a","n/a","n/a","0.00","0.00","n/a","n/a","For metrics, refresh"
"at&t u verse customer retention","=HYPERLINK(""https://smrs.toolsfrog.com/analytics/keywordoverview/?q=at%26t%20u%20verse%20customer%20retention&db=us"",""at&t u verse customer retention​"")","n/a","n/a","0","10","","n/a","n/a","n/a","0.00","0.33","n/a","n/a","For metrics, refresh"
"att uverse customer retention phone number","=HYPERLINK(""https://smrs.toolsfrog.com/analytics/keywordoverview/?q=att%20uverse%20customer%20retention%20phone%20number&db=us"",""att uverse customer retention phone number​"")","n/a","n/a","0","10","","n/a","n/a","n/a","0.00","0.33","n/a","n/a","For metrics, refresh"
"auto insurance providers high customer loyalty retention rates","=HYPERLINK(""https://smrs.toolsfrog.com/analytics/keywordoverview/?q=auto%20insurance%20providers%20high%20customer%20loyalty%20retention%20rates&db=us"",""auto insurance providers high customer loyalty retention rates​"")","n/a","n/a","0","10","","n/a","n/a","n/a","0.00","0.00","n/a","n/a","For metrics, refresh"
"auto repair shop customer retention strategies","=HYPERLINK(""https://smrs.toolsfrog.com/analytics/keywordoverview/?q=auto%20repair%20shop%20customer%20retention%20strategies&db=us"",""auto repair shop customer retention strategies​"")","n/a","n/a","0","10","","n/a","n/a","n/a","0.00","0.00","n/a","n/a","For metrics, refresh"
"automated messaging customer retention strategies","=HYPERLINK(""https://smrs.toolsfrog.com/analytics/keywordoverview/?q=automated%20messaging%20customer%20retention%20strategies&db=us"",""automated messaging customer retention strategies​"")","n/a","n/a","0","10","","n/a","n/a","n/a","0.00","0.00","n/a","n/a","For metrics, refresh"
"automotive dealership customer retention statistics 2021","=HYPERLINK(""https://smrs.toolsfrog.com/analytics/keywordoverview/?q=automotive%20dealership%20customer%20retention%20statistics%202021&db=us"",""automotive dealership customer retention statistics 2021​"")","n/a","n/a","0","10","","n/a","n/a","n/a","0.00","0.00","n/a","n/a","For metrics, refresh"
"automotive dealership customer retention strategies","=HYPERLINK(""https://smrs.toolsfrog.com/analytics/keywordoverview/?q=automotive%20dealership%20customer%20retention%20strategies&db=us"",""automotive dealership customer retention strategies​"")","n/a","n/a","0","10","","n/a","n/a","n/a","0.00","0.00","n/a","n/a","For metrics, refresh"
"average customer retention rate by industry 2024 or 2025","=HYPERLINK(""https://smrs.toolsfrog.com/analytics/keywordoverview/?q=average%20customer%20retention%20rate%20by%20industry%202024%20or%202025&db=us"",""average customer retention rate by industry 2024 or 2025​"")","n/a","n/a","0","10","","n/a","n/a","n/a","0.00","0.00","n/a","n/a","For metrics, refresh"
"average customer retention rate by industry 2025","=HYPERLINK(""https://smrs.toolsfrog.com/analytics/keywordoverview/?q=average%20customer%20retention%20rate%20by%20industry%202025&db=us"",""average customer retention rate by industry 2025​"")","n/a","n/a","0","10","","n/a","n/a","n/a","0.00","0.00","n/a","n/a","For metrics, refresh"
"average customer retention rate industry benchmark 2025","=HYPERLINK(""https://smrs.toolsfrog.com/analytics/keywordoverview/?q=average%20customer%20retention%20rate%20industry%20benchmark%202025&db=us"",""average customer retention rate industry benchmark 2025​"")","n/a","n/a","0","10","","n/a","n/a","n/a","0.00","0.00","n/a","n/a","For metrics, refresh"
"b2b customer retention b2b","=HYPERLINK(""https://smrs.toolsfrog.com/analytics/keywordoverview/?q=b2b%20customer%20retention%20b2b&db=us"",""b2b customer retention b2b​"")","n/a","n/a","0","10","","n/a","n/a","n/a","0.00","0.00","n/a","n/a","For metrics, refresh"
"b2b customer retention best practices","=HYPERLINK(""https://smrs.toolsfrog.com/analytics/keywordoverview/?q=b2b%20customer%20retention%20best%20practices&db=us"",""b2b customer retention best practices​"")","n/a","n/a","0","10","","n/a","n/a","n/a","0.00","0.00","n/a","n/a","For metrics, refresh"
"b2b customer retention marketing","=HYPERLINK(""https://smrs.toolsfrog.com/analytics/keywordoverview/?q=b2b%20customer%20retention%20marketing&db=us"",""b2b customer retention marketing​"")","n/a","n/a","0","10","","n/a","n/a","n/a","0.00","0.10","n/a","n/a","For metrics, refresh"
"b2b customer retention metrics","=HYPERLINK(""https://smrs.toolsfrog.com/analytics/keywordoverview/?q=b2b%20customer%20retention%20metrics&db=us"",""b2b customer retention metrics​"")","n/a","n/a","0","10","","n/a","n/a","n/a","0.00","0.00","n/a","n/a","For metrics, refresh"
"b2b customer retention strategies usa","=HYPERLINK(""https://smrs.toolsfrog.com/analytics/keywordoverview/?q=b2b%20customer%20retention%20strategies%20usa&db=us"",""b2b customer retention strategies usa​"")","n/a","n/a","0","10","","n/a","n/a","n/a","0.00","0.00","n/a","n/a","For metrics, refresh"
"b2b product companies with highest retention using gainsight customer success","=HYPERLINK(""https://smrs.toolsfrog.com/analytics/keywordoverview/?q=b2b%20product%20companies%20with%20highest%20retention%20using%20gainsight%20customer%20success&db=us"",""b2b product companies with highest retention using gainsight customer success​"")","n/a","n/a","0","10","","n/a","n/a","n/a","0.00","0.00","n/a","n/a","For metrics, refresh"
"b2c customer retention challenges statistics 2025","=HYPERLINK(""https://smrs.toolsfrog.com/analytics/keywordoverview/?q=b2c%20customer%20retention%20challenges%20statistics%202025&db=us"",""b2c customer retention challenges statistics 2025​"")","n/a","n/a","0","10","","n/a","n/a","n/a","0.00","0.00","n/a","n/a","For metrics, refresh"
"bain & company customer retention","=HYPERLINK(""https://smrs.toolsfrog.com/analytics/keywordoverview/?q=bain%20%26%20company%20customer%20retention&db=us"",""bain & company customer retention​"")","n/a","n/a","0","10","","n/a","n/a","n/a","0.00","0.33","n/a","n/a","For metrics, refresh"
"bain & company nps customer retention correlation","=HYPERLINK(""https://smrs.toolsfrog.com/analytics/keywordoverview/?q=bain%20%26%20company%20nps%20customer%20retention%20correlation&db=us"",""bain & company nps customer retention correlation​"")","n/a","n/a","0","10","","n/a","n/a","n/a","0.00","0.00","n/a","n/a","For metrics, refresh"
"bain and company customer retention","=HYPERLINK(""https://smrs.toolsfrog.com/analytics/keywordoverview/?q=bain%20and%20company%20customer%20retention&db=us"",""bain and company customer retention​"")","n/a","n/a","0","10","","n/a","n/a","n/a","0.00","0.00","n/a","n/a","For metrics, refresh"
"balancing acquisition and retention resources to maximize customer profitability","=HYPERLINK(""https://smrs.toolsfrog.com/analytics/keywordoverview/?q=balancing%20acquisition%20and%20retention%20resources%20to%20maximize%20customer%20profitability&db=us"",""balancing acquisition and retention resources to maximize customer profitability​"")","n/a","n/a","0","10","","n/a","n/a","n/a","0.00","0.00","n/a","n/a","For metrics, refresh"
"bank customer retention insurance","=HYPERLINK(""https://smrs.toolsfrog.com/analytics/keywordoverview/?q=bank%20customer%20retention%20insurance&db=us"",""bank customer retention insurance​"")","n/a","n/a","0","10","","n/a","n/a","n/a","0.00","0.00","n/a","n/a","For metrics, refresh"
"banking customer retention automation","=HYPERLINK(""https://smrs.toolsfrog.com/analytics/keywordoverview/?q=banking%20customer%20retention%20automation&db=us"",""banking customer retention automation​"")","n/a","n/a","0","10","","n/a","n/a","n/a","0.00","0.00","n/a","n/a","For metrics, refresh"
"banking customer retention strategies client relationships","=HYPERLINK(""https://smrs.toolsfrog.com/analytics/keywordoverview/?q=banking%20customer%20retention%20strategies%20client%20relationships&db=us"",""banking customer retention strategies client relationships​"")","n/a","n/a","0","10","","n/a","n/a","n/a","0.00","0.00","n/a","n/a","For metrics, refresh"
"banks customer retention","=HYPERLINK(""https://smrs.toolsfrog.com/analytics/keywordoverview/?q=banks%20customer%20retention&db=us"",""banks customer retention​"")","n/a","n/a","0","10","","n/a","n/a","n/a","10.49","0.05","n/a","n/a","For metrics, refresh"
"behavioral science for customer retention","=HYPERLINK(""https://smrs.toolsfrog.com/analytics/keywordoverview/?q=behavioral%20science%20for%20customer%20retention&db=us"",""behavioral science for customer retention​"")","n/a","n/a","0","10","","n/a","n/a","n/a","0.00","0.00","n/a","n/a","For metrics, refresh"
"bell canada customer retention","=HYPERLINK(""https://smrs.toolsfrog.com/analytics/keywordoverview/?q=bell%20canada%20customer%20retention&db=us"",""bell canada customer retention​"")","n/a","n/a","0","10","","n/a","n/a","n/a","0.00","0.00","n/a","n/a","For metrics, refresh"
"bell customer retention","=HYPERLINK(""https://smrs.toolsfrog.com/analytics/keywordoverview/?q=bell%20customer%20retention&db=us"",""bell customer retention​"")","n/a","n/a","0","10","","n/a","n/a","n/a","0.00","0.00","n/a","n/a","For metrics, refresh"
"benefits of ai in crm systems for customer retention","=HYPERLINK(""https://smrs.toolsfrog.com/analytics/keywordoverview/?q=benefits%20of%20ai%20in%20crm%20systems%20for%20customer%20retention&db=us"",""benefits of ai in crm systems for customer retention​"")","n/a","n/a","0","10","","n/a","n/a","n/a","0.00","0.00","n/a","n/a","For metrics, refresh"
"benefits of analytics-driven customer retention tools for e-commerce shipping","=HYPERLINK(""https://smrs.toolsfrog.com/analytics/keywordoverview/?q=benefits%20of%20analytics-driven%20customer%20retention%20tools%20for%20e-commerce%20shipping&db=us"",""benefits of analytics-driven customer retention tools for e-commerce shipping​"")","n/a","n/a","0","10","","n/a","n/a","n/a","0.00","0.00","n/a","n/a","For metrics, refresh"
"benefits of conversational commerce or messaging for customer loyalty retention","=HYPERLINK(""https://smrs.toolsfrog.com/analytics/keywordoverview/?q=benefits%20of%20conversational%20commerce%20or%20messaging%20for%20customer%20loyalty%20retention&db=us"",""benefits of conversational commerce or messaging for customer loyalty retention​"")","n/a","n/a","0","10","","n/a","n/a","n/a","0.00","0.00","n/a","n/a","For metrics, refresh"
"benefits of customer account management software for retention and upsell","=HYPERLINK(""https://smrs.toolsfrog.com/analytics/keywordoverview/?q=benefits%20of%20customer%20account%20management%20software%20for%20retention%20and%20upsell&db=us"",""benefits of customer account management software for retention and upsell​"")","n/a","n/a","0","10","","n/a","n/a","n/a","0.00","0.00","n/a","n/a","For metrics, refresh"
"benefits of customer retention to an organisation","=HYPERLINK(""https://smrs.toolsfrog.com/analytics/keywordoverview/?q=benefits%20of%20customer%20retention%20to%20an%20organisation&db=us"",""benefits of customer retention to an organisation​"")","n/a","n/a","0","10","","n/a","n/a","n/a","0.00","0.33","n/a","n/a","For metrics, refresh"
"benefits of packaging inserts for customer retention loyalty","=HYPERLINK(""https://smrs.toolsfrog.com/analytics/keywordoverview/?q=benefits%20of%20packaging%20inserts%20for%20customer%20retention%20loyalty&db=us"",""benefits of packaging inserts for customer retention loyalty​"")","n/a","n/a","0","10","","n/a","n/a","n/a","0.00","0.00","n/a","n/a","For metrics, refresh"
"best ai chatbots for customer retention 2026","=HYPERLINK(""https://smrs.toolsfrog.com/analytics/keywordoverview/?q=best%20ai%20chatbots%20for%20customer%20retention%202026&db=us"",""best ai chatbots for customer retention 2026​"")","n/a","n/a","0","10","","n/a","n/a","n/a","0.00","0.00","n/a","n/a","For metrics, refresh"
"best ai tools for b2b customer retention 2025 or 2026","=HYPERLINK(""https://smrs.toolsfrog.com/analytics/keywordoverview/?q=best%20ai%20tools%20for%20b2b%20customer%20retention%202025%20or%202026&db=us"",""best ai tools for b2b customer retention 2025 or 2026​"")","n/a","n/a","0","10","","n/a","n/a","n/a","0.00","0.00","n/a","n/a","For metrics, refresh"
"best ai tools for customer retention 2024","=HYPERLINK(""https://smrs.toolsfrog.com/analytics/keywordoverview/?q=best%20ai%20tools%20for%20customer%20retention%202024&db=us"",""best ai tools for customer retention 2024​"")","n/a","n/a","0","10","","n/a","n/a","n/a","0.00","0.00","n/a","n/a","For metrics, refresh"
"best auto repair crm for customer retention 2025","=HYPERLINK(""https://smrs.toolsfrog.com/analytics/keywordoverview/?q=best%20auto%20repair%20crm%20for%20customer%20retention%202025&db=us"",""best auto repair crm for customer retention 2025​"")","n/a","n/a","0","10","","n/a","n/a","n/a","0.00","0.00","n/a","n/a","For metrics, refresh"
"best automotive direct mail marketing strategies for customer retention","=HYPERLINK(""https://smrs.toolsfrog.com/analytics/keywordoverview/?q=best%20automotive%20direct%20mail%20marketing%20strategies%20for%20customer%20retention&db=us"",""best automotive direct mail marketing strategies for customer retention​"")","n/a","n/a","0","10","","n/a","n/a","n/a","0.00","0.00","n/a","n/a","For metrics, refresh"
"best boat insurance companies customer loyalty retention","=HYPERLINK(""https://smrs.toolsfrog.com/analytics/keywordoverview/?q=best%20boat%20insurance%20companies%20customer%20loyalty%20retention&db=us"",""best boat insurance companies customer loyalty retention​"")","n/a","n/a","0","10","","n/a","n/a","n/a","0.00","0.00","n/a","n/a","For metrics, refresh"
"best crm for customer retention 2025 2026","=HYPERLINK(""https://smrs.toolsfrog.com/analytics/keywordoverview/?q=best%20crm%20for%20customer%20retention%202025%202026&db=us"",""best crm for customer retention 2025 2026​"")","n/a","n/a","0","10","","n/a","n/a","n/a","0.00","0.00","n/a","n/a","For metrics, refresh"
"best crm for customer retention 2026","=HYPERLINK(""https://smrs.toolsfrog.com/analytics/keywordoverview/?q=best%20crm%20for%20customer%20retention%202026&db=us"",""best crm for customer retention 2026​"")","n/a","n/a","0","10","","n/a","n/a","n/a","0.00","0.00","n/a","n/a","For metrics, refresh"
"best crm for customer retention and repeat purchases 2025 2026","=HYPERLINK(""https://smrs.toolsfrog.com/analytics/keywordoverview/?q=best%20crm%20for%20customer%20retention%20and%20repeat%20purchases%202025%202026&db=us"",""best crm for customer retention and repeat purchases 2025 2026​"")","n/a","n/a","0","10","","n/a","n/a","n/a","0.00","0.00","n/a","n/a","For metrics, refresh"
"best crm for marketing and customer retention 2026","=HYPERLINK(""https://smrs.toolsfrog.com/analytics/keywordoverview/?q=best%20crm%20for%20marketing%20and%20customer%20retention%202026&db=us"",""best crm for marketing and customer retention 2026​"")","n/a","n/a","0","10","","n/a","n/a","n/a","0.00","0.00","n/a","n/a","For metrics, refresh"
"best crm software for marketing and customer retention 2025","=HYPERLINK(""https://smrs.toolsfrog.com/analytics/keywordoverview/?q=best%20crm%20software%20for%20marketing%20and%20customer%20retention%202025&db=us"",""best crm software for marketing and customer retention 2025​"")","n/a","n/a","0","10","","n/a","n/a","n/a","0.00","0.00","n/a","n/a","For metrics, refresh"
"best customer acquisition and retention strategies for small businesses 2026","=HYPERLINK(""https://smrs.toolsfrog.com/analytics/keywordoverview/?q=best%20customer%20acquisition%20and%20retention%20strategies%20for%20small%20businesses%202026&db=us"",""best customer acquisition and retention strategies for small businesses 2026​"")","n/a","n/a","0","10","","n/a","n/a","n/a","0.00","0.00","n/a","n/a","For metrics, refresh"
"best customer experience tools for enterprise brands retention 2025","=HYPERLINK(""https://smrs.toolsfrog.com/analytics/keywordoverview/?q=best%20customer%20experience%20tools%20for%20enterprise%20brands%20retention%202025&db=us"",""best customer experience tools for enterprise brands retention 2025​"")","n/a","n/a","0","10","","n/a","n/a","n/a","0.00","0.00","n/a","n/a","For metrics, refresh"
"best customer retention agencies ecommerce","=HYPERLINK(""https://smrs.toolsfrog.com/analytics/keywordoverview/?q=best%20customer%20retention%20agencies%20ecommerce&db=us"",""best customer retention agencies ecommerce​"")","n/a","n/a","0","10","","n/a","n/a","n/a","0.00","0.00","n/a","n/a","For metrics, refresh"
"best customer retention agencies ecommerce 2025","=HYPERLINK(""https://smrs.toolsfrog.com/analytics/keywordoverview/?q=best%20customer%20retention%20agencies%20ecommerce%202025&db=us"",""best customer retention agencies ecommerce 2025​"")","n/a","n/a","0","10","","n/a","n/a","n/a","0.00","0.00","n/a","n/a","For metrics, refresh"
"best customer retention consulting firms 2025 or 2026","=HYPERLINK(""https://smrs.toolsfrog.com/analytics/keywordoverview/?q=best%20customer%20retention%20consulting%20firms%202025%20or%202026&db=us"",""best customer retention consulting firms 2025 or 2026​"")","n/a","n/a","0","10","","n/a","n/a","n/a","0.00","0.00","n/a","n/a","For metrics, refresh"
"best customer retention marketing agencies","=HYPERLINK(""https://smrs.toolsfrog.com/analytics/keywordoverview/?q=best%20customer%20retention%20marketing%20agencies&db=us"",""best customer retention marketing agencies​"")","n/a","n/a","0","10","","n/a","n/a","n/a","0.00","0.00","n/a","n/a","For metrics, refresh"
"best customer retention marketing solutions tools platforms 2026","=HYPERLINK(""https://smrs.toolsfrog.com/analytics/keywordoverview/?q=best%20customer%20retention%20marketing%20solutions%20tools%20platforms%202026&db=us"",""best customer retention marketing solutions tools platforms 2026​"")","n/a","n/a","0","10","","n/a","n/a","n/a","0.00","0.00","n/a","n/a","For metrics, refresh"
"best customer retention practices","=HYPERLINK(""https://smrs.toolsfrog.com/analytics/keywordoverview/?q=best%20customer%20retention%20practices&db=us"",""best customer retention practices​"")","n/a","n/a","0","10","","n/a","n/a","n/a","0.00","0.02","n/a","n/a","For metrics, refresh"
"best customer retention solutions agency in mumbai","=HYPERLINK(""https://smrs.toolsfrog.com/analytics/keywordoverview/?q=best%20customer%20retention%20solutions%20agency%20in%20mumbai&db=us"",""best customer retention solutions agency in mumbai​"")","n/a","n/a","0","10","","n/a","n/a","n/a","0.00","0.00","n/a","n/a","For metrics, refresh"
"best customer retention solutions for subscription businesses 2025","=HYPERLINK(""https://smrs.toolsfrog.com/analytics/keywordoverview/?q=best%20customer%20retention%20solutions%20for%20subscription%20businesses%202025&db=us"",""best customer retention solutions for subscription businesses 2025​"")","n/a","n/a","0","10","","n/a","n/a","n/a","0.00","0.00","n/a","n/a","For metrics, refresh"
"best customer retention strategies 2025","=HYPERLINK(""https://smrs.toolsfrog.com/analytics/keywordoverview/?q=best%20customer%20retention%20strategies%202025&db=us"",""best customer retention strategies 2025​"")","n/a","n/a","0","10","","n/a","n/a","n/a","0.00","0.00","n/a","n/a","For metrics, refresh"
"best customer retention strategies 2026","=HYPERLINK(""https://smrs.toolsfrog.com/analytics/keywordoverview/?q=best%20customer%20retention%20strategies%202026&db=us"",""best customer retention strategies 2026​"")","n/a","n/a","0","10","","n/a","n/a","n/a","0.00","0.00","n/a","n/a","For metrics, refresh"
"best customer retention strategies for businesses 2026","=HYPERLINK(""https://smrs.toolsfrog.com/analytics/keywordoverview/?q=best%20customer%20retention%20strategies%20for%20businesses%202026&db=us"",""best customer retention strategies for businesses 2026​"")","n/a","n/a","0","10","","n/a","n/a","n/a","0.00","0.00","n/a","n/a","For metrics, refresh"
"best customer retention strategies for ecommerce brands 2025 2026","=HYPERLINK(""https://smrs.toolsfrog.com/analytics/keywordoverview/?q=best%20customer%20retention%20strategies%20for%20ecommerce%20brands%202025%202026&db=us"",""best customer retention strategies for ecommerce brands 2025 2026​"")","n/a","n/a","0","10","","n/a","n/a","n/a","0.00","0.00","n/a","n/a","For metrics, refresh"
"best customer retention strategies for saas companies 2024 2025","=HYPERLINK(""https://smrs.toolsfrog.com/analytics/keywordoverview/?q=best%20customer%20retention%20strategies%20for%20saas%20companies%202024%202025&db=us"",""best customer retention strategies for saas companies 2024 2025​"")","n/a","n/a","0","10","","n/a","n/a","n/a","0.00","0.00","n/a","n/a","For metrics, refresh"
"best customer retention strategies small business","=HYPERLINK(""https://smrs.toolsfrog.com/analytics/keywordoverview/?q=best%20customer%20retention%20strategies%20small%20business&db=us"",""best customer retention strategies small business​"")","n/a","n/a","0","10","","n/a","n/a","n/a","0.00","0.00","n/a","n/a","For metrics, refresh"
"best customer retention strategies to increase loyalty","=HYPERLINK(""https://smrs.toolsfrog.com/analytics/keywordoverview/?q=best%20customer%20retention%20strategies%20to%20increase%20loyalty&db=us"",""best customer retention strategies to increase loyalty​"")","n/a","n/a","0","10","","n/a","n/a","n/a","0.00","0.00","n/a","n/a","For metrics, refresh"
"best customer retention strategies to increase loyalty 2025 2026","=HYPERLINK(""https://smrs.toolsfrog.com/analytics/keywordoverview/?q=best%20customer%20retention%20strategies%20to%20increase%20loyalty%202025%202026&db=us"",""best customer retention strategies to increase loyalty 2025 2026​"")","n/a","n/a","0","10","","n/a","n/a","n/a","0.00","0.00","n/a","n/a","For metrics, refresh"
"best customer retention strategy","=HYPERLINK(""https://smrs.toolsfrog.com/analytics/keywordoverview/?q=best%20customer%20retention%20strategy&db=us"",""best customer retention strategy​"")","n/a","n/a","0","10","","n/a","n/a","n/a","0.00","0.00","n/a","n/a","For metrics, refresh"
"best customer retention strategy for ecommerce brands","=HYPERLINK(""https://smrs.toolsfrog.com/analytics/keywordoverview/?q=best%20customer%20retention%20strategy%20for%20ecommerce%20brands&db=us"",""best customer retention strategy for ecommerce brands​"")","n/a","n/a","0","10","","n/a","n/a","n/a","0.00","0.00","n/a","n/a","For metrics, refresh"
"best customer retention strategy in 2025","=HYPERLINK(""https://smrs.toolsfrog.com/analytics/keywordoverview/?q=best%20customer%20retention%20strategy%20in%202025&db=us"",""best customer retention strategy in 2025​"")","n/a","n/a","0","10","","n/a","n/a","n/a","0.00","0.00","n/a","n/a","For metrics, refresh"
"best customer success platform for saas retention","=HYPERLINK(""https://smrs.toolsfrog.com/analytics/keywordoverview/?q=best%20customer%20success%20platform%20for%20saas%20retention&db=us"",""best customer success platform for saas retention​"")","n/a","n/a","0","10","","n/a","n/a","n/a","0.00","0.00","n/a","n/a","For metrics, refresh"
"best customer success platforms health score retention analytics 2025 2026","=HYPERLINK(""https://smrs.toolsfrog.com/analytics/keywordoverview/?q=best%20customer%20success%20platforms%20health%20score%20retention%20analytics%202025%202026&db=us"",""best customer success platforms health score retention analytics 2025 2026​"")","n/a","n/a","0","10","","n/a","n/a","n/a","0.00","0.00","n/a","n/a","For metrics, refresh"
"best customer success software for retention and growth","=HYPERLINK(""https://smrs.toolsfrog.com/analytics/keywordoverview/?q=best%20customer%20success%20software%20for%20retention%20and%20growth&db=us"",""best customer success software for retention and growth​"")","n/a","n/a","0","10","","n/a","n/a","n/a","0.00","0.00","n/a","n/a","For metrics, refresh"
"best customer success software for retention and growth 2025","=HYPERLINK(""https://smrs.toolsfrog.com/analytics/keywordoverview/?q=best%20customer%20success%20software%20for%20retention%20and%20growth%202025&db=us"",""best customer success software for retention and growth 2025​"")","n/a","n/a","0","10","","n/a","n/a","n/a","0.00","0.00","n/a","n/a","For metrics, refresh"
"best dashboards for customer retention and loyalty analysis 2025","=HYPERLINK(""https://smrs.toolsfrog.com/analytics/keywordoverview/?q=best%20dashboards%20for%20customer%20retention%20and%20loyalty%20analysis%202025&db=us"",""best dashboards for customer retention and loyalty analysis 2025​"")","n/a","n/a","0","10","","n/a","n/a","n/a","0.00","0.00","n/a","n/a","For metrics, refresh"
"best ecommerce customer retention strategy","=HYPERLINK(""https://smrs.toolsfrog.com/analytics/keywordoverview/?q=best%20ecommerce%20customer%20retention%20strategy&db=us"",""best ecommerce customer retention strategy​"")","n/a","n/a","0","10","","n/a","n/a","n/a","0.00","0.00","n/a","n/a","For metrics, refresh"
"best ecommerce customer retention template","=HYPERLINK(""https://smrs.toolsfrog.com/analytics/keywordoverview/?q=best%20ecommerce%20customer%20retention%20template&db=us"",""best ecommerce customer retention template​"")","n/a","n/a","0","10","","n/a","n/a","n/a","0.00","0.00","n/a","n/a","For metrics, refresh"
"best email marketing platforms for customer retention","=HYPERLINK(""https://smrs.toolsfrog.com/analytics/keywordoverview/?q=best%20email%20marketing%20platforms%20for%20customer%20retention&db=us"",""best email marketing platforms for customer retention​"")","n/a","n/a","0","10","","n/a","n/a","n/a","0.00","0.00","n/a","n/a","For metrics, refresh"
"best email marketing practices for customer retention 2026","=HYPERLINK(""https://smrs.toolsfrog.com/analytics/keywordoverview/?q=best%20email%20marketing%20practices%20for%20customer%20retention%202026&db=us"",""best email marketing practices for customer retention 2026​"")","n/a","n/a","0","10","","n/a","n/a","n/a","0.00","0.00","n/a","n/a","For metrics, refresh"
"best email marketing tactics to improve customer retention 2026","=HYPERLINK(""https://smrs.toolsfrog.com/analytics/keywordoverview/?q=best%20email%20marketing%20tactics%20to%20improve%20customer%20retention%202026&db=us"",""best email marketing tactics to improve customer retention 2026​"")","n/a","n/a","0","10","","n/a","n/a","n/a","0.00","0.00","n/a","n/a","For metrics, refresh"
"best email marketing tactics to improve customer retention statistics","=HYPERLINK(""https://smrs.toolsfrog.com/analytics/keywordoverview/?q=best%20email%20marketing%20tactics%20to%20improve%20customer%20retention%20statistics&db=us"",""best email marketing tactics to improve customer retention statistics​"")","n/a","n/a","0","10","","n/a","n/a","n/a","0.00","0.00","n/a","n/a","For metrics, refresh"
"best email types for customer loyalty retention 2025 2026","=HYPERLINK(""https://smrs.toolsfrog.com/analytics/keywordoverview/?q=best%20email%20types%20for%20customer%20loyalty%20retention%202025%202026&db=us"",""best email types for customer loyalty retention 2025 2026​"")","n/a","n/a","0","10","","n/a","n/a","n/a","0.00","0.00","n/a","n/a","For metrics, refresh"
"best email types for customer retention and loyalty","=HYPERLINK(""https://smrs.toolsfrog.com/analytics/keywordoverview/?q=best%20email%20types%20for%20customer%20retention%20and%20loyalty&db=us"",""best email types for customer retention and loyalty​"")","n/a","n/a","0","10","","n/a","n/a","n/a","0.00","0.00","n/a","n/a","For metrics, refresh"
"best email types for customer retention loyalty 2025 2026","=HYPERLINK(""https://smrs.toolsfrog.com/analytics/keywordoverview/?q=best%20email%20types%20for%20customer%20retention%20loyalty%202025%202026&db=us"",""best email types for customer retention loyalty 2025 2026​"")","n/a","n/a","0","10","","n/a","n/a","n/a","0.00","0.00","n/a","n/a","For metrics, refresh"
"best embedded finance solutions for customer retention 2025 or 2026","=HYPERLINK(""https://smrs.toolsfrog.com/analytics/keywordoverview/?q=best%20embedded%20finance%20solutions%20for%20customer%20retention%202025%20or%202026&db=us"",""best embedded finance solutions for customer retention 2025 or 2026​"")","n/a","n/a","0","10","","n/a","n/a","n/a","0.00","0.00","n/a","n/a","For metrics, refresh"
"best enterprise tools forecasting retention trends by customer segment","=HYPERLINK(""https://smrs.toolsfrog.com/analytics/keywordoverview/?q=best%20enterprise%20tools%20forecasting%20retention%20trends%20by%20customer%20segment&db=us"",""best enterprise tools forecasting retention trends by customer segment​"")","n/a","n/a","0","10","","n/a","n/a","n/a","0.00","0.00","n/a","n/a","For metrics, refresh"
"best loyalty platforms for customer loyalty and retention 2025","=HYPERLINK(""https://smrs.toolsfrog.com/analytics/keywordoverview/?q=best%20loyalty%20platforms%20for%20customer%20loyalty%20and%20retention%202025&db=us"",""best loyalty platforms for customer loyalty and retention 2025​"")","n/a","n/a","0","10","","n/a","n/a","n/a","0.00","0.00","n/a","n/a","For metrics, refresh"
"best loyalty program tools for customer retention 2025","=HYPERLINK(""https://smrs.toolsfrog.com/analytics/keywordoverview/?q=best%20loyalty%20program%20tools%20for%20customer%20retention%202025&db=us"",""best loyalty program tools for customer retention 2025​"")","n/a","n/a","0","10","","n/a","n/a","n/a","0.00","0.00","n/a","n/a","For metrics, refresh"
"best loyalty rewards for long-term customer retention","=HYPERLINK(""https://smrs.toolsfrog.com/analytics/keywordoverview/?q=best%20loyalty%20rewards%20for%20long-term%20customer%20retention&db=us"",""best loyalty rewards for long-term customer retention​"")","n/a","n/a","0","10","","n/a","n/a","n/a","0.00","0.00","n/a","n/a","For metrics, refresh"
"best loyalty software for customer retention","=HYPERLINK(""https://smrs.toolsfrog.com/analytics/keywordoverview/?q=best%20loyalty%20software%20for%20customer%20retention&db=us"",""best loyalty software for customer retention​"")","n/a","n/a","0","10","","n/a","n/a","n/a","0.00","0.00","n/a","n/a","For metrics, refresh"
"best marketing automation platforms customer retention","=HYPERLINK(""https://smrs.toolsfrog.com/analytics/keywordoverview/?q=best%20marketing%20automation%20platforms%20customer%20retention&db=us"",""best marketing automation platforms customer retention​"")","n/a","n/a","0","10","","n/a","n/a","n/a","0.00","0.00","n/a","n/a","For metrics, refresh"
"best marketing automation platforms for customer retention","=HYPERLINK(""https://smrs.toolsfrog.com/analytics/keywordoverview/?q=best%20marketing%20automation%20platforms%20for%20customer%20retention&db=us"",""best marketing automation platforms for customer retention​"")","n/a","n/a","0","10","","n/a","n/a","n/a","0.00","0.00","n/a","n/a","For metrics, refresh"
"best marketing automation platforms for customer retention 2025","=HYPERLINK(""https://smrs.toolsfrog.com/analytics/keywordoverview/?q=best%20marketing%20automation%20platforms%20for%20customer%20retention%202025&db=us"",""best marketing automation platforms for customer retention 2025​"")","n/a","n/a","0","10","","n/a","n/a","n/a","0.00","0.00","n/a","n/a","For metrics, refresh"
"best mobile-friendly community app for boosting customer retention","=HYPERLINK(""https://smrs.toolsfrog.com/analytics/keywordoverview/?q=best%20mobile-friendly%20community%20app%20for%20boosting%20customer%20retention&db=us"",""best mobile-friendly community app for boosting customer retention​"")","n/a","n/a","0","10","","n/a","n/a","n/a","0.00","0.00","n/a","n/a","For metrics, refresh"
"best mobile-friendly community apps for customer retention 2025","=HYPERLINK(""https://smrs.toolsfrog.com/analytics/keywordoverview/?q=best%20mobile-friendly%20community%20apps%20for%20customer%20retention%202025&db=us"",""best mobile-friendly community apps for customer retention 2025​"")","n/a","n/a","0","10","","n/a","n/a","n/a","0.00","0.00","n/a","n/a","For metrics, refresh"
"best platform capital programs for increasing customer retention","=HYPERLINK(""https://smrs.toolsfrog.com/analytics/keywordoverview/?q=best%20platform%20capital%20programs%20for%20increasing%20customer%20retention&db=us"",""best platform capital programs for increasing customer retention​"")","n/a","n/a","0","10","","n/a","n/a","n/a","0.00","0.00","n/a","n/a","For metrics, refresh"
"best platforms for customer retention 2025","=HYPERLINK(""https://smrs.toolsfrog.com/analytics/keywordoverview/?q=best%20platforms%20for%20customer%20retention%202025&db=us"",""best platforms for customer retention 2025​"")","n/a","n/a","0","10","","n/a","n/a","n/a","0.00","0.00","n/a","n/a","For metrics, refresh"
"best practices for winback agents in customer retention","=HYPERLINK(""https://smrs.toolsfrog.com/analytics/keywordoverview/?q=best%20practices%20for%20winback%20agents%20in%20customer%20retention&db=us"",""best practices for winback agents in customer retention​"")","n/a","n/a","0","10","","n/a","n/a","n/a","0.00","0.00","n/a","n/a","For metrics, refresh"
"best practices saas user experience design customer retention","=HYPERLINK(""https://smrs.toolsfrog.com/analytics/keywordoverview/?q=best%20practices%20saas%20user%20experience%20design%20customer%20retention&db=us"",""best practices saas user experience design customer retention​"")","n/a","n/a","0","10","","n/a","n/a","n/a","0.00","0.00","n/a","n/a","For metrics, refresh"
"best predictive analytics tools for ecommerce customer retention 2025 2026","=HYPERLINK(""https://smrs.toolsfrog.com/analytics/keywordoverview/?q=best%20predictive%20analytics%20tools%20for%20ecommerce%20customer%20retention%202025%202026&db=us"",""best predictive analytics tools for ecommerce customer retention 2025 2026​"")","n/a","n/a","0","10","","n/a","n/a","n/a","0.00","0.00","n/a","n/a","For metrics, refresh"
"best proactive customer retention software","=HYPERLINK(""https://smrs.toolsfrog.com/analytics/keywordoverview/?q=best%20proactive%20customer%20retention%20software&db=us"",""best proactive customer retention software​"")","n/a","n/a","0","10","","n/a","n/a","n/a","0.00","0.00","n/a","n/a","For metrics, refresh"
"best retention strategies to increase customer loyalty","=HYPERLINK(""https://smrs.toolsfrog.com/analytics/keywordoverview/?q=best%20retention%20strategies%20to%20increase%20customer%20loyalty&db=us"",""best retention strategies to increase customer loyalty​"")","n/a","n/a","0","10","","n/a","n/a","n/a","0.00","0.00","n/a","n/a","For metrics, refresh"
"best saas platform for proactive customer retention programs","=HYPERLINK(""https://smrs.toolsfrog.com/analytics/keywordoverview/?q=best%20saas%20platform%20for%20proactive%20customer%20retention%20programs&db=us"",""best saas platform for proactive customer retention programs​"")","n/a","n/a","0","10","","n/a","n/a","n/a","0.00","0.00","n/a","n/a","For metrics, refresh"
"best shop management software auto repair customer retention features comparison","=HYPERLINK(""https://smrs.toolsfrog.com/analytics/keywordoverview/?q=best%20shop%20management%20software%20auto%20repair%20customer%20retention%20features%20comparison&db=us"",""best shop management software auto repair customer retention features comparison​"")","n/a","n/a","0","10","","n/a","n/a","n/a","0.00","0.00","n/a","n/a","For metrics, refresh"
"best shopify apps for customer retention 2025 or 2026","=HYPERLINK(""https://smrs.toolsfrog.com/analytics/keywordoverview/?q=best%20shopify%20apps%20for%20customer%20retention%202025%20or%202026&db=us"",""best shopify apps for customer retention 2025 or 2026​"")","n/a","n/a","0","10","","n/a","n/a","n/a","0.00","0.00","n/a","n/a","For metrics, refresh"
"best tools for customer retention in saas","=HYPERLINK(""https://smrs.toolsfrog.com/analytics/keywordoverview/?q=best%20tools%20for%20customer%20retention%20in%20saas&db=us"",""best tools for customer retention in saas​"")","n/a","n/a","0","10","","n/a","n/a","n/a","0.00","0.00","n/a","n/a","For metrics, refresh"
"best tools for omnichannel customer retention","=HYPERLINK(""https://smrs.toolsfrog.com/analytics/keywordoverview/?q=best%20tools%20for%20omnichannel%20customer%20retention&db=us"",""best tools for omnichannel customer retention​"")","n/a","n/a","0","10","","n/a","n/a","n/a","0.00","0.00","n/a","n/a","For metrics, refresh"
"best tools strategies customer retention insurance companies 2024 2025","=HYPERLINK(""https://smrs.toolsfrog.com/analytics/keywordoverview/?q=best%20tools%20strategies%20customer%20retention%20insurance%20companies%202024%202025&db=us"",""best tools strategies customer retention insurance companies 2024 2025​"")","n/a","n/a","0","10","","n/a","n/a","n/a","0.00","0.00","n/a","n/a","For metrics, refresh"
"best tools to improve customer retention shopify 2025 2026","=HYPERLINK(""https://smrs.toolsfrog.com/analytics/keywordoverview/?q=best%20tools%20to%20improve%20customer%20retention%20shopify%202025%202026&db=us"",""best tools to improve customer retention shopify 2025 2026​"")","n/a","n/a","0","10","","n/a","n/a","n/a","0.00","0.00","n/a","n/a","For metrics, refresh"
"best vertical saas platforms for customer retention","=HYPERLINK(""https://smrs.toolsfrog.com/analytics/keywordoverview/?q=best%20vertical%20saas%20platforms%20for%20customer%20retention&db=us"",""best vertical saas platforms for customer retention​"")","n/a","n/a","0","10","","n/a","n/a","n/a","0.00","0.00","n/a","n/a","For metrics, refresh"
"best ways small businesses improve customer retention","=HYPERLINK(""https://smrs.toolsfrog.com/analytics/keywordoverview/?q=best%20ways%20small%20businesses%20improve%20customer%20retention&db=us"",""best ways small businesses improve customer retention​"")","n/a","n/a","0","10","","n/a","n/a","n/a","0.00","0.00","n/a","n/a","For metrics, refresh"
"bigcommerce customer retention","=HYPERLINK(""https://smrs.toolsfrog.com/analytics/keywordoverview/?q=bigcommerce%20customer%20retention&db=us"",""bigcommerce customer retention​"")","n/a","n/a","0","10","","n/a","n/a","n/a","0.00","0.00","n/a","n/a","For metrics, refresh"
"bigcommerce retail customer engagement and retention","=HYPERLINK(""https://smrs.toolsfrog.com/analytics/keywordoverview/?q=bigcommerce%20retail%20customer%20engagement%20and%20retention&db=us"",""bigcommerce retail customer engagement and retention​"")","n/a","n/a","0","10","","n/a","n/a","n/a","0.00","0.00","n/a","n/a","For metrics, refresh"
"black friday customer retention strategies","=HYPERLINK(""https://smrs.toolsfrog.com/analytics/keywordoverview/?q=black%20friday%20customer%20retention%20strategies&db=us"",""black friday customer retention strategies​"")","n/a","n/a","0","10","","n/a","n/a","n/a","0.00","0.00","n/a","n/a","For metrics, refresh"
"black friday cyber monday customer retention ideas 2025 2026","=HYPERLINK(""https://smrs.toolsfrog.com/analytics/keywordoverview/?q=black%20friday%20cyber%20monday%20customer%20retention%20ideas%202025%202026&db=us"",""black friday cyber monday customer retention ideas 2025 2026​"")","n/a","n/a","0","10","","n/a","n/a","n/a","0.00","0.00","n/a","n/a","For metrics, refresh"
"black friday cyber monday customer retention ideas 2025 or 2026","=HYPERLINK(""https://smrs.toolsfrog.com/analytics/keywordoverview/?q=black%20friday%20cyber%20monday%20customer%20retention%20ideas%202025%20or%202026&db=us"",""black friday cyber monday customer retention ideas 2025 or 2026​"")","n/a","n/a","0","10","","n/a","n/a","n/a","0.00","0.00","n/a","n/a","For metrics, refresh"
"black friday cyber monday customer retention ideas strategies 2025 2026","=HYPERLINK(""https://smrs.toolsfrog.com/analytics/keywordoverview/?q=black%20friday%20cyber%20monday%20customer%20retention%20ideas%20strategies%202025%202026&db=us"",""black friday cyber monday customer retention ideas strategies 2025 2026​"")","n/a","n/a","0","10","","n/a","n/a","n/a","0.00","0.00","n/a","n/a","For metrics, refresh"
"black friday cyber monday customer retention strategies","=HYPERLINK(""https://smrs.toolsfrog.com/analytics/keywordoverview/?q=black%20friday%20cyber%20monday%20customer%20retention%20strategies&db=us"",""black friday cyber monday customer retention strategies​"")","n/a","n/a","0","10","","n/a","n/a","n/a","0.00","0.00","n/a","n/a","For metrics, refresh"
"blue apron customer retention","=HYPERLINK(""https://smrs.toolsfrog.com/analytics/keywordoverview/?q=blue%20apron%20customer%20retention&db=us"",""blue apron customer retention​"")","n/a","n/a","0","10","","n/a","n/a","n/a","0.00","0.00","n/a","n/a","For metrics, refresh"
"blue buffalo life protection formula customer retention rate","=HYPERLINK(""https://smrs.toolsfrog.com/analytics/keywordoverview/?q=blue%20buffalo%20life%20protection%20formula%20customer%20retention%20rate&db=us"",""blue buffalo life protection formula customer retention rate​"")","n/a","n/a","0","10","","n/a","n/a","n/a","0.00","0.00","n/a","n/a","For metrics, refresh"
"bmw customer retention","=HYPERLINK(""https://smrs.toolsfrog.com/analytics/keywordoverview/?q=bmw%20customer%20retention&db=us"",""bmw customer retention​"")","n/a","n/a","0","10","","n/a","n/a","n/a","0.00","0.00","n/a","n/a","For metrics, refresh"
"boost customer retention at your dealership","=HYPERLINK(""https://smrs.toolsfrog.com/analytics/keywordoverview/?q=boost%20customer%20retention%20at%20your%20dealership&db=us"",""boost customer retention at your dealership​"")","n/a","n/a","0","10","","n/a","n/a","n/a","0.00","0.00","n/a","n/a","For metrics, refresh"
"boost customer retention shopify","=HYPERLINK(""https://smrs.toolsfrog.com/analytics/keywordoverview/?q=boost%20customer%20retention%20shopify&db=us"",""boost customer retention shopify​"")","n/a","n/a","0","10","","n/a","n/a","n/a","0.00","0.00","n/a","n/a","For metrics, refresh"
"boosting customer retention","=HYPERLINK(""https://smrs.toolsfrog.com/analytics/keywordoverview/?q=boosting%20customer%20retention&db=us"",""boosting customer retention​"")","n/a","n/a","0","10","","n/a","n/a","n/a","0.00","0.00","n/a","n/a","For metrics, refresh"
"brands with strong customer loyalty and high retention rates","=HYPERLINK(""https://smrs.toolsfrog.com/analytics/keywordoverview/?q=brands%20with%20strong%20customer%20loyalty%20and%20high%20retention%20rates&db=us"",""brands with strong customer loyalty and high retention rates​"")","n/a","n/a","0","10","","n/a","n/a","n/a","0.00","0.00","n/a","n/a","For metrics, refresh"
"braze customer engagement platform business outcomes revenue growth retention","=HYPERLINK(""https://smrs.toolsfrog.com/analytics/keywordoverview/?q=braze%20customer%20engagement%20platform%20business%20outcomes%20revenue%20growth%20retention&db=us"",""braze customer engagement platform business outcomes revenue growth retention​"")","n/a","n/a","0","10","","n/a","n/a","n/a","0.00","0.00","n/a","n/a","For metrics, refresh"
"braze impact on customer retention and engagement","=HYPERLINK(""https://smrs.toolsfrog.com/analytics/keywordoverview/?q=braze%20impact%20on%20customer%20retention%20and%20engagement&db=us"",""braze impact on customer retention and engagement​"")","n/a","n/a","0","10","","n/a","n/a","n/a","0.00","0.00","n/a","n/a","For metrics, refresh"
"buc-ee's customer retention strategies","=HYPERLINK(""https://smrs.toolsfrog.com/analytics/keywordoverview/?q=buc-ee's%20customer%20retention%20strategies&db=us"",""buc-ee's customer retention strategies​"")","n/a","n/a","0","10","","n/a","n/a","n/a","0.00","0.00","n/a","n/a","For metrics, refresh"
"buckle customer churn rate and retention 2025","=HYPERLINK(""https://smrs.toolsfrog.com/analytics/keywordoverview/?q=buckle%20customer%20churn%20rate%20and%20retention%202025&db=us"",""buckle customer churn rate and retention 2025​"")","n/a","n/a","0","10","","n/a","n/a","n/a","0.00","0.00","n/a","n/a","For metrics, refresh"
"building customer relationship management by customer retention","=HYPERLINK(""https://smrs.toolsfrog.com/analytics/keywordoverview/?q=building%20customer%20relationship%20management%20by%20customer%20retention&db=us"",""building customer relationship management by customer retention​"")","n/a","n/a","0","10","","n/a","n/a","n/a","0.00","0.33","n/a","n/a","For metrics, refresh"
"building customer satisfaction value and retention","=HYPERLINK(""https://smrs.toolsfrog.com/analytics/keywordoverview/?q=building%20customer%20satisfaction%20value%20and%20retention&db=us"",""building customer satisfaction value and retention​"")","n/a","n/a","0","10","","n/a","n/a","n/a","0.00","0.00","n/a","n/a","For metrics, refresh"
"business analytics customer retention","=HYPERLINK(""https://smrs.toolsfrog.com/analytics/keywordoverview/?q=business%20analytics%20customer%20retention&db=us"",""business analytics customer retention​"")","n/a","n/a","0","10","","n/a","n/a","n/a","0.00","0.00","n/a","n/a","For metrics, refresh"
"business podcasts customer retention strategies","=HYPERLINK(""https://smrs.toolsfrog.com/analytics/keywordoverview/?q=business%20podcasts%20customer%20retention%20strategies&db=us"",""business podcasts customer retention strategies​"")","n/a","n/a","0","10","","n/a","n/a","n/a","0.00","0.00","n/a","n/a","For metrics, refresh"
"cable providers that reward existing customers loyalty programs retention offers","=HYPERLINK(""https://smrs.toolsfrog.com/analytics/keywordoverview/?q=cable%20providers%20that%20reward%20existing%20customers%20loyalty%20programs%20retention%20offers&db=us"",""cable providers that reward existing customers loyalty programs retention offers​"")","n/a","n/a","0","10","","n/a","n/a","n/a","0.00","0.00","n/a","n/a","For metrics, refresh"
"cablevision customer retention","=HYPERLINK(""https://smrs.toolsfrog.com/analytics/keywordoverview/?q=cablevision%20customer%20retention&db=us"",""cablevision customer retention​"")","n/a","n/a","0","10","","n/a","n/a","n/a","0.00","0.00","n/a","n/a","For metrics, refresh"
"cafe customer retention ideas 2026","=HYPERLINK(""https://smrs.toolsfrog.com/analytics/keywordoverview/?q=cafe%20customer%20retention%20ideas%202026&db=us"",""cafe customer retention ideas 2026​"")","n/a","n/a","0","10","","n/a","n/a","n/a","0.00","0.00","n/a","n/a","For metrics, refresh"
"calculate customer retention rate formula","=HYPERLINK(""https://smrs.toolsfrog.com/analytics/keywordoverview/?q=calculate%20customer%20retention%20rate%20formula&db=us"",""calculate customer retention rate formula​"")","n/a","n/a","0","10","","n/a","n/a","n/a","0.00","0.00","n/a","n/a","For metrics, refresh"
"calculating customer retention","=HYPERLINK(""https://smrs.toolsfrog.com/analytics/keywordoverview/?q=calculating%20customer%20retention&db=us"",""calculating customer retention​"")","n/a","n/a","0","10","","n/a","n/a","n/a","2.16","0.06","n/a","n/a","For metrics, refresh"
"caleres customer churn rate and retention 2025","=HYPERLINK(""https://smrs.toolsfrog.com/analytics/keywordoverview/?q=caleres%20customer%20churn%20rate%20and%20retention%202025&db=us"",""caleres customer churn rate and retention 2025​"")","n/a","n/a","0","10","","n/a","n/a","n/a","0.00","0.00","n/a","n/a","For metrics, refresh"
"call recording analysis platforms customer retention","=HYPERLINK(""https://smrs.toolsfrog.com/analytics/keywordoverview/?q=call%20recording%20analysis%20platforms%20customer%20retention&db=us"",""call recording analysis platforms customer retention​"")","n/a","n/a","0","10","","n/a","n/a","n/a","0.00","0.00","n/a","n/a","For metrics, refresh"
"car brands with high customer loyalty and retention rates","=HYPERLINK(""https://smrs.toolsfrog.com/analytics/keywordoverview/?q=car%20brands%20with%20high%20customer%20loyalty%20and%20retention%20rates&db=us"",""car brands with high customer loyalty and retention rates​"")","n/a","n/a","0","10","","n/a","n/a","n/a","0.00","0.00","n/a","n/a","For metrics, refresh"
"car brands with strong customer loyalty and high retention rates","=HYPERLINK(""https://smrs.toolsfrog.com/analytics/keywordoverview/?q=car%20brands%20with%20strong%20customer%20loyalty%20and%20high%20retention%20rates&db=us"",""car brands with strong customer loyalty and high retention rates​"")","n/a","n/a","0","10","","n/a","n/a","n/a","0.00","0.00","n/a","n/a","For metrics, refresh"
"car brands with strong customer loyalty and retention rates","=HYPERLINK(""https://smrs.toolsfrog.com/analytics/keywordoverview/?q=car%20brands%20with%20strong%20customer%20loyalty%20and%20retention%20rates&db=us"",""car brands with strong customer loyalty and retention rates​"")","n/a","n/a","0","10","","n/a","n/a","n/a","0.00","0.00","n/a","n/a","For metrics, refresh"
"case study on customer retention","=HYPERLINK(""https://smrs.toolsfrog.com/analytics/keywordoverview/?q=case%20study%20on%20customer%20retention&db=us"",""case study on customer retention​"")","n/a","n/a","0","10","","n/a","n/a","n/a","0.00","0.79","n/a","n/a","For metrics, refresh"
"casey graham gravy ceo: innovating customer retention","=HYPERLINK(""https://smrs.toolsfrog.com/analytics/keywordoverview/?q=casey%20graham%20gravy%20ceo%3A%20innovating%20customer%20retention&db=us"",""casey graham gravy ceo: innovating customer retention​"")","n/a","n/a","0","10","","n/a","n/a","n/a","0.00","0.00","n/a","n/a","For metrics, refresh"
"centurylink customer retention number","=HYPERLINK(""https://smrs.toolsfrog.com/analytics/keywordoverview/?q=centurylink%20customer%20retention%20number&db=us"",""centurylink customer retention number​"")","n/a","n/a","0","10","","n/a","n/a","n/a","0.00","0.33","n/a","n/a","For metrics, refresh"
"challenges customer retention b2c 2025 or 2026","=HYPERLINK(""https://smrs.toolsfrog.com/analytics/keywordoverview/?q=challenges%20customer%20retention%20b2c%202025%20or%202026&db=us"",""challenges customer retention b2c 2025 or 2026​"")","n/a","n/a","0","10","","n/a","n/a","n/a","0.00","0.00","n/a","n/a","For metrics, refresh"
"challenges in business-to-customer b2c customer retention","=HYPERLINK(""https://smrs.toolsfrog.com/analytics/keywordoverview/?q=challenges%20in%20business-to-customer%20b2c%20customer%20retention&db=us"",""challenges in business-to-customer b2c customer retention​"")","n/a","n/a","0","10","","n/a","n/a","n/a","0.00","0.00","n/a","n/a","For metrics, refresh"
"challenges in business-to-customer retention","=HYPERLINK(""https://smrs.toolsfrog.com/analytics/keywordoverview/?q=challenges%20in%20business-to-customer%20retention&db=us"",""challenges in business-to-customer retention​"")","n/a","n/a","0","10","","n/a","n/a","n/a","0.00","0.00","n/a","n/a","For metrics, refresh"
"challenges in calculating or implementing customer retention rate","=HYPERLINK(""https://smrs.toolsfrog.com/analytics/keywordoverview/?q=challenges%20in%20calculating%20or%20implementing%20customer%20retention%20rate&db=us"",""challenges in calculating or implementing customer retention rate​"")","n/a","n/a","0","10","","n/a","n/a","n/a","0.00","0.00","n/a","n/a","For metrics, refresh"
"challenges in customer retention b2c 2024 2025","=HYPERLINK(""https://smrs.toolsfrog.com/analytics/keywordoverview/?q=challenges%20in%20customer%20retention%20b2c%202024%202025&db=us"",""challenges in customer retention b2c 2024 2025​"")","n/a","n/a","0","10","","n/a","n/a","n/a","0.00","0.00","n/a","n/a","For metrics, refresh"
"challenges in implementing customer retention rate calculation","=HYPERLINK(""https://smrs.toolsfrog.com/analytics/keywordoverview/?q=challenges%20in%20implementing%20customer%20retention%20rate%20calculation&db=us"",""challenges in implementing customer retention rate calculation​"")","n/a","n/a","0","10","","n/a","n/a","n/a","0.00","0.00","n/a","n/a","For metrics, refresh"
"chase sapphire customer retention","=HYPERLINK(""https://smrs.toolsfrog.com/analytics/keywordoverview/?q=chase%20sapphire%20customer%20retention&db=us"",""chase sapphire customer retention​"")","n/a","n/a","0","10","","n/a","n/a","n/a","0.00","0.00","n/a","n/a","For metrics, refresh"
"chatgpt customer retention","=HYPERLINK(""https://smrs.toolsfrog.com/analytics/keywordoverview/?q=chatgpt%20customer%20retention&db=us"",""chatgpt customer retention​"")","n/a","n/a","0","10","","n/a","n/a","n/a","0.00","0.00","n/a","n/a","For metrics, refresh"
"chatgpt customer retention chart october 2025","=HYPERLINK(""https://smrs.toolsfrog.com/analytics/keywordoverview/?q=chatgpt%20customer%20retention%20chart%20october%202025&db=us"",""chatgpt customer retention chart october 2025​"")","n/a","n/a","0","10","","n/a","n/a","n/a","0.00","0.00","n/a","n/a","For metrics, refresh"
"chatgpt customer retention strategies 2025","=HYPERLINK(""https://smrs.toolsfrog.com/analytics/keywordoverview/?q=chatgpt%20customer%20retention%20strategies%202025&db=us"",""chatgpt customer retention strategies 2025​"")","n/a","n/a","0","10","","n/a","n/a","n/a","0.00","0.00","n/a","n/a","For metrics, refresh"
"chckn loyalty programs customer retention rate","=HYPERLINK(""https://smrs.toolsfrog.com/analytics/keywordoverview/?q=chckn%20loyalty%20programs%20customer%20retention%20rate&db=us"",""chckn loyalty programs customer retention rate​"")","n/a","n/a","0","10","","n/a","n/a","n/a","0.00","0.00","n/a","n/a","For metrics, refresh"
"coffee shop customer retention strategies","=HYPERLINK(""https://smrs.toolsfrog.com/analytics/keywordoverview/?q=coffee%20shop%20customer%20retention%20strategies&db=us"",""coffee shop customer retention strategies​"")","n/a","n/a","0","10","","n/a","n/a","n/a","0.00","0.00","n/a","n/a","For metrics, refresh"
"comcast customer experience associate retention representative","=HYPERLINK(""https://smrs.toolsfrog.com/analytics/keywordoverview/?q=comcast%20customer%20experience%20associate%20retention%20representative&db=us"",""comcast customer experience associate retention representative​"")","n/a","n/a","0","10","","n/a","n/a","n/a","0.00","0.00","n/a","n/a","For metrics, refresh"
"comcast customer retention hours","=HYPERLINK(""https://smrs.toolsfrog.com/analytics/keywordoverview/?q=comcast%20customer%20retention%20hours&db=us"",""comcast customer retention hours​"")","n/a","n/a","0","10","","n/a","n/a","n/a","0.00","0.00","n/a","n/a","For metrics, refresh"
"comcast customer retention specialist","=HYPERLINK(""https://smrs.toolsfrog.com/analytics/keywordoverview/?q=comcast%20customer%20retention%20specialist&db=us"",""comcast customer retention specialist​"")","n/a","n/a","0","10","","n/a","n/a","n/a","0.00","0.00","n/a","n/a","For metrics, refresh"
"common challenges measuring customer retention rate","=HYPERLINK(""https://smrs.toolsfrog.com/analytics/keywordoverview/?q=common%20challenges%20measuring%20customer%20retention%20rate&db=us"",""common challenges measuring customer retention rate​"")","n/a","n/a","0","10","","n/a","n/a","n/a","0.00","0.00","n/a","n/a","For metrics, refresh"
"common model in customer retention studies by kashyap and fader","=HYPERLINK(""https://smrs.toolsfrog.com/analytics/keywordoverview/?q=common%20model%20in%20customer%20retention%20studies%20by%20kashyap%20and%20fader&db=us"",""common model in customer retention studies by kashyap and fader​"")","n/a","n/a","0","10","","n/a","n/a","n/a","0.00","0.00","n/a","n/a","For metrics, refresh"
"common obstacles to customer retention programs","=HYPERLINK(""https://smrs.toolsfrog.com/analytics/keywordoverview/?q=common%20obstacles%20to%20customer%20retention%20programs&db=us"",""common obstacles to customer retention programs​"")","n/a","n/a","0","10","","n/a","n/a","n/a","0.00","0.00","n/a","n/a","For metrics, refresh"
"common obstacles to effective customer retention programs 2025 or 2026","=HYPERLINK(""https://smrs.toolsfrog.com/analytics/keywordoverview/?q=common%20obstacles%20to%20effective%20customer%20retention%20programs%202025%20or%202026&db=us"",""common obstacles to effective customer retention programs 2025 or 2026​"")","n/a","n/a","0","10","","n/a","n/a","n/a","0.00","0.00","n/a","n/a","For metrics, refresh"
"community customer retention case studies","=HYPERLINK(""https://smrs.toolsfrog.com/analytics/keywordoverview/?q=community%20customer%20retention%20case%20studies&db=us"",""community customer retention case studies​"")","n/a","n/a","0","10","","n/a","n/a","n/a","0.00","0.00","n/a","n/a","For metrics, refresh"
"companies best at customer retention campaigns examples","=HYPERLINK(""https://smrs.toolsfrog.com/analytics/keywordoverview/?q=companies%20best%20at%20customer%20retention%20campaigns%20examples&db=us"",""companies best at customer retention campaigns examples​"")","n/a","n/a","0","10","","n/a","n/a","n/a","0.00","0.00","n/a","n/a","For metrics, refresh"
"companies crushing it with sales-i for customer retention and growth","=HYPERLINK(""https://smrs.toolsfrog.com/analytics/keywordoverview/?q=companies%20crushing%20it%20with%20sales-i%20for%20customer%20retention%20and%20growth&db=us"",""companies crushing it with sales-i for customer retention and growth​"")","n/a","n/a","0","10","","n/a","n/a","n/a","0.00","0.00","n/a","n/a","For metrics, refresh"
"companies offering customer retention solutions","=HYPERLINK(""https://smrs.toolsfrog.com/analytics/keywordoverview/?q=companies%20offering%20customer%20retention%20solutions&db=us"",""companies offering customer retention solutions​"")","n/a","n/a","0","10","","n/a","n/a","n/a","0.00","0.00","n/a","n/a","For metrics, refresh"
"companies specializing in e-commerce marketing solutions for customer retention","=HYPERLINK(""https://smrs.toolsfrog.com/analytics/keywordoverview/?q=companies%20specializing%20in%20e-commerce%20marketing%20solutions%20for%20customer%20retention&db=us"",""companies specializing in e-commerce marketing solutions for customer retention​"")","n/a","n/a","0","10","","n/a","n/a","n/a","0.00","0.00","n/a","n/a","For metrics, refresh"
"companies with high customer loyalty and retention rates","=HYPERLINK(""https://smrs.toolsfrog.com/analytics/keywordoverview/?q=companies%20with%20high%20customer%20loyalty%20and%20retention%20rates&db=us"",""companies with high customer loyalty and retention rates​"")","n/a","n/a","0","10","","n/a","n/a","n/a","0.00","0.00","n/a","n/a","For metrics, refresh"
"companies with strong customer loyalty and retention rates","=HYPERLINK(""https://smrs.toolsfrog.com/analytics/keywordoverview/?q=companies%20with%20strong%20customer%20loyalty%20and%20retention%20rates&db=us"",""companies with strong customer loyalty and retention rates​"")","n/a","n/a","0","10","","n/a","n/a","n/a","0.00","0.00","n/a","n/a","For metrics, refresh"
"compare customer retention rates across major ap automation vendors.","=HYPERLINK(""https://smrs.toolsfrog.com/analytics/keywordoverview/?q=compare%20customer%20retention%20rates%20across%20major%20ap%20automation%20vendors.&db=us"",""compare customer retention rates across major ap automation vendors.​"")","n/a","n/a","0","10","","n/a","n/a","n/a","0.00","0.00","n/a","n/a","For metrics, refresh"
"compare machine learning models for customer retention in online retail","=HYPERLINK(""https://smrs.toolsfrog.com/analytics/keywordoverview/?q=compare%20machine%20learning%20models%20for%20customer%20retention%20in%20online%20retail&db=us"",""compare machine learning models for customer retention in online retail​"")","n/a","n/a","0","10","","n/a","n/a","n/a","0.00","0.00","n/a","n/a","For metrics, refresh"
"cons of using ai for customer retention","=HYPERLINK(""https://smrs.toolsfrog.com/analytics/keywordoverview/?q=cons%20of%20using%20ai%20for%20customer%20retention&db=us"",""cons of using ai for customer retention​"")","n/a","n/a","0","10","","n/a","n/a","n/a","0.00","0.00","n/a","n/a","For metrics, refresh"
"consulting firms customer retention rate","=HYPERLINK(""https://smrs.toolsfrog.com/analytics/keywordoverview/?q=consulting%20firms%20customer%20retention%20rate&db=us"",""consulting firms customer retention rate​"")","n/a","n/a","0","10","","n/a","n/a","n/a","0.00","0.00","n/a","n/a","For metrics, refresh"
"consulting firms specializing in customer retention","=HYPERLINK(""https://smrs.toolsfrog.com/analytics/keywordoverview/?q=consulting%20firms%20specializing%20in%20customer%20retention&db=us"",""consulting firms specializing in customer retention​"")","n/a","n/a","0","10","","n/a","n/a","n/a","0.00","0.00","n/a","n/a","For metrics, refresh"
"consulting firms specializing in customer retention management","=HYPERLINK(""https://smrs.toolsfrog.com/analytics/keywordoverview/?q=consulting%20firms%20specializing%20in%20customer%20retention%20management&db=us"",""consulting firms specializing in customer retention management​"")","n/a","n/a","0","10","","n/a","n/a","n/a","0.00","0.00","n/a","n/a","For metrics, refresh"
"consulting firms with highest customer retention rates","=HYPERLINK(""https://smrs.toolsfrog.com/analytics/keywordoverview/?q=consulting%20firms%20with%20highest%20customer%20retention%20rates&db=us"",""consulting firms with highest customer retention rates​"")","n/a","n/a","0","10","","n/a","n/a","n/a","0.00","0.00","n/a","n/a","For metrics, refresh"
"content marketing customer retention","=HYPERLINK(""https://smrs.toolsfrog.com/analytics/keywordoverview/?q=content%20marketing%20customer%20retention&db=us"",""content marketing customer retention​"")","n/a","n/a","0","10","","n/a","n/a","n/a","0.00","0.00","n/a","n/a","For metrics, refresh"
"cost of customer acquisition vs retention statistics","=HYPERLINK(""https://smrs.toolsfrog.com/analytics/keywordoverview/?q=cost%20of%20customer%20acquisition%20vs%20retention%20statistics&db=us"",""cost of customer acquisition vs retention statistics​"")","n/a","n/a","0","10","","n/a","n/a","n/a","0.00","0.00","n/a","n/a","For metrics, refresh"
"cost of customer retention vs acquisition 5-25 times","=HYPERLINK(""https://smrs.toolsfrog.com/analytics/keywordoverview/?q=cost%20of%20customer%20retention%20vs%20acquisition%205-25%20times&db=us"",""cost of customer retention vs acquisition 5-25 times​"")","n/a","n/a","0","10","","n/a","n/a","n/a","0.00","0.00","n/a","n/a","For metrics, refresh"
"cost of customer retention vs acquisition 5-25x","=HYPERLINK(""https://smrs.toolsfrog.com/analytics/keywordoverview/?q=cost%20of%20customer%20retention%20vs%20acquisition%205-25x&db=us"",""cost of customer retention vs acquisition 5-25x​"")","n/a","n/a","0","10","","n/a","n/a","n/a","0.00","0.00","n/a","n/a","For metrics, refresh"
"cost of customer retention vs acquisition replenishable wellness subscription","=HYPERLINK(""https://smrs.toolsfrog.com/analytics/keywordoverview/?q=cost%20of%20customer%20retention%20vs%20acquisition%20replenishable%20wellness%20subscription&db=us"",""cost of customer retention vs acquisition replenishable wellness subscription​"")","n/a","n/a","0","10","","n/a","n/a","n/a","0.00","0.00","n/a","n/a","For metrics, refresh"
"cost-effective services for customer retention campaigns","=HYPERLINK(""https://smrs.toolsfrog.com/analytics/keywordoverview/?q=cost-effective%20services%20for%20customer%20retention%20campaigns&db=us"",""cost-effective services for customer retention campaigns​"")","n/a","n/a","0","10","","n/a","n/a","n/a","0.00","0.00","n/a","n/a","For metrics, refresh"
"cox customer retention reddit","=HYPERLINK(""https://smrs.toolsfrog.com/analytics/keywordoverview/?q=cox%20customer%20retention%20reddit&db=us"",""cox customer retention reddit​"")","n/a","n/a","0","10","","n/a","n/a","n/a","0.00","0.00","n/a","n/a","For metrics, refresh"
"cpaas market leaders customer engagement acquisition retention","=HYPERLINK(""https://smrs.toolsfrog.com/analytics/keywordoverview/?q=cpaas%20market%20leaders%20customer%20engagement%20acquisition%20retention&db=us"",""cpaas market leaders customer engagement acquisition retention​"")","n/a","n/a","0","10","","n/a","n/a","n/a","0.00","0.00","n/a","n/a","For metrics, refresh"
"credit card rewards impact on customer retention statistics studies","=HYPERLINK(""https://smrs.toolsfrog.com/analytics/keywordoverview/?q=credit%20card%20rewards%20impact%20on%20customer%20retention%20statistics%20studies&db=us"",""credit card rewards impact on customer retention statistics studies​"")","n/a","n/a","0","10","","n/a","n/a","n/a","0.00","0.00","n/a","n/a","For metrics, refresh"
"credit card value-added services to increase customer acquisition retention","=HYPERLINK(""https://smrs.toolsfrog.com/analytics/keywordoverview/?q=credit%20card%20value-added%20services%20to%20increase%20customer%20acquisition%20retention&db=us"",""credit card value-added services to increase customer acquisition retention​"")","n/a","n/a","0","10","","n/a","n/a","n/a","0.00","0.00","n/a","n/a","For metrics, refresh"
"credit union accessibility and its impact on customer retention","=HYPERLINK(""https://smrs.toolsfrog.com/analytics/keywordoverview/?q=credit%20union%20accessibility%20and%20its%20impact%20on%20customer%20retention&db=us"",""credit union accessibility and its impact on customer retention​"")","n/a","n/a","0","10","","n/a","n/a","n/a","0.00","0.00","n/a","n/a","For metrics, refresh"
"credit union accessibility impact on customer retention","=HYPERLINK(""https://smrs.toolsfrog.com/analytics/keywordoverview/?q=credit%20union%20accessibility%20impact%20on%20customer%20retention&db=us"",""credit union accessibility impact on customer retention​"")","n/a","n/a","0","10","","n/a","n/a","n/a","0.00","0.00","n/a","n/a","For metrics, refresh"
"crm customer retention strategies","=HYPERLINK(""https://smrs.toolsfrog.com/analytics/keywordoverview/?q=crm%20customer%20retention%20strategies&db=us"",""crm customer retention strategies​"")","n/a","n/a","0","10","","n/a","n/a","n/a","0.00","0.00","n/a","n/a","For metrics, refresh"
"crm features for plumbing customer retention","=HYPERLINK(""https://smrs.toolsfrog.com/analytics/keywordoverview/?q=crm%20features%20for%20plumbing%20customer%20retention&db=us"",""crm features for plumbing customer retention​"")","n/a","n/a","0","10","","n/a","n/a","n/a","0.00","0.00","n/a","n/a","For metrics, refresh"
"crm strategy for customer retention","=HYPERLINK(""https://smrs.toolsfrog.com/analytics/keywordoverview/?q=crm%20strategy%20for%20customer%20retention&db=us"",""crm strategy for customer retention​"")","n/a","n/a","0","10","","n/a","n/a","n/a","0.00","0.00","n/a","n/a","For metrics, refresh"
"crm vs bi faster roi customer retention","=HYPERLINK(""https://smrs.toolsfrog.com/analytics/keywordoverview/?q=crm%20vs%20bi%20faster%20roi%20customer%20retention&db=us"",""crm vs bi faster roi customer retention​"")","n/a","n/a","0","10","","n/a","n/a","n/a","0.00","0.00","n/a","n/a","For metrics, refresh"
"crm vs bi for customer retention roi","=HYPERLINK(""https://smrs.toolsfrog.com/analytics/keywordoverview/?q=crm%20vs%20bi%20for%20customer%20retention%20roi&db=us"",""crm vs bi for customer retention roi​"")","n/a","n/a","0","10","","n/a","n/a","n/a","0.00","0.00","n/a","n/a","For metrics, refresh"
"crm vs bi for customer retention roi comparison","=HYPERLINK(""https://smrs.toolsfrog.com/analytics/keywordoverview/?q=crm%20vs%20bi%20for%20customer%20retention%20roi%20comparison&db=us"",""crm vs bi for customer retention roi comparison​"")","n/a","n/a","0","10","","n/a","n/a","n/a","0.00","0.00","n/a","n/a","For metrics, refresh"
"cross-channel messaging tools for e-commerce customer retention","=HYPERLINK(""https://smrs.toolsfrog.com/analytics/keywordoverview/?q=cross-channel%20messaging%20tools%20for%20e-commerce%20customer%20retention&db=us"",""cross-channel messaging tools for e-commerce customer retention​"")","n/a","n/a","0","10","","n/a","n/a","n/a","0.00","0.00","n/a","n/a","For metrics, refresh"
"crypto cards customer retention statistics or case studies","=HYPERLINK(""https://smrs.toolsfrog.com/analytics/keywordoverview/?q=crypto%20cards%20customer%20retention%20statistics%20or%20case%20studies&db=us"",""crypto cards customer retention statistics or case studies​"")","n/a","n/a","0","10","","n/a","n/a","n/a","0.00","0.00","n/a","n/a","For metrics, refresh"
"crypto cards customer retention statistics or loyalty programs","=HYPERLINK(""https://smrs.toolsfrog.com/analytics/keywordoverview/?q=crypto%20cards%20customer%20retention%20statistics%20or%20loyalty%20programs&db=us"",""crypto cards customer retention statistics or loyalty programs​"")","n/a","n/a","0","10","","n/a","n/a","n/a","0.00","0.00","n/a","n/a","For metrics, refresh"
"custom retention","=HYPERLINK(""https://smrs.toolsfrog.com/analytics/keywordoverview/?q=custom%20retention&db=us"",""custom retention​"")","n/a","n/a","0","10","","n/a","n/a","n/a","0.00","0.02","n/a","n/a","For metrics, refresh"
"custom retention or investigation","=HYPERLINK(""https://smrs.toolsfrog.com/analytics/keywordoverview/?q=custom%20retention%20or%20investigation&db=us"",""custom retention or investigation​"")","n/a","n/a","0","10","","n/a","n/a","n/a","0.00","0.33","n/a","n/a","For metrics, refresh"
"custom retention periods","=HYPERLINK(""https://smrs.toolsfrog.com/analytics/keywordoverview/?q=custom%20retention%20periods&db=us"",""custom retention periods​"")","n/a","n/a","0","10","","n/a","n/a","n/a","0.00","0.00","n/a","n/a","For metrics, refresh"
"custom+retention+holsters+for+sale","=HYPERLINK(""https://smrs.toolsfrog.com/analytics/keywordoverview/?q=custom%2Bretention%2Bholsters%2Bfor%2Bsale&db=us"",""custom+retention+holsters+for+sale​"")","n/a","n/a","0","10","","n/a","n/a","n/a","0.00","0.00","n/a","n/a","For metrics, refresh"
"customer acquisition and retention are the core processes of marketing","=HYPERLINK(""https://smrs.toolsfrog.com/analytics/keywordoverview/?q=customer%20acquisition%20and%20retention%20are%20the%20core%20processes%20of%20marketing&db=us"",""customer acquisition and retention are the core processes of marketing​"")","n/a","n/a","0","10","","n/a","n/a","n/a","0.00","0.33","n/a","n/a","For metrics, refresh"
"customer acquisition and retention bpo services","=HYPERLINK(""https://smrs.toolsfrog.com/analytics/keywordoverview/?q=customer%20acquisition%20and%20retention%20bpo%20services&db=us"",""customer acquisition and retention bpo services​"")","n/a","n/a","0","10","","n/a","n/a","n/a","0.00","0.00","n/a","n/a","For metrics, refresh"
"customer acquisition and retention consulting","=HYPERLINK(""https://smrs.toolsfrog.com/analytics/keywordoverview/?q=customer%20acquisition%20and%20retention%20consulting&db=us"",""customer acquisition and retention consulting​"")","n/a","n/a","0","10","","n/a","n/a","n/a","0.00","0.00","n/a","n/a","For metrics, refresh"
"customer acquisition and retention outsourcing philippines","=HYPERLINK(""https://smrs.toolsfrog.com/analytics/keywordoverview/?q=customer%20acquisition%20and%20retention%20outsourcing%20philippines&db=us"",""customer acquisition and retention outsourcing philippines​"")","n/a","n/a","0","10","","n/a","n/a","n/a","0.00","0.00","n/a","n/a","For metrics, refresh"
"customer acquisition and retention outsourcing services philippines","=HYPERLINK(""https://smrs.toolsfrog.com/analytics/keywordoverview/?q=customer%20acquisition%20and%20retention%20outsourcing%20services%20philippines&db=us"",""customer acquisition and retention outsourcing services philippines​"")","n/a","n/a","0","10","","n/a","n/a","n/a","0.00","0.00","n/a","n/a","For metrics, refresh"
"customer acquisition conversion and retention","=HYPERLINK(""https://smrs.toolsfrog.com/analytics/keywordoverview/?q=customer%20acquisition%20conversion%20and%20retention&db=us"",""customer acquisition conversion and retention​"")","n/a","n/a","0","10","","n/a","n/a","n/a","0.00","0.00","n/a","n/a","For metrics, refresh"
"customer acquisition cost 5 to 7 times more than retention","=HYPERLINK(""https://smrs.toolsfrog.com/analytics/keywordoverview/?q=customer%20acquisition%20cost%205%20to%207%20times%20more%20than%20retention&db=us"",""customer acquisition cost 5 to 7 times more than retention​"")","n/a","n/a","0","10","","n/a","n/a","n/a","0.00","0.00","n/a","n/a","For metrics, refresh"
"customer acquisition cost 5-25 times more than retention","=HYPERLINK(""https://smrs.toolsfrog.com/analytics/keywordoverview/?q=customer%20acquisition%20cost%205-25%20times%20more%20than%20retention&db=us"",""customer acquisition cost 5-25 times more than retention​"")","n/a","n/a","0","10","","n/a","n/a","n/a","0.00","0.00","n/a","n/a","For metrics, refresh"
"customer acquisition cost vs retention","=HYPERLINK(""https://smrs.toolsfrog.com/analytics/keywordoverview/?q=customer%20acquisition%20cost%20vs%20retention&db=us"",""customer acquisition cost vs retention​"")","n/a","n/a","0","10","","n/a","n/a","n/a","4.46","0.09","n/a","n/a","For metrics, refresh"
"customer acquisition cost vs retention cost 5-25 times","=HYPERLINK(""https://smrs.toolsfrog.com/analytics/keywordoverview/?q=customer%20acquisition%20cost%20vs%20retention%20cost%205-25%20times&db=us"",""customer acquisition cost vs retention cost 5-25 times​"")","n/a","n/a","0","10","","n/a","n/a","n/a","0.00","0.00","n/a","n/a","For metrics, refresh"
"customer acquisition cost vs retention cost statistics","=HYPERLINK(""https://smrs.toolsfrog.com/analytics/keywordoverview/?q=customer%20acquisition%20cost%20vs%20retention%20cost%20statistics&db=us"",""customer acquisition cost vs retention cost statistics​"")","n/a","n/a","0","10","","n/a","n/a","n/a","0.00","0.00","n/a","n/a","For metrics, refresh"
"customer acquisition costs 5 to 7 times more than retention","=HYPERLINK(""https://smrs.toolsfrog.com/analytics/keywordoverview/?q=customer%20acquisition%20costs%205%20to%207%20times%20more%20than%20retention&db=us"",""customer acquisition costs 5 to 7 times more than retention​"")","n/a","n/a","0","10","","n/a","n/a","n/a","0.00","0.00","n/a","n/a","For metrics, refresh"
"customer acquisition customer retention","=HYPERLINK(""https://smrs.toolsfrog.com/analytics/keywordoverview/?q=customer%20acquisition%20customer%20retention&db=us"",""customer acquisition customer retention​"")","n/a","n/a","0","10","","n/a","n/a","n/a","4.16","0.03","n/a","n/a","For metrics, refresh"
"customer acquisition engagement and retention","=HYPERLINK(""https://smrs.toolsfrog.com/analytics/keywordoverview/?q=customer%20acquisition%20engagement%20and%20retention&db=us"",""customer acquisition engagement and retention​"")","n/a","n/a","0","10","","n/a","n/a","n/a","0.00","0.00","n/a","n/a","For metrics, refresh"
"customer acquisition retention metrics direct mail","=HYPERLINK(""https://smrs.toolsfrog.com/analytics/keywordoverview/?q=customer%20acquisition%20retention%20metrics%20direct%20mail&db=us"",""customer acquisition retention metrics direct mail​"")","n/a","n/a","0","10","","n/a","n/a","n/a","0.00","0.00","n/a","n/a","For metrics, refresh"
"customer acquisition vs customer retention which is more important","=HYPERLINK(""https://smrs.toolsfrog.com/analytics/keywordoverview/?q=customer%20acquisition%20vs%20customer%20retention%20which%20is%20more%20important&db=us"",""customer acquisition vs customer retention which is more important​"")","n/a","n/a","0","10","","n/a","n/a","n/a","0.00","0.00","n/a","n/a","For metrics, refresh"
"customer acquisition vs retention cost comparison","=HYPERLINK(""https://smrs.toolsfrog.com/analytics/keywordoverview/?q=customer%20acquisition%20vs%20retention%20cost%20comparison&db=us"",""customer acquisition vs retention cost comparison​"")","n/a","n/a","0","10","","n/a","n/a","n/a","0.00","0.00","n/a","n/a","For metrics, refresh"
"customer acquisition vs retention cost ratio","=HYPERLINK(""https://smrs.toolsfrog.com/analytics/keywordoverview/?q=customer%20acquisition%20vs%20retention%20cost%20ratio&db=us"",""customer acquisition vs retention cost ratio​"")","n/a","n/a","0","10","","n/a","n/a","n/a","0.00","0.00","n/a","n/a","For metrics, refresh"
"customer acquisition vs retention cost statistics 2025 or 2026","=HYPERLINK(""https://smrs.toolsfrog.com/analytics/keywordoverview/?q=customer%20acquisition%20vs%20retention%20cost%20statistics%202025%20or%202026&db=us"",""customer acquisition vs retention cost statistics 2025 or 2026​"")","n/a","n/a","0","10","","n/a","n/a","n/a","0.00","0.00","n/a","n/a","For metrics, refresh"
"customer acquisition vs retention statistics 2025 or 2026","=HYPERLINK(""https://smrs.toolsfrog.com/analytics/keywordoverview/?q=customer%20acquisition%20vs%20retention%20statistics%202025%20or%202026&db=us"",""customer acquisition vs retention statistics 2025 or 2026​"")","n/a","n/a","0","10","","n/a","n/a","n/a","0.00","0.00","n/a","n/a","For metrics, refresh"
"customer care and client retention","=HYPERLINK(""https://smrs.toolsfrog.com/analytics/keywordoverview/?q=customer%20care%20and%20client%20retention&db=us"",""customer care and client retention​"")","n/a","n/a","0","10","","n/a","n/a","n/a","0.00","0.00","n/a","n/a","For metrics, refresh"
"customer churn retention analytics dashboard tools","=HYPERLINK(""https://smrs.toolsfrog.com/analytics/keywordoverview/?q=customer%20churn%20retention%20analytics%20dashboard%20tools&db=us"",""customer churn retention analytics dashboard tools​"")","n/a","n/a","0","10","","n/a","n/a","n/a","0.00","0.00","n/a","n/a","For metrics, refresh"
"customer education and retention","=HYPERLINK(""https://smrs.toolsfrog.com/analytics/keywordoverview/?q=customer%20education%20and%20retention&db=us"",""customer education and retention​"")","n/a","n/a","0","10","","n/a","n/a","n/a","0.00","0.00","n/a","n/a","For metrics, refresh"
"customer engagement & retention","=HYPERLINK(""https://smrs.toolsfrog.com/analytics/keywordoverview/?q=customer%20engagement%20%26%20retention&db=us"",""customer engagement & retention​"")","n/a","n/a","0","10","","n/a","n/a","n/a","0.00","0.00","n/a","n/a","For metrics, refresh"
"customer engagement and retention platform","=HYPERLINK(""https://smrs.toolsfrog.com/analytics/keywordoverview/?q=customer%20engagement%20and%20retention%20platform&db=us"",""customer engagement and retention platform​"")","n/a","n/a","0","10","","n/a","n/a","n/a","0.00","0.33","n/a","n/a","For metrics, refresh"
"customer engagement retention growth platform","=HYPERLINK(""https://smrs.toolsfrog.com/analytics/keywordoverview/?q=customer%20engagement%20retention%20growth%20platform&db=us"",""customer engagement retention growth platform​"")","n/a","n/a","0","10","","n/a","n/a","n/a","0.00","0.00","n/a","n/a","For metrics, refresh"
"customer experience & retention","=HYPERLINK(""https://smrs.toolsfrog.com/analytics/keywordoverview/?q=customer%20experience%20%26%20retention&db=us"",""customer experience & retention​"")","n/a","n/a","0","10","","n/a","n/a","n/a","0.00","0.00","n/a","n/a","For metrics, refresh"
"customer experience associate retention representative","=HYPERLINK(""https://smrs.toolsfrog.com/analytics/keywordoverview/?q=customer%20experience%20associate%20retention%20representative&db=us"",""customer experience associate retention representative​"")","n/a","n/a","0","10","","n/a","n/a","n/a","0.00","0.00","n/a","n/a","For metrics, refresh"
"customer experience automation for retention in product return scenarios","=HYPERLINK(""https://smrs.toolsfrog.com/analytics/keywordoverview/?q=customer%20experience%20automation%20for%20retention%20in%20product%20return%20scenarios&db=us"",""customer experience automation for retention in product return scenarios​"")","n/a","n/a","0","10","","n/a","n/a","n/a","0.00","0.00","n/a","n/a","For metrics, refresh"
"customer experience automation for retention in product returns","=HYPERLINK(""https://smrs.toolsfrog.com/analytics/keywordoverview/?q=customer%20experience%20automation%20for%20retention%20in%20product%20returns&db=us"",""customer experience automation for retention in product returns​"")","n/a","n/a","0","10","","n/a","n/a","n/a","0.00","0.00","n/a","n/a","For metrics, refresh"
"customer experience banking retention loyalty revenue impact","=HYPERLINK(""https://smrs.toolsfrog.com/analytics/keywordoverview/?q=customer%20experience%20banking%20retention%20loyalty%20revenue%20impact&db=us"",""customer experience banking retention loyalty revenue impact​"")","n/a","n/a","0","10","","n/a","n/a","n/a","0.00","0.00","n/a","n/a","For metrics, refresh"
"customer experience management strategies that increase retention and loyalty.","=HYPERLINK(""https://smrs.toolsfrog.com/analytics/keywordoverview/?q=customer%20experience%20management%20strategies%20that%20increase%20retention%20and%20loyalty.&db=us"",""customer experience management strategies that increase retention and loyalty.​"")","n/a","n/a","0","10","","n/a","n/a","n/a","0.00","0.00","n/a","n/a","For metrics, refresh"
"customer feedback impact on customer retention statistics 2024 or 2025","=HYPERLINK(""https://smrs.toolsfrog.com/analytics/keywordoverview/?q=customer%20feedback%20impact%20on%20customer%20retention%20statistics%202024%20or%202025&db=us"",""customer feedback impact on customer retention statistics 2024 or 2025​"")","n/a","n/a","0","10","","n/a","n/a","n/a","0.00","0.00","n/a","n/a","For metrics, refresh"
"customer journey mapping for retention","=HYPERLINK(""https://smrs.toolsfrog.com/analytics/keywordoverview/?q=customer%20journey%20mapping%20for%20retention&db=us"",""customer journey mapping for retention​"")","n/a","n/a","0","10","","n/a","n/a","n/a","0.00","0.00","n/a","n/a","For metrics, refresh"
"customer journey stages awareness consideration conversion retention advocacy","=HYPERLINK(""https://smrs.toolsfrog.com/analytics/keywordoverview/?q=customer%20journey%20stages%20awareness%20consideration%20conversion%20retention%20advocacy&db=us"",""customer journey stages awareness consideration conversion retention advocacy​"")","n/a","n/a","0","10","","n/a","n/a","n/a","0.00","0.00","n/a","n/a","For metrics, refresh"
"customer lifetime value formula retention rate discount rate","=HYPERLINK(""https://smrs.toolsfrog.com/analytics/keywordoverview/?q=customer%20lifetime%20value%20formula%20retention%20rate%20discount%20rate&db=us"",""customer lifetime value formula retention rate discount rate​"")","n/a","n/a","0","10","","n/a","n/a","n/a","0.00","0.00","n/a","n/a","For metrics, refresh"
"customer loyalty and retention meaning","=HYPERLINK(""https://smrs.toolsfrog.com/analytics/keywordoverview/?q=customer%20loyalty%20and%20retention%20meaning&db=us"",""customer loyalty and retention meaning​"")","n/a","n/a","0","10","","n/a","n/a","n/a","0.00","0.00","n/a","n/a","For metrics, refresh"
"customer loyalty and retention metrics","=HYPERLINK(""https://smrs.toolsfrog.com/analytics/keywordoverview/?q=customer%20loyalty%20and%20retention%20metrics&db=us"",""customer loyalty and retention metrics​"")","n/a","n/a","0","10","","n/a","n/a","n/a","0.00","0.86","n/a","n/a","For metrics, refresh"
"customer loyalty programs impact on retention automotive industry","=HYPERLINK(""https://smrs.toolsfrog.com/analytics/keywordoverview/?q=customer%20loyalty%20programs%20impact%20on%20retention%20automotive%20industry&db=us"",""customer loyalty programs impact on retention automotive industry​"")","n/a","n/a","0","10","","n/a","n/a","n/a","0.00","0.00","n/a","n/a","For metrics, refresh"
"customer loyalty stages advocacy retention","=HYPERLINK(""https://smrs.toolsfrog.com/analytics/keywordoverview/?q=customer%20loyalty%20stages%20advocacy%20retention&db=us"",""customer loyalty stages advocacy retention​"")","n/a","n/a","0","10","","n/a","n/a","n/a","0.00","0.00","n/a","n/a","For metrics, refresh"
"customer onboarding platforms analytics activation retention churn","=HYPERLINK(""https://smrs.toolsfrog.com/analytics/keywordoverview/?q=customer%20onboarding%20platforms%20analytics%20activation%20retention%20churn&db=us"",""customer onboarding platforms analytics activation retention churn​"")","n/a","n/a","0","10","","n/a","n/a","n/a","0.00","0.00","n/a","n/a","For metrics, refresh"
"customer relationship building retention strategies","=HYPERLINK(""https://smrs.toolsfrog.com/analytics/keywordoverview/?q=customer%20relationship%20building%20retention%20strategies&db=us"",""customer relationship building retention strategies​"")","n/a","n/a","0","10","","n/a","n/a","n/a","0.00","0.00","n/a","n/a","For metrics, refresh"
"customer relationship management and retention","=HYPERLINK(""https://smrs.toolsfrog.com/analytics/keywordoverview/?q=customer%20relationship%20management%20and%20retention&db=us"",""customer relationship management and retention​"")","n/a","n/a","0","10","","n/a","n/a","n/a","0.00","0.00","n/a","n/a","For metrics, refresh"